Country,Macroarea,Year,Population_000
Austria,WE,1820,3369.0
Austria,WE,1821,3385.9
Austria,WE,1822,3402.8
Austria,WE,1823,3419.7
Austria,WE,1824,3436.6
Austria,WE,1825,3453.5
Austria,WE,1826,3470.4
Austria,WE,1827,3487.3
Austria,WE,1828,3504.2
Austria,WE,1829,3521.1
Austria,WE,1830,3538.0
Austria,WE,1831,3555.8
Austria,WE,1832,3573.6
Austria,WE,1833,3591.4
Austria,WE,1834,3609.2
Austria,WE,1835,3627.0
Austria,WE,1836,3644.8
Austria,WE,1837,3662.6
Austria,WE,1838,3680.4
Austria,WE,1839,3698.2
Austria,WE,1840,3716.0
Austria,WE,1841,3739.4
Austria,WE,1842,3762.8
Austria,WE,1843,3786.2
Austria,WE,1844,3809.6
Austria,WE,1845,3833.0
Austria,WE,1846,3856.4
Austria,WE,1847,3879.8
Austria,WE,1848,3903.2
Austria,WE,1849,3926.6
Austria,WE,1850,3950.0
Austria,WE,1851,3978.5
Austria,WE,1852,4007.0
Austria,WE,1853,4035.5
Austria,WE,1854,4064.0
Austria,WE,1855,4092.5
Austria,WE,1856,4121.0
Austria,WE,1857,4149.5
Austria,WE,1858,4178.0
Austria,WE,1859,4206.5
Austria,WE,1860,4235.0
Austria,WE,1861,4263.5
Austria,WE,1862,4292.0
Austria,WE,1863,4320.5
Austria,WE,1864,4349.0
Austria,WE,1865,4377.5
Austria,WE,1866,4406.0
Austria,WE,1867,4434.5
Austria,WE,1868,4463.0
Austria,WE,1869,4491.5
Austria,WE,1870,4520.0
Austria,WE,1871,4562.1
Austria,WE,1872,4604.2
Austria,WE,1873,4646.3
Austria,WE,1874,4688.4
Austria,WE,1875,4730.5
Austria,WE,1876,4772.6
Austria,WE,1877,4814.7
Austria,WE,1878,4856.8
Austria,WE,1879,4898.9
Austria,WE,1880,4941.0
Austria,WE,1881,4986.3
Austria,WE,1882,5031.6
Austria,WE,1883,5076.9
Austria,WE,1884,5122.2
Austria,WE,1885,5167.5
Austria,WE,1886,5212.8
Austria,WE,1887,5258.1
Austria,WE,1888,5303.4
Austria,WE,1889,5348.7
Austria,WE,1890,5394.0
Austria,WE,1891,5451.9
Austria,WE,1892,5509.8
Austria,WE,1893,5567.7
Austria,WE,1894,5625.6
Austria,WE,1895,5683.5
Austria,WE,1896,5741.4
Austria,WE,1897,5799.3
Austria,WE,1898,5857.2
Austria,WE,1899,5915.1
Austria,WE,1900,5973.0
Austria,WE,1901,6037.1
Austria,WE,1902,6101.2
Austria,WE,1903,6165.3
Austria,WE,1904,6229.4
Austria,WE,1905,6293.5
Austria,WE,1906,6357.6
Austria,WE,1907,6421.7
Austria,WE,1908,6485.8
Austria,WE,1909,6549.9
Austria,WE,1910,6614.0
Austria,WE,1911,6598.1
Austria,WE,1912,6582.2
Austria,WE,1913,6566.3
Austria,WE,1914,6550.4
Austria,WE,1915,6534.5
Austria,WE,1916,6518.6
Austria,WE,1917,6502.7
Austria,WE,1918,6486.8
Austria,WE,1919,6470.9
Austria,WE,1920,6455.0
Austria,WE,1921,6477.9
Austria,WE,1922,6500.8
Austria,WE,1923,6523.7
Austria,WE,1924,6546.6
Austria,WE,1925,6569.5
Austria,WE,1926,6592.4
Austria,WE,1927,6615.3
Austria,WE,1928,6638.2
Austria,WE,1929,6661.1
Austria,WE,1930,6684.0
Austria,WE,1931,6686.1
Austria,WE,1932,6688.2
Austria,WE,1933,6690.3
Austria,WE,1934,6692.4
Austria,WE,1935,6694.5
Austria,WE,1936,6696.6
Austria,WE,1937,6698.7
Austria,WE,1938,6700.8
Austria,WE,1939,6702.9
Austria,WE,1940,6705.0
Austria,WE,1941,6728.0
Austria,WE,1942,6751.0
Austria,WE,1943,6774.0
Austria,WE,1944,6797.0
Austria,WE,1945,6820.0
Austria,WE,1946,6843.0
Austria,WE,1947,6866.0
Austria,WE,1948,6889.0
Austria,WE,1949,6912.0
Austria,WE,1950,6935.0
Austria,WE,1951,6946.2
Austria,WE,1952,6957.4
Austria,WE,1953,6968.6
Austria,WE,1954,6979.8
Austria,WE,1955,6991.0
Austria,WE,1956,7002.2
Austria,WE,1957,7013.4
Austria,WE,1958,7024.6
Austria,WE,1959,7035.8
Austria,WE,1960,7047.0
Austria,WE,1961,7089.0
Austria,WE,1962,7131.0
Austria,WE,1963,7173.0
Austria,WE,1964,7215.0
Austria,WE,1965,7257.0
Austria,WE,1966,7299.0
Austria,WE,1967,7341.0
Austria,WE,1968,7383.0
Austria,WE,1969,7425.0
Austria,WE,1970,7467.0
Austria,WE,1971,7475.2
Austria,WE,1972,7483.4
Austria,WE,1973,7491.6
Austria,WE,1974,7499.8
Austria,WE,1975,7508.0
Austria,WE,1976,7516.2
Austria,WE,1977,7524.4
Austria,WE,1978,7532.6
Austria,WE,1979,7540.8
Austria,WE,1980,7549.0
Austria,WE,1981,7566.4
Austria,WE,1982,7583.8
Austria,WE,1983,7601.2
Austria,WE,1984,7618.6
Austria,WE,1985,7636.0
Austria,WE,1986,7653.4
Austria,WE,1987,7670.8
Austria,WE,1988,7688.2
Austria,WE,1989,7705.6
Austria,WE,1990,7723.0
Austria,WE,1991,7762.0
Austria,WE,1992,7801.0
Austria,WE,1993,7840.0
Austria,WE,1994,7879.0
Austria,WE,1995,7918.0
Austria,WE,1996,7957.0
Austria,WE,1997,7996.0
Austria,WE,1998,8035.0
Austria,WE,1999,8074.0
Austria,WE,2000,8113.0
Austria,WE,2001,8142.7
Austria,WE,2002,8172.4
Austria,WE,2003,8202.1
Austria,WE,2004,8231.8
Austria,WE,2005,8261.5
Austria,WE,2006,8291.2
Austria,WE,2007,8320.9
Austria,WE,2008,8350.6
Austria,WE,2009,8380.3
Austria,WE,2010,8410.0
Austria,WE,2011,8469.6
Austria,WE,2012,8529.2
Austria,WE,2013,8588.8
Austria,WE,2014,8648.4
Austria,WE,2015,8708.0
Austria,WE,2016,8767.6
Austria,WE,2017,8827.2
Austria,WE,2018,8886.8
Austria,WE,2019,8946.4
Austria,WE,2020,9006.0
Belgium,WE,1820,3434.0
Belgium,WE,1821,3465.6
Belgium,WE,1822,3497.2
Belgium,WE,1823,3528.8
Belgium,WE,1824,3560.4
Belgium,WE,1825,3592.0
Belgium,WE,1826,3623.6
Belgium,WE,1827,3655.2
Belgium,WE,1828,3686.8
Belgium,WE,1829,3718.4
Belgium,WE,1830,3750.0
Belgium,WE,1831,3783.0
Belgium,WE,1832,3816.0
Belgium,WE,1833,3849.0
Belgium,WE,1834,3882.0
Belgium,WE,1835,3915.0
Belgium,WE,1836,3948.0
Belgium,WE,1837,3981.0
Belgium,WE,1838,4014.0
Belgium,WE,1839,4047.0
Belgium,WE,1840,4080.0
Belgium,WE,1841,4116.9
Belgium,WE,1842,4153.8
Belgium,WE,1843,4190.7
Belgium,WE,1844,4227.6
Belgium,WE,1845,4264.5
Belgium,WE,1846,4301.4
Belgium,WE,1847,4338.3
Belgium,WE,1848,4375.2
Belgium,WE,1849,4412.1
Belgium,WE,1850,4449.0
Belgium,WE,1851,4478.1
Belgium,WE,1852,4507.2
Belgium,WE,1853,4536.3
Belgium,WE,1854,4565.4
Belgium,WE,1855,4594.5
Belgium,WE,1856,4623.6
Belgium,WE,1857,4652.7
Belgium,WE,1858,4681.8
Belgium,WE,1859,4710.9
Belgium,WE,1860,4740.0
Belgium,WE,1861,4775.6
Belgium,WE,1862,4811.2
Belgium,WE,1863,4846.8
Belgium,WE,1864,4882.4
Belgium,WE,1865,4918.0
Belgium,WE,1866,4953.6
Belgium,WE,1867,4989.2
Belgium,WE,1868,5024.8
Belgium,WE,1869,5060.4
Belgium,WE,1870,5096.0
Belgium,WE,1871,5140.5
Belgium,WE,1872,5185.0
Belgium,WE,1873,5229.5
Belgium,WE,1874,5274.0
Belgium,WE,1875,5318.5
Belgium,WE,1876,5363.0
Belgium,WE,1877,5407.5
Belgium,WE,1878,5452.0
Belgium,WE,1879,5496.5
Belgium,WE,1880,5541.0
Belgium,WE,1881,5596.5
Belgium,WE,1882,5652.0
Belgium,WE,1883,5707.5
Belgium,WE,1884,5763.0
Belgium,WE,1885,5818.5
Belgium,WE,1886,5874.0
Belgium,WE,1887,5929.5
Belgium,WE,1888,5985.0
Belgium,WE,1889,6040.5
Belgium,WE,1890,6096.0
Belgium,WE,1891,6158.3
Belgium,WE,1892,6220.6
Belgium,WE,1893,6282.9
Belgium,WE,1894,6345.2
Belgium,WE,1895,6407.5
Belgium,WE,1896,6469.8
Belgium,WE,1897,6532.1
Belgium,WE,1898,6594.4
Belgium,WE,1899,6656.7
Belgium,WE,1900,6719.0
Belgium,WE,1901,6796.9
Belgium,WE,1902,6874.8
Belgium,WE,1903,6952.7
Belgium,WE,1904,7030.6
Belgium,WE,1905,7108.5
Belgium,WE,1906,7186.4
Belgium,WE,1907,7264.3
Belgium,WE,1908,7342.2
Belgium,WE,1909,7420.1
Belgium,WE,1910,7498.0
Belgium,WE,1911,7503.4
Belgium,WE,1912,7508.8
Belgium,WE,1913,7514.2
Belgium,WE,1914,7519.6
Belgium,WE,1915,7525.0
Belgium,WE,1916,7530.4
Belgium,WE,1917,7535.8
Belgium,WE,1918,7541.2
Belgium,WE,1919,7546.6
Belgium,WE,1920,7552.0
Belgium,WE,1921,7604.4
Belgium,WE,1922,7656.8
Belgium,WE,1923,7709.2
Belgium,WE,1924,7761.6
Belgium,WE,1925,7814.0
Belgium,WE,1926,7866.4
Belgium,WE,1927,7918.8
Belgium,WE,1928,7971.2
Belgium,WE,1929,8023.6
Belgium,WE,1930,8076.0
Belgium,WE,1931,8103.0
Belgium,WE,1932,8130.0
Belgium,WE,1933,8157.0
Belgium,WE,1934,8184.0
Belgium,WE,1935,8211.0
Belgium,WE,1936,8238.0
Belgium,WE,1937,8265.0
Belgium,WE,1938,8292.0
Belgium,WE,1939,8319.0
Belgium,WE,1940,8346.0
Belgium,WE,1941,8375.3
Belgium,WE,1942,8404.6
Belgium,WE,1943,8433.9
Belgium,WE,1944,8463.2
Belgium,WE,1945,8492.5
Belgium,WE,1946,8521.8
Belgium,WE,1947,8551.1
Belgium,WE,1948,8580.4
Belgium,WE,1949,8609.7
Belgium,WE,1950,8639.0
Belgium,WE,1951,8687.0
Belgium,WE,1952,8735.0
Belgium,WE,1953,8783.0
Belgium,WE,1954,8831.0
Belgium,WE,1955,8879.0
Belgium,WE,1956,8927.0
Belgium,WE,1957,8975.0
Belgium,WE,1958,9023.0
Belgium,WE,1959,9071.0
Belgium,WE,1960,9119.0
Belgium,WE,1961,9170.9
Belgium,WE,1962,9222.8
Belgium,WE,1963,9274.7
Belgium,WE,1964,9326.6
Belgium,WE,1965,9378.5
Belgium,WE,1966,9430.4
Belgium,WE,1967,9482.3
Belgium,WE,1968,9534.2
Belgium,WE,1969,9586.1
Belgium,WE,1970,9638.0
Belgium,WE,1971,9658.9
Belgium,WE,1972,9679.8
Belgium,WE,1973,9700.7
Belgium,WE,1974,9721.6
Belgium,WE,1975,9742.5
Belgium,WE,1976,9763.4
Belgium,WE,1977,9784.3
Belgium,WE,1978,9805.2
Belgium,WE,1979,9826.1
Belgium,WE,1980,9847.0
Belgium,WE,1981,9859.2
Belgium,WE,1982,9871.4
Belgium,WE,1983,9883.6
Belgium,WE,1984,9895.8
Belgium,WE,1985,9908.0
Belgium,WE,1986,9920.2
Belgium,WE,1987,9932.4
Belgium,WE,1988,9944.6
Belgium,WE,1989,9956.8
Belgium,WE,1990,9969.0
Belgium,WE,1991,9998.5
Belgium,WE,1992,10028.0
Belgium,WE,1993,10057.5
Belgium,WE,1994,10087.0
Belgium,WE,1995,10116.5
Belgium,WE,1996,10146.0
Belgium,WE,1997,10175.5
Belgium,WE,1998,10205.0
Belgium,WE,1999,10234.5
Belgium,WE,2000,10264.0
Belgium,WE,2001,10312.9
Belgium,WE,2002,10361.8
Belgium,WE,2003,10410.7
Belgium,WE,2004,10459.6
Belgium,WE,2005,10508.5
Belgium,WE,2006,10557.4
Belgium,WE,2007,10606.3
Belgium,WE,2008,10655.2
Belgium,WE,2009,10704.1
Belgium,WE,2010,10753.0
Belgium,WE,2011,10836.7
Belgium,WE,2012,10920.4
Belgium,WE,2013,11004.1
Belgium,WE,2014,11087.8
Belgium,WE,2015,11171.5
Belgium,WE,2016,11255.2
Belgium,WE,2017,11338.9
Belgium,WE,2018,11422.6
Belgium,WE,2019,11506.3
Belgium,WE,2020,11590.0
Denmark,WE,1820,1155.0
Denmark,WE,1821,1166.8
Denmark,WE,1822,1178.6
Denmark,WE,1823,1190.4
Denmark,WE,1824,1202.2
Denmark,WE,1825,1214.0
Denmark,WE,1826,1225.8
Denmark,WE,1827,1237.6
Denmark,WE,1828,1249.4
Denmark,WE,1829,1261.2
Denmark,WE,1830,1273.0
Denmark,WE,1831,1281.4
Denmark,WE,1832,1289.8
Denmark,WE,1833,1298.2
Denmark,WE,1834,1306.6
Denmark,WE,1835,1315.0
Denmark,WE,1836,1323.4
Denmark,WE,1837,1331.8
Denmark,WE,1838,1340.2
Denmark,WE,1839,1348.6
Denmark,WE,1840,1357.0
Denmark,WE,1841,1371.2
Denmark,WE,1842,1385.4
Denmark,WE,1843,1399.6
Denmark,WE,1844,1413.8
Denmark,WE,1845,1428.0
Denmark,WE,1846,1442.2
Denmark,WE,1847,1456.4
Denmark,WE,1848,1470.6
Denmark,WE,1849,1484.8
Denmark,WE,1850,1499.0
Denmark,WE,1851,1518.7
Denmark,WE,1852,1538.4
Denmark,WE,1853,1558.1
Denmark,WE,1854,1577.8
Denmark,WE,1855,1597.5
Denmark,WE,1856,1617.2
Denmark,WE,1857,1636.9
Denmark,WE,1858,1656.6
Denmark,WE,1859,1676.3
Denmark,WE,1860,1696.0
Denmark,WE,1861,1715.2
Denmark,WE,1862,1734.4
Denmark,WE,1863,1753.6
Denmark,WE,1864,1772.8
Denmark,WE,1865,1792.0
Denmark,WE,1866,1811.2
Denmark,WE,1867,1830.4
Denmark,WE,1868,1849.6
Denmark,WE,1869,1868.8
Denmark,WE,1870,1888.0
Denmark,WE,1871,1907.3
Denmark,WE,1872,1926.6
Denmark,WE,1873,1945.9
Denmark,WE,1874,1965.2
Denmark,WE,1875,1984.5
Denmark,WE,1876,2003.8
Denmark,WE,1877,2023.1
Denmark,WE,1878,2042.4
Denmark,WE,1879,2061.7
Denmark,WE,1880,2081.0
Denmark,WE,1881,2102.3
Denmark,WE,1882,2123.6
Denmark,WE,1883,2144.9
Denmark,WE,1884,2166.2
Denmark,WE,1885,2187.5
Denmark,WE,1886,2208.8
Denmark,WE,1887,2230.1
Denmark,WE,1888,2251.4
Denmark,WE,1889,2272.7
Denmark,WE,1890,2294.0
Denmark,WE,1891,2320.7
Denmark,WE,1892,2347.4
Denmark,WE,1893,2374.1
Denmark,WE,1894,2400.8
Denmark,WE,1895,2427.5
Denmark,WE,1896,2454.2
Denmark,WE,1897,2480.9
Denmark,WE,1898,2507.6
Denmark,WE,1899,2534.3
Denmark,WE,1900,2561.0
Denmark,WE,1901,2593.1
Denmark,WE,1902,2625.2
Denmark,WE,1903,2657.3
Denmark,WE,1904,2689.4
Denmark,WE,1905,2721.5
Denmark,WE,1906,2753.6
Denmark,WE,1907,2785.7
Denmark,WE,1908,2817.8
Denmark,WE,1909,2849.9
Denmark,WE,1910,2882.0
Denmark,WE,1911,2918.0
Denmark,WE,1912,2954.0
Denmark,WE,1913,2990.0
Denmark,WE,1914,3026.0
Denmark,WE,1915,3062.0
Denmark,WE,1916,3098.0
Denmark,WE,1917,3134.0
Denmark,WE,1918,3170.0
Denmark,WE,1919,3206.0
Denmark,WE,1920,3242.0
Denmark,WE,1921,3272.0
Denmark,WE,1922,3302.0
Denmark,WE,1923,3332.0
Denmark,WE,1924,3362.0
Denmark,WE,1925,3392.0
Denmark,WE,1926,3422.0
Denmark,WE,1927,3452.0
Denmark,WE,1928,3482.0
Denmark,WE,1929,3512.0
Denmark,WE,1930,3542.0
Denmark,WE,1931,3571.0
Denmark,WE,1932,3600.0
Denmark,WE,1933,3629.0
Denmark,WE,1934,3658.0
Denmark,WE,1935,3687.0
Denmark,WE,1936,3716.0
Denmark,WE,1937,3745.0
Denmark,WE,1938,3774.0
Denmark,WE,1939,3803.0
Denmark,WE,1940,3832.0
Denmark,WE,1941,3875.9
Denmark,WE,1942,3919.8
Denmark,WE,1943,3963.7
Denmark,WE,1944,4007.6
Denmark,WE,1945,4051.5
Denmark,WE,1946,4095.4
Denmark,WE,1947,4139.3
Denmark,WE,1948,4183.2
Denmark,WE,1949,4227.1
Denmark,WE,1950,4271.0
Denmark,WE,1951,4302.0
Denmark,WE,1952,4333.0
Denmark,WE,1953,4364.0
Denmark,WE,1954,4395.0
Denmark,WE,1955,4426.0
Denmark,WE,1956,4457.0
Denmark,WE,1957,4488.0
Denmark,WE,1958,4519.0
Denmark,WE,1959,4550.0
Denmark,WE,1960,4581.0
Denmark,WE,1961,4615.8
Denmark,WE,1962,4650.6
Denmark,WE,1963,4685.4
Denmark,WE,1964,4720.2
Denmark,WE,1965,4755.0
Denmark,WE,1966,4789.8
Denmark,WE,1967,4824.6
Denmark,WE,1968,4859.4
Denmark,WE,1969,4894.2
Denmark,WE,1970,4929.0
Denmark,WE,1971,4948.4
Denmark,WE,1972,4967.8
Denmark,WE,1973,4987.2
Denmark,WE,1974,5006.6
Denmark,WE,1975,5026.0
Denmark,WE,1976,5045.4
Denmark,WE,1977,5064.8
Denmark,WE,1978,5084.2
Denmark,WE,1979,5103.6
Denmark,WE,1980,5123.0
Denmark,WE,1981,5124.8
Denmark,WE,1982,5126.6
Denmark,WE,1983,5128.4
Denmark,WE,1984,5130.2
Denmark,WE,1985,5132.0
Denmark,WE,1986,5133.8
Denmark,WE,1987,5135.6
Denmark,WE,1988,5137.4
Denmark,WE,1989,5139.2
Denmark,WE,1990,5141.0
Denmark,WE,1991,5160.6
Denmark,WE,1992,5180.2
Denmark,WE,1993,5199.8
Denmark,WE,1994,5219.4
Denmark,WE,1995,5239.0
Denmark,WE,1996,5258.6
Denmark,WE,1997,5278.2
Denmark,WE,1998,5297.8
Denmark,WE,1999,5317.4
Denmark,WE,2000,5337.0
Denmark,WE,2001,5358.8
Denmark,WE,2002,5380.6
Denmark,WE,2003,5402.4
Denmark,WE,2004,5424.2
Denmark,WE,2005,5446.0
Denmark,WE,2006,5467.8
Denmark,WE,2007,5489.6
Denmark,WE,2008,5511.4
Denmark,WE,2009,5533.2
Denmark,WE,2010,5555.0
Denmark,WE,2011,5578.7
Denmark,WE,2012,5602.4
Denmark,WE,2013,5626.1
Denmark,WE,2014,5649.8
Denmark,WE,2015,5673.5
Denmark,WE,2016,5697.2
Denmark,WE,2017,5720.9
Denmark,WE,2018,5744.6
Denmark,WE,2019,5768.3
Denmark,WE,2020,5792.0
Finland,WE,1820,1169.0
Finland,WE,1821,1188.5
Finland,WE,1822,1208.0
Finland,WE,1823,1227.5
Finland,WE,1824,1247.0
Finland,WE,1825,1266.5
Finland,WE,1826,1286.0
Finland,WE,1827,1305.5
Finland,WE,1828,1325.0
Finland,WE,1829,1344.5
Finland,WE,1830,1364.0
Finland,WE,1831,1371.7
Finland,WE,1832,1379.4
Finland,WE,1833,1387.1
Finland,WE,1834,1394.8
Finland,WE,1835,1402.5
Finland,WE,1836,1410.2
Finland,WE,1837,1417.9
Finland,WE,1838,1425.6
Finland,WE,1839,1433.3
Finland,WE,1840,1441.0
Finland,WE,1841,1459.7
Finland,WE,1842,1478.4
Finland,WE,1843,1497.1
Finland,WE,1844,1515.8
Finland,WE,1845,1534.5
Finland,WE,1846,1553.2
Finland,WE,1847,1571.9
Finland,WE,1848,1590.6
Finland,WE,1849,1609.3
Finland,WE,1850,1628.0
Finland,WE,1851,1639.0
Finland,WE,1852,1650.0
Finland,WE,1853,1661.0
Finland,WE,1854,1672.0
Finland,WE,1855,1683.0
Finland,WE,1856,1694.0
Finland,WE,1857,1705.0
Finland,WE,1858,1716.0
Finland,WE,1859,1727.0
Finland,WE,1860,1738.0
Finland,WE,1861,1739.6
Finland,WE,1862,1741.2
Finland,WE,1863,1742.8
Finland,WE,1864,1744.4
Finland,WE,1865,1746.0
Finland,WE,1866,1747.6
Finland,WE,1867,1749.2
Finland,WE,1868,1750.8
Finland,WE,1869,1752.4
Finland,WE,1870,1754.0
Finland,WE,1871,1783.3
Finland,WE,1872,1812.6
Finland,WE,1873,1841.9
Finland,WE,1874,1871.2
Finland,WE,1875,1900.5
Finland,WE,1876,1929.8
Finland,WE,1877,1959.1
Finland,WE,1878,1988.4
Finland,WE,1879,2017.7
Finland,WE,1880,2047.0
Finland,WE,1881,2078.7
Finland,WE,1882,2110.4
Finland,WE,1883,2142.1
Finland,WE,1884,2173.8
Finland,WE,1885,2205.5
Finland,WE,1886,2237.2
Finland,WE,1887,2268.9
Finland,WE,1888,2300.6
Finland,WE,1889,2332.3
Finland,WE,1890,2364.0
Finland,WE,1891,2392.2
Finland,WE,1892,2420.4
Finland,WE,1893,2448.6
Finland,WE,1894,2476.8
Finland,WE,1895,2505.0
Finland,WE,1896,2533.2
Finland,WE,1897,2561.4
Finland,WE,1898,2589.6
Finland,WE,1899,2617.8
Finland,WE,1900,2646.0
Finland,WE,1901,2674.3
Finland,WE,1902,2702.6
Finland,WE,1903,2730.9
Finland,WE,1904,2759.2
Finland,WE,1905,2787.5
Finland,WE,1906,2815.8
Finland,WE,1907,2844.1
Finland,WE,1908,2872.4
Finland,WE,1909,2900.7
Finland,WE,1910,2929.0
Finland,WE,1911,2949.4
Finland,WE,1912,2969.8
Finland,WE,1913,2990.2
Finland,WE,1914,3010.6
Finland,WE,1915,3031.0
Finland,WE,1916,3051.4
Finland,WE,1917,3071.8
Finland,WE,1918,3092.2
Finland,WE,1919,3112.6
Finland,WE,1920,3133.0
Finland,WE,1921,3164.6
Finland,WE,1922,3196.2
Finland,WE,1923,3227.8
Finland,WE,1924,3259.4
Finland,WE,1925,3291.0
Finland,WE,1926,3322.6
Finland,WE,1927,3354.2
Finland,WE,1928,3385.8
Finland,WE,1929,3417.4
Finland,WE,1930,3449.0
Finland,WE,1931,3473.9
Finland,WE,1932,3498.8
Finland,WE,1933,3523.7
Finland,WE,1934,3548.6
Finland,WE,1935,3573.5
Finland,WE,1936,3598.4
Finland,WE,1937,3623.3
Finland,WE,1938,3648.2
Finland,WE,1939,3673.1
Finland,WE,1940,3698.0
Finland,WE,1941,3729.1
Finland,WE,1942,3760.2
Finland,WE,1943,3791.3
Finland,WE,1944,3822.4
Finland,WE,1945,3853.5
Finland,WE,1946,3884.6
Finland,WE,1947,3915.7
Finland,WE,1948,3946.8
Finland,WE,1949,3977.9
Finland,WE,1950,4009.0
Finland,WE,1951,4051.1
Finland,WE,1952,4093.2
Finland,WE,1953,4135.3
Finland,WE,1954,4177.4
Finland,WE,1955,4219.5
Finland,WE,1956,4261.6
Finland,WE,1957,4303.7
Finland,WE,1958,4345.8
Finland,WE,1959,4387.9
Finland,WE,1960,4430.0
Finland,WE,1961,4447.6
Finland,WE,1962,4465.2
Finland,WE,1963,4482.8
Finland,WE,1964,4500.4
Finland,WE,1965,4518.0
Finland,WE,1966,4535.6
Finland,WE,1967,4553.2
Finland,WE,1968,4570.8
Finland,WE,1969,4588.4
Finland,WE,1970,4606.0
Finland,WE,1971,4623.4
Finland,WE,1972,4640.8
Finland,WE,1973,4658.2
Finland,WE,1974,4675.6
Finland,WE,1975,4693.0
Finland,WE,1976,4710.4
Finland,WE,1977,4727.8
Finland,WE,1978,4745.2
Finland,WE,1979,4762.6
Finland,WE,1980,4780.0
Finland,WE,1981,4800.6
Finland,WE,1982,4821.2
Finland,WE,1983,4841.8
Finland,WE,1984,4862.4
Finland,WE,1985,4883.0
Finland,WE,1986,4903.6
Finland,WE,1987,4924.2
Finland,WE,1988,4944.8
Finland,WE,1989,4965.4
Finland,WE,1990,4986.0
Finland,WE,1991,5004.3
Finland,WE,1992,5022.6
Finland,WE,1993,5040.9
Finland,WE,1994,5059.2
Finland,WE,1995,5077.5
Finland,WE,1996,5095.8
Finland,WE,1997,5114.1
Finland,WE,1998,5132.4
Finland,WE,1999,5150.7
Finland,WE,2000,5169.0
Finland,WE,2001,5188.7
Finland,WE,2002,5208.4
Finland,WE,2003,5228.1
Finland,WE,2004,5247.8
Finland,WE,2005,5267.5
Finland,WE,2006,5287.2
Finland,WE,2007,5306.9
Finland,WE,2008,5326.6
Finland,WE,2009,5346.3
Finland,WE,2010,5366.0
Finland,WE,2011,5383.5
Finland,WE,2012,5401.0
Finland,WE,2013,5418.5
Finland,WE,2014,5436.0
Finland,WE,2015,5453.5
Finland,WE,2016,5471.0
Finland,WE,2017,5488.5
Finland,WE,2018,5506.0
Finland,WE,2019,5523.5
Finland,WE,2020,5541.0
France,WE,1820,30250.0
France,WE,1821,30462.0
France,WE,1822,30674.0
France,WE,1823,30886.0
France,WE,1824,31098.0
France,WE,1825,31310.0
France,WE,1826,31522.0
France,WE,1827,31734.0
France,WE,1828,31946.0
France,WE,1829,32158.0
France,WE,1830,32370.0
France,WE,1831,32541.0
France,WE,1832,32712.0
France,WE,1833,32883.0
France,WE,1834,33054.0
France,WE,1835,33225.0
France,WE,1836,33396.0
France,WE,1837,33567.0
France,WE,1838,33738.0
France,WE,1839,33909.0
France,WE,1840,34080.0
France,WE,1841,34235.0
France,WE,1842,34390.0
France,WE,1843,34545.0
France,WE,1844,34700.0
France,WE,1845,34855.0
France,WE,1846,35010.0
France,WE,1847,35165.0
France,WE,1848,35320.0
France,WE,1849,35475.0
France,WE,1850,35630.0
France,WE,1851,35718.0
France,WE,1852,35806.0
France,WE,1853,35894.0
France,WE,1854,35982.0
France,WE,1855,36070.0
France,WE,1856,36158.0
France,WE,1857,36246.0
France,WE,1858,36334.0
France,WE,1859,36422.0
France,WE,1860,36510.0
France,WE,1861,36546.0
France,WE,1862,36582.0
France,WE,1863,36618.0
France,WE,1864,36654.0
France,WE,1865,36690.0
France,WE,1866,36726.0
France,WE,1867,36762.0
France,WE,1868,36798.0
France,WE,1869,36834.0
France,WE,1870,36870.0
France,WE,1871,36928.0
France,WE,1872,36986.0
France,WE,1873,37044.0
France,WE,1874,37102.0
France,WE,1875,37160.0
France,WE,1876,37218.0
France,WE,1877,37276.0
France,WE,1878,37334.0
France,WE,1879,37392.0
France,WE,1880,37450.0
France,WE,1881,37543.0
France,WE,1882,37636.0
France,WE,1883,37729.0
France,WE,1884,37822.0
France,WE,1885,37915.0
France,WE,1886,38008.0
France,WE,1887,38101.0
France,WE,1888,38194.0
France,WE,1889,38287.0
France,WE,1890,38380.0
France,WE,1891,38432.0
France,WE,1892,38484.0
France,WE,1893,38536.0
France,WE,1894,38588.0
France,WE,1895,38640.0
France,WE,1896,38692.0
France,WE,1897,38744.0
France,WE,1898,38796.0
France,WE,1899,38848.0
France,WE,1900,38900.0
France,WE,1901,38964.0
France,WE,1902,39028.0
France,WE,1903,39092.0
France,WE,1904,39156.0
France,WE,1905,39220.0
France,WE,1906,39284.0
France,WE,1907,39348.0
France,WE,1908,39412.0
France,WE,1909,39476.0
France,WE,1910,39540.0
France,WE,1911,39488.3
France,WE,1912,39436.6
France,WE,1913,39384.9
France,WE,1914,39333.2
France,WE,1915,39281.5
France,WE,1916,39229.8
France,WE,1917,39178.1
France,WE,1918,39126.4
France,WE,1919,39074.7
France,WE,1920,39023.0
France,WE,1921,39281.7
France,WE,1922,39540.4
France,WE,1923,39799.1
France,WE,1924,40057.8
France,WE,1925,40316.5
France,WE,1926,40575.2
France,WE,1927,40833.9
France,WE,1928,41092.6
France,WE,1929,41351.3
France,WE,1930,41610.0
France,WE,1931,41549.0
France,WE,1932,41488.0
France,WE,1933,41427.0
France,WE,1934,41366.0
France,WE,1935,41305.0
France,WE,1936,41244.0
France,WE,1937,41183.0
France,WE,1938,41122.0
France,WE,1939,41061.0
France,WE,1940,41000.0
France,WE,1941,41083.6
France,WE,1942,41167.2
France,WE,1943,41250.8
France,WE,1944,41334.4
France,WE,1945,41418.0
France,WE,1946,41501.6
France,WE,1947,41585.2
France,WE,1948,41668.8
France,WE,1949,41752.4
France,WE,1950,41836.0
France,WE,1951,42220.8
France,WE,1952,42605.6
France,WE,1953,42990.4
France,WE,1954,43375.2
France,WE,1955,43760.0
France,WE,1956,44144.8
France,WE,1957,44529.6
France,WE,1958,44914.4
France,WE,1959,45299.2
France,WE,1960,45684.0
France,WE,1961,46192.8
France,WE,1962,46701.6
France,WE,1963,47210.4
France,WE,1964,47719.2
France,WE,1965,48228.0
France,WE,1966,48736.8
France,WE,1967,49245.6
France,WE,1968,49754.4
France,WE,1969,50263.2
France,WE,1970,50772.0
France,WE,1971,51082.8
France,WE,1972,51393.6
France,WE,1973,51704.4
France,WE,1974,52015.2
France,WE,1975,52326.0
France,WE,1976,52636.8
France,WE,1977,52947.6
France,WE,1978,53258.4
France,WE,1979,53569.2
France,WE,1980,53880.0
France,WE,1981,54165.5
France,WE,1982,54451.0
France,WE,1983,54736.5
France,WE,1984,55022.0
France,WE,1985,55307.5
France,WE,1986,55593.0
France,WE,1987,55878.5
France,WE,1988,56164.0
France,WE,1989,56449.5
France,WE,1990,56735.0
France,WE,1991,56999.7
France,WE,1992,57264.4
France,WE,1993,57529.1
France,WE,1994,57793.8
France,WE,1995,58058.5
France,WE,1996,58323.2
France,WE,1997,58587.9
France,WE,1998,58852.6
France,WE,1999,59117.3
France,WE,2000,59382.0
France,WE,2001,59746.5
France,WE,2002,60111.0
France,WE,2003,60475.5
France,WE,2004,60840.0
France,WE,2005,61204.5
France,WE,2006,61569.0
France,WE,2007,61933.5
France,WE,2008,62298.0
France,WE,2009,62662.5
France,WE,2010,63027.0
France,WE,2011,63251.7
France,WE,2012,63476.4
France,WE,2013,63701.1
France,WE,2014,63925.8
France,WE,2015,64150.5
France,WE,2016,64375.2
France,WE,2017,64599.9
France,WE,2018,64824.6
France,WE,2019,65049.3
France,WE,2020,65274.0
Germany,WE,1820,26101.0
Germany,WE,1821,26430.2
Germany,WE,1822,26759.4
Germany,WE,1823,27088.6
Germany,WE,1824,27417.8
Germany,WE,1825,27747.0
Germany,WE,1826,28076.2
Germany,WE,1827,28405.4
Germany,WE,1828,28734.6
Germany,WE,1829,29063.8
Germany,WE,1830,29393.0
Germany,WE,1831,29715.8
Germany,WE,1832,30038.6
Germany,WE,1833,30361.4
Germany,WE,1834,30684.2
Germany,WE,1835,31007.0
Germany,WE,1836,31329.8
Germany,WE,1837,31652.6
Germany,WE,1838,31975.4
Germany,WE,1839,32298.2
Germany,WE,1840,32621.0
Germany,WE,1841,32890.1
Germany,WE,1842,33159.2
Germany,WE,1843,33428.3
Germany,WE,1844,33697.4
Germany,WE,1845,33966.5
Germany,WE,1846,34235.6
Germany,WE,1847,34504.7
Germany,WE,1848,34773.8
Germany,WE,1849,35042.9
Germany,WE,1850,35312.0
Germany,WE,1851,35541.9
Germany,WE,1852,35771.8
Germany,WE,1853,36001.7
Germany,WE,1854,36231.6
Germany,WE,1855,36461.5
Germany,WE,1856,36691.4
Germany,WE,1857,36921.3
Germany,WE,1858,37151.2
Germany,WE,1859,37381.1
Germany,WE,1860,37611.0
Germany,WE,1861,37930.4
Germany,WE,1862,38249.8
Germany,WE,1863,38569.2
Germany,WE,1864,38888.6
Germany,WE,1865,39208.0
Germany,WE,1866,39527.4
Germany,WE,1867,39846.8
Germany,WE,1868,40166.2
Germany,WE,1869,40485.6
Germany,WE,1870,40805.0
Germany,WE,1871,41234.0
Germany,WE,1872,41663.0
Germany,WE,1873,42092.0
Germany,WE,1874,42521.0
Germany,WE,1875,42950.0
Germany,WE,1876,43379.0
Germany,WE,1877,43808.0
Germany,WE,1878,44237.0
Germany,WE,1879,44666.0
Germany,WE,1880,45095.0
Germany,WE,1881,45509.6
Germany,WE,1882,45924.2
Germany,WE,1883,46338.8
Germany,WE,1884,46753.4
Germany,WE,1885,47168.0
Germany,WE,1886,47582.6
Germany,WE,1887,47997.2
Germany,WE,1888,48411.8
Germany,WE,1889,48826.4
Germany,WE,1890,49241.0
Germany,WE,1891,49921.5
Germany,WE,1892,50602.0
Germany,WE,1893,51282.5
Germany,WE,1894,51963.0
Germany,WE,1895,52643.5
Germany,WE,1896,53324.0
Germany,WE,1897,54004.5
Germany,WE,1898,54685.0
Germany,WE,1899,55365.5
Germany,WE,1900,56046.0
Germany,WE,1901,56898.2
Germany,WE,1902,57750.4
Germany,WE,1903,58602.6
Germany,WE,1904,59454.8
Germany,WE,1905,60307.0
Germany,WE,1906,61159.2
Germany,WE,1907,62011.4
Germany,WE,1908,62863.6
Germany,WE,1909,63715.8
Germany,WE,1910,64568.0
Germany,WE,1911,64414.0
Germany,WE,1912,64260.0
Germany,WE,1913,64106.0
Germany,WE,1914,63952.0
Germany,WE,1915,63798.0
Germany,WE,1916,63644.0
Germany,WE,1917,63490.0
Germany,WE,1918,63336.0
Germany,WE,1919,63182.0
Germany,WE,1920,63028.0
Germany,WE,1921,63233.6
Germany,WE,1922,63439.2
Germany,WE,1923,63644.8
Germany,WE,1924,63850.4
Germany,WE,1925,64056.0
Germany,WE,1926,64261.6
Germany,WE,1927,64467.2
Germany,WE,1928,64672.8
Germany,WE,1929,64878.4
Germany,WE,1930,65084.0
Germany,WE,1931,65559.1
Germany,WE,1932,66034.2
Germany,WE,1933,66509.3
Germany,WE,1934,66984.4
Germany,WE,1935,67459.5
Germany,WE,1936,67934.6
Germany,WE,1937,68409.7
Germany,WE,1938,68884.8
Germany,WE,1939,69359.9
Germany,WE,1940,69835.0
Germany,WE,1941,69689.0
Germany,WE,1942,69543.0
Germany,WE,1943,69397.0
Germany,WE,1944,69251.0
Germany,WE,1945,69105.0
Germany,WE,1946,68959.0
Germany,WE,1947,68813.0
Germany,WE,1948,68667.0
Germany,WE,1949,68521.0
Germany,WE,1950,68375.0
Germany,WE,1951,68785.6
Germany,WE,1952,69196.2
Germany,WE,1953,69606.8
Germany,WE,1954,70017.4
Germany,WE,1955,70428.0
Germany,WE,1956,70838.6
Germany,WE,1957,71249.2
Germany,WE,1958,71659.8
Germany,WE,1959,72070.4
Germany,WE,1960,72481.0
Germany,WE,1961,73011.2
Germany,WE,1962,73541.4
Germany,WE,1963,74071.6
Germany,WE,1964,74601.8
Germany,WE,1965,75132.0
Germany,WE,1966,75662.2
Germany,WE,1967,76192.4
Germany,WE,1968,76722.6
Germany,WE,1969,77252.8
Germany,WE,1970,77783.0
Germany,WE,1971,77834.5
Germany,WE,1972,77886.0
Germany,WE,1973,77937.5
Germany,WE,1974,77989.0
Germany,WE,1975,78040.5
Germany,WE,1976,78092.0
Germany,WE,1977,78143.5
Germany,WE,1978,78195.0
Germany,WE,1979,78246.5
Germany,WE,1980,78298.0
Germany,WE,1981,78406.2
Germany,WE,1982,78514.4
Germany,WE,1983,78622.6
Germany,WE,1984,78730.8
Germany,WE,1985,78839.0
Germany,WE,1986,78947.2
Germany,WE,1987,79055.4
Germany,WE,1988,79163.6
Germany,WE,1989,79271.8
Germany,WE,1990,79380.0
Germany,WE,1991,79660.8
Germany,WE,1992,79941.6
Germany,WE,1993,80222.4
Germany,WE,1994,80503.2
Germany,WE,1995,80784.0
Germany,WE,1996,81064.8
Germany,WE,1997,81345.6
Germany,WE,1998,81626.4
Germany,WE,1999,81907.2
Germany,WE,2000,82188.0
Germany,WE,2001,82199.4
Germany,WE,2002,82210.8
Germany,WE,2003,82222.2
Germany,WE,2004,82233.6
Germany,WE,2005,82245.0
Germany,WE,2006,82256.4
Germany,WE,2007,82267.8
Germany,WE,2008,82279.2
Germany,WE,2009,82290.6
Germany,WE,2010,82302.0
Germany,WE,2011,82450.2
Germany,WE,2012,82598.4
Germany,WE,2013,82746.6
Germany,WE,2014,82894.8
Germany,WE,2015,83043.0
Germany,WE,2016,83191.2
Germany,WE,2017,83339.4
Germany,WE,2018,83487.6
Germany,WE,2019,83635.8
Germany,WE,2020,83784.0
Greece,WE,1820,2312.0
Greece,WE,1821,2334.2
Greece,WE,1822,2356.4
Greece,WE,1823,2378.6
Greece,WE,1824,2400.8
Greece,WE,1825,2423.0
Greece,WE,1826,2445.2
Greece,WE,1827,2467.4
Greece,WE,1828,2489.6
Greece,WE,1829,2511.8
Greece,WE,1830,2534.0
Greece,WE,1831,2558.3
Greece,WE,1832,2582.6
Greece,WE,1833,2606.9
Greece,WE,1834,2631.2
Greece,WE,1835,2655.5
Greece,WE,1836,2679.8
Greece,WE,1837,2704.1
Greece,WE,1838,2728.4
Greece,WE,1839,2752.7
Greece,WE,1840,2777.0
Greece,WE,1841,2803.7
Greece,WE,1842,2830.4
Greece,WE,1843,2857.1
Greece,WE,1844,2883.8
Greece,WE,1845,2910.5
Greece,WE,1846,2937.2
Greece,WE,1847,2963.9
Greece,WE,1848,2990.6
Greece,WE,1849,3017.3
Greece,WE,1850,3044.0
Greece,WE,1851,3073.2
Greece,WE,1852,3102.4
Greece,WE,1853,3131.6
Greece,WE,1854,3160.8
Greece,WE,1855,3190.0
Greece,WE,1856,3219.2
Greece,WE,1857,3248.4
Greece,WE,1858,3277.6
Greece,WE,1859,3306.8
Greece,WE,1860,3336.0
Greece,WE,1861,3368.1
Greece,WE,1862,3400.2
Greece,WE,1863,3432.3
Greece,WE,1864,3464.4
Greece,WE,1865,3496.5
Greece,WE,1866,3528.6
Greece,WE,1867,3560.7
Greece,WE,1868,3592.8
Greece,WE,1869,3624.9
Greece,WE,1870,3657.0
Greece,WE,1871,3696.2
Greece,WE,1872,3735.4
Greece,WE,1873,3774.6
Greece,WE,1874,3813.8
Greece,WE,1875,3853.0
Greece,WE,1876,3892.2
Greece,WE,1877,3931.4
Greece,WE,1878,3970.6
Greece,WE,1879,4009.8
Greece,WE,1880,4049.0
Greece,WE,1881,4092.3
Greece,WE,1882,4135.6
Greece,WE,1883,4178.9
Greece,WE,1884,4222.2
Greece,WE,1885,4265.5
Greece,WE,1886,4308.8
Greece,WE,1887,4352.1
Greece,WE,1888,4395.4
Greece,WE,1889,4438.7
Greece,WE,1890,4482.0
Greece,WE,1891,4530.0
Greece,WE,1892,4578.0
Greece,WE,1893,4626.0
Greece,WE,1894,4674.0
Greece,WE,1895,4722.0
Greece,WE,1896,4770.0
Greece,WE,1897,4818.0
Greece,WE,1898,4866.0
Greece,WE,1899,4914.0
Greece,WE,1900,4962.0
Greece,WE,1901,4997.8
Greece,WE,1902,5033.6
Greece,WE,1903,5069.4
Greece,WE,1904,5105.2
Greece,WE,1905,5141.0
Greece,WE,1906,5176.8
Greece,WE,1907,5212.6
Greece,WE,1908,5248.4
Greece,WE,1909,5284.2
Greece,WE,1910,5320.0
Greece,WE,1911,5358.0
Greece,WE,1912,5396.0
Greece,WE,1913,5434.0
Greece,WE,1914,5472.0
Greece,WE,1915,5510.0
Greece,WE,1916,5548.0
Greece,WE,1917,5586.0
Greece,WE,1918,5624.0
Greece,WE,1919,5662.0
Greece,WE,1920,5700.0
Greece,WE,1921,5765.1
Greece,WE,1922,5830.2
Greece,WE,1923,5895.3
Greece,WE,1924,5960.4
Greece,WE,1925,6025.5
Greece,WE,1926,6090.6
Greece,WE,1927,6155.7
Greece,WE,1928,6220.8
Greece,WE,1929,6285.9
Greece,WE,1930,6351.0
Greece,WE,1931,6443.9
Greece,WE,1932,6536.8
Greece,WE,1933,6629.7
Greece,WE,1934,6722.6
Greece,WE,1935,6815.5
Greece,WE,1936,6908.4
Greece,WE,1937,7001.3
Greece,WE,1938,7094.2
Greece,WE,1939,7187.1
Greece,WE,1940,7280.0
Greece,WE,1941,7308.6
Greece,WE,1942,7337.2
Greece,WE,1943,7365.8
Greece,WE,1944,7394.4
Greece,WE,1945,7423.0
Greece,WE,1946,7451.6
Greece,WE,1947,7480.2
Greece,WE,1948,7508.8
Greece,WE,1949,7537.4
Greece,WE,1950,7566.0
Greece,WE,1951,7642.1
Greece,WE,1952,7718.2
Greece,WE,1953,7794.3
Greece,WE,1954,7870.4
Greece,WE,1955,7946.5
Greece,WE,1956,8022.6
Greece,WE,1957,8098.7
Greece,WE,1958,8174.8
Greece,WE,1959,8250.9
Greece,WE,1960,8327.0
Greece,WE,1961,8373.6
Greece,WE,1962,8420.2
Greece,WE,1963,8466.8
Greece,WE,1964,8513.4
Greece,WE,1965,8560.0
Greece,WE,1966,8606.6
Greece,WE,1967,8653.2
Greece,WE,1968,8699.8
Greece,WE,1969,8746.4
Greece,WE,1970,8793.0
Greece,WE,1971,8878.0
Greece,WE,1972,8963.0
Greece,WE,1973,9048.0
Greece,WE,1974,9133.0
Greece,WE,1975,9218.0
Greece,WE,1976,9303.0
Greece,WE,1977,9388.0
Greece,WE,1978,9473.0
Greece,WE,1979,9558.0
Greece,WE,1980,9643.0
Greece,WE,1981,9691.7
Greece,WE,1982,9740.4
Greece,WE,1983,9789.1
Greece,WE,1984,9837.8
Greece,WE,1985,9886.5
Greece,WE,1986,9935.2
Greece,WE,1987,9983.9
Greece,WE,1988,10032.6
Greece,WE,1989,10081.3
Greece,WE,1990,10130.0
Greece,WE,1991,10172.9
Greece,WE,1992,10215.8
Greece,WE,1993,10258.7
Greece,WE,1994,10301.6
Greece,WE,1995,10344.5
Greece,WE,1996,10387.4
Greece,WE,1997,10430.3
Greece,WE,1998,10473.2
Greece,WE,1999,10516.1
Greece,WE,2000,10559.0
Greece,WE,2001,10591.9
Greece,WE,2002,10624.8
Greece,WE,2003,10657.7
Greece,WE,2004,10690.6
Greece,WE,2005,10723.5
Greece,WE,2006,10756.4
Greece,WE,2007,10789.3
Greece,WE,2008,10822.2
Greece,WE,2009,10855.1
Greece,WE,2010,10888.0
Greece,WE,2011,10841.5
Greece,WE,2012,10795.0
Greece,WE,2013,10748.5
Greece,WE,2014,10702.0
Greece,WE,2015,10655.5
Greece,WE,2016,10609.0
Greece,WE,2017,10562.5
Greece,WE,2018,10516.0
Greece,WE,2019,10469.5
Greece,WE,2020,10423.0
Ireland,WE,1820,7101.0
Ireland,WE,1821,7173.6
Ireland,WE,1822,7246.2
Ireland,WE,1823,7318.8
Ireland,WE,1824,7391.4
Ireland,WE,1825,7464.0
Ireland,WE,1826,7536.6
Ireland,WE,1827,7609.2
Ireland,WE,1828,7681.8
Ireland,WE,1829,7754.4
Ireland,WE,1830,7827.0
Ireland,WE,1831,7879.2
Ireland,WE,1832,7931.4
Ireland,WE,1833,7983.6
Ireland,WE,1834,8035.8
Ireland,WE,1835,8088.0
Ireland,WE,1836,8140.2
Ireland,WE,1837,8192.4
Ireland,WE,1838,8244.6
Ireland,WE,1839,8296.8
Ireland,WE,1840,8349.0
Ireland,WE,1841,8201.9
Ireland,WE,1842,8054.8
Ireland,WE,1843,7907.7
Ireland,WE,1844,7760.6
Ireland,WE,1845,7613.5
Ireland,WE,1846,7466.4
Ireland,WE,1847,7319.3
Ireland,WE,1848,7172.2
Ireland,WE,1849,7025.1
Ireland,WE,1850,6878.0
Ireland,WE,1851,6772.3
Ireland,WE,1852,6666.6
Ireland,WE,1853,6560.9
Ireland,WE,1854,6455.2
Ireland,WE,1855,6349.5
Ireland,WE,1856,6243.8
Ireland,WE,1857,6138.1
Ireland,WE,1858,6032.4
Ireland,WE,1859,5926.7
Ireland,WE,1860,5821.0
Ireland,WE,1861,5780.8
Ireland,WE,1862,5740.6
Ireland,WE,1863,5700.4
Ireland,WE,1864,5660.2
Ireland,WE,1865,5620.0
Ireland,WE,1866,5579.8
Ireland,WE,1867,5539.6
Ireland,WE,1868,5499.4
Ireland,WE,1869,5459.2
Ireland,WE,1870,5419.0
Ireland,WE,1871,5397.4
Ireland,WE,1872,5375.8
Ireland,WE,1873,5354.2
Ireland,WE,1874,5332.6
Ireland,WE,1875,5311.0
Ireland,WE,1876,5289.4
Ireland,WE,1877,5267.8
Ireland,WE,1878,5246.2
Ireland,WE,1879,5224.6
Ireland,WE,1880,5203.0
Ireland,WE,1881,5154.5
Ireland,WE,1882,5106.0
Ireland,WE,1883,5057.5
Ireland,WE,1884,5009.0
Ireland,WE,1885,4960.5
Ireland,WE,1886,4912.0
Ireland,WE,1887,4863.5
Ireland,WE,1888,4815.0
Ireland,WE,1889,4766.5
Ireland,WE,1890,4718.0
Ireland,WE,1891,4693.1
Ireland,WE,1892,4668.2
Ireland,WE,1893,4643.3
Ireland,WE,1894,4618.4
Ireland,WE,1895,4593.5
Ireland,WE,1896,4568.6
Ireland,WE,1897,4543.7
Ireland,WE,1898,4518.8
Ireland,WE,1899,4493.9
Ireland,WE,1900,4469.0
Ireland,WE,1901,4460.6
Ireland,WE,1902,4452.2
Ireland,WE,1903,4443.8
Ireland,WE,1904,4435.4
Ireland,WE,1905,4427.0
Ireland,WE,1906,4418.6
Ireland,WE,1907,4410.2
Ireland,WE,1908,4401.8
Ireland,WE,1909,4393.4
Ireland,WE,1910,4385.0
Ireland,WE,1911,4382.6
Ireland,WE,1912,4380.2
Ireland,WE,1913,4377.8
Ireland,WE,1914,4375.4
Ireland,WE,1915,4373.0
Ireland,WE,1916,4370.6
Ireland,WE,1917,4368.2
Ireland,WE,1918,4365.8
Ireland,WE,1919,4363.4
Ireland,WE,1920,4361.0
Ireland,WE,1921,4217.6
Ireland,WE,1922,4074.2
Ireland,WE,1923,3930.8
Ireland,WE,1924,3787.4
Ireland,WE,1925,3644.0
Ireland,WE,1926,3500.6
Ireland,WE,1927,3357.2
Ireland,WE,1928,3213.8
Ireland,WE,1929,3070.3999999999996
Ireland,WE,1930,2927.0
Ireland,WE,1931,2930.1
Ireland,WE,1932,2933.2
Ireland,WE,1933,2936.3
Ireland,WE,1934,2939.4
Ireland,WE,1935,2942.5
Ireland,WE,1936,2945.6
Ireland,WE,1937,2948.7
Ireland,WE,1938,2951.8
Ireland,WE,1939,2954.9
Ireland,WE,1940,2958.0
Ireland,WE,1941,2953.5
Ireland,WE,1942,2949.0
Ireland,WE,1943,2944.5
Ireland,WE,1944,2940.0
Ireland,WE,1945,2935.5
Ireland,WE,1946,2931.0
Ireland,WE,1947,2926.5
Ireland,WE,1948,2922.0
Ireland,WE,1949,2917.5
Ireland,WE,1950,2913.0
Ireland,WE,1951,2903.9
Ireland,WE,1952,2894.8
Ireland,WE,1953,2885.7
Ireland,WE,1954,2876.6
Ireland,WE,1955,2867.5
Ireland,WE,1956,2858.4
Ireland,WE,1957,2849.3
Ireland,WE,1958,2840.2
Ireland,WE,1959,2831.1
Ireland,WE,1960,2822.0
Ireland,WE,1961,2834.8
Ireland,WE,1962,2847.6
Ireland,WE,1963,2860.4
Ireland,WE,1964,2873.2
Ireland,WE,1965,2886.0
Ireland,WE,1966,2898.8
Ireland,WE,1967,2911.6
Ireland,WE,1968,2924.4
Ireland,WE,1969,2937.2
Ireland,WE,1970,2950.0
Ireland,WE,1971,2998.5
Ireland,WE,1972,3047.0
Ireland,WE,1973,3095.5
Ireland,WE,1974,3144.0
Ireland,WE,1975,3192.5
Ireland,WE,1976,3241.0
Ireland,WE,1977,3289.5
Ireland,WE,1978,3338.0
Ireland,WE,1979,3386.5
Ireland,WE,1980,3435.0
Ireland,WE,1981,3448.4
Ireland,WE,1982,3461.8
Ireland,WE,1983,3475.2
Ireland,WE,1984,3488.6
Ireland,WE,1985,3502.0
Ireland,WE,1986,3515.4
Ireland,WE,1987,3528.8
Ireland,WE,1988,3542.2
Ireland,WE,1989,3555.6
Ireland,WE,1990,3569.0
Ireland,WE,1991,3597.0
Ireland,WE,1992,3625.0
Ireland,WE,1993,3653.0
Ireland,WE,1994,3681.0
Ireland,WE,1995,3709.0
Ireland,WE,1996,3737.0
Ireland,WE,1997,3765.0
Ireland,WE,1998,3793.0
Ireland,WE,1999,3821.0
Ireland,WE,2000,3849.0
Ireland,WE,2001,3926.8
Ireland,WE,2002,4004.6
Ireland,WE,2003,4082.4
Ireland,WE,2004,4160.2
Ireland,WE,2005,4238.0
Ireland,WE,2006,4315.8
Ireland,WE,2007,4393.6
Ireland,WE,2008,4471.4
Ireland,WE,2009,4549.2
Ireland,WE,2010,4627.0
Ireland,WE,2011,4658.1
Ireland,WE,2012,4689.2
Ireland,WE,2013,4720.3
Ireland,WE,2014,4751.4
Ireland,WE,2015,4782.5
Ireland,WE,2016,4813.6
Ireland,WE,2017,4844.7
Ireland,WE,2018,4875.8
Ireland,WE,2019,4906.9
Ireland,WE,2020,4938.0
Italy,WE,1820,19448.0
Italy,WE,1821,19663.9
Italy,WE,1822,19879.8
Italy,WE,1823,20095.7
Italy,WE,1824,20311.6
Italy,WE,1825,20527.5
Italy,WE,1826,20743.4
Italy,WE,1827,20959.3
Italy,WE,1828,21175.2
Italy,WE,1829,21391.1
Italy,WE,1830,21607.0
Italy,WE,1831,21773.6
Italy,WE,1832,21940.2
Italy,WE,1833,22106.8
Italy,WE,1834,22273.4
Italy,WE,1835,22440.0
Italy,WE,1836,22606.6
Italy,WE,1837,22773.2
Italy,WE,1838,22939.8
Italy,WE,1839,23106.4
Italy,WE,1840,23273.0
Italy,WE,1841,23422.8
Italy,WE,1842,23572.6
Italy,WE,1843,23722.4
Italy,WE,1844,23872.2
Italy,WE,1845,24022.0
Italy,WE,1846,24171.8
Italy,WE,1847,24321.6
Italy,WE,1848,24471.4
Italy,WE,1849,24621.2
Italy,WE,1850,24771.0
Italy,WE,1851,24857.3
Italy,WE,1852,24943.6
Italy,WE,1853,25029.9
Italy,WE,1854,25116.2
Italy,WE,1855,25202.5
Italy,WE,1856,25288.8
Italy,WE,1857,25375.1
Italy,WE,1858,25461.4
Italy,WE,1859,25547.7
Italy,WE,1860,25634.0
Italy,WE,1861,25790.9
Italy,WE,1862,25947.8
Italy,WE,1863,26104.7
Italy,WE,1864,26261.6
Italy,WE,1865,26418.5
Italy,WE,1866,26575.4
Italy,WE,1867,26732.3
Italy,WE,1868,26889.2
Italy,WE,1869,27046.1
Italy,WE,1870,27203.0
Italy,WE,1871,27393.0
Italy,WE,1872,27583.0
Italy,WE,1873,27773.0
Italy,WE,1874,27963.0
Italy,WE,1875,28153.0
Italy,WE,1876,28343.0
Italy,WE,1877,28533.0
Italy,WE,1878,28723.0
Italy,WE,1879,28913.0
Italy,WE,1880,29103.0
Italy,WE,1881,29289.4
Italy,WE,1882,29475.8
Italy,WE,1883,29662.2
Italy,WE,1884,29848.6
Italy,WE,1885,30035.0
Italy,WE,1886,30221.4
Italy,WE,1887,30407.8
Italy,WE,1888,30594.2
Italy,WE,1889,30780.6
Italy,WE,1890,30967.0
Italy,WE,1891,31183.8
Italy,WE,1892,31400.6
Italy,WE,1893,31617.4
Italy,WE,1894,31834.2
Italy,WE,1895,32051.0
Italy,WE,1896,32267.8
Italy,WE,1897,32484.6
Italy,WE,1898,32701.4
Italy,WE,1899,32918.2
Italy,WE,1900,33135.0
Italy,WE,1901,33365.8
Italy,WE,1902,33596.6
Italy,WE,1903,33827.4
Italy,WE,1904,34058.2
Italy,WE,1905,34289.0
Italy,WE,1906,34519.8
Italy,WE,1907,34750.6
Italy,WE,1908,34981.4
Italy,WE,1909,35212.2
Italy,WE,1910,35443.0
Italy,WE,1911,35620.6
Italy,WE,1912,35798.2
Italy,WE,1913,35975.8
Italy,WE,1914,36153.4
Italy,WE,1915,36331.0
Italy,WE,1916,36508.6
Italy,WE,1917,36686.2
Italy,WE,1918,36863.8
Italy,WE,1919,37041.4
Italy,WE,1920,37219.0
Italy,WE,1921,37505.6
Italy,WE,1922,37792.2
Italy,WE,1923,38078.8
Italy,WE,1924,38365.4
Italy,WE,1925,38652.0
Italy,WE,1926,38938.6
Italy,WE,1927,39225.2
Italy,WE,1928,39511.8
Italy,WE,1929,39798.4
Italy,WE,1930,40085.0
Italy,WE,1931,40429.3
Italy,WE,1932,40773.6
Italy,WE,1933,41117.9
Italy,WE,1934,41462.2
Italy,WE,1935,41806.5
Italy,WE,1936,42150.8
Italy,WE,1937,42495.1
Italy,WE,1938,42839.4
Italy,WE,1939,43183.7
Italy,WE,1940,43528.0
Italy,WE,1941,43854.4
Italy,WE,1942,44180.8
Italy,WE,1943,44507.2
Italy,WE,1944,44833.6
Italy,WE,1945,45160.0
Italy,WE,1946,45486.4
Italy,WE,1947,45812.8
Italy,WE,1948,46139.2
Italy,WE,1949,46465.6
Italy,WE,1950,46792.0
Italy,WE,1951,47072.8
Italy,WE,1952,47353.6
Italy,WE,1953,47634.4
Italy,WE,1954,47915.2
Italy,WE,1955,48196.0
Italy,WE,1956,48476.8
Italy,WE,1957,48757.6
Italy,WE,1958,49038.4
Italy,WE,1959,49319.2
Italy,WE,1960,49600.0
Italy,WE,1961,49971.6
Italy,WE,1962,50343.2
Italy,WE,1963,50714.8
Italy,WE,1964,51086.4
Italy,WE,1965,51458.0
Italy,WE,1966,51829.6
Italy,WE,1967,52201.2
Italy,WE,1968,52572.8
Italy,WE,1969,52944.4
Italy,WE,1970,53316.0
Italy,WE,1971,53590.7
Italy,WE,1972,53865.4
Italy,WE,1973,54140.1
Italy,WE,1974,54414.8
Italy,WE,1975,54689.5
Italy,WE,1976,54964.2
Italy,WE,1977,55238.9
Italy,WE,1978,55513.6
Italy,WE,1979,55788.3
Italy,WE,1980,56063.0
Italy,WE,1981,56128.6
Italy,WE,1982,56194.2
Italy,WE,1983,56259.8
Italy,WE,1984,56325.4
Italy,WE,1985,56391.0
Italy,WE,1986,56456.6
Italy,WE,1987,56522.2
Italy,WE,1988,56587.8
Italy,WE,1989,56653.4
Italy,WE,1990,56719.0
Italy,WE,1991,56681.9
Italy,WE,1992,56644.8
Italy,WE,1993,56607.7
Italy,WE,1994,56570.6
Italy,WE,1995,56533.5
Italy,WE,1996,56496.4
Italy,WE,1997,56459.3
Italy,WE,1998,56422.2
Italy,WE,1999,56385.1
Italy,WE,2000,56348.0
Italy,WE,2001,56632.2
Italy,WE,2002,56916.4
Italy,WE,2003,57200.6
Italy,WE,2004,57484.8
Italy,WE,2005,57769.0
Italy,WE,2006,58053.2
Italy,WE,2007,58337.4
Italy,WE,2008,58621.6
Italy,WE,2009,58905.8
Italy,WE,2010,59190.0
Italy,WE,2011,59317.2
Italy,WE,2012,59444.4
Italy,WE,2013,59571.6
Italy,WE,2014,59698.8
Italy,WE,2015,59826.0
Italy,WE,2016,59953.2
Italy,WE,2017,60080.4
Italy,WE,2018,60207.6
Italy,WE,2019,60334.8
Italy,WE,2020,60462.0
Netherlands,WE,1820,2333.0
Netherlands,WE,1821,2363.0
Netherlands,WE,1822,2393.0
Netherlands,WE,1823,2423.0
Netherlands,WE,1824,2453.0
Netherlands,WE,1825,2483.0
Netherlands,WE,1826,2513.0
Netherlands,WE,1827,2543.0
Netherlands,WE,1828,2573.0
Netherlands,WE,1829,2603.0
Netherlands,WE,1830,2633.0
Netherlands,WE,1831,2658.3
Netherlands,WE,1832,2683.6
Netherlands,WE,1833,2708.9
Netherlands,WE,1834,2734.2
Netherlands,WE,1835,2759.5
Netherlands,WE,1836,2784.8
Netherlands,WE,1837,2810.1
Netherlands,WE,1838,2835.4
Netherlands,WE,1839,2860.7
Netherlands,WE,1840,2886.0
Netherlands,WE,1841,2907.2
Netherlands,WE,1842,2928.4
Netherlands,WE,1843,2949.6
Netherlands,WE,1844,2970.8
Netherlands,WE,1845,2992.0
Netherlands,WE,1846,3013.2
Netherlands,WE,1847,3034.4
Netherlands,WE,1848,3055.6
Netherlands,WE,1849,3076.8
Netherlands,WE,1850,3098.0
Netherlands,WE,1851,3120.0
Netherlands,WE,1852,3142.0
Netherlands,WE,1853,3164.0
Netherlands,WE,1854,3186.0
Netherlands,WE,1855,3208.0
Netherlands,WE,1856,3230.0
Netherlands,WE,1857,3252.0
Netherlands,WE,1858,3274.0
Netherlands,WE,1859,3296.0
Netherlands,WE,1860,3318.0
Netherlands,WE,1861,3347.2
Netherlands,WE,1862,3376.4
Netherlands,WE,1863,3405.6
Netherlands,WE,1864,3434.8
Netherlands,WE,1865,3464.0
Netherlands,WE,1866,3493.2
Netherlands,WE,1867,3522.4
Netherlands,WE,1868,3551.6
Netherlands,WE,1869,3580.8
Netherlands,WE,1870,3610.0
Netherlands,WE,1871,3652.4
Netherlands,WE,1872,3694.8
Netherlands,WE,1873,3737.2
Netherlands,WE,1874,3779.6
Netherlands,WE,1875,3822.0
Netherlands,WE,1876,3864.4
Netherlands,WE,1877,3906.8
Netherlands,WE,1878,3949.2
Netherlands,WE,1879,3991.6
Netherlands,WE,1880,4034.0
Netherlands,WE,1881,4084.1
Netherlands,WE,1882,4134.2
Netherlands,WE,1883,4184.3
Netherlands,WE,1884,4234.4
Netherlands,WE,1885,4284.5
Netherlands,WE,1886,4334.6
Netherlands,WE,1887,4384.7
Netherlands,WE,1888,4434.8
Netherlands,WE,1889,4484.9
Netherlands,WE,1890,4535.0
Netherlands,WE,1891,4594.8
Netherlands,WE,1892,4654.6
Netherlands,WE,1893,4714.4
Netherlands,WE,1894,4774.2
Netherlands,WE,1895,4834.0
Netherlands,WE,1896,4893.8
Netherlands,WE,1897,4953.6
Netherlands,WE,1898,5013.4
Netherlands,WE,1899,5073.2
Netherlands,WE,1900,5133.0
Netherlands,WE,1901,5210.2
Netherlands,WE,1902,5287.4
Netherlands,WE,1903,5364.6
Netherlands,WE,1904,5441.8
Netherlands,WE,1905,5519.0
Netherlands,WE,1906,5596.2
Netherlands,WE,1907,5673.4
Netherlands,WE,1908,5750.6
Netherlands,WE,1909,5827.8
Netherlands,WE,1910,5905.0
Netherlands,WE,1911,5995.5
Netherlands,WE,1912,6086.0
Netherlands,WE,1913,6176.5
Netherlands,WE,1914,6267.0
Netherlands,WE,1915,6357.5
Netherlands,WE,1916,6448.0
Netherlands,WE,1917,6538.5
Netherlands,WE,1918,6629.0
Netherlands,WE,1919,6719.5
Netherlands,WE,1920,6810.0
Netherlands,WE,1921,6917.1
Netherlands,WE,1922,7024.2
Netherlands,WE,1923,7131.3
Netherlands,WE,1924,7238.4
Netherlands,WE,1925,7345.5
Netherlands,WE,1926,7452.6
Netherlands,WE,1927,7559.7
Netherlands,WE,1928,7666.8
Netherlands,WE,1929,7773.9
Netherlands,WE,1930,7881.0
Netherlands,WE,1931,7980.8
Netherlands,WE,1932,8080.6
Netherlands,WE,1933,8180.4
Netherlands,WE,1934,8280.2
Netherlands,WE,1935,8380.0
Netherlands,WE,1936,8479.8
Netherlands,WE,1937,8579.6
Netherlands,WE,1938,8679.4
Netherlands,WE,1939,8779.2
Netherlands,WE,1940,8879.0
Netherlands,WE,1941,9002.5
Netherlands,WE,1942,9126.0
Netherlands,WE,1943,9249.5
Netherlands,WE,1944,9373.0
Netherlands,WE,1945,9496.5
Netherlands,WE,1946,9620.0
Netherlands,WE,1947,9743.5
Netherlands,WE,1948,9867.0
Netherlands,WE,1949,9990.5
Netherlands,WE,1950,10114.0
Netherlands,WE,1951,10251.3
Netherlands,WE,1952,10388.6
Netherlands,WE,1953,10525.9
Netherlands,WE,1954,10663.2
Netherlands,WE,1955,10800.5
Netherlands,WE,1956,10937.8
Netherlands,WE,1957,11075.1
Netherlands,WE,1958,11212.4
Netherlands,WE,1959,11349.7
Netherlands,WE,1960,11487.0
Netherlands,WE,1961,11642.1
Netherlands,WE,1962,11797.2
Netherlands,WE,1963,11952.3
Netherlands,WE,1964,12107.4
Netherlands,WE,1965,12262.5
Netherlands,WE,1966,12417.6
Netherlands,WE,1967,12572.7
Netherlands,WE,1968,12727.8
Netherlands,WE,1969,12882.9
Netherlands,WE,1970,13038.0
Netherlands,WE,1971,13149.2
Netherlands,WE,1972,13260.4
Netherlands,WE,1973,13371.6
Netherlands,WE,1974,13482.8
Netherlands,WE,1975,13594.0
Netherlands,WE,1976,13705.2
Netherlands,WE,1977,13816.4
Netherlands,WE,1978,13927.6
Netherlands,WE,1979,14038.8
Netherlands,WE,1980,14150.0
Netherlands,WE,1981,14230.2
Netherlands,WE,1982,14310.4
Netherlands,WE,1983,14390.6
Netherlands,WE,1984,14470.8
Netherlands,WE,1985,14551.0
Netherlands,WE,1986,14631.2
Netherlands,WE,1987,14711.4
Netherlands,WE,1988,14791.6
Netherlands,WE,1989,14871.8
Netherlands,WE,1990,14952.0
Netherlands,WE,1991,15049.4
Netherlands,WE,1992,15146.8
Netherlands,WE,1993,15244.2
Netherlands,WE,1994,15341.6
Netherlands,WE,1995,15439.0
Netherlands,WE,1996,15536.4
Netherlands,WE,1997,15633.8
Netherlands,WE,1998,15731.2
Netherlands,WE,1999,15828.6
Netherlands,WE,2000,15926.0
Netherlands,WE,2001,16001.7
Netherlands,WE,2002,16077.4
Netherlands,WE,2003,16153.1
Netherlands,WE,2004,16228.8
Netherlands,WE,2005,16304.5
Netherlands,WE,2006,16380.2
Netherlands,WE,2007,16455.9
Netherlands,WE,2008,16531.6
Netherlands,WE,2009,16607.3
Netherlands,WE,2010,16683.0
Netherlands,WE,2011,16728.2
Netherlands,WE,2012,16773.4
Netherlands,WE,2013,16818.6
Netherlands,WE,2014,16863.8
Netherlands,WE,2015,16909.0
Netherlands,WE,2016,16954.2
Netherlands,WE,2017,16999.4
Netherlands,WE,2018,17044.6
Netherlands,WE,2019,17089.8
Netherlands,WE,2020,17135.0
Norway,WE,1820,970.0
Norway,WE,1821,985.4
Norway,WE,1822,1000.8
Norway,WE,1823,1016.2
Norway,WE,1824,1031.6
Norway,WE,1825,1047.0
Norway,WE,1826,1062.4
Norway,WE,1827,1077.8
Norway,WE,1828,1093.2
Norway,WE,1829,1108.6
Norway,WE,1830,1124.0
Norway,WE,1831,1135.7
Norway,WE,1832,1147.4
Norway,WE,1833,1159.1
Norway,WE,1834,1170.8
Norway,WE,1835,1182.5
Norway,WE,1836,1194.2
Norway,WE,1837,1205.9
Norway,WE,1838,1217.6
Norway,WE,1839,1229.3
Norway,WE,1840,1241.0
Norway,WE,1841,1256.1
Norway,WE,1842,1271.2
Norway,WE,1843,1286.3
Norway,WE,1844,1301.4
Norway,WE,1845,1316.5
Norway,WE,1846,1331.6
Norway,WE,1847,1346.7
Norway,WE,1848,1361.8
Norway,WE,1849,1376.9
Norway,WE,1850,1392.0
Norway,WE,1851,1412.4
Norway,WE,1852,1432.8
Norway,WE,1853,1453.2
Norway,WE,1854,1473.6
Norway,WE,1855,1494.0
Norway,WE,1856,1514.4
Norway,WE,1857,1534.8
Norway,WE,1858,1555.2
Norway,WE,1859,1575.6
Norway,WE,1860,1596.0
Norway,WE,1861,1609.9
Norway,WE,1862,1623.8
Norway,WE,1863,1637.7
Norway,WE,1864,1651.6
Norway,WE,1865,1665.5
Norway,WE,1866,1679.4
Norway,WE,1867,1693.3
Norway,WE,1868,1707.2
Norway,WE,1869,1721.1
Norway,WE,1870,1735.0
Norway,WE,1871,1753.4
Norway,WE,1872,1771.8
Norway,WE,1873,1790.2
Norway,WE,1874,1808.6
Norway,WE,1875,1827.0
Norway,WE,1876,1845.4
Norway,WE,1877,1863.8
Norway,WE,1878,1882.2
Norway,WE,1879,1900.6
Norway,WE,1880,1919.0
Norway,WE,1881,1926.8
Norway,WE,1882,1934.6
Norway,WE,1883,1942.4
Norway,WE,1884,1950.2
Norway,WE,1885,1958.0
Norway,WE,1886,1965.8
Norway,WE,1887,1973.6
Norway,WE,1888,1981.4
Norway,WE,1889,1989.2
Norway,WE,1890,1997.0
Norway,WE,1891,2020.3
Norway,WE,1892,2043.6
Norway,WE,1893,2066.9
Norway,WE,1894,2090.2
Norway,WE,1895,2113.5
Norway,WE,1896,2136.8
Norway,WE,1897,2160.1
Norway,WE,1898,2183.4
Norway,WE,1899,2206.7
Norway,WE,1900,2230.0
Norway,WE,1901,2245.4
Norway,WE,1902,2260.8
Norway,WE,1903,2276.2
Norway,WE,1904,2291.6
Norway,WE,1905,2307.0
Norway,WE,1906,2322.4
Norway,WE,1907,2337.8
Norway,WE,1908,2353.2
Norway,WE,1909,2368.6
Norway,WE,1910,2384.0
Norway,WE,1911,2409.1
Norway,WE,1912,2434.2
Norway,WE,1913,2459.3
Norway,WE,1914,2484.4
Norway,WE,1915,2509.5
Norway,WE,1916,2534.6
Norway,WE,1917,2559.7
Norway,WE,1918,2584.8
Norway,WE,1919,2609.9
Norway,WE,1920,2635.0
Norway,WE,1921,2652.2
Norway,WE,1922,2669.4
Norway,WE,1923,2686.6
Norway,WE,1924,2703.8
Norway,WE,1925,2721.0
Norway,WE,1926,2738.2
Norway,WE,1927,2755.4
Norway,WE,1928,2772.6
Norway,WE,1929,2789.8
Norway,WE,1930,2807.0
Norway,WE,1931,2823.6
Norway,WE,1932,2840.2
Norway,WE,1933,2856.8
Norway,WE,1934,2873.4
Norway,WE,1935,2890.0
Norway,WE,1936,2906.6
Norway,WE,1937,2923.2
Norway,WE,1938,2939.8
Norway,WE,1939,2956.4
Norway,WE,1940,2973.0
Norway,WE,1941,3002.2
Norway,WE,1942,3031.4
Norway,WE,1943,3060.6
Norway,WE,1944,3089.8
Norway,WE,1945,3119.0
Norway,WE,1946,3148.2
Norway,WE,1947,3177.4
Norway,WE,1948,3206.6
Norway,WE,1949,3235.8
Norway,WE,1950,3265.0
Norway,WE,1951,3296.6
Norway,WE,1952,3328.2
Norway,WE,1953,3359.8
Norway,WE,1954,3391.4
Norway,WE,1955,3423.0
Norway,WE,1956,3454.6
Norway,WE,1957,3486.2
Norway,WE,1958,3517.8
Norway,WE,1959,3549.4
Norway,WE,1960,3581.0
Norway,WE,1961,3610.6
Norway,WE,1962,3640.2
Norway,WE,1963,3669.8
Norway,WE,1964,3699.4
Norway,WE,1965,3729.0
Norway,WE,1966,3758.6
Norway,WE,1967,3788.2
Norway,WE,1968,3817.8
Norway,WE,1969,3847.4
Norway,WE,1970,3877.0
Norway,WE,1971,3897.9
Norway,WE,1972,3918.8
Norway,WE,1973,3939.7
Norway,WE,1974,3960.6
Norway,WE,1975,3981.5
Norway,WE,1976,4002.4
Norway,WE,1977,4023.3
Norway,WE,1978,4044.2
Norway,WE,1979,4065.1
Norway,WE,1980,4086.0
Norway,WE,1981,4101.6
Norway,WE,1982,4117.2
Norway,WE,1983,4132.8
Norway,WE,1984,4148.4
Norway,WE,1985,4164.0
Norway,WE,1986,4179.6
Norway,WE,1987,4195.2
Norway,WE,1988,4210.8
Norway,WE,1989,4226.4
Norway,WE,1990,4242.0
Norway,WE,1991,4267.0
Norway,WE,1992,4292.0
Norway,WE,1993,4317.0
Norway,WE,1994,4342.0
Norway,WE,1995,4367.0
Norway,WE,1996,4392.0
Norway,WE,1997,4417.0
Norway,WE,1998,4442.0
Norway,WE,1999,4467.0
Norway,WE,2000,4492.0
Norway,WE,2001,4531.4
Norway,WE,2002,4570.8
Norway,WE,2003,4610.2
Norway,WE,2004,4649.6
Norway,WE,2005,4689.0
Norway,WE,2006,4728.4
Norway,WE,2007,4767.8
Norway,WE,2008,4807.2
Norway,WE,2009,4846.6
Norway,WE,2010,4886.0
Norway,WE,2011,4939.5
Norway,WE,2012,4993.0
Norway,WE,2013,5046.5
Norway,WE,2014,5100.0
Norway,WE,2015,5153.5
Norway,WE,2016,5207.0
Norway,WE,2017,5260.5
Norway,WE,2018,5314.0
Norway,WE,2019,5367.5
Norway,WE,2020,5421.0
Portugal,WE,1820,3297.0
Portugal,WE,1821,3316.4
Portugal,WE,1822,3335.8
Portugal,WE,1823,3355.2
Portugal,WE,1824,3374.6
Portugal,WE,1825,3394.0
Portugal,WE,1826,3413.4
Portugal,WE,1827,3432.8
Portugal,WE,1828,3452.2
Portugal,WE,1829,3471.6
Portugal,WE,1830,3491.0
Portugal,WE,1831,3512.3
Portugal,WE,1832,3533.6
Portugal,WE,1833,3554.9
Portugal,WE,1834,3576.2
Portugal,WE,1835,3597.5
Portugal,WE,1836,3618.8
Portugal,WE,1837,3640.1
Portugal,WE,1838,3661.4
Portugal,WE,1839,3682.7
Portugal,WE,1840,3704.0
Portugal,WE,1841,3715.2
Portugal,WE,1842,3726.4
Portugal,WE,1843,3737.6
Portugal,WE,1844,3748.8
Portugal,WE,1845,3760.0
Portugal,WE,1846,3771.2
Portugal,WE,1847,3782.4
Portugal,WE,1848,3793.6
Portugal,WE,1849,3804.8
Portugal,WE,1850,3816.0
Portugal,WE,1851,3841.7
Portugal,WE,1852,3867.4
Portugal,WE,1853,3893.1
Portugal,WE,1854,3918.8
Portugal,WE,1855,3944.5
Portugal,WE,1856,3970.2
Portugal,WE,1857,3995.9
Portugal,WE,1858,4021.6
Portugal,WE,1859,4047.3
Portugal,WE,1860,4073.0
Portugal,WE,1861,4099.7
Portugal,WE,1862,4126.4
Portugal,WE,1863,4153.1
Portugal,WE,1864,4179.8
Portugal,WE,1865,4206.5
Portugal,WE,1866,4233.2
Portugal,WE,1867,4259.9
Portugal,WE,1868,4286.6
Portugal,WE,1869,4313.3
Portugal,WE,1870,4340.0
Portugal,WE,1871,4369.0
Portugal,WE,1872,4398.0
Portugal,WE,1873,4427.0
Portugal,WE,1874,4456.0
Portugal,WE,1875,4485.0
Portugal,WE,1876,4514.0
Portugal,WE,1877,4543.0
Portugal,WE,1878,4572.0
Portugal,WE,1879,4601.0
Portugal,WE,1880,4630.0
Portugal,WE,1881,4672.0
Portugal,WE,1882,4714.0
Portugal,WE,1883,4756.0
Portugal,WE,1884,4798.0
Portugal,WE,1885,4840.0
Portugal,WE,1886,4882.0
Portugal,WE,1887,4924.0
Portugal,WE,1888,4966.0
Portugal,WE,1889,5008.0
Portugal,WE,1890,5050.0
Portugal,WE,1891,5087.3
Portugal,WE,1892,5124.6
Portugal,WE,1893,5161.9
Portugal,WE,1894,5199.2
Portugal,WE,1895,5236.5
Portugal,WE,1896,5273.8
Portugal,WE,1897,5311.1
Portugal,WE,1898,5348.4
Portugal,WE,1899,5385.7
Portugal,WE,1900,5423.0
Portugal,WE,1901,5471.6
Portugal,WE,1902,5520.2
Portugal,WE,1903,5568.8
Portugal,WE,1904,5617.4
Portugal,WE,1905,5666.0
Portugal,WE,1906,5714.6
Portugal,WE,1907,5763.2
Portugal,WE,1908,5811.8
Portugal,WE,1909,5860.4
Portugal,WE,1910,5909.0
Portugal,WE,1911,5921.4
Portugal,WE,1912,5933.8
Portugal,WE,1913,5946.2
Portugal,WE,1914,5958.6
Portugal,WE,1915,5971.0
Portugal,WE,1916,5983.4
Portugal,WE,1917,5995.8
Portugal,WE,1918,6008.2
Portugal,WE,1919,6020.6
Portugal,WE,1920,6033.0
Portugal,WE,1921,6112.3
Portugal,WE,1922,6191.6
Portugal,WE,1923,6270.9
Portugal,WE,1924,6350.2
Portugal,WE,1925,6429.5
Portugal,WE,1926,6508.8
Portugal,WE,1927,6588.1
Portugal,WE,1928,6667.4
Portugal,WE,1929,6746.7
Portugal,WE,1930,6826.0
Portugal,WE,1931,6915.6
Portugal,WE,1932,7005.2
Portugal,WE,1933,7094.8
Portugal,WE,1934,7184.4
Portugal,WE,1935,7274.0
Portugal,WE,1936,7363.6
Portugal,WE,1937,7453.2
Portugal,WE,1938,7542.8
Portugal,WE,1939,7632.4
Portugal,WE,1940,7722.0
Portugal,WE,1941,7793.9
Portugal,WE,1942,7865.8
Portugal,WE,1943,7937.7
Portugal,WE,1944,8009.6
Portugal,WE,1945,8081.5
Portugal,WE,1946,8153.4
Portugal,WE,1947,8225.3
Portugal,WE,1948,8297.2
Portugal,WE,1949,8369.1
Portugal,WE,1950,8441.0
Portugal,WE,1951,8482.0
Portugal,WE,1952,8523.0
Portugal,WE,1953,8564.0
Portugal,WE,1954,8605.0
Portugal,WE,1955,8646.0
Portugal,WE,1956,8687.0
Portugal,WE,1957,8728.0
Portugal,WE,1958,8769.0
Portugal,WE,1959,8810.0
Portugal,WE,1960,8851.0
Portugal,WE,1961,8822.8
Portugal,WE,1962,8794.6
Portugal,WE,1963,8766.4
Portugal,WE,1964,8738.2
Portugal,WE,1965,8710.0
Portugal,WE,1966,8681.8
Portugal,WE,1967,8653.6
Portugal,WE,1968,8625.4
Portugal,WE,1969,8597.2
Portugal,WE,1970,8569.0
Portugal,WE,1971,8697.4
Portugal,WE,1972,8825.8
Portugal,WE,1973,8954.2
Portugal,WE,1974,9082.6
Portugal,WE,1975,9211.0
Portugal,WE,1976,9339.4
Portugal,WE,1977,9467.8
Portugal,WE,1978,9596.2
Portugal,WE,1979,9724.6
Portugal,WE,1980,9853.0
Portugal,WE,1981,9854.0
Portugal,WE,1982,9855.0
Portugal,WE,1983,9856.0
Portugal,WE,1984,9857.0
Portugal,WE,1985,9858.0
Portugal,WE,1986,9859.0
Portugal,WE,1987,9860.0
Portugal,WE,1988,9861.0
Portugal,WE,1989,9862.0
Portugal,WE,1990,9863.0
Portugal,WE,1991,9891.7
Portugal,WE,1992,9920.4
Portugal,WE,1993,9949.1
Portugal,WE,1994,9977.8
Portugal,WE,1995,10006.5
Portugal,WE,1996,10035.2
Portugal,WE,1997,10063.9
Portugal,WE,1998,10092.6
Portugal,WE,1999,10121.3
Portugal,WE,2000,10150.0
Portugal,WE,2001,10192.3
Portugal,WE,2002,10234.6
Portugal,WE,2003,10276.9
Portugal,WE,2004,10319.2
Portugal,WE,2005,10361.5
Portugal,WE,2006,10403.8
Portugal,WE,2007,10446.1
Portugal,WE,2008,10488.4
Portugal,WE,2009,10530.7
Portugal,WE,2010,10573.0
Portugal,WE,2011,10535.4
Portugal,WE,2012,10497.8
Portugal,WE,2013,10460.2
Portugal,WE,2014,10422.6
Portugal,WE,2015,10385.0
Portugal,WE,2016,10347.4
Portugal,WE,2017,10309.8
Portugal,WE,2018,10272.2
Portugal,WE,2019,10234.6
Portugal,WE,2020,10197.0
Spain,WE,1820,12203.0
Spain,WE,1821,12286.8
Spain,WE,1822,12370.6
Spain,WE,1823,12454.4
Spain,WE,1824,12538.2
Spain,WE,1825,12622.0
Spain,WE,1826,12705.8
Spain,WE,1827,12789.6
Spain,WE,1828,12873.4
Spain,WE,1829,12957.2
Spain,WE,1830,13041.0
Spain,WE,1831,13130.6
Spain,WE,1832,13220.2
Spain,WE,1833,13309.8
Spain,WE,1834,13399.4
Spain,WE,1835,13489.0
Spain,WE,1836,13578.6
Spain,WE,1837,13668.2
Spain,WE,1838,13757.8
Spain,WE,1839,13847.4
Spain,WE,1840,13937.0
Spain,WE,1841,14032.7
Spain,WE,1842,14128.4
Spain,WE,1843,14224.1
Spain,WE,1844,14319.8
Spain,WE,1845,14415.5
Spain,WE,1846,14511.2
Spain,WE,1847,14606.9
Spain,WE,1848,14702.6
Spain,WE,1849,14798.3
Spain,WE,1850,14894.0
Spain,WE,1851,14969.1
Spain,WE,1852,15044.2
Spain,WE,1853,15119.3
Spain,WE,1854,15194.4
Spain,WE,1855,15269.5
Spain,WE,1856,15344.6
Spain,WE,1857,15419.7
Spain,WE,1858,15494.8
Spain,WE,1859,15569.9
Spain,WE,1860,15645.0
Spain,WE,1861,15686.5
Spain,WE,1862,15728.0
Spain,WE,1863,15769.5
Spain,WE,1864,15811.0
Spain,WE,1865,15852.5
Spain,WE,1866,15894.0
Spain,WE,1867,15935.5
Spain,WE,1868,15977.0
Spain,WE,1869,16018.5
Spain,WE,1870,16060.0
Spain,WE,1871,16125.3
Spain,WE,1872,16190.6
Spain,WE,1873,16255.9
Spain,WE,1874,16321.2
Spain,WE,1875,16386.5
Spain,WE,1876,16451.8
Spain,WE,1877,16517.1
Spain,WE,1878,16582.4
Spain,WE,1879,16647.7
Spain,WE,1880,16713.0
Spain,WE,1881,16821.3
Spain,WE,1882,16929.6
Spain,WE,1883,17037.9
Spain,WE,1884,17146.2
Spain,WE,1885,17254.5
Spain,WE,1886,17362.8
Spain,WE,1887,17471.1
Spain,WE,1888,17579.4
Spain,WE,1889,17687.7
Spain,WE,1890,17796.0
Spain,WE,1891,17875.8
Spain,WE,1892,17955.6
Spain,WE,1893,18035.4
Spain,WE,1894,18115.2
Spain,WE,1895,18195.0
Spain,WE,1896,18274.8
Spain,WE,1897,18354.6
Spain,WE,1898,18434.4
Spain,WE,1899,18514.2
Spain,WE,1900,18594.0
Spain,WE,1901,18727.3
Spain,WE,1902,18860.6
Spain,WE,1903,18993.9
Spain,WE,1904,19127.2
Spain,WE,1905,19260.5
Spain,WE,1906,19393.8
Spain,WE,1907,19527.1
Spain,WE,1908,19660.4
Spain,WE,1909,19793.7
Spain,WE,1910,19927.0
Spain,WE,1911,20064.6
Spain,WE,1912,20202.2
Spain,WE,1913,20339.8
Spain,WE,1914,20477.4
Spain,WE,1915,20615.0
Spain,WE,1916,20752.6
Spain,WE,1917,20890.2
Spain,WE,1918,21027.8
Spain,WE,1919,21165.4
Spain,WE,1920,21303.0
Spain,WE,1921,21529.1
Spain,WE,1922,21755.2
Spain,WE,1923,21981.3
Spain,WE,1924,22207.4
Spain,WE,1925,22433.5
Spain,WE,1926,22659.6
Spain,WE,1927,22885.7
Spain,WE,1928,23111.8
Spain,WE,1929,23337.9
Spain,WE,1930,23564.0
Spain,WE,1931,23796.4
Spain,WE,1932,24028.8
Spain,WE,1933,24261.2
Spain,WE,1934,24493.6
Spain,WE,1935,24726.0
Spain,WE,1936,24958.4
Spain,WE,1937,25190.8
Spain,WE,1938,25423.2
Spain,WE,1939,25655.6
Spain,WE,1940,25888.0
Spain,WE,1941,26096.8
Spain,WE,1942,26305.6
Spain,WE,1943,26514.4
Spain,WE,1944,26723.2
Spain,WE,1945,26932.0
Spain,WE,1946,27140.8
Spain,WE,1947,27349.6
Spain,WE,1948,27558.4
Spain,WE,1949,27767.2
Spain,WE,1950,27976.0
Spain,WE,1951,28221.5
Spain,WE,1952,28467.0
Spain,WE,1953,28712.5
Spain,WE,1954,28958.0
Spain,WE,1955,29203.5
Spain,WE,1956,29449.0
Spain,WE,1957,29694.5
Spain,WE,1958,29940.0
Spain,WE,1959,30185.5
Spain,WE,1960,30431.0
Spain,WE,1961,30770.3
Spain,WE,1962,31109.6
Spain,WE,1963,31448.9
Spain,WE,1964,31788.2
Spain,WE,1965,32127.5
Spain,WE,1966,32466.8
Spain,WE,1967,32806.1
Spain,WE,1968,33145.4
Spain,WE,1969,33484.7
Spain,WE,1970,33824.0
Spain,WE,1971,34168.8
Spain,WE,1972,34513.6
Spain,WE,1973,34858.4
Spain,WE,1974,35203.2
Spain,WE,1975,35548.0
Spain,WE,1976,35892.8
Spain,WE,1977,36237.6
Spain,WE,1978,36582.4
Spain,WE,1979,36927.2
Spain,WE,1980,37272.0
Spain,WE,1981,37455.0
Spain,WE,1982,37638.0
Spain,WE,1983,37821.0
Spain,WE,1984,38004.0
Spain,WE,1985,38187.0
Spain,WE,1986,38370.0
Spain,WE,1987,38553.0
Spain,WE,1988,38736.0
Spain,WE,1989,38919.0
Spain,WE,1990,39102.0
Spain,WE,1991,39220.6
Spain,WE,1992,39339.2
Spain,WE,1993,39457.8
Spain,WE,1994,39576.4
Spain,WE,1995,39695.0
Spain,WE,1996,39813.6
Spain,WE,1997,39932.2
Spain,WE,1998,40050.8
Spain,WE,1999,40169.4
Spain,WE,2000,40288.0
Spain,WE,2001,40866.9
Spain,WE,2002,41445.8
Spain,WE,2003,42024.7
Spain,WE,2004,42603.6
Spain,WE,2005,43182.5
Spain,WE,2006,43761.4
Spain,WE,2007,44340.3
Spain,WE,2008,44919.2
Spain,WE,2009,45498.1
Spain,WE,2010,46077.0
Spain,WE,2011,46144.8
Spain,WE,2012,46212.6
Spain,WE,2013,46280.4
Spain,WE,2014,46348.2
Spain,WE,2015,46416.0
Spain,WE,2016,46483.8
Spain,WE,2017,46551.6
Spain,WE,2018,46619.4
Spain,WE,2019,46687.2
Spain,WE,2020,46755.0
Sweden,WE,1820,2585.0
Sweden,WE,1821,2615.3
Sweden,WE,1822,2645.6
Sweden,WE,1823,2675.9
Sweden,WE,1824,2706.2
Sweden,WE,1825,2736.5
Sweden,WE,1826,2766.8
Sweden,WE,1827,2797.1
Sweden,WE,1828,2827.4
Sweden,WE,1829,2857.7
Sweden,WE,1830,2888.0
Sweden,WE,1831,2913.1
Sweden,WE,1832,2938.2
Sweden,WE,1833,2963.3
Sweden,WE,1834,2988.4
Sweden,WE,1835,3013.5
Sweden,WE,1836,3038.6
Sweden,WE,1837,3063.7
Sweden,WE,1838,3088.8
Sweden,WE,1839,3113.9
Sweden,WE,1840,3139.0
Sweden,WE,1841,3173.4
Sweden,WE,1842,3207.8
Sweden,WE,1843,3242.2
Sweden,WE,1844,3276.6
Sweden,WE,1845,3311.0
Sweden,WE,1846,3345.4
Sweden,WE,1847,3379.8
Sweden,WE,1848,3414.2
Sweden,WE,1849,3448.6
Sweden,WE,1850,3483.0
Sweden,WE,1851,3520.7
Sweden,WE,1852,3558.4
Sweden,WE,1853,3596.1
Sweden,WE,1854,3633.8
Sweden,WE,1855,3671.5
Sweden,WE,1856,3709.2
Sweden,WE,1857,3746.9
Sweden,WE,1858,3784.6
Sweden,WE,1859,3822.3
Sweden,WE,1860,3860.0
Sweden,WE,1861,3890.9
Sweden,WE,1862,3921.8
Sweden,WE,1863,3952.7
Sweden,WE,1864,3983.6
Sweden,WE,1865,4014.5
Sweden,WE,1866,4045.4
Sweden,WE,1867,4076.3
Sweden,WE,1868,4107.2
Sweden,WE,1869,4138.1
Sweden,WE,1870,4169.0
Sweden,WE,1871,4208.7
Sweden,WE,1872,4248.4
Sweden,WE,1873,4288.1
Sweden,WE,1874,4327.8
Sweden,WE,1875,4367.5
Sweden,WE,1876,4407.2
Sweden,WE,1877,4446.9
Sweden,WE,1878,4486.6
Sweden,WE,1879,4526.3
Sweden,WE,1880,4566.0
Sweden,WE,1881,4587.9
Sweden,WE,1882,4609.8
Sweden,WE,1883,4631.7
Sweden,WE,1884,4653.6
Sweden,WE,1885,4675.5
Sweden,WE,1886,4697.4
Sweden,WE,1887,4719.3
Sweden,WE,1888,4741.2
Sweden,WE,1889,4763.1
Sweden,WE,1890,4785.0
Sweden,WE,1891,4820.1
Sweden,WE,1892,4855.2
Sweden,WE,1893,4890.3
Sweden,WE,1894,4925.4
Sweden,WE,1895,4960.5
Sweden,WE,1896,4995.6
Sweden,WE,1897,5030.7
Sweden,WE,1898,5065.8
Sweden,WE,1899,5100.9
Sweden,WE,1900,5136.0
Sweden,WE,1901,5174.6
Sweden,WE,1902,5213.2
Sweden,WE,1903,5251.8
Sweden,WE,1904,5290.4
Sweden,WE,1905,5329.0
Sweden,WE,1906,5367.6
Sweden,WE,1907,5406.2
Sweden,WE,1908,5444.8
Sweden,WE,1909,5483.4
Sweden,WE,1910,5522.0
Sweden,WE,1911,5560.2
Sweden,WE,1912,5598.4
Sweden,WE,1913,5636.6
Sweden,WE,1914,5674.8
Sweden,WE,1915,5713.0
Sweden,WE,1916,5751.2
Sweden,WE,1917,5789.4
Sweden,WE,1918,5827.6
Sweden,WE,1919,5865.8
Sweden,WE,1920,5904.0
Sweden,WE,1921,5927.8
Sweden,WE,1922,5951.6
Sweden,WE,1923,5975.4
Sweden,WE,1924,5999.2
Sweden,WE,1925,6023.0
Sweden,WE,1926,6046.8
Sweden,WE,1927,6070.6
Sweden,WE,1928,6094.4
Sweden,WE,1929,6118.2
Sweden,WE,1930,6142.0
Sweden,WE,1931,6164.9
Sweden,WE,1932,6187.8
Sweden,WE,1933,6210.7
Sweden,WE,1934,6233.6
Sweden,WE,1935,6256.5
Sweden,WE,1936,6279.4
Sweden,WE,1937,6302.3
Sweden,WE,1938,6325.2
Sweden,WE,1939,6348.1
Sweden,WE,1940,6371.0
Sweden,WE,1941,6438.1
Sweden,WE,1942,6505.2
Sweden,WE,1943,6572.3
Sweden,WE,1944,6639.4
Sweden,WE,1945,6706.5
Sweden,WE,1946,6773.6
Sweden,WE,1947,6840.7
Sweden,WE,1948,6907.8
Sweden,WE,1949,6974.9
Sweden,WE,1950,7042.0
Sweden,WE,1951,7087.6
Sweden,WE,1952,7133.2
Sweden,WE,1953,7178.8
Sweden,WE,1954,7224.4
Sweden,WE,1955,7270.0
Sweden,WE,1956,7315.6
Sweden,WE,1957,7361.2
Sweden,WE,1958,7406.8
Sweden,WE,1959,7452.4
Sweden,WE,1960,7498.0
Sweden,WE,1961,7556.3
Sweden,WE,1962,7614.6
Sweden,WE,1963,7672.9
Sweden,WE,1964,7731.2
Sweden,WE,1965,7789.5
Sweden,WE,1966,7847.8
Sweden,WE,1967,7906.1
Sweden,WE,1968,7964.4
Sweden,WE,1969,8022.7
Sweden,WE,1970,8081.0
Sweden,WE,1971,8104.7
Sweden,WE,1972,8128.4
Sweden,WE,1973,8152.1
Sweden,WE,1974,8175.8
Sweden,WE,1975,8199.5
Sweden,WE,1976,8223.2
Sweden,WE,1977,8246.9
Sweden,WE,1978,8270.6
Sweden,WE,1979,8294.3
Sweden,WE,1980,8318.0
Sweden,WE,1981,8345.3
Sweden,WE,1982,8372.6
Sweden,WE,1983,8399.9
Sweden,WE,1984,8427.2
Sweden,WE,1985,8454.5
Sweden,WE,1986,8481.8
Sweden,WE,1987,8509.1
Sweden,WE,1988,8536.4
Sweden,WE,1989,8563.7
Sweden,WE,1990,8591.0
Sweden,WE,1991,8620.2
Sweden,WE,1992,8649.4
Sweden,WE,1993,8678.6
Sweden,WE,1994,8707.8
Sweden,WE,1995,8737.0
Sweden,WE,1996,8766.2
Sweden,WE,1997,8795.4
Sweden,WE,1998,8824.6
Sweden,WE,1999,8853.8
Sweden,WE,2000,8883.0
Sweden,WE,2001,8932.5
Sweden,WE,2002,8982.0
Sweden,WE,2003,9031.5
Sweden,WE,2004,9081.0
Sweden,WE,2005,9130.5
Sweden,WE,2006,9180.0
Sweden,WE,2007,9229.5
Sweden,WE,2008,9279.0
Sweden,WE,2009,9328.5
Sweden,WE,2010,9378.0
Sweden,WE,2011,9450.1
Sweden,WE,2012,9522.2
Sweden,WE,2013,9594.3
Sweden,WE,2014,9666.4
Sweden,WE,2015,9738.5
Sweden,WE,2016,9810.6
Sweden,WE,2017,9882.7
Sweden,WE,2018,9954.8
Sweden,WE,2019,10026.9
Sweden,WE,2020,10099.0
Switzerland,WE,1820,1986.0
Switzerland,WE,1821,1997.4
Switzerland,WE,1822,2008.8
Switzerland,WE,1823,2020.2
Switzerland,WE,1824,2031.6
Switzerland,WE,1825,2043.0
Switzerland,WE,1826,2054.4
Switzerland,WE,1827,2065.8
Switzerland,WE,1828,2077.2
Switzerland,WE,1829,2088.6
Switzerland,WE,1830,2100.0
Switzerland,WE,1831,2112.0
Switzerland,WE,1832,2124.0
Switzerland,WE,1833,2136.0
Switzerland,WE,1834,2148.0
Switzerland,WE,1835,2160.0
Switzerland,WE,1836,2172.0
Switzerland,WE,1837,2184.0
Switzerland,WE,1838,2196.0
Switzerland,WE,1839,2208.0
Switzerland,WE,1840,2220.0
Switzerland,WE,1841,2235.9
Switzerland,WE,1842,2251.8
Switzerland,WE,1843,2267.7
Switzerland,WE,1844,2283.6
Switzerland,WE,1845,2299.5
Switzerland,WE,1846,2315.4
Switzerland,WE,1847,2331.3
Switzerland,WE,1848,2347.2
Switzerland,WE,1849,2363.1
Switzerland,WE,1850,2379.0
Switzerland,WE,1851,2392.1
Switzerland,WE,1852,2405.2
Switzerland,WE,1853,2418.3
Switzerland,WE,1854,2431.4
Switzerland,WE,1855,2444.5
Switzerland,WE,1856,2457.6
Switzerland,WE,1857,2470.7
Switzerland,WE,1858,2483.8
Switzerland,WE,1859,2496.9
Switzerland,WE,1860,2510.0
Switzerland,WE,1861,2524.5
Switzerland,WE,1862,2539.0
Switzerland,WE,1863,2553.5
Switzerland,WE,1864,2568.0
Switzerland,WE,1865,2582.5
Switzerland,WE,1866,2597.0
Switzerland,WE,1867,2611.5
Switzerland,WE,1868,2626.0
Switzerland,WE,1869,2640.5
Switzerland,WE,1870,2655.0
Switzerland,WE,1871,2673.4
Switzerland,WE,1872,2691.8
Switzerland,WE,1873,2710.2
Switzerland,WE,1874,2728.6
Switzerland,WE,1875,2747.0
Switzerland,WE,1876,2765.4
Switzerland,WE,1877,2783.8
Switzerland,WE,1878,2802.2
Switzerland,WE,1879,2820.6
Switzerland,WE,1880,2839.0
Switzerland,WE,1881,2850.2
Switzerland,WE,1882,2861.4
Switzerland,WE,1883,2872.6
Switzerland,WE,1884,2883.8
Switzerland,WE,1885,2895.0
Switzerland,WE,1886,2906.2
Switzerland,WE,1887,2917.4
Switzerland,WE,1888,2928.6
Switzerland,WE,1889,2939.8
Switzerland,WE,1890,2951.0
Switzerland,WE,1891,2985.9
Switzerland,WE,1892,3020.8
Switzerland,WE,1893,3055.7
Switzerland,WE,1894,3090.6
Switzerland,WE,1895,3125.5
Switzerland,WE,1896,3160.4
Switzerland,WE,1897,3195.3
Switzerland,WE,1898,3230.2
Switzerland,WE,1899,3265.1
Switzerland,WE,1900,3300.0
Switzerland,WE,1901,3343.5
Switzerland,WE,1902,3387.0
Switzerland,WE,1903,3430.5
Switzerland,WE,1904,3474.0
Switzerland,WE,1905,3517.5
Switzerland,WE,1906,3561.0
Switzerland,WE,1907,3604.5
Switzerland,WE,1908,3648.0
Switzerland,WE,1909,3691.5
Switzerland,WE,1910,3735.0
Switzerland,WE,1911,3749.2
Switzerland,WE,1912,3763.4
Switzerland,WE,1913,3777.6
Switzerland,WE,1914,3791.8
Switzerland,WE,1915,3806.0
Switzerland,WE,1916,3820.2
Switzerland,WE,1917,3834.4
Switzerland,WE,1918,3848.6
Switzerland,WE,1919,3862.8
Switzerland,WE,1920,3877.0
Switzerland,WE,1921,3894.4
Switzerland,WE,1922,3911.8
Switzerland,WE,1923,3929.2
Switzerland,WE,1924,3946.6
Switzerland,WE,1925,3964.0
Switzerland,WE,1926,3981.4
Switzerland,WE,1927,3998.8
Switzerland,WE,1928,4016.2
Switzerland,WE,1929,4033.6
Switzerland,WE,1930,4051.0
Switzerland,WE,1931,4068.5
Switzerland,WE,1932,4086.0
Switzerland,WE,1933,4103.5
Switzerland,WE,1934,4121.0
Switzerland,WE,1935,4138.5
Switzerland,WE,1936,4156.0
Switzerland,WE,1937,4173.5
Switzerland,WE,1938,4191.0
Switzerland,WE,1939,4208.5
Switzerland,WE,1940,4226.0
Switzerland,WE,1941,4272.8
Switzerland,WE,1942,4319.6
Switzerland,WE,1943,4366.4
Switzerland,WE,1944,4413.2
Switzerland,WE,1945,4460.0
Switzerland,WE,1946,4506.8
Switzerland,WE,1947,4553.6
Switzerland,WE,1948,4600.4
Switzerland,WE,1949,4647.2
Switzerland,WE,1950,4694.0
Switzerland,WE,1951,4760.8
Switzerland,WE,1952,4827.6
Switzerland,WE,1953,4894.4
Switzerland,WE,1954,4961.2
Switzerland,WE,1955,5028.0
Switzerland,WE,1956,5094.8
Switzerland,WE,1957,5161.6
Switzerland,WE,1958,5228.4
Switzerland,WE,1959,5295.2
Switzerland,WE,1960,5362.0
Switzerland,WE,1961,5452.5
Switzerland,WE,1962,5543.0
Switzerland,WE,1963,5633.5
Switzerland,WE,1964,5724.0
Switzerland,WE,1965,5814.5
Switzerland,WE,1966,5905.0
Switzerland,WE,1967,5995.5
Switzerland,WE,1968,6086.0
Switzerland,WE,1969,6176.5
Switzerland,WE,1970,6267.0
Switzerland,WE,1971,6278.8
Switzerland,WE,1972,6290.6
Switzerland,WE,1973,6302.4
Switzerland,WE,1974,6314.2
Switzerland,WE,1975,6326.0
Switzerland,WE,1976,6337.8
Switzerland,WE,1977,6349.6
Switzerland,WE,1978,6361.4
Switzerland,WE,1979,6373.2
Switzerland,WE,1980,6385.0
Switzerland,WE,1981,6430.2
Switzerland,WE,1982,6475.4
Switzerland,WE,1983,6520.6
Switzerland,WE,1984,6565.8
Switzerland,WE,1985,6611.0
Switzerland,WE,1986,6656.2
Switzerland,WE,1987,6701.4
Switzerland,WE,1988,6746.6
Switzerland,WE,1989,6791.8
Switzerland,WE,1990,6837.0
Switzerland,WE,1991,6880.0
Switzerland,WE,1992,6923.0
Switzerland,WE,1993,6966.0
Switzerland,WE,1994,7009.0
Switzerland,WE,1995,7052.0
Switzerland,WE,1996,7095.0
Switzerland,WE,1997,7138.0
Switzerland,WE,1998,7181.0
Switzerland,WE,1999,7224.0
Switzerland,WE,2000,7267.0
Switzerland,WE,2001,7323.5
Switzerland,WE,2002,7380.0
Switzerland,WE,2003,7436.5
Switzerland,WE,2004,7493.0
Switzerland,WE,2005,7549.5
Switzerland,WE,2006,7606.0
Switzerland,WE,2007,7662.5
Switzerland,WE,2008,7719.0
Switzerland,WE,2009,7775.5
Switzerland,WE,2010,7832.0
Switzerland,WE,2011,7914.3
Switzerland,WE,2012,7996.6
Switzerland,WE,2013,8078.9
Switzerland,WE,2014,8161.2
Switzerland,WE,2015,8243.5
Switzerland,WE,2016,8325.8
Switzerland,WE,2017,8408.1
Switzerland,WE,2018,8490.4
Switzerland,WE,2019,8572.7
Switzerland,WE,2020,8655.0
UK,WE,1820,21239.0
UK,WE,1821,21529.0
UK,WE,1822,21819.0
UK,WE,1823,22109.0
UK,WE,1824,22399.0
UK,WE,1825,22689.0
UK,WE,1826,22979.0
UK,WE,1827,23269.0
UK,WE,1828,23559.0
UK,WE,1829,23849.0
UK,WE,1830,24139.0
UK,WE,1831,24399.6
UK,WE,1832,24660.2
UK,WE,1833,24920.8
UK,WE,1834,25181.4
UK,WE,1835,25442.0
UK,WE,1836,25702.6
UK,WE,1837,25963.2
UK,WE,1838,26223.8
UK,WE,1839,26484.4
UK,WE,1840,26745.0
UK,WE,1841,26788.6
UK,WE,1842,26832.2
UK,WE,1843,26875.8
UK,WE,1844,26919.4
UK,WE,1845,26963.0
UK,WE,1846,27006.6
UK,WE,1847,27050.2
UK,WE,1848,27093.8
UK,WE,1849,27137.4
UK,WE,1850,27181.0
UK,WE,1851,27351.7
UK,WE,1852,27522.4
UK,WE,1853,27693.1
UK,WE,1854,27863.8
UK,WE,1855,28034.5
UK,WE,1856,28205.2
UK,WE,1857,28375.9
UK,WE,1858,28546.6
UK,WE,1859,28717.3
UK,WE,1860,28888.0
UK,WE,1861,29139.2
UK,WE,1862,29390.4
UK,WE,1863,29641.6
UK,WE,1864,29892.8
UK,WE,1865,30144.0
UK,WE,1866,30395.2
UK,WE,1867,30646.4
UK,WE,1868,30897.6
UK,WE,1869,31148.8
UK,WE,1870,31400.0
UK,WE,1871,31722.3
UK,WE,1872,32044.6
UK,WE,1873,32366.9
UK,WE,1874,32689.2
UK,WE,1875,33011.5
UK,WE,1876,33333.8
UK,WE,1877,33656.1
UK,WE,1878,33978.4
UK,WE,1879,34300.7
UK,WE,1880,34623.0
UK,WE,1881,34909.2
UK,WE,1882,35195.4
UK,WE,1883,35481.6
UK,WE,1884,35767.8
UK,WE,1885,36054.0
UK,WE,1886,36340.2
UK,WE,1887,36626.4
UK,WE,1888,36912.6
UK,WE,1889,37198.8
UK,WE,1890,37485.0
UK,WE,1891,37852.0
UK,WE,1892,38219.0
UK,WE,1893,38586.0
UK,WE,1894,38953.0
UK,WE,1895,39320.0
UK,WE,1896,39687.0
UK,WE,1897,40054.0
UK,WE,1898,40421.0
UK,WE,1899,40788.0
UK,WE,1900,41155.0
UK,WE,1901,41531.1
UK,WE,1902,41907.2
UK,WE,1903,42283.3
UK,WE,1904,42659.4
UK,WE,1905,43035.5
UK,WE,1906,43411.6
UK,WE,1907,43787.7
UK,WE,1908,44163.8
UK,WE,1909,44539.9
UK,WE,1910,44916.0
UK,WE,1911,45106.5
UK,WE,1912,45297.0
UK,WE,1913,45487.5
UK,WE,1914,45678.0
UK,WE,1915,45868.5
UK,WE,1916,46059.0
UK,WE,1917,46249.5
UK,WE,1918,46440.0
UK,WE,1919,46630.5
UK,WE,1920,46821.0
UK,WE,1921,46725.5
UK,WE,1922,46630.0
UK,WE,1923,46534.5
UK,WE,1924,46439.0
UK,WE,1925,46343.5
UK,WE,1926,46248.0
UK,WE,1927,46152.5
UK,WE,1928,46057.0
UK,WE,1929,45961.5
UK,WE,1930,45866.0
UK,WE,1931,46102.0
UK,WE,1932,46338.0
UK,WE,1933,46574.0
UK,WE,1934,46810.0
UK,WE,1935,47046.0
UK,WE,1936,47282.0
UK,WE,1937,47518.0
UK,WE,1938,47754.0
UK,WE,1939,47990.0
UK,WE,1940,48226.0
UK,WE,1941,48416.1
UK,WE,1942,48606.2
UK,WE,1943,48796.3
UK,WE,1944,48986.4
UK,WE,1945,49176.5
UK,WE,1946,49366.6
UK,WE,1947,49556.7
UK,WE,1948,49746.8
UK,WE,1949,49936.9
UK,WE,1950,50127.0
UK,WE,1951,50351.5
UK,WE,1952,50576.0
UK,WE,1953,50800.5
UK,WE,1954,51025.0
UK,WE,1955,51249.5
UK,WE,1956,51474.0
UK,WE,1957,51698.5
UK,WE,1958,51923.0
UK,WE,1959,52147.5
UK,WE,1960,52372.0
UK,WE,1961,52698.0
UK,WE,1962,53024.0
UK,WE,1963,53350.0
UK,WE,1964,53676.0
UK,WE,1965,54002.0
UK,WE,1966,54328.0
UK,WE,1967,54654.0
UK,WE,1968,54980.0
UK,WE,1969,55306.0
UK,WE,1970,55632.0
UK,WE,1971,55700.2
UK,WE,1972,55768.4
UK,WE,1973,55836.6
UK,WE,1974,55904.8
UK,WE,1975,55973.0
UK,WE,1976,56041.2
UK,WE,1977,56109.4
UK,WE,1978,56177.6
UK,WE,1979,56245.8
UK,WE,1980,56314.0
UK,WE,1981,56431.9
UK,WE,1982,56549.8
UK,WE,1983,56667.7
UK,WE,1984,56785.6
UK,WE,1985,56903.5
UK,WE,1986,57021.4
UK,WE,1987,57139.3
UK,WE,1988,57257.2
UK,WE,1989,57375.1
UK,WE,1990,57493.0
UK,WE,1991,57695.9
UK,WE,1992,57898.8
UK,WE,1993,58101.7
UK,WE,1994,58304.6
UK,WE,1995,58507.5
UK,WE,1996,58710.4
UK,WE,1997,58913.3
UK,WE,1998,59116.2
UK,WE,1999,59319.1
UK,WE,2000,59522.0
UK,WE,2001,59900.5
UK,WE,2002,60279.0
UK,WE,2003,60657.5
UK,WE,2004,61036.0
UK,WE,2005,61414.5
UK,WE,2006,61793.0
UK,WE,2007,62171.5
UK,WE,2008,62550.0
UK,WE,2009,62928.5
UK,WE,2010,63307.0
UK,WE,2011,63764.9
UK,WE,2012,64222.8
UK,WE,2013,64680.7
UK,WE,2014,65138.6
UK,WE,2015,65596.5
UK,WE,2016,66054.4
UK,WE,2017,66512.3
UK,WE,2018,66970.2
UK,WE,2019,67428.1
UK,WE,2020,67886.0
Bulgaria,EE,1820,2187.0
Bulgaria,EE,1821,2197.0
Bulgaria,EE,1822,2207.0
Bulgaria,EE,1823,2217.0
Bulgaria,EE,1824,2227.0
Bulgaria,EE,1825,2237.0
Bulgaria,EE,1826,2247.0
Bulgaria,EE,1827,2257.0
Bulgaria,EE,1828,2267.0
Bulgaria,EE,1829,2277.0
Bulgaria,EE,1830,2287.0
Bulgaria,EE,1831,2297.4
Bulgaria,EE,1832,2307.8
Bulgaria,EE,1833,2318.2
Bulgaria,EE,1834,2328.6
Bulgaria,EE,1835,2339.0
Bulgaria,EE,1836,2349.4
Bulgaria,EE,1837,2359.8
Bulgaria,EE,1838,2370.2
Bulgaria,EE,1839,2380.6
Bulgaria,EE,1840,2391.0
Bulgaria,EE,1841,2401.9
Bulgaria,EE,1842,2412.8
Bulgaria,EE,1843,2423.7
Bulgaria,EE,1844,2434.6
Bulgaria,EE,1845,2445.5
Bulgaria,EE,1846,2456.4
Bulgaria,EE,1847,2467.3
Bulgaria,EE,1848,2478.2
Bulgaria,EE,1849,2489.1
Bulgaria,EE,1850,2500.0
Bulgaria,EE,1851,2504.3
Bulgaria,EE,1852,2508.6
Bulgaria,EE,1853,2512.9
Bulgaria,EE,1854,2517.2
Bulgaria,EE,1855,2521.5
Bulgaria,EE,1856,2525.8
Bulgaria,EE,1857,2530.1
Bulgaria,EE,1858,2534.4
Bulgaria,EE,1859,2538.7
Bulgaria,EE,1860,2543.0
Bulgaria,EE,1861,2547.3
Bulgaria,EE,1862,2551.6
Bulgaria,EE,1863,2555.9
Bulgaria,EE,1864,2560.2
Bulgaria,EE,1865,2564.5
Bulgaria,EE,1866,2568.8
Bulgaria,EE,1867,2573.1
Bulgaria,EE,1868,2577.4
Bulgaria,EE,1869,2581.7
Bulgaria,EE,1870,2586.0
Bulgaria,EE,1871,2625.9
Bulgaria,EE,1872,2665.8
Bulgaria,EE,1873,2705.7
Bulgaria,EE,1874,2745.6
Bulgaria,EE,1875,2785.5
Bulgaria,EE,1876,2825.4
Bulgaria,EE,1877,2865.3
Bulgaria,EE,1878,2905.2
Bulgaria,EE,1879,2945.1
Bulgaria,EE,1880,2985.0
Bulgaria,EE,1881,3031.0
Bulgaria,EE,1882,3077.0
Bulgaria,EE,1883,3123.0
Bulgaria,EE,1884,3169.0
Bulgaria,EE,1885,3215.0
Bulgaria,EE,1886,3261.0
Bulgaria,EE,1887,3307.0
Bulgaria,EE,1888,3353.0
Bulgaria,EE,1889,3399.0
Bulgaria,EE,1890,3445.0
Bulgaria,EE,1891,3500.5
Bulgaria,EE,1892,3556.0
Bulgaria,EE,1893,3611.5
Bulgaria,EE,1894,3667.0
Bulgaria,EE,1895,3722.5
Bulgaria,EE,1896,3778.0
Bulgaria,EE,1897,3833.5
Bulgaria,EE,1898,3889.0
Bulgaria,EE,1899,3944.5
Bulgaria,EE,1900,4000.0
Bulgaria,EE,1901,4052.0
Bulgaria,EE,1902,4104.0
Bulgaria,EE,1903,4156.0
Bulgaria,EE,1904,4208.0
Bulgaria,EE,1905,4260.0
Bulgaria,EE,1906,4312.0
Bulgaria,EE,1907,4364.0
Bulgaria,EE,1908,4416.0
Bulgaria,EE,1909,4468.0
Bulgaria,EE,1910,4520.0
Bulgaria,EE,1911,4575.2
Bulgaria,EE,1912,4630.4
Bulgaria,EE,1913,4685.6
Bulgaria,EE,1914,4740.8
Bulgaria,EE,1915,4796.0
Bulgaria,EE,1916,4851.2
Bulgaria,EE,1917,4906.4
Bulgaria,EE,1918,4961.6
Bulgaria,EE,1919,5016.8
Bulgaria,EE,1920,5072.0
Bulgaria,EE,1921,5167.5
Bulgaria,EE,1922,5263.0
Bulgaria,EE,1923,5358.5
Bulgaria,EE,1924,5454.0
Bulgaria,EE,1925,5549.5
Bulgaria,EE,1926,5645.0
Bulgaria,EE,1927,5740.5
Bulgaria,EE,1928,5836.0
Bulgaria,EE,1929,5931.5
Bulgaria,EE,1930,6027.0
Bulgaria,EE,1931,6090.9
Bulgaria,EE,1932,6154.8
Bulgaria,EE,1933,6218.7
Bulgaria,EE,1934,6282.6
Bulgaria,EE,1935,6346.5
Bulgaria,EE,1936,6410.4
Bulgaria,EE,1937,6474.3
Bulgaria,EE,1938,6538.2
Bulgaria,EE,1939,6602.1
Bulgaria,EE,1940,6666.0
Bulgaria,EE,1941,6724.5
Bulgaria,EE,1942,6783.0
Bulgaria,EE,1943,6841.5
Bulgaria,EE,1944,6900.0
Bulgaria,EE,1945,6958.5
Bulgaria,EE,1946,7017.0
Bulgaria,EE,1947,7075.5
Bulgaria,EE,1948,7134.0
Bulgaria,EE,1949,7192.5
Bulgaria,EE,1950,7251.0
Bulgaria,EE,1951,7312.6
Bulgaria,EE,1952,7374.2
Bulgaria,EE,1953,7435.8
Bulgaria,EE,1954,7497.4
Bulgaria,EE,1955,7559.0
Bulgaria,EE,1956,7620.6
Bulgaria,EE,1957,7682.2
Bulgaria,EE,1958,7743.8
Bulgaria,EE,1959,7805.4
Bulgaria,EE,1960,7867.0
Bulgaria,EE,1961,7929.3
Bulgaria,EE,1962,7991.6
Bulgaria,EE,1963,8053.9
Bulgaria,EE,1964,8116.2
Bulgaria,EE,1965,8178.5
Bulgaria,EE,1966,8240.8
Bulgaria,EE,1967,8303.1
Bulgaria,EE,1968,8365.4
Bulgaria,EE,1969,8427.7
Bulgaria,EE,1970,8490.0
Bulgaria,EE,1971,8528.9
Bulgaria,EE,1972,8567.8
Bulgaria,EE,1973,8606.7
Bulgaria,EE,1974,8645.6
Bulgaria,EE,1975,8684.5
Bulgaria,EE,1976,8723.4
Bulgaria,EE,1977,8762.3
Bulgaria,EE,1978,8801.2
Bulgaria,EE,1979,8840.1
Bulgaria,EE,1980,8879.0
Bulgaria,EE,1981,8875.2
Bulgaria,EE,1982,8871.4
Bulgaria,EE,1983,8867.6
Bulgaria,EE,1984,8863.8
Bulgaria,EE,1985,8860.0
Bulgaria,EE,1986,8856.2
Bulgaria,EE,1987,8852.4
Bulgaria,EE,1988,8848.6
Bulgaria,EE,1989,8844.8
Bulgaria,EE,1990,8841.0
Bulgaria,EE,1991,8756.7
Bulgaria,EE,1992,8672.4
Bulgaria,EE,1993,8588.1
Bulgaria,EE,1994,8503.8
Bulgaria,EE,1995,8419.5
Bulgaria,EE,1996,8335.2
Bulgaria,EE,1997,8250.9
Bulgaria,EE,1998,8166.6
Bulgaria,EE,1999,8082.3
Bulgaria,EE,2000,7998.0
Bulgaria,EE,2001,7938.7
Bulgaria,EE,2002,7879.4
Bulgaria,EE,2003,7820.1
Bulgaria,EE,2004,7760.8
Bulgaria,EE,2005,7701.5
Bulgaria,EE,2006,7642.2
Bulgaria,EE,2007,7582.9
Bulgaria,EE,2008,7523.6
Bulgaria,EE,2009,7464.3
Bulgaria,EE,2010,7405.0
Bulgaria,EE,2011,7359.3
Bulgaria,EE,2012,7313.6
Bulgaria,EE,2013,7267.9
Bulgaria,EE,2014,7222.2
Bulgaria,EE,2015,7176.5
Bulgaria,EE,2016,7130.8
Bulgaria,EE,2017,7085.1
Bulgaria,EE,2018,7039.4
Bulgaria,EE,2019,6993.7
Bulgaria,EE,2020,6948.0
Czechoslovakia,EE,1820,7657.0
Czechoslovakia,EE,1821,7706.8
Czechoslovakia,EE,1822,7756.6
Czechoslovakia,EE,1823,7806.4
Czechoslovakia,EE,1824,7856.2
Czechoslovakia,EE,1825,7906.0
Czechoslovakia,EE,1826,7955.8
Czechoslovakia,EE,1827,8005.6
Czechoslovakia,EE,1828,8055.4
Czechoslovakia,EE,1829,8105.2
Czechoslovakia,EE,1830,8155.0
Czechoslovakia,EE,1831,8208.0
Czechoslovakia,EE,1832,8261.0
Czechoslovakia,EE,1833,8314.0
Czechoslovakia,EE,1834,8367.0
Czechoslovakia,EE,1835,8420.0
Czechoslovakia,EE,1836,8473.0
Czechoslovakia,EE,1837,8526.0
Czechoslovakia,EE,1838,8579.0
Czechoslovakia,EE,1839,8632.0
Czechoslovakia,EE,1840,8685.0
Czechoslovakia,EE,1841,8741.5
Czechoslovakia,EE,1842,8798.0
Czechoslovakia,EE,1843,8854.5
Czechoslovakia,EE,1844,8911.0
Czechoslovakia,EE,1845,8967.5
Czechoslovakia,EE,1846,9024.0
Czechoslovakia,EE,1847,9080.5
Czechoslovakia,EE,1848,9137.0
Czechoslovakia,EE,1849,9193.5
Czechoslovakia,EE,1850,9250.0
Czechoslovakia,EE,1851,9294.2
Czechoslovakia,EE,1852,9338.4
Czechoslovakia,EE,1853,9382.6
Czechoslovakia,EE,1854,9426.8
Czechoslovakia,EE,1855,9471.0
Czechoslovakia,EE,1856,9515.2
Czechoslovakia,EE,1857,9559.4
Czechoslovakia,EE,1858,9603.6
Czechoslovakia,EE,1859,9647.8
Czechoslovakia,EE,1860,9692.0
Czechoslovakia,EE,1861,9738.3
Czechoslovakia,EE,1862,9784.6
Czechoslovakia,EE,1863,9830.9
Czechoslovakia,EE,1864,9877.2
Czechoslovakia,EE,1865,9923.5
Czechoslovakia,EE,1866,9969.8
Czechoslovakia,EE,1867,10016.1
Czechoslovakia,EE,1868,10062.4
Czechoslovakia,EE,1869,10108.7
Czechoslovakia,EE,1870,10155.0
Czechoslovakia,EE,1871,10208.5
Czechoslovakia,EE,1872,10262.0
Czechoslovakia,EE,1873,10315.5
Czechoslovakia,EE,1874,10369.0
Czechoslovakia,EE,1875,10422.5
Czechoslovakia,EE,1876,10476.0
Czechoslovakia,EE,1877,10529.5
Czechoslovakia,EE,1878,10583.0
Czechoslovakia,EE,1879,10636.5
Czechoslovakia,EE,1880,10690.0
Czechoslovakia,EE,1881,10746.3
Czechoslovakia,EE,1882,10802.6
Czechoslovakia,EE,1883,10858.9
Czechoslovakia,EE,1884,10915.2
Czechoslovakia,EE,1885,10971.5
Czechoslovakia,EE,1886,11027.8
Czechoslovakia,EE,1887,11084.1
Czechoslovakia,EE,1888,11140.4
Czechoslovakia,EE,1889,11196.7
Czechoslovakia,EE,1890,11253.0
Czechoslovakia,EE,1891,11341.9
Czechoslovakia,EE,1892,11430.8
Czechoslovakia,EE,1893,11519.7
Czechoslovakia,EE,1894,11608.6
Czechoslovakia,EE,1895,11697.5
Czechoslovakia,EE,1896,11786.4
Czechoslovakia,EE,1897,11875.3
Czechoslovakia,EE,1898,11964.2
Czechoslovakia,EE,1899,12053.1
Czechoslovakia,EE,1900,12142.0
Czechoslovakia,EE,1901,12226.2
Czechoslovakia,EE,1902,12310.4
Czechoslovakia,EE,1903,12394.6
Czechoslovakia,EE,1904,12478.8
Czechoslovakia,EE,1905,12563.0
Czechoslovakia,EE,1906,12647.2
Czechoslovakia,EE,1907,12731.4
Czechoslovakia,EE,1908,12815.6
Czechoslovakia,EE,1909,12899.8
Czechoslovakia,EE,1910,12984.0
Czechoslovakia,EE,1911,12983.5
Czechoslovakia,EE,1912,12983.0
Czechoslovakia,EE,1913,12982.5
Czechoslovakia,EE,1914,12982.0
Czechoslovakia,EE,1915,12981.5
Czechoslovakia,EE,1916,12981.0
Czechoslovakia,EE,1917,12980.5
Czechoslovakia,EE,1918,12980.0
Czechoslovakia,EE,1919,12979.5
Czechoslovakia,EE,1920,12979.0
Czechoslovakia,EE,1921,13077.5
Czechoslovakia,EE,1922,13176.0
Czechoslovakia,EE,1923,13274.5
Czechoslovakia,EE,1924,13373.0
Czechoslovakia,EE,1925,13471.5
Czechoslovakia,EE,1926,13570.0
Czechoslovakia,EE,1927,13668.5
Czechoslovakia,EE,1928,13767.0
Czechoslovakia,EE,1929,13865.5
Czechoslovakia,EE,1930,13964.0
Czechoslovakia,EE,1931,14038.9
Czechoslovakia,EE,1932,14113.8
Czechoslovakia,EE,1933,14188.7
Czechoslovakia,EE,1934,14263.6
Czechoslovakia,EE,1935,14338.5
Czechoslovakia,EE,1936,14413.4
Czechoslovakia,EE,1937,14488.3
Czechoslovakia,EE,1938,14563.2
Czechoslovakia,EE,1939,14638.1
Czechoslovakia,EE,1940,14713.0
Czechoslovakia,EE,1941,14480.6
Czechoslovakia,EE,1942,14248.2
Czechoslovakia,EE,1943,14015.8
Czechoslovakia,EE,1944,13783.4
Czechoslovakia,EE,1945,13551.0
Czechoslovakia,EE,1946,13318.6
Czechoslovakia,EE,1947,13086.2
Czechoslovakia,EE,1948,12853.8
Czechoslovakia,EE,1949,12621.4
Czechoslovakia,EE,1950,12389.0
Czechoslovakia,EE,1951,12515.5
Czechoslovakia,EE,1952,12642.0
Czechoslovakia,EE,1953,12768.5
Czechoslovakia,EE,1954,12895.0
Czechoslovakia,EE,1955,13021.5
Czechoslovakia,EE,1956,13148.0
Czechoslovakia,EE,1957,13274.5
Czechoslovakia,EE,1958,13401.0
Czechoslovakia,EE,1959,13527.5
Czechoslovakia,EE,1960,13654.0
Czechoslovakia,EE,1961,13720.5
Czechoslovakia,EE,1962,13787.0
Czechoslovakia,EE,1963,13853.5
Czechoslovakia,EE,1964,13920.0
Czechoslovakia,EE,1965,13986.5
Czechoslovakia,EE,1966,14053.0
Czechoslovakia,EE,1967,14119.5
Czechoslovakia,EE,1968,14186.0
Czechoslovakia,EE,1969,14252.5
Czechoslovakia,EE,1970,14319.0
Czechoslovakia,EE,1971,14412.6
Czechoslovakia,EE,1972,14506.2
Czechoslovakia,EE,1973,14599.8
Czechoslovakia,EE,1974,14693.4
Czechoslovakia,EE,1975,14787.0
Czechoslovakia,EE,1976,14880.6
Czechoslovakia,EE,1977,14974.2
Czechoslovakia,EE,1978,15067.8
Czechoslovakia,EE,1979,15161.4
Czechoslovakia,EE,1980,15255.0
Czechoslovakia,EE,1981,15286.7
Czechoslovakia,EE,1982,15318.4
Czechoslovakia,EE,1983,15350.1
Czechoslovakia,EE,1984,15381.8
Czechoslovakia,EE,1985,15413.5
Czechoslovakia,EE,1986,15445.2
Czechoslovakia,EE,1987,15476.9
Czechoslovakia,EE,1988,15508.6
Czechoslovakia,EE,1989,15540.3
Czechoslovakia,EE,1990,15572.0
Czechoslovakia,EE,1991,15581.8
Czechoslovakia,EE,1992,15591.6
Czechoslovakia,EE,1993,15601.4
Czechoslovakia,EE,1994,15611.2
Czechoslovakia,EE,1995,15621.0
Czechoslovakia,EE,1996,15630.8
Czechoslovakia,EE,1997,15640.6
Czechoslovakia,EE,1998,15650.4
Czechoslovakia,EE,1999,15660.2
Czechoslovakia,EE,2000,15670.0
Czechoslovakia,EE,2001,15697.1
Czechoslovakia,EE,2002,15724.2
Czechoslovakia,EE,2003,15751.3
Czechoslovakia,EE,2004,15778.4
Czechoslovakia,EE,2005,15805.5
Czechoslovakia,EE,2006,15832.6
Czechoslovakia,EE,2007,15859.7
Czechoslovakia,EE,2008,15886.8
Czechoslovakia,EE,2009,15913.9
Czechoslovakia,EE,2010,15941.0
Czechoslovakia,EE,2011,15963.8
Czechoslovakia,EE,2012,15986.6
Czechoslovakia,EE,2013,16009.4
Czechoslovakia,EE,2014,16032.2
Czechoslovakia,EE,2015,16055.0
Czechoslovakia,EE,2016,16077.8
Czechoslovakia,EE,2017,16100.6
Czechoslovakia,EE,2018,16123.4
Czechoslovakia,EE,2019,16146.2
Czechoslovakia,EE,2020,16169.0
Hungary,EE,1820,4146.0
Hungary,EE,1821,4177.4
Hungary,EE,1822,4208.8
Hungary,EE,1823,4240.2
Hungary,EE,1824,4271.6
Hungary,EE,1825,4303.0
Hungary,EE,1826,4334.4
Hungary,EE,1827,4365.8
Hungary,EE,1828,4397.2
Hungary,EE,1829,4428.6
Hungary,EE,1830,4460.0
Hungary,EE,1831,4493.8
Hungary,EE,1832,4527.6
Hungary,EE,1833,4561.4
Hungary,EE,1834,4595.2
Hungary,EE,1835,4629.0
Hungary,EE,1836,4662.8
Hungary,EE,1837,4696.6
Hungary,EE,1838,4730.4
Hungary,EE,1839,4764.2
Hungary,EE,1840,4798.0
Hungary,EE,1841,4834.3
Hungary,EE,1842,4870.6
Hungary,EE,1843,4906.9
Hungary,EE,1844,4943.2
Hungary,EE,1845,4979.5
Hungary,EE,1846,5015.8
Hungary,EE,1847,5052.1
Hungary,EE,1848,5088.4
Hungary,EE,1849,5124.7
Hungary,EE,1850,5161.0
Hungary,EE,1851,5197.5
Hungary,EE,1852,5234.0
Hungary,EE,1853,5270.5
Hungary,EE,1854,5307.0
Hungary,EE,1855,5343.5
Hungary,EE,1856,5380.0
Hungary,EE,1857,5416.5
Hungary,EE,1858,5453.0
Hungary,EE,1859,5489.5
Hungary,EE,1860,5526.0
Hungary,EE,1861,5565.1
Hungary,EE,1862,5604.2
Hungary,EE,1863,5643.3
Hungary,EE,1864,5682.4
Hungary,EE,1865,5721.5
Hungary,EE,1866,5760.6
Hungary,EE,1867,5799.7
Hungary,EE,1868,5838.8
Hungary,EE,1869,5877.9
Hungary,EE,1870,5917.0
Hungary,EE,1871,5951.3
Hungary,EE,1872,5985.6
Hungary,EE,1873,6019.9
Hungary,EE,1874,6054.2
Hungary,EE,1875,6088.5
Hungary,EE,1876,6122.8
Hungary,EE,1877,6157.1
Hungary,EE,1878,6191.4
Hungary,EE,1879,6225.7
Hungary,EE,1880,6260.0
Hungary,EE,1881,6296.2
Hungary,EE,1882,6332.4
Hungary,EE,1883,6368.6
Hungary,EE,1884,6404.8
Hungary,EE,1885,6441.0
Hungary,EE,1886,6477.2
Hungary,EE,1887,6513.4
Hungary,EE,1888,6549.6
Hungary,EE,1889,6585.8
Hungary,EE,1890,6622.0
Hungary,EE,1891,6672.5
Hungary,EE,1892,6723.0
Hungary,EE,1893,6773.5
Hungary,EE,1894,6824.0
Hungary,EE,1895,6874.5
Hungary,EE,1896,6925.0
Hungary,EE,1897,6975.5
Hungary,EE,1898,7026.0
Hungary,EE,1899,7076.5
Hungary,EE,1900,7127.0
Hungary,EE,1901,7178.7
Hungary,EE,1902,7230.4
Hungary,EE,1903,7282.1
Hungary,EE,1904,7333.8
Hungary,EE,1905,7385.5
Hungary,EE,1906,7437.2
Hungary,EE,1907,7488.9
Hungary,EE,1908,7540.6
Hungary,EE,1909,7592.3
Hungary,EE,1910,7644.0
Hungary,EE,1911,7674.6
Hungary,EE,1912,7705.2
Hungary,EE,1913,7735.8
Hungary,EE,1914,7766.4
Hungary,EE,1915,7797.0
Hungary,EE,1916,7827.6
Hungary,EE,1917,7858.2
Hungary,EE,1918,7888.8
Hungary,EE,1919,7919.4
Hungary,EE,1920,7950.0
Hungary,EE,1921,8019.9
Hungary,EE,1922,8089.8
Hungary,EE,1923,8159.7
Hungary,EE,1924,8229.6
Hungary,EE,1925,8299.5
Hungary,EE,1926,8369.4
Hungary,EE,1927,8439.3
Hungary,EE,1928,8509.2
Hungary,EE,1929,8579.1
Hungary,EE,1930,8649.0
Hungary,EE,1931,8712.8
Hungary,EE,1932,8776.6
Hungary,EE,1933,8840.4
Hungary,EE,1934,8904.2
Hungary,EE,1935,8968.0
Hungary,EE,1936,9031.8
Hungary,EE,1937,9095.6
Hungary,EE,1938,9159.4
Hungary,EE,1939,9223.2
Hungary,EE,1940,9287.0
Hungary,EE,1941,9292.1
Hungary,EE,1942,9297.2
Hungary,EE,1943,9302.3
Hungary,EE,1944,9307.4
Hungary,EE,1945,9312.5
Hungary,EE,1946,9317.6
Hungary,EE,1947,9322.7
Hungary,EE,1948,9327.8
Hungary,EE,1949,9332.9
Hungary,EE,1950,9338.0
Hungary,EE,1951,9402.6
Hungary,EE,1952,9467.2
Hungary,EE,1953,9531.8
Hungary,EE,1954,9596.4
Hungary,EE,1955,9661.0
Hungary,EE,1956,9725.6
Hungary,EE,1957,9790.2
Hungary,EE,1958,9854.8
Hungary,EE,1959,9919.4
Hungary,EE,1960,9984.0
Hungary,EE,1961,10019.3
Hungary,EE,1962,10054.6
Hungary,EE,1963,10089.9
Hungary,EE,1964,10125.2
Hungary,EE,1965,10160.5
Hungary,EE,1966,10195.8
Hungary,EE,1967,10231.1
Hungary,EE,1968,10266.4
Hungary,EE,1969,10301.7
Hungary,EE,1970,10337.0
Hungary,EE,1971,10374.4
Hungary,EE,1972,10411.8
Hungary,EE,1973,10449.2
Hungary,EE,1974,10486.6
Hungary,EE,1975,10524.0
Hungary,EE,1976,10561.4
Hungary,EE,1977,10598.8
Hungary,EE,1978,10636.2
Hungary,EE,1979,10673.6
Hungary,EE,1980,10711.0
Hungary,EE,1981,10677.7
Hungary,EE,1982,10644.4
Hungary,EE,1983,10611.1
Hungary,EE,1984,10577.8
Hungary,EE,1985,10544.5
Hungary,EE,1986,10511.2
Hungary,EE,1987,10477.9
Hungary,EE,1988,10444.6
Hungary,EE,1989,10411.3
Hungary,EE,1990,10378.0
Hungary,EE,1991,10362.3
Hungary,EE,1992,10346.6
Hungary,EE,1993,10330.9
Hungary,EE,1994,10315.2
Hungary,EE,1995,10299.5
Hungary,EE,1996,10283.8
Hungary,EE,1997,10268.1
Hungary,EE,1998,10252.4
Hungary,EE,1999,10236.7
Hungary,EE,2000,10221.0
Hungary,EE,2001,10191.7
Hungary,EE,2002,10162.4
Hungary,EE,2003,10133.1
Hungary,EE,2004,10103.8
Hungary,EE,2005,10074.5
Hungary,EE,2006,10045.2
Hungary,EE,2007,10015.9
Hungary,EE,2008,9986.6
Hungary,EE,2009,9957.3
Hungary,EE,2010,9928.0
Hungary,EE,2011,9901.2
Hungary,EE,2012,9874.4
Hungary,EE,2013,9847.6
Hungary,EE,2014,9820.8
Hungary,EE,2015,9794.0
Hungary,EE,2016,9767.2
Hungary,EE,2017,9740.4
Hungary,EE,2018,9713.6
Hungary,EE,2019,9686.8
Hungary,EE,2020,9660.0
Poland,EE,1820,10426.0
Poland,EE,1821,10505.6
Poland,EE,1822,10585.2
Poland,EE,1823,10664.8
Poland,EE,1824,10744.4
Poland,EE,1825,10824.0
Poland,EE,1826,10903.6
Poland,EE,1827,10983.2
Poland,EE,1828,11062.8
Poland,EE,1829,11142.4
Poland,EE,1830,11222.0
Poland,EE,1831,11307.6
Poland,EE,1832,11393.2
Poland,EE,1833,11478.8
Poland,EE,1834,11564.4
Poland,EE,1835,11650.0
Poland,EE,1836,11735.6
Poland,EE,1837,11821.2
Poland,EE,1838,11906.8
Poland,EE,1839,11992.4
Poland,EE,1840,12078.0
Poland,EE,1841,12170.2
Poland,EE,1842,12262.4
Poland,EE,1843,12354.6
Poland,EE,1844,12446.8
Poland,EE,1845,12539.0
Poland,EE,1846,12631.2
Poland,EE,1847,12723.4
Poland,EE,1848,12815.6
Poland,EE,1849,12907.8
Poland,EE,1850,13000.0
Poland,EE,1851,13183.9
Poland,EE,1852,13367.8
Poland,EE,1853,13551.7
Poland,EE,1854,13735.6
Poland,EE,1855,13919.5
Poland,EE,1856,14103.4
Poland,EE,1857,14287.3
Poland,EE,1858,14471.2
Poland,EE,1859,14655.1
Poland,EE,1860,14839.0
Poland,EE,1861,15041.6
Poland,EE,1862,15244.2
Poland,EE,1863,15446.8
Poland,EE,1864,15649.4
Poland,EE,1865,15852.0
Poland,EE,1866,16054.6
Poland,EE,1867,16257.2
Poland,EE,1868,16459.8
Poland,EE,1869,16662.4
Poland,EE,1870,16865.0
Poland,EE,1871,17141.7
Poland,EE,1872,17418.4
Poland,EE,1873,17695.1
Poland,EE,1874,17971.8
Poland,EE,1875,18248.5
Poland,EE,1876,18525.2
Poland,EE,1877,18801.9
Poland,EE,1878,19078.6
Poland,EE,1879,19355.3
Poland,EE,1880,19632.0
Poland,EE,1881,19954.2
Poland,EE,1882,20276.4
Poland,EE,1883,20598.6
Poland,EE,1884,20920.8
Poland,EE,1885,21243.0
Poland,EE,1886,21565.2
Poland,EE,1887,21887.4
Poland,EE,1888,22209.6
Poland,EE,1889,22531.8
Poland,EE,1890,22854.0
Poland,EE,1891,23043.6
Poland,EE,1892,23233.2
Poland,EE,1893,23422.8
Poland,EE,1894,23612.4
Poland,EE,1895,23802.0
Poland,EE,1896,23991.6
Poland,EE,1897,24181.2
Poland,EE,1898,24370.8
Poland,EE,1899,24560.4
Poland,EE,1900,24750.0
Poland,EE,1901,24939.4
Poland,EE,1902,25128.8
Poland,EE,1903,25318.2
Poland,EE,1904,25507.6
Poland,EE,1905,25697.0
Poland,EE,1906,25886.4
Poland,EE,1907,26075.8
Poland,EE,1908,26265.2
Poland,EE,1909,26454.6
Poland,EE,1910,26644.0
Poland,EE,1911,26376.4
Poland,EE,1912,26108.8
Poland,EE,1913,25841.2
Poland,EE,1914,25573.6
Poland,EE,1915,25306.0
Poland,EE,1916,25038.4
Poland,EE,1917,24770.8
Poland,EE,1918,24503.2
Poland,EE,1919,24235.6
Poland,EE,1920,23968.0
Poland,EE,1921,24391.6
Poland,EE,1922,24815.2
Poland,EE,1923,25238.8
Poland,EE,1924,25662.4
Poland,EE,1925,26086.0
Poland,EE,1926,26509.6
Poland,EE,1927,26933.2
Poland,EE,1928,27356.8
Poland,EE,1929,27780.4
Poland,EE,1930,28204.0
Poland,EE,1931,28385.7
Poland,EE,1932,28567.4
Poland,EE,1933,28749.1
Poland,EE,1934,28930.8
Poland,EE,1935,29112.5
Poland,EE,1936,29294.2
Poland,EE,1937,29475.9
Poland,EE,1938,29657.6
Poland,EE,1939,29839.3
Poland,EE,1940,30021.0
Poland,EE,1941,29501.3
Poland,EE,1942,28981.6
Poland,EE,1943,28461.9
Poland,EE,1944,27942.2
Poland,EE,1945,27422.5
Poland,EE,1946,26902.8
Poland,EE,1947,26383.1
Poland,EE,1948,25863.4
Poland,EE,1949,25343.7
Poland,EE,1950,24824.0
Poland,EE,1951,25300.6
Poland,EE,1952,25777.2
Poland,EE,1953,26253.8
Poland,EE,1954,26730.4
Poland,EE,1955,27207.0
Poland,EE,1956,27683.6
Poland,EE,1957,28160.2
Poland,EE,1958,28636.8
Poland,EE,1959,29113.4
Poland,EE,1960,29590.0
Poland,EE,1961,29883.6
Poland,EE,1962,30177.2
Poland,EE,1963,30470.8
Poland,EE,1964,30764.4
Poland,EE,1965,31058.0
Poland,EE,1966,31351.6
Poland,EE,1967,31645.2
Poland,EE,1968,31938.8
Poland,EE,1969,32232.4
Poland,EE,1970,32526.0
Poland,EE,1971,32831.2
Poland,EE,1972,33136.4
Poland,EE,1973,33441.6
Poland,EE,1974,33746.8
Poland,EE,1975,34052.0
Poland,EE,1976,34357.2
Poland,EE,1977,34662.4
Poland,EE,1978,34967.6
Poland,EE,1979,35272.8
Poland,EE,1980,35578.0
Poland,EE,1981,35832.1
Poland,EE,1982,36086.2
Poland,EE,1983,36340.3
Poland,EE,1984,36594.4
Poland,EE,1985,36848.5
Poland,EE,1986,37102.6
Poland,EE,1987,37356.7
Poland,EE,1988,37610.8
Poland,EE,1989,37864.9
Poland,EE,1990,38119.0
Poland,EE,1991,38162.1
Poland,EE,1992,38205.2
Poland,EE,1993,38248.3
Poland,EE,1994,38291.4
Poland,EE,1995,38334.5
Poland,EE,1996,38377.6
Poland,EE,1997,38420.7
Poland,EE,1998,38463.8
Poland,EE,1999,38506.9
Poland,EE,2000,38550.0
Poland,EE,2001,38527.3
Poland,EE,2002,38504.6
Poland,EE,2003,38481.9
Poland,EE,2004,38459.2
Poland,EE,2005,38436.5
Poland,EE,2006,38413.8
Poland,EE,2007,38391.1
Poland,EE,2008,38368.4
Poland,EE,2009,38345.7
Poland,EE,2010,38323.0
Poland,EE,2011,38275.4
Poland,EE,2012,38227.8
Poland,EE,2013,38180.2
Poland,EE,2014,38132.6
Poland,EE,2015,38085.0
Poland,EE,2016,38037.4
Poland,EE,2017,37989.8
Poland,EE,2018,37942.2
Poland,EE,2019,37894.6
Poland,EE,2020,37847.0
Romania,EE,1820,6389.0
Romania,EE,1821,6438.7
Romania,EE,1822,6488.4
Romania,EE,1823,6538.1
Romania,EE,1824,6587.8
Romania,EE,1825,6637.5
Romania,EE,1826,6687.2
Romania,EE,1827,6736.9
Romania,EE,1828,6786.6
Romania,EE,1829,6836.3
Romania,EE,1830,6886.0
Romania,EE,1831,6939.6
Romania,EE,1832,6993.2
Romania,EE,1833,7046.8
Romania,EE,1834,7100.4
Romania,EE,1835,7154.0
Romania,EE,1836,7207.6
Romania,EE,1837,7261.2
Romania,EE,1838,7314.8
Romania,EE,1839,7368.4
Romania,EE,1840,7422.0
Romania,EE,1841,7479.8
Romania,EE,1842,7537.6
Romania,EE,1843,7595.4
Romania,EE,1844,7653.2
Romania,EE,1845,7711.0
Romania,EE,1846,7768.8
Romania,EE,1847,7826.6
Romania,EE,1848,7884.4
Romania,EE,1849,7942.2
Romania,EE,1850,8000.0
Romania,EE,1851,8056.9
Romania,EE,1852,8113.8
Romania,EE,1853,8170.7
Romania,EE,1854,8227.6
Romania,EE,1855,8284.5
Romania,EE,1856,8341.4
Romania,EE,1857,8398.3
Romania,EE,1858,8455.2
Romania,EE,1859,8512.1
Romania,EE,1860,8569.0
Romania,EE,1861,8630.0
Romania,EE,1862,8691.0
Romania,EE,1863,8752.0
Romania,EE,1864,8813.0
Romania,EE,1865,8874.0
Romania,EE,1866,8935.0
Romania,EE,1867,8996.0
Romania,EE,1868,9057.0
Romania,EE,1869,9118.0
Romania,EE,1870,9179.0
Romania,EE,1871,9236.9
Romania,EE,1872,9294.8
Romania,EE,1873,9352.7
Romania,EE,1874,9410.6
Romania,EE,1875,9468.5
Romania,EE,1876,9526.4
Romania,EE,1877,9584.3
Romania,EE,1878,9642.2
Romania,EE,1879,9700.1
Romania,EE,1880,9758.0
Romania,EE,1881,9819.5
Romania,EE,1882,9881.0
Romania,EE,1883,9942.5
Romania,EE,1884,10004.0
Romania,EE,1885,10065.5
Romania,EE,1886,10127.0
Romania,EE,1887,10188.5
Romania,EE,1888,10250.0
Romania,EE,1889,10311.5
Romania,EE,1890,10373.0
Romania,EE,1891,10435.7
Romania,EE,1892,10498.4
Romania,EE,1893,10561.1
Romania,EE,1894,10623.8
Romania,EE,1895,10686.5
Romania,EE,1896,10749.2
Romania,EE,1897,10811.9
Romania,EE,1898,10874.6
Romania,EE,1899,10937.3
Romania,EE,1900,11000.0
Romania,EE,1901,11086.6
Romania,EE,1902,11173.2
Romania,EE,1903,11259.8
Romania,EE,1904,11346.4
Romania,EE,1905,11433.0
Romania,EE,1906,11519.6
Romania,EE,1907,11606.2
Romania,EE,1908,11692.8
Romania,EE,1909,11779.4
Romania,EE,1910,11866.0
Romania,EE,1911,11913.4
Romania,EE,1912,11960.8
Romania,EE,1913,12008.2
Romania,EE,1914,12055.6
Romania,EE,1915,12103.0
Romania,EE,1916,12150.4
Romania,EE,1917,12197.8
Romania,EE,1918,12245.2
Romania,EE,1919,12292.6
Romania,EE,1920,12340.0
Romania,EE,1921,12520.1
Romania,EE,1922,12700.2
Romania,EE,1923,12880.3
Romania,EE,1924,13060.4
Romania,EE,1925,13240.5
Romania,EE,1926,13420.6
Romania,EE,1927,13600.7
Romania,EE,1928,13780.8
Romania,EE,1929,13960.9
Romania,EE,1930,14141.0
Romania,EE,1931,14317.6
Romania,EE,1932,14494.2
Romania,EE,1933,14670.8
Romania,EE,1934,14847.4
Romania,EE,1935,15024.0
Romania,EE,1936,15200.6
Romania,EE,1937,15377.2
Romania,EE,1938,15553.8
Romania,EE,1939,15730.4
Romania,EE,1940,15907.0
Romania,EE,1941,15947.4
Romania,EE,1942,15987.8
Romania,EE,1943,16028.2
Romania,EE,1944,16068.6
Romania,EE,1945,16109.0
Romania,EE,1946,16149.4
Romania,EE,1947,16189.8
Romania,EE,1948,16230.2
Romania,EE,1949,16270.6
Romania,EE,1950,16311.0
Romania,EE,1951,16520.2
Romania,EE,1952,16729.4
Romania,EE,1953,16938.6
Romania,EE,1954,17147.8
Romania,EE,1955,17357.0
Romania,EE,1956,17566.2
Romania,EE,1957,17775.4
Romania,EE,1958,17984.6
Romania,EE,1959,18193.8
Romania,EE,1960,18403.0
Romania,EE,1961,18588.0
Romania,EE,1962,18773.0
Romania,EE,1963,18958.0
Romania,EE,1964,19143.0
Romania,EE,1965,19328.0
Romania,EE,1966,19513.0
Romania,EE,1967,19698.0
Romania,EE,1968,19883.0
Romania,EE,1969,20068.0
Romania,EE,1970,20253.0
Romania,EE,1971,20488.9
Romania,EE,1972,20724.8
Romania,EE,1973,20960.7
Romania,EE,1974,21196.6
Romania,EE,1975,21432.5
Romania,EE,1976,21668.4
Romania,EE,1977,21904.3
Romania,EE,1978,22140.2
Romania,EE,1979,22376.1
Romania,EE,1980,22612.0
Romania,EE,1981,22699.7
Romania,EE,1982,22787.4
Romania,EE,1983,22875.1
Romania,EE,1984,22962.8
Romania,EE,1985,23050.5
Romania,EE,1986,23138.2
Romania,EE,1987,23225.9
Romania,EE,1988,23313.6
Romania,EE,1989,23401.3
Romania,EE,1990,23489.0
Romania,EE,1991,23352.9
Romania,EE,1992,23216.8
Romania,EE,1993,23080.7
Romania,EE,1994,22944.6
Romania,EE,1995,22808.5
Romania,EE,1996,22672.4
Romania,EE,1997,22536.3
Romania,EE,1998,22400.2
Romania,EE,1999,22264.1
Romania,EE,2000,22128.0
Romania,EE,2001,21959.2
Romania,EE,2002,21790.4
Romania,EE,2003,21621.6
Romania,EE,2004,21452.8
Romania,EE,2005,21284.0
Romania,EE,2006,21115.2
Romania,EE,2007,20946.4
Romania,EE,2008,20777.6
Romania,EE,2009,20608.8
Romania,EE,2010,20440.0
Romania,EE,2011,20319.8
Romania,EE,2012,20199.6
Romania,EE,2013,20079.4
Romania,EE,2014,19959.2
Romania,EE,2015,19839.0
Romania,EE,2016,19718.8
Romania,EE,2017,19598.6
Romania,EE,2018,19478.4
Romania,EE,2019,19358.2
Romania,EE,2020,19238.0
Yugoslavia,EE,1820,5215.0
Yugoslavia,EE,1821,5240.0
Yugoslavia,EE,1822,5265.0
Yugoslavia,EE,1823,5290.0
Yugoslavia,EE,1824,5315.0
Yugoslavia,EE,1825,5340.0
Yugoslavia,EE,1826,5365.0
Yugoslavia,EE,1827,5390.0
Yugoslavia,EE,1828,5415.0
Yugoslavia,EE,1829,5440.0
Yugoslavia,EE,1830,5465.0
Yugoslavia,EE,1831,5491.1
Yugoslavia,EE,1832,5517.2
Yugoslavia,EE,1833,5543.3
Yugoslavia,EE,1834,5569.4
Yugoslavia,EE,1835,5595.5
Yugoslavia,EE,1836,5621.6
Yugoslavia,EE,1837,5647.7
Yugoslavia,EE,1838,5673.8
Yugoslavia,EE,1839,5699.9
Yugoslavia,EE,1840,5726.0
Yugoslavia,EE,1841,5753.4
Yugoslavia,EE,1842,5780.8
Yugoslavia,EE,1843,5808.2
Yugoslavia,EE,1844,5835.6
Yugoslavia,EE,1845,5863.0
Yugoslavia,EE,1846,5890.4
Yugoslavia,EE,1847,5917.8
Yugoslavia,EE,1848,5945.2
Yugoslavia,EE,1849,5972.6
Yugoslavia,EE,1850,6000.0
Yugoslavia,EE,1851,6103.6
Yugoslavia,EE,1852,6207.2
Yugoslavia,EE,1853,6310.8
Yugoslavia,EE,1854,6414.4
Yugoslavia,EE,1855,6518.0
Yugoslavia,EE,1856,6621.6
Yugoslavia,EE,1857,6725.2
Yugoslavia,EE,1858,6828.8
Yugoslavia,EE,1859,6932.4
Yugoslavia,EE,1860,7036.0
Yugoslavia,EE,1861,7157.6
Yugoslavia,EE,1862,7279.2
Yugoslavia,EE,1863,7400.8
Yugoslavia,EE,1864,7522.4
Yugoslavia,EE,1865,7644.0
Yugoslavia,EE,1866,7765.6
Yugoslavia,EE,1867,7887.2
Yugoslavia,EE,1868,8008.8
Yugoslavia,EE,1869,8130.4
Yugoslavia,EE,1870,8252.0
Yugoslavia,EE,1871,8321.0
Yugoslavia,EE,1872,8390.0
Yugoslavia,EE,1873,8459.0
Yugoslavia,EE,1874,8528.0
Yugoslavia,EE,1875,8597.0
Yugoslavia,EE,1876,8666.0
Yugoslavia,EE,1877,8735.0
Yugoslavia,EE,1878,8804.0
Yugoslavia,EE,1879,8873.0
Yugoslavia,EE,1880,8942.0
Yugoslavia,EE,1881,9016.8
Yugoslavia,EE,1882,9091.6
Yugoslavia,EE,1883,9166.4
Yugoslavia,EE,1884,9241.2
Yugoslavia,EE,1885,9316.0
Yugoslavia,EE,1886,9390.8
Yugoslavia,EE,1887,9465.6
Yugoslavia,EE,1888,9540.4
Yugoslavia,EE,1889,9615.2
Yugoslavia,EE,1890,9690.0
Yugoslavia,EE,1891,9838.4
Yugoslavia,EE,1892,9986.8
Yugoslavia,EE,1893,10135.2
Yugoslavia,EE,1894,10283.6
Yugoslavia,EE,1895,10432.0
Yugoslavia,EE,1896,10580.4
Yugoslavia,EE,1897,10728.8
Yugoslavia,EE,1898,10877.2
Yugoslavia,EE,1899,11025.6
Yugoslavia,EE,1900,11174.0
Yugoslavia,EE,1901,11361.8
Yugoslavia,EE,1902,11549.6
Yugoslavia,EE,1903,11737.4
Yugoslavia,EE,1904,11925.2
Yugoslavia,EE,1905,12113.0
Yugoslavia,EE,1906,12300.8
Yugoslavia,EE,1907,12488.6
Yugoslavia,EE,1908,12676.4
Yugoslavia,EE,1909,12864.2
Yugoslavia,EE,1910,13052.0
Yugoslavia,EE,1911,12989.0
Yugoslavia,EE,1912,12926.0
Yugoslavia,EE,1913,12863.0
Yugoslavia,EE,1914,12800.0
Yugoslavia,EE,1915,12737.0
Yugoslavia,EE,1916,12674.0
Yugoslavia,EE,1917,12611.0
Yugoslavia,EE,1918,12548.0
Yugoslavia,EE,1919,12485.0
Yugoslavia,EE,1920,12422.0
Yugoslavia,EE,1921,12620.5
Yugoslavia,EE,1922,12819.0
Yugoslavia,EE,1923,13017.5
Yugoslavia,EE,1924,13216.0
Yugoslavia,EE,1925,13414.5
Yugoslavia,EE,1926,13613.0
Yugoslavia,EE,1927,13811.5
Yugoslavia,EE,1928,14010.0
Yugoslavia,EE,1929,14208.5
Yugoslavia,EE,1930,14407.0
Yugoslavia,EE,1931,14596.3
Yugoslavia,EE,1932,14785.6
Yugoslavia,EE,1933,14974.9
Yugoslavia,EE,1934,15164.2
Yugoslavia,EE,1935,15353.5
Yugoslavia,EE,1936,15542.8
Yugoslavia,EE,1937,15732.1
Yugoslavia,EE,1938,15921.4
Yugoslavia,EE,1939,16110.7
Yugoslavia,EE,1940,16300.0
Yugoslavia,EE,1941,16299.8
Yugoslavia,EE,1942,16299.6
Yugoslavia,EE,1943,16299.4
Yugoslavia,EE,1944,16299.2
Yugoslavia,EE,1945,16299.0
Yugoslavia,EE,1946,16298.8
Yugoslavia,EE,1947,16298.6
Yugoslavia,EE,1948,16298.4
Yugoslavia,EE,1949,16298.2
Yugoslavia,EE,1950,16298.0
Yugoslavia,EE,1951,16481.5
Yugoslavia,EE,1952,16665.0
Yugoslavia,EE,1953,16848.5
Yugoslavia,EE,1954,17032.0
Yugoslavia,EE,1955,17215.5
Yugoslavia,EE,1956,17399.0
Yugoslavia,EE,1957,17582.5
Yugoslavia,EE,1958,17766.0
Yugoslavia,EE,1959,17949.5
Yugoslavia,EE,1960,18133.0
Yugoslavia,EE,1961,18303.7
Yugoslavia,EE,1962,18474.4
Yugoslavia,EE,1963,18645.1
Yugoslavia,EE,1964,18815.8
Yugoslavia,EE,1965,18986.5
Yugoslavia,EE,1966,19157.2
Yugoslavia,EE,1967,19327.9
Yugoslavia,EE,1968,19498.6
Yugoslavia,EE,1969,19669.3
Yugoslavia,EE,1970,19840.0
Yugoslavia,EE,1971,20017.5
Yugoslavia,EE,1972,20195.0
Yugoslavia,EE,1973,20372.5
Yugoslavia,EE,1974,20550.0
Yugoslavia,EE,1975,20727.5
Yugoslavia,EE,1976,20905.0
Yugoslavia,EE,1977,21082.5
Yugoslavia,EE,1978,21260.0
Yugoslavia,EE,1979,21437.5
Yugoslavia,EE,1980,21615.0
Yugoslavia,EE,1981,21725.5
Yugoslavia,EE,1982,21836.0
Yugoslavia,EE,1983,21946.5
Yugoslavia,EE,1984,22057.0
Yugoslavia,EE,1985,22167.5
Yugoslavia,EE,1986,22278.0
Yugoslavia,EE,1987,22388.5
Yugoslavia,EE,1988,22499.0
Yugoslavia,EE,1989,22609.5
Yugoslavia,EE,1990,22720.0
Yugoslavia,EE,1991,22679.9
Yugoslavia,EE,1992,22639.8
Yugoslavia,EE,1993,22599.7
Yugoslavia,EE,1994,22559.6
Yugoslavia,EE,1995,22519.5
Yugoslavia,EE,1996,22479.4
Yugoslavia,EE,1997,22439.3
Yugoslavia,EE,1998,22399.2
Yugoslavia,EE,1999,22359.1
Yugoslavia,EE,2000,22319.0
Yugoslavia,EE,2001,22269.1
Yugoslavia,EE,2002,22219.2
Yugoslavia,EE,2003,22169.3
Yugoslavia,EE,2004,22119.4
Yugoslavia,EE,2005,22069.5
Yugoslavia,EE,2006,22019.6
Yugoslavia,EE,2007,21969.7
Yugoslavia,EE,2008,21919.8
Yugoslavia,EE,2009,21869.9
Yugoslavia,EE,2010,21820.0
Yugoslavia,EE,2011,21729.4
Yugoslavia,EE,2012,21638.8
Yugoslavia,EE,2013,21548.2
Yugoslavia,EE,2014,21457.6
Yugoslavia,EE,2015,21367.0
Yugoslavia,EE,2016,21276.4
Yugoslavia,EE,2017,21185.8
Yugoslavia,EE,2018,21095.2
Yugoslavia,EE,2019,21004.6
Yugoslavia,EE,2020,20914.0
F. USSR,EE,1820,54765.0
F. USSR,EE,1821,55336.2
F. USSR,EE,1822,55907.4
F. USSR,EE,1823,56478.6
F. USSR,EE,1824,57049.8
F. USSR,EE,1825,57621.0
F. USSR,EE,1826,58192.2
F. USSR,EE,1827,58763.4
F. USSR,EE,1828,59334.6
F. USSR,EE,1829,59905.8
F. USSR,EE,1830,60477.0
F. USSR,EE,1831,61107.7
F. USSR,EE,1832,61738.4
F. USSR,EE,1833,62369.1
F. USSR,EE,1834,62999.8
F. USSR,EE,1835,63630.5
F. USSR,EE,1836,64261.2
F. USSR,EE,1837,64891.9
F. USSR,EE,1838,65522.6
F. USSR,EE,1839,66153.3
F. USSR,EE,1840,66784.0
F. USSR,EE,1841,67480.6
F. USSR,EE,1842,68177.2
F. USSR,EE,1843,68873.8
F. USSR,EE,1844,69570.4
F. USSR,EE,1845,70267.0
F. USSR,EE,1846,70963.6
F. USSR,EE,1847,71660.2
F. USSR,EE,1848,72356.8
F. USSR,EE,1849,73053.4
F. USSR,EE,1850,73750.0
F. USSR,EE,1851,74461.7
F. USSR,EE,1852,75173.4
F. USSR,EE,1853,75885.1
F. USSR,EE,1854,76596.8
F. USSR,EE,1855,77308.5
F. USSR,EE,1856,78020.2
F. USSR,EE,1857,78731.9
F. USSR,EE,1858,79443.6
F. USSR,EE,1859,80155.3
F. USSR,EE,1860,80867.0
F. USSR,EE,1861,81647.5
F. USSR,EE,1862,82428.0
F. USSR,EE,1863,83208.5
F. USSR,EE,1864,83989.0
F. USSR,EE,1865,84769.5
F. USSR,EE,1866,85550.0
F. USSR,EE,1867,86330.5
F. USSR,EE,1868,87111.0
F. USSR,EE,1869,87891.5
F. USSR,EE,1870,88672.0
F. USSR,EE,1871,89710.7
F. USSR,EE,1872,90749.4
F. USSR,EE,1873,91788.1
F. USSR,EE,1874,92826.8
F. USSR,EE,1875,93865.5
F. USSR,EE,1876,94904.2
F. USSR,EE,1877,95942.9
F. USSR,EE,1878,96981.6
F. USSR,EE,1879,98020.3
F. USSR,EE,1880,99059.0
F. USSR,EE,1881,100219.5
F. USSR,EE,1882,101380.0
F. USSR,EE,1883,102540.5
F. USSR,EE,1884,103701.0
F. USSR,EE,1885,104861.5
F. USSR,EE,1886,106022.0
F. USSR,EE,1887,107182.5
F. USSR,EE,1888,108343.0
F. USSR,EE,1889,109503.5
F. USSR,EE,1890,110664.0
F. USSR,EE,1891,112047.6
F. USSR,EE,1892,113431.2
F. USSR,EE,1893,114814.8
F. USSR,EE,1894,116198.4
F. USSR,EE,1895,117582.0
F. USSR,EE,1896,118965.6
F. USSR,EE,1897,120349.2
F. USSR,EE,1898,121732.8
F. USSR,EE,1899,123116.4
F. USSR,EE,1900,124500.0
F. USSR,EE,1901,126872.7
F. USSR,EE,1902,129245.4
F. USSR,EE,1903,131618.1
F. USSR,EE,1904,133990.8
F. USSR,EE,1905,136363.5
F. USSR,EE,1906,138736.2
F. USSR,EE,1907,141108.9
F. USSR,EE,1908,143481.6
F. USSR,EE,1909,145854.3
F. USSR,EE,1910,148227.0
F. USSR,EE,1911,148865.0
F. USSR,EE,1912,149503.0
F. USSR,EE,1913,150141.0
F. USSR,EE,1914,150779.0
F. USSR,EE,1915,151417.0
F. USSR,EE,1916,152055.0
F. USSR,EE,1917,152693.0
F. USSR,EE,1918,153331.0
F. USSR,EE,1919,153969.0
F. USSR,EE,1920,154607.0
F. USSR,EE,1921,156567.5
F. USSR,EE,1922,158528.0
F. USSR,EE,1923,160488.5
F. USSR,EE,1924,162449.0
F. USSR,EE,1925,164409.5
F. USSR,EE,1926,166370.0
F. USSR,EE,1927,168330.5
F. USSR,EE,1928,170291.0
F. USSR,EE,1929,172251.5
F. USSR,EE,1930,174212.0
F. USSR,EE,1931,176387.8
F. USSR,EE,1932,178563.6
F. USSR,EE,1933,180739.4
F. USSR,EE,1934,182915.2
F. USSR,EE,1935,185091.0
F. USSR,EE,1936,187266.8
F. USSR,EE,1937,189442.6
F. USSR,EE,1938,191618.4
F. USSR,EE,1939,193794.2
F. USSR,EE,1940,195970.0
F. USSR,EE,1941,194330.1
F. USSR,EE,1942,192690.2
F. USSR,EE,1943,191050.3
F. USSR,EE,1944,189410.4
F. USSR,EE,1945,187770.5
F. USSR,EE,1946,186130.6
F. USSR,EE,1947,184490.7
F. USSR,EE,1948,182850.8
F. USSR,EE,1949,181210.9
F. USSR,EE,1950,179571.0
F. USSR,EE,1951,182991.9
F. USSR,EE,1952,186412.8
F. USSR,EE,1953,189833.7
F. USSR,EE,1954,193254.6
F. USSR,EE,1955,196675.5
F. USSR,EE,1956,200096.4
F. USSR,EE,1957,203517.3
F. USSR,EE,1958,206938.2
F. USSR,EE,1959,210359.1
F. USSR,EE,1960,213780.0
F. USSR,EE,1961,216649.8
F. USSR,EE,1962,219519.6
F. USSR,EE,1963,222389.4
F. USSR,EE,1964,225259.2
F. USSR,EE,1965,228129.0
F. USSR,EE,1966,230998.8
F. USSR,EE,1967,233868.6
F. USSR,EE,1968,236738.4
F. USSR,EE,1969,239608.2
F. USSR,EE,1970,242478.0
F. USSR,EE,1971,244823.8
F. USSR,EE,1972,247169.6
F. USSR,EE,1973,249515.4
F. USSR,EE,1974,251861.2
F. USSR,EE,1975,254207.0
F. USSR,EE,1976,256552.8
F. USSR,EE,1977,258898.6
F. USSR,EE,1978,261244.4
F. USSR,EE,1979,263590.2
F. USSR,EE,1980,265936.0
F. USSR,EE,1981,268117.5
F. USSR,EE,1982,270299.0
F. USSR,EE,1983,272480.5
F. USSR,EE,1984,274662.0
F. USSR,EE,1985,276843.5
F. USSR,EE,1986,279025.0
F. USSR,EE,1987,281206.5
F. USSR,EE,1988,283388.0
F. USSR,EE,1989,285569.5
F. USSR,EE,1990,287751.0
F. USSR,EE,1991,287726.2
F. USSR,EE,1992,287701.4
F. USSR,EE,1993,287676.6
F. USSR,EE,1994,287651.8
F. USSR,EE,1995,287627.0
F. USSR,EE,1996,287602.2
F. USSR,EE,1997,287577.4
F. USSR,EE,1998,287552.6
F. USSR,EE,1999,287527.8
F. USSR,EE,2000,287503.0
F. USSR,EE,2001,287569.4
F. USSR,EE,2002,287635.8
F. USSR,EE,2003,287702.2
F. USSR,EE,2004,287768.6
F. USSR,EE,2005,287835.0
F. USSR,EE,2006,287901.4
F. USSR,EE,2007,287967.8
F. USSR,EE,2008,288034.2
F. USSR,EE,2009,288100.6
F. USSR,EE,2010,288167.0
F. USSR,EE,2011,289402.0
F. USSR,EE,2012,290637.0
F. USSR,EE,2013,291872.0
F. USSR,EE,2014,293107.0
F. USSR,EE,2015,294342.0
F. USSR,EE,2016,295577.0
F. USSR,EE,2017,296812.0
F. USSR,EE,2018,298047.0
F. USSR,EE,2019,299282.0
F. USSR,EE,2020,300517.0
Canada,,1820,446.0
Canada,,1821,480.2
Canada,,1822,514.4
Canada,,1823,548.6
Canada,,1824,582.8
Canada,,1825,617.0
Canada,,1826,651.2
Canada,,1827,685.4000000000001
Canada,,1828,719.6
Canada,,1829,753.8
Canada,,1830,788.0
Canada,,1831,822.5
Canada,,1832,857.0
Canada,,1833,891.5
Canada,,1834,926.0
Canada,,1835,960.5
Canada,,1836,995.0
Canada,,1837,1029.5
Canada,,1838,1064.0
Canada,,1839,1098.5
Canada,,1840,1133.0
Canada,,1841,1228.3
Canada,,1842,1323.6
Canada,,1843,1418.9
Canada,,1844,1514.2
Canada,,1845,1609.5
Canada,,1846,1704.8
Canada,,1847,1800.1
Canada,,1848,1895.4
Canada,,1849,1990.6999999999998
Canada,,1850,2086.0
Canada,,1851,2186.3
Canada,,1852,2286.6
Canada,,1853,2386.9
Canada,,1854,2487.2
Canada,,1855,2587.5
Canada,,1856,2687.8
Canada,,1857,2788.1
Canada,,1858,2888.4
Canada,,1859,2988.7
Canada,,1860,3089.0
Canada,,1861,3142.6
Canada,,1862,3196.2
Canada,,1863,3249.8
Canada,,1864,3303.4
Canada,,1865,3357.0
Canada,,1866,3410.6
Canada,,1867,3464.2
Canada,,1868,3517.8
Canada,,1869,3571.4
Canada,,1870,3625.0
Canada,,1871,3688.0
Canada,,1872,3751.0
Canada,,1873,3814.0
Canada,,1874,3877.0
Canada,,1875,3940.0
Canada,,1876,4003.0
Canada,,1877,4066.0
Canada,,1878,4129.0
Canada,,1879,4192.0
Canada,,1880,4255.0
Canada,,1881,4307.4
Canada,,1882,4359.8
Canada,,1883,4412.2
Canada,,1884,4464.6
Canada,,1885,4517.0
Canada,,1886,4569.4
Canada,,1887,4621.8
Canada,,1888,4674.2
Canada,,1889,4726.6
Canada,,1890,4779.0
Canada,,1891,4831.2
Canada,,1892,4883.4
Canada,,1893,4935.6
Canada,,1894,4987.8
Canada,,1895,5040.0
Canada,,1896,5092.2
Canada,,1897,5144.4
Canada,,1898,5196.6
Canada,,1899,5248.8
Canada,,1900,5301.0
Canada,,1901,5469.7
Canada,,1902,5638.4
Canada,,1903,5807.1
Canada,,1904,5975.8
Canada,,1905,6144.5
Canada,,1906,6313.2
Canada,,1907,6481.9
Canada,,1908,6650.6
Canada,,1909,6819.3
Canada,,1910,6988.0
Canada,,1911,7144.8
Canada,,1912,7301.6
Canada,,1913,7458.4
Canada,,1914,7615.2
Canada,,1915,7772.0
Canada,,1916,7928.8
Canada,,1917,8085.6
Canada,,1918,8242.4
Canada,,1919,8399.2
Canada,,1920,8556.0
Canada,,1921,8721.2
Canada,,1922,8886.4
Canada,,1923,9051.6
Canada,,1924,9216.8
Canada,,1925,9382.0
Canada,,1926,9547.2
Canada,,1927,9712.4
Canada,,1928,9877.6
Canada,,1929,10042.8
Canada,,1930,10208.0
Canada,,1931,10325.3
Canada,,1932,10442.6
Canada,,1933,10559.9
Canada,,1934,10677.2
Canada,,1935,10794.5
Canada,,1936,10911.8
Canada,,1937,11029.1
Canada,,1938,11146.4
Canada,,1939,11263.7
Canada,,1940,11381.0
Canada,,1941,11614.1
Canada,,1942,11847.2
Canada,,1943,12080.3
Canada,,1944,12313.4
Canada,,1945,12546.5
Canada,,1946,12779.6
Canada,,1947,13012.7
Canada,,1948,13245.8
Canada,,1949,13478.9
Canada,,1950,13712.0
Canada,,1951,14127.8
Canada,,1952,14543.6
Canada,,1953,14959.4
Canada,,1954,15375.2
Canada,,1955,15791.0
Canada,,1956,16206.8
Canada,,1957,16622.6
Canada,,1958,17038.4
Canada,,1959,17454.2
Canada,,1960,17870.0
Canada,,1961,18212.7
Canada,,1962,18555.4
Canada,,1963,18898.1
Canada,,1964,19240.8
Canada,,1965,19583.5
Canada,,1966,19926.2
Canada,,1967,20268.9
Canada,,1968,20611.6
Canada,,1969,20954.3
Canada,,1970,21297.0
Canada,,1971,21618.9
Canada,,1972,21940.8
Canada,,1973,22262.7
Canada,,1974,22584.6
Canada,,1975,22906.5
Canada,,1976,23228.4
Canada,,1977,23550.3
Canada,,1978,23872.2
Canada,,1979,24194.1
Canada,,1980,24516.0
Canada,,1981,24834.2
Canada,,1982,25152.4
Canada,,1983,25470.6
Canada,,1984,25788.8
Canada,,1985,26107.0
Canada,,1986,26425.2
Canada,,1987,26743.4
Canada,,1988,27061.6
Canada,,1989,27379.8
Canada,,1990,27698.0
Canada,,1991,27997.1
Canada,,1992,28296.2
Canada,,1993,28595.3
Canada,,1994,28894.4
Canada,,1995,29193.5
Canada,,1996,29492.6
Canada,,1997,29791.7
Canada,,1998,30090.8
Canada,,1999,30389.9
Canada,,2000,30689.0
Canada,,2001,31011.4
Canada,,2002,31333.8
Canada,,2003,31656.2
Canada,,2004,31978.6
Canada,,2005,32301.0
Canada,,2006,32623.4
Canada,,2007,32945.8
Canada,,2008,33268.2
Canada,,2009,33590.6
Canada,,2010,33913.0
Canada,,2011,34295.9
Canada,,2012,34678.8
Canada,,2013,35061.7
Canada,,2014,35444.6
Canada,,2015,35827.5
Canada,,2016,36210.4
Canada,,2017,36593.3
Canada,,2018,36976.2
Canada,,2019,37359.1
Canada,,2020,37742.0
USA,,1820,9981.0
USA,,1821,10306.9
USA,,1822,10632.8
USA,,1823,10958.7
USA,,1824,11284.6
USA,,1825,11610.5
USA,,1826,11936.4
USA,,1827,12262.3
USA,,1828,12588.2
USA,,1829,12914.1
USA,,1830,13240.0
USA,,1831,13660.4
USA,,1832,14080.8
USA,,1833,14501.2
USA,,1834,14921.6
USA,,1835,15342.0
USA,,1836,15762.4
USA,,1837,16182.8
USA,,1838,16603.2
USA,,1839,17023.6
USA,,1840,17444.0
USA,,1841,18057.6
USA,,1842,18671.2
USA,,1843,19284.8
USA,,1844,19898.4
USA,,1845,20512.0
USA,,1846,21125.6
USA,,1847,21739.2
USA,,1848,22352.8
USA,,1849,22966.4
USA,,1850,23580.0
USA,,1851,24405.9
USA,,1852,25231.8
USA,,1853,26057.7
USA,,1854,26883.6
USA,,1855,27709.5
USA,,1856,28535.4
USA,,1857,29361.3
USA,,1858,30187.2
USA,,1859,31013.1
USA,,1860,31839.0
USA,,1861,32679.2
USA,,1862,33519.4
USA,,1863,34359.6
USA,,1864,35199.8
USA,,1865,36040.0
USA,,1866,36880.2
USA,,1867,37720.4
USA,,1868,38560.6
USA,,1869,39400.8
USA,,1870,40241.0
USA,,1871,41262.7
USA,,1872,42284.4
USA,,1873,43306.1
USA,,1874,44327.8
USA,,1875,45349.5
USA,,1876,46371.2
USA,,1877,47392.9
USA,,1878,48414.6
USA,,1879,49436.3
USA,,1880,50458.0
USA,,1881,51742.4
USA,,1882,53026.8
USA,,1883,54311.2
USA,,1884,55595.6
USA,,1885,56880.0
USA,,1886,58164.4
USA,,1887,59448.8
USA,,1888,60733.2
USA,,1889,62017.6
USA,,1890,63302.0
USA,,1891,64610.9
USA,,1892,65919.8
USA,,1893,67228.7
USA,,1894,68537.6
USA,,1895,69846.5
USA,,1896,71155.4
USA,,1897,72464.3
USA,,1898,73773.2
USA,,1899,75082.1
USA,,1900,76391.0
USA,,1901,78028.6
USA,,1902,79666.2
USA,,1903,81303.8
USA,,1904,82941.4
USA,,1905,84579.0
USA,,1906,86216.6
USA,,1907,87854.2
USA,,1908,89491.8
USA,,1909,91129.4
USA,,1910,92767.0
USA,,1911,94178.4
USA,,1912,95589.8
USA,,1913,97001.2
USA,,1914,98412.6
USA,,1915,99824.0
USA,,1916,101235.4
USA,,1917,102646.8
USA,,1918,104058.2
USA,,1919,105469.6
USA,,1920,106881.0
USA,,1921,108559.7
USA,,1922,110238.4
USA,,1923,111917.1
USA,,1924,113595.8
USA,,1925,115274.5
USA,,1926,116953.2
USA,,1927,118631.9
USA,,1928,120310.6
USA,,1929,121989.3
USA,,1930,123668.0
USA,,1931,124564.9
USA,,1932,125461.8
USA,,1933,126358.7
USA,,1934,127255.6
USA,,1935,128152.5
USA,,1936,129049.4
USA,,1937,129946.3
USA,,1938,130843.2
USA,,1939,131740.1
USA,,1940,132637.0
USA,,1941,134600.4
USA,,1942,136563.8
USA,,1943,138527.2
USA,,1944,140490.6
USA,,1945,142454.0
USA,,1946,144417.4
USA,,1947,146380.8
USA,,1948,148344.2
USA,,1949,150307.6
USA,,1950,152271.0
USA,,1951,155111.0
USA,,1952,157951.0
USA,,1953,160791.0
USA,,1954,163631.0
USA,,1955,166471.0
USA,,1956,169311.0
USA,,1957,172151.0
USA,,1958,174991.0
USA,,1959,177831.0
USA,,1960,180671.0
USA,,1961,183109.1
USA,,1962,185547.2
USA,,1963,187985.3
USA,,1964,190423.4
USA,,1965,192861.5
USA,,1966,195299.6
USA,,1967,197737.7
USA,,1968,200175.8
USA,,1969,202613.9
USA,,1970,205052.0
USA,,1971,207319.4
USA,,1972,209586.8
USA,,1973,211854.2
USA,,1974,214121.6
USA,,1975,216389.0
USA,,1976,218656.4
USA,,1977,220923.8
USA,,1978,223191.2
USA,,1979,225458.6
USA,,1980,227726.0
USA,,1981,229966.6
USA,,1982,232207.2
USA,,1983,234447.8
USA,,1984,236688.4
USA,,1985,238929.0
USA,,1986,241169.6
USA,,1987,243410.2
USA,,1988,245650.8
USA,,1989,247891.4
USA,,1990,250132.0
USA,,1991,253352.7
USA,,1992,256573.4
USA,,1993,259794.1
USA,,1994,263014.8
USA,,1995,266235.5
USA,,1996,269456.2
USA,,1997,272676.9
USA,,1998,275897.6
USA,,1999,279118.3
USA,,2000,282339.0
USA,,2001,285108.9
USA,,2002,287878.8
USA,,2003,290648.7
USA,,2004,293418.6
USA,,2005,296188.5
USA,,2006,298958.4
USA,,2007,301728.3
USA,,2008,304498.2
USA,,2009,307268.1
USA,,2010,310038.0
USA,,2011,312134.5
USA,,2012,314231.0
USA,,2013,316327.5
USA,,2014,318424.0
USA,,2015,320520.5
USA,,2016,322617.0
USA,,2017,324713.5
USA,,2018,326810.0
USA,,2019,328906.5
USA,,2020,331003.0
Argentina,LA,1820,534.0
Argentina,LA,1821,548.5
Argentina,LA,1822,563.0
Argentina,LA,1823,577.5
Argentina,LA,1824,592.0
Argentina,LA,1825,606.5
Argentina,LA,1826,621.0
Argentina,LA,1827,635.5
Argentina,LA,1828,650.0
Argentina,LA,1829,664.5
Argentina,LA,1830,679.0
Argentina,LA,1831,697.6
Argentina,LA,1832,716.2
Argentina,LA,1833,734.8
Argentina,LA,1834,753.4
Argentina,LA,1835,772.0
Argentina,LA,1836,790.6
Argentina,LA,1837,809.2
Argentina,LA,1838,827.8
Argentina,LA,1839,846.4
Argentina,LA,1840,865.0
Argentina,LA,1841,888.5
Argentina,LA,1842,912.0
Argentina,LA,1843,935.5
Argentina,LA,1844,959.0
Argentina,LA,1845,982.5
Argentina,LA,1846,1006.0
Argentina,LA,1847,1029.5
Argentina,LA,1848,1053.0
Argentina,LA,1849,1076.5
Argentina,LA,1850,1100.0
Argentina,LA,1851,1130.6
Argentina,LA,1852,1161.2
Argentina,LA,1853,1191.8
Argentina,LA,1854,1222.4
Argentina,LA,1855,1253.0
Argentina,LA,1856,1283.6
Argentina,LA,1857,1314.2
Argentina,LA,1858,1344.8
Argentina,LA,1859,1375.4
Argentina,LA,1860,1406.0
Argentina,LA,1861,1445.0
Argentina,LA,1862,1484.0
Argentina,LA,1863,1523.0
Argentina,LA,1864,1562.0
Argentina,LA,1865,1601.0
Argentina,LA,1866,1640.0
Argentina,LA,1867,1679.0
Argentina,LA,1868,1718.0
Argentina,LA,1869,1757.0
Argentina,LA,1870,1796.0
Argentina,LA,1871,1862.7
Argentina,LA,1872,1929.4
Argentina,LA,1873,1996.1
Argentina,LA,1874,2062.8
Argentina,LA,1875,2129.5
Argentina,LA,1876,2196.2
Argentina,LA,1877,2262.9
Argentina,LA,1878,2329.6
Argentina,LA,1879,2396.3
Argentina,LA,1880,2463.0
Argentina,LA,1881,2554.5
Argentina,LA,1882,2646.0
Argentina,LA,1883,2737.5
Argentina,LA,1884,2829.0
Argentina,LA,1885,2920.5
Argentina,LA,1886,3012.0
Argentina,LA,1887,3103.5
Argentina,LA,1888,3195.0
Argentina,LA,1889,3286.5
Argentina,LA,1890,3378.0
Argentina,LA,1891,3503.4
Argentina,LA,1892,3628.8
Argentina,LA,1893,3754.2
Argentina,LA,1894,3879.6
Argentina,LA,1895,4005.0
Argentina,LA,1896,4130.4
Argentina,LA,1897,4255.8
Argentina,LA,1898,4381.2
Argentina,LA,1899,4506.6
Argentina,LA,1900,4632.0
Argentina,LA,1901,4852.0
Argentina,LA,1902,5072.0
Argentina,LA,1903,5292.0
Argentina,LA,1904,5512.0
Argentina,LA,1905,5732.0
Argentina,LA,1906,5952.0
Argentina,LA,1907,6172.0
Argentina,LA,1908,6392.0
Argentina,LA,1909,6612.0
Argentina,LA,1910,6832.0
Argentina,LA,1911,7050.0
Argentina,LA,1912,7268.0
Argentina,LA,1913,7486.0
Argentina,LA,1914,7704.0
Argentina,LA,1915,7922.0
Argentina,LA,1916,8140.0
Argentina,LA,1917,8358.0
Argentina,LA,1918,8576.0
Argentina,LA,1919,8794.0
Argentina,LA,1920,9012.0
Argentina,LA,1921,9321.4
Argentina,LA,1922,9630.8
Argentina,LA,1923,9940.2
Argentina,LA,1924,10249.6
Argentina,LA,1925,10559.0
Argentina,LA,1926,10868.4
Argentina,LA,1927,11177.8
Argentina,LA,1928,11487.2
Argentina,LA,1929,11796.6
Argentina,LA,1930,12106.0
Argentina,LA,1931,12319.0
Argentina,LA,1932,12532.0
Argentina,LA,1933,12745.0
Argentina,LA,1934,12958.0
Argentina,LA,1935,13171.0
Argentina,LA,1936,13384.0
Argentina,LA,1937,13597.0
Argentina,LA,1938,13810.0
Argentina,LA,1939,14023.0
Argentina,LA,1940,14236.0
Argentina,LA,1941,14527.4
Argentina,LA,1942,14818.8
Argentina,LA,1943,15110.2
Argentina,LA,1944,15401.6
Argentina,LA,1945,15693.0
Argentina,LA,1946,15984.4
Argentina,LA,1947,16275.8
Argentina,LA,1948,16567.2
Argentina,LA,1949,16858.6
Argentina,LA,1950,17150.0
Argentina,LA,1951,17496.6
Argentina,LA,1952,17843.2
Argentina,LA,1953,18189.8
Argentina,LA,1954,18536.4
Argentina,LA,1955,18883.0
Argentina,LA,1956,19229.6
Argentina,LA,1957,19576.2
Argentina,LA,1958,19922.8
Argentina,LA,1959,20269.4
Argentina,LA,1960,20616.0
Argentina,LA,1961,20950.6
Argentina,LA,1962,21285.2
Argentina,LA,1963,21619.8
Argentina,LA,1964,21954.4
Argentina,LA,1965,22289.0
Argentina,LA,1966,22623.6
Argentina,LA,1967,22958.2
Argentina,LA,1968,23292.8
Argentina,LA,1969,23627.4
Argentina,LA,1970,23962.0
Argentina,LA,1971,24375.2
Argentina,LA,1972,24788.4
Argentina,LA,1973,25201.6
Argentina,LA,1974,25614.8
Argentina,LA,1975,26028.0
Argentina,LA,1976,26441.2
Argentina,LA,1977,26854.4
Argentina,LA,1978,27267.6
Argentina,LA,1979,27680.8
Argentina,LA,1980,28094.0
Argentina,LA,1981,28542.7
Argentina,LA,1982,28991.4
Argentina,LA,1983,29440.1
Argentina,LA,1984,29888.8
Argentina,LA,1985,30337.5
Argentina,LA,1986,30786.2
Argentina,LA,1987,31234.9
Argentina,LA,1988,31683.6
Argentina,LA,1989,32132.3
Argentina,LA,1990,32581.0
Argentina,LA,1991,33012.5
Argentina,LA,1992,33444.0
Argentina,LA,1993,33875.5
Argentina,LA,1994,34307.0
Argentina,LA,1995,34738.5
Argentina,LA,1996,35170.0
Argentina,LA,1997,35601.5
Argentina,LA,1998,36033.0
Argentina,LA,1999,36464.5
Argentina,LA,2000,36896.0
Argentina,LA,2001,37280.2
Argentina,LA,2002,37664.4
Argentina,LA,2003,38048.6
Argentina,LA,2004,38432.8
Argentina,LA,2005,38817.0
Argentina,LA,2006,39201.2
Argentina,LA,2007,39585.4
Argentina,LA,2008,39969.6
Argentina,LA,2009,40353.8
Argentina,LA,2010,40738.0
Argentina,LA,2011,41183.8
Argentina,LA,2012,41629.6
Argentina,LA,2013,42075.4
Argentina,LA,2014,42521.2
Argentina,LA,2015,42967.0
Argentina,LA,2016,43412.8
Argentina,LA,2017,43858.6
Argentina,LA,2018,44304.4
Argentina,LA,2019,44750.2
Argentina,LA,2020,45196.0
Bolivia,LA,1820,1100.0
Bolivia,LA,1821,1108.5
Bolivia,LA,1822,1117.0
Bolivia,LA,1823,1125.5
Bolivia,LA,1824,1134.0
Bolivia,LA,1825,1142.5
Bolivia,LA,1826,1151.0
Bolivia,LA,1827,1159.5
Bolivia,LA,1828,1168.0
Bolivia,LA,1829,1176.5
Bolivia,LA,1830,1185.0
Bolivia,LA,1831,1194.1
Bolivia,LA,1832,1203.2
Bolivia,LA,1833,1212.3
Bolivia,LA,1834,1221.4
Bolivia,LA,1835,1230.5
Bolivia,LA,1836,1239.6
Bolivia,LA,1837,1248.7
Bolivia,LA,1838,1257.8
Bolivia,LA,1839,1266.9
Bolivia,LA,1840,1276.0
Bolivia,LA,1841,1285.8
Bolivia,LA,1842,1295.6
Bolivia,LA,1843,1305.4
Bolivia,LA,1844,1315.2
Bolivia,LA,1845,1325.0
Bolivia,LA,1846,1334.8
Bolivia,LA,1847,1344.6
Bolivia,LA,1848,1354.4
Bolivia,LA,1849,1364.2
Bolivia,LA,1850,1374.0
Bolivia,LA,1851,1379.9
Bolivia,LA,1852,1385.8
Bolivia,LA,1853,1391.7
Bolivia,LA,1854,1397.6
Bolivia,LA,1855,1403.5
Bolivia,LA,1856,1409.4
Bolivia,LA,1857,1415.3
Bolivia,LA,1858,1421.2
Bolivia,LA,1859,1427.1
Bolivia,LA,1860,1433.0
Bolivia,LA,1861,1439.2
Bolivia,LA,1862,1445.4
Bolivia,LA,1863,1451.6
Bolivia,LA,1864,1457.8
Bolivia,LA,1865,1464.0
Bolivia,LA,1866,1470.2
Bolivia,LA,1867,1476.4
Bolivia,LA,1868,1482.6
Bolivia,LA,1869,1488.8
Bolivia,LA,1870,1495.0
Bolivia,LA,1871,1498.3
Bolivia,LA,1872,1501.6
Bolivia,LA,1873,1504.9
Bolivia,LA,1874,1508.2
Bolivia,LA,1875,1511.5
Bolivia,LA,1876,1514.8
Bolivia,LA,1877,1518.1
Bolivia,LA,1878,1521.4
Bolivia,LA,1879,1524.7
Bolivia,LA,1880,1528.0
Bolivia,LA,1881,1531.4
Bolivia,LA,1882,1534.8
Bolivia,LA,1883,1538.2
Bolivia,LA,1884,1541.6
Bolivia,LA,1885,1545.0
Bolivia,LA,1886,1548.4
Bolivia,LA,1887,1551.8
Bolivia,LA,1888,1555.2
Bolivia,LA,1889,1558.6
Bolivia,LA,1890,1562.0
Bolivia,LA,1891,1565.4
Bolivia,LA,1892,1568.8
Bolivia,LA,1893,1572.2
Bolivia,LA,1894,1575.6
Bolivia,LA,1895,1579.0
Bolivia,LA,1896,1582.4
Bolivia,LA,1897,1585.8
Bolivia,LA,1898,1589.2
Bolivia,LA,1899,1592.6
Bolivia,LA,1900,1596.0
Bolivia,LA,1901,1612.2
Bolivia,LA,1902,1628.4
Bolivia,LA,1903,1644.6
Bolivia,LA,1904,1660.8
Bolivia,LA,1905,1677.0
Bolivia,LA,1906,1693.2
Bolivia,LA,1907,1709.4
Bolivia,LA,1908,1725.6
Bolivia,LA,1909,1741.8
Bolivia,LA,1910,1758.0
Bolivia,LA,1911,1775.2
Bolivia,LA,1912,1792.4
Bolivia,LA,1913,1809.6
Bolivia,LA,1914,1826.8
Bolivia,LA,1915,1844.0
Bolivia,LA,1916,1861.2
Bolivia,LA,1917,1878.4
Bolivia,LA,1918,1895.6
Bolivia,LA,1919,1912.8
Bolivia,LA,1920,1930.0
Bolivia,LA,1921,1953.4
Bolivia,LA,1922,1976.8
Bolivia,LA,1923,2000.2
Bolivia,LA,1924,2023.6
Bolivia,LA,1925,2047.0
Bolivia,LA,1926,2070.4
Bolivia,LA,1927,2093.8
Bolivia,LA,1928,2117.2
Bolivia,LA,1929,2140.6
Bolivia,LA,1930,2164.0
Bolivia,LA,1931,2191.0
Bolivia,LA,1932,2218.0
Bolivia,LA,1933,2245.0
Bolivia,LA,1934,2272.0
Bolivia,LA,1935,2299.0
Bolivia,LA,1936,2326.0
Bolivia,LA,1937,2353.0
Bolivia,LA,1938,2380.0
Bolivia,LA,1939,2407.0
Bolivia,LA,1940,2434.0
Bolivia,LA,1941,2462.0
Bolivia,LA,1942,2490.0
Bolivia,LA,1943,2518.0
Bolivia,LA,1944,2546.0
Bolivia,LA,1945,2574.0
Bolivia,LA,1946,2602.0
Bolivia,LA,1947,2630.0
Bolivia,LA,1948,2658.0
Bolivia,LA,1949,2686.0
Bolivia,LA,1950,2714.0
Bolivia,LA,1951,2777.7
Bolivia,LA,1952,2841.4
Bolivia,LA,1953,2905.1
Bolivia,LA,1954,2968.8
Bolivia,LA,1955,3032.5
Bolivia,LA,1956,3096.2
Bolivia,LA,1957,3159.9
Bolivia,LA,1958,3223.6
Bolivia,LA,1959,3287.3
Bolivia,LA,1960,3351.0
Bolivia,LA,1961,3437.1
Bolivia,LA,1962,3523.2
Bolivia,LA,1963,3609.3
Bolivia,LA,1964,3695.4
Bolivia,LA,1965,3781.5
Bolivia,LA,1966,3867.6
Bolivia,LA,1967,3953.7
Bolivia,LA,1968,4039.8
Bolivia,LA,1969,4125.9
Bolivia,LA,1970,4212.0
Bolivia,LA,1971,4326.3
Bolivia,LA,1972,4440.6
Bolivia,LA,1973,4554.9
Bolivia,LA,1974,4669.2
Bolivia,LA,1975,4783.5
Bolivia,LA,1976,4897.8
Bolivia,LA,1977,5012.1
Bolivia,LA,1978,5126.4
Bolivia,LA,1979,5240.7
Bolivia,LA,1980,5355.0
Bolivia,LA,1981,5486.4
Bolivia,LA,1982,5617.8
Bolivia,LA,1983,5749.2
Bolivia,LA,1984,5880.6
Bolivia,LA,1985,6012.0
Bolivia,LA,1986,6143.4
Bolivia,LA,1987,6274.8
Bolivia,LA,1988,6406.2
Bolivia,LA,1989,6537.6
Bolivia,LA,1990,6669.0
Bolivia,LA,1991,6833.8
Bolivia,LA,1992,6998.6
Bolivia,LA,1993,7163.4
Bolivia,LA,1994,7328.2
Bolivia,LA,1995,7493.0
Bolivia,LA,1996,7657.8
Bolivia,LA,1997,7822.6
Bolivia,LA,1998,7987.4
Bolivia,LA,1999,8152.2
Bolivia,LA,2000,8317.0
Bolivia,LA,2001,8488.4
Bolivia,LA,2002,8659.8
Bolivia,LA,2003,8831.2
Bolivia,LA,2004,9002.6
Bolivia,LA,2005,9174.0
Bolivia,LA,2006,9345.4
Bolivia,LA,2007,9516.8
Bolivia,LA,2008,9688.2
Bolivia,LA,2009,9859.6
Bolivia,LA,2010,10031.0
Bolivia,LA,2011,10195.2
Bolivia,LA,2012,10359.4
Bolivia,LA,2013,10523.6
Bolivia,LA,2014,10687.8
Bolivia,LA,2015,10852.0
Bolivia,LA,2016,11016.2
Bolivia,LA,2017,11180.4
Bolivia,LA,2018,11344.6
Bolivia,LA,2019,11508.8
Bolivia,LA,2020,11673.0
Brazil,LA,1820,4507.0
Brazil,LA,1821,4584.0
Brazil,LA,1822,4661.0
Brazil,LA,1823,4738.0
Brazil,LA,1824,4815.0
Brazil,LA,1825,4892.0
Brazil,LA,1826,4969.0
Brazil,LA,1827,5046.0
Brazil,LA,1828,5123.0
Brazil,LA,1829,5200.0
Brazil,LA,1830,5277.0
Brazil,LA,1831,5367.1
Brazil,LA,1832,5457.2
Brazil,LA,1833,5547.3
Brazil,LA,1834,5637.4
Brazil,LA,1835,5727.5
Brazil,LA,1836,5817.6
Brazil,LA,1837,5907.7
Brazil,LA,1838,5997.8
Brazil,LA,1839,6087.9
Brazil,LA,1840,6178.0
Brazil,LA,1841,6283.6
Brazil,LA,1842,6389.2
Brazil,LA,1843,6494.8
Brazil,LA,1844,6600.4
Brazil,LA,1845,6706.0
Brazil,LA,1846,6811.6
Brazil,LA,1847,6917.2
Brazil,LA,1848,7022.8
Brazil,LA,1849,7128.4
Brazil,LA,1850,7234.0
Brazil,LA,1851,7352.4
Brazil,LA,1852,7470.8
Brazil,LA,1853,7589.2
Brazil,LA,1854,7707.6
Brazil,LA,1855,7826.0
Brazil,LA,1856,7944.4
Brazil,LA,1857,8062.8
Brazil,LA,1858,8181.2
Brazil,LA,1859,8299.6
Brazil,LA,1860,8418.0
Brazil,LA,1861,8555.9
Brazil,LA,1862,8693.8
Brazil,LA,1863,8831.7
Brazil,LA,1864,8969.6
Brazil,LA,1865,9107.5
Brazil,LA,1866,9245.4
Brazil,LA,1867,9383.3
Brazil,LA,1868,9521.2
Brazil,LA,1869,9659.1
Brazil,LA,1870,9797.0
Brazil,LA,1871,10030.4
Brazil,LA,1872,10263.8
Brazil,LA,1873,10497.2
Brazil,LA,1874,10730.6
Brazil,LA,1875,10964.0
Brazil,LA,1876,11197.4
Brazil,LA,1877,11430.8
Brazil,LA,1878,11664.2
Brazil,LA,1879,11897.6
Brazil,LA,1880,12131.0
Brazil,LA,1881,12420.0
Brazil,LA,1882,12709.0
Brazil,LA,1883,12998.0
Brazil,LA,1884,13287.0
Brazil,LA,1885,13576.0
Brazil,LA,1886,13865.0
Brazil,LA,1887,14154.0
Brazil,LA,1888,14443.0
Brazil,LA,1889,14732.0
Brazil,LA,1890,15021.0
Brazil,LA,1891,15378.8
Brazil,LA,1892,15736.6
Brazil,LA,1893,16094.4
Brazil,LA,1894,16452.2
Brazil,LA,1895,16810.0
Brazil,LA,1896,17167.8
Brazil,LA,1897,17525.6
Brazil,LA,1898,17883.4
Brazil,LA,1899,18241.2
Brazil,LA,1900,18599.0
Brazil,LA,1901,19037.5
Brazil,LA,1902,19476.0
Brazil,LA,1903,19914.5
Brazil,LA,1904,20353.0
Brazil,LA,1905,20791.5
Brazil,LA,1906,21230.0
Brazil,LA,1907,21668.5
Brazil,LA,1908,22107.0
Brazil,LA,1909,22545.5
Brazil,LA,1910,22984.0
Brazil,LA,1911,23519.9
Brazil,LA,1912,24055.8
Brazil,LA,1913,24591.7
Brazil,LA,1914,25127.6
Brazil,LA,1915,25663.5
Brazil,LA,1916,26199.4
Brazil,LA,1917,26735.3
Brazil,LA,1918,27271.2
Brazil,LA,1919,27807.1
Brazil,LA,1920,28343.0
Brazil,LA,1921,28981.2
Brazil,LA,1922,29619.4
Brazil,LA,1923,30257.6
Brazil,LA,1924,30895.8
Brazil,LA,1925,31534.0
Brazil,LA,1926,32172.2
Brazil,LA,1927,32810.4
Brazil,LA,1928,33448.6
Brazil,LA,1929,34086.8
Brazil,LA,1930,34725.0
Brazil,LA,1931,35504.9
Brazil,LA,1932,36284.8
Brazil,LA,1933,37064.7
Brazil,LA,1934,37844.6
Brazil,LA,1935,38624.5
Brazil,LA,1936,39404.4
Brazil,LA,1937,40184.3
Brazil,LA,1938,40964.2
Brazil,LA,1939,41744.1
Brazil,LA,1940,42524.0
Brazil,LA,1941,43669.1
Brazil,LA,1942,44814.2
Brazil,LA,1943,45959.3
Brazil,LA,1944,47104.4
Brazil,LA,1945,48249.5
Brazil,LA,1946,49394.6
Brazil,LA,1947,50539.7
Brazil,LA,1948,51684.8
Brazil,LA,1949,52829.9
Brazil,LA,1950,53975.0
Brazil,LA,1951,55851.9
Brazil,LA,1952,57728.8
Brazil,LA,1953,59605.7
Brazil,LA,1954,61482.6
Brazil,LA,1955,63359.5
Brazil,LA,1956,65236.4
Brazil,LA,1957,67113.3
Brazil,LA,1958,68990.2
Brazil,LA,1959,70867.1
Brazil,LA,1960,72744.0
Brazil,LA,1961,75068.7
Brazil,LA,1962,77393.4
Brazil,LA,1963,79718.1
Brazil,LA,1964,82042.8
Brazil,LA,1965,84367.5
Brazil,LA,1966,86692.2
Brazil,LA,1967,89016.9
Brazil,LA,1968,91341.6
Brazil,LA,1969,93666.3
Brazil,LA,1970,95991.0
Brazil,LA,1971,98553.7
Brazil,LA,1972,101116.4
Brazil,LA,1973,103679.1
Brazil,LA,1974,106241.8
Brazil,LA,1975,108804.5
Brazil,LA,1976,111367.2
Brazil,LA,1977,113929.9
Brazil,LA,1978,116492.6
Brazil,LA,1979,119055.3
Brazil,LA,1980,121618.0
Brazil,LA,1981,124408.9
Brazil,LA,1982,127199.8
Brazil,LA,1983,129990.7
Brazil,LA,1984,132781.6
Brazil,LA,1985,135572.5
Brazil,LA,1986,138363.4
Brazil,LA,1987,141154.3
Brazil,LA,1988,143945.2
Brazil,LA,1989,146736.1
Brazil,LA,1990,149527.0
Brazil,LA,1991,151991.0
Brazil,LA,1992,154455.0
Brazil,LA,1993,156919.0
Brazil,LA,1994,159383.0
Brazil,LA,1995,161847.0
Brazil,LA,1996,164311.0
Brazil,LA,1997,166775.0
Brazil,LA,1998,169239.0
Brazil,LA,1999,171703.0
Brazil,LA,2000,174167.0
Brazil,LA,2001,176300.1
Brazil,LA,2002,178433.2
Brazil,LA,2003,180566.3
Brazil,LA,2004,182699.4
Brazil,LA,2005,184832.5
Brazil,LA,2006,186965.6
Brazil,LA,2007,189098.7
Brazil,LA,2008,191231.8
Brazil,LA,2009,193364.9
Brazil,LA,2010,195498.0
Brazil,LA,2011,197204.1
Brazil,LA,2012,198910.2
Brazil,LA,2013,200616.3
Brazil,LA,2014,202322.4
Brazil,LA,2015,204028.5
Brazil,LA,2016,205734.6
Brazil,LA,2017,207440.7
Brazil,LA,2018,209146.8
Brazil,LA,2019,210852.9
Brazil,LA,2020,212559.0
Chile,LA,1820,771.0
Chile,LA,1821,790.4
Chile,LA,1822,809.8
Chile,LA,1823,829.2
Chile,LA,1824,848.6
Chile,LA,1825,868.0
Chile,LA,1826,887.4
Chile,LA,1827,906.8
Chile,LA,1828,926.2
Chile,LA,1829,945.6
Chile,LA,1830,965.0
Chile,LA,1831,986.6
Chile,LA,1832,1008.2
Chile,LA,1833,1029.8
Chile,LA,1834,1051.4
Chile,LA,1835,1073.0
Chile,LA,1836,1094.6
Chile,LA,1837,1116.2
Chile,LA,1838,1137.8
Chile,LA,1839,1159.4
Chile,LA,1840,1181.0
Chile,LA,1841,1203.9
Chile,LA,1842,1226.8
Chile,LA,1843,1249.7
Chile,LA,1844,1272.6
Chile,LA,1845,1295.5
Chile,LA,1846,1318.4
Chile,LA,1847,1341.3
Chile,LA,1848,1364.2
Chile,LA,1849,1387.1
Chile,LA,1850,1410.0
Chile,LA,1851,1435.1
Chile,LA,1852,1460.2
Chile,LA,1853,1485.3
Chile,LA,1854,1510.4
Chile,LA,1855,1535.5
Chile,LA,1856,1560.6
Chile,LA,1857,1585.7
Chile,LA,1858,1610.8
Chile,LA,1859,1635.9
Chile,LA,1860,1661.0
Chile,LA,1861,1689.2
Chile,LA,1862,1717.4
Chile,LA,1863,1745.6
Chile,LA,1864,1773.8
Chile,LA,1865,1802.0
Chile,LA,1866,1830.2
Chile,LA,1867,1858.4
Chile,LA,1868,1886.6
Chile,LA,1869,1914.8
Chile,LA,1870,1943.0
Chile,LA,1871,1976.1
Chile,LA,1872,2009.2
Chile,LA,1873,2042.3
Chile,LA,1874,2075.4
Chile,LA,1875,2108.5
Chile,LA,1876,2141.6
Chile,LA,1877,2174.7
Chile,LA,1878,2207.8
Chile,LA,1879,2240.9
Chile,LA,1880,2274.0
Chile,LA,1881,2309.7
Chile,LA,1882,2345.4
Chile,LA,1883,2381.1
Chile,LA,1884,2416.8
Chile,LA,1885,2452.5
Chile,LA,1886,2488.2
Chile,LA,1887,2523.9
Chile,LA,1888,2559.6
Chile,LA,1889,2595.3
Chile,LA,1890,2631.0
Chile,LA,1891,2663.8
Chile,LA,1892,2696.6
Chile,LA,1893,2729.4
Chile,LA,1894,2762.2
Chile,LA,1895,2795.0
Chile,LA,1896,2827.8
Chile,LA,1897,2860.6
Chile,LA,1898,2893.4
Chile,LA,1899,2926.2
Chile,LA,1900,2959.0
Chile,LA,1901,2996.7
Chile,LA,1902,3034.4
Chile,LA,1903,3072.1
Chile,LA,1904,3109.8
Chile,LA,1905,3147.5
Chile,LA,1906,3185.2
Chile,LA,1907,3222.9
Chile,LA,1908,3260.6
Chile,LA,1909,3298.3
Chile,LA,1910,3336.0
Chile,LA,1911,3380.9
Chile,LA,1912,3425.8
Chile,LA,1913,3470.7
Chile,LA,1914,3515.6
Chile,LA,1915,3560.5
Chile,LA,1916,3605.4
Chile,LA,1917,3650.3
Chile,LA,1918,3695.2
Chile,LA,1919,3740.1
Chile,LA,1920,3785.0
Chile,LA,1921,3843.0
Chile,LA,1922,3901.0
Chile,LA,1923,3959.0
Chile,LA,1924,4017.0
Chile,LA,1925,4075.0
Chile,LA,1926,4133.0
Chile,LA,1927,4191.0
Chile,LA,1928,4249.0
Chile,LA,1929,4307.0
Chile,LA,1930,4365.0
Chile,LA,1931,4434.8
Chile,LA,1932,4504.6
Chile,LA,1933,4574.4
Chile,LA,1934,4644.2
Chile,LA,1935,4714.0
Chile,LA,1936,4783.8
Chile,LA,1937,4853.6
Chile,LA,1938,4923.4
Chile,LA,1939,4993.2
Chile,LA,1940,5063.0
Chile,LA,1941,5164.9
Chile,LA,1942,5266.8
Chile,LA,1943,5368.7
Chile,LA,1944,5470.6
Chile,LA,1945,5572.5
Chile,LA,1946,5674.4
Chile,LA,1947,5776.3
Chile,LA,1948,5878.2
Chile,LA,1949,5980.1
Chile,LA,1950,6082.0
Chile,LA,1951,6238.1
Chile,LA,1952,6394.2
Chile,LA,1953,6550.3
Chile,LA,1954,6706.4
Chile,LA,1955,6862.5
Chile,LA,1956,7018.6
Chile,LA,1957,7174.7
Chile,LA,1958,7330.8
Chile,LA,1959,7486.9
Chile,LA,1960,7643.0
Chile,LA,1961,7835.7
Chile,LA,1962,8028.4
Chile,LA,1963,8221.1
Chile,LA,1964,8413.8
Chile,LA,1965,8606.5
Chile,LA,1966,8799.2
Chile,LA,1967,8991.9
Chile,LA,1968,9184.6
Chile,LA,1969,9377.3
Chile,LA,1970,9570.0
Chile,LA,1971,9730.4
Chile,LA,1972,9890.8
Chile,LA,1973,10051.2
Chile,LA,1974,10211.6
Chile,LA,1975,10372.0
Chile,LA,1976,10532.4
Chile,LA,1977,10692.8
Chile,LA,1978,10853.2
Chile,LA,1979,11013.6
Chile,LA,1980,11174.0
Chile,LA,1981,11374.5
Chile,LA,1982,11575.0
Chile,LA,1983,11775.5
Chile,LA,1984,11976.0
Chile,LA,1985,12176.5
Chile,LA,1986,12377.0
Chile,LA,1987,12577.5
Chile,LA,1988,12778.0
Chile,LA,1989,12978.5
Chile,LA,1990,13179.0
Chile,LA,1991,13400.9
Chile,LA,1992,13622.8
Chile,LA,1993,13844.7
Chile,LA,1994,14066.6
Chile,LA,1995,14288.5
Chile,LA,1996,14510.4
Chile,LA,1997,14732.3
Chile,LA,1998,14954.2
Chile,LA,1999,15176.1
Chile,LA,2000,15398.0
Chile,LA,2001,15567.6
Chile,LA,2002,15737.2
Chile,LA,2003,15906.8
Chile,LA,2004,16076.4
Chile,LA,2005,16246.0
Chile,LA,2006,16415.6
Chile,LA,2007,16585.2
Chile,LA,2008,16754.8
Chile,LA,2009,16924.4
Chile,LA,2010,17094.0
Chile,LA,2011,17296.2
Chile,LA,2012,17498.4
Chile,LA,2013,17700.6
Chile,LA,2014,17902.8
Chile,LA,2015,18105.0
Chile,LA,2016,18307.2
Chile,LA,2017,18509.4
Chile,LA,2018,18711.6
Chile,LA,2019,18913.8
Chile,LA,2020,19116.0
Colombia,LA,1820,1206.0
Colombia,LA,1821,1229.7
Colombia,LA,1822,1253.4
Colombia,LA,1823,1277.1
Colombia,LA,1824,1300.8
Colombia,LA,1825,1324.5
Colombia,LA,1826,1348.2
Colombia,LA,1827,1371.9
Colombia,LA,1828,1395.6
Colombia,LA,1829,1419.3
Colombia,LA,1830,1443.0
Colombia,LA,1831,1471.3
Colombia,LA,1832,1499.6
Colombia,LA,1833,1527.9
Colombia,LA,1834,1556.2
Colombia,LA,1835,1584.5
Colombia,LA,1836,1612.8
Colombia,LA,1837,1641.1
Colombia,LA,1838,1669.4
Colombia,LA,1839,1697.7
Colombia,LA,1840,1726.0
Colombia,LA,1841,1759.9
Colombia,LA,1842,1793.8
Colombia,LA,1843,1827.7
Colombia,LA,1844,1861.6
Colombia,LA,1845,1895.5
Colombia,LA,1846,1929.4
Colombia,LA,1847,1963.3
Colombia,LA,1848,1997.2
Colombia,LA,1849,2031.1
Colombia,LA,1850,2065.0
Colombia,LA,1851,2080.7
Colombia,LA,1852,2096.4
Colombia,LA,1853,2112.1
Colombia,LA,1854,2127.8
Colombia,LA,1855,2143.5
Colombia,LA,1856,2159.2
Colombia,LA,1857,2174.9
Colombia,LA,1858,2190.6
Colombia,LA,1859,2206.3
Colombia,LA,1860,2222.0
Colombia,LA,1861,2239.0
Colombia,LA,1862,2256.0
Colombia,LA,1863,2273.0
Colombia,LA,1864,2290.0
Colombia,LA,1865,2307.0
Colombia,LA,1866,2324.0
Colombia,LA,1867,2341.0
Colombia,LA,1868,2358.0
Colombia,LA,1869,2375.0
Colombia,LA,1870,2392.0
Colombia,LA,1871,2439.5
Colombia,LA,1872,2487.0
Colombia,LA,1873,2534.5
Colombia,LA,1874,2582.0
Colombia,LA,1875,2629.5
Colombia,LA,1876,2677.0
Colombia,LA,1877,2724.5
Colombia,LA,1878,2772.0
Colombia,LA,1879,2819.5
Colombia,LA,1880,2867.0
Colombia,LA,1881,2924.0
Colombia,LA,1882,2981.0
Colombia,LA,1883,3038.0
Colombia,LA,1884,3095.0
Colombia,LA,1885,3152.0
Colombia,LA,1886,3209.0
Colombia,LA,1887,3266.0
Colombia,LA,1888,3323.0
Colombia,LA,1889,3380.0
Colombia,LA,1890,3437.0
Colombia,LA,1891,3505.3
Colombia,LA,1892,3573.6
Colombia,LA,1893,3641.9
Colombia,LA,1894,3710.2
Colombia,LA,1895,3778.5
Colombia,LA,1896,3846.8
Colombia,LA,1897,3915.1
Colombia,LA,1898,3983.4
Colombia,LA,1899,4051.7
Colombia,LA,1900,4120.0
Colombia,LA,1901,4217.4
Colombia,LA,1902,4314.8
Colombia,LA,1903,4412.2
Colombia,LA,1904,4509.6
Colombia,LA,1905,4607.0
Colombia,LA,1906,4704.4
Colombia,LA,1907,4801.8
Colombia,LA,1908,4899.2
Colombia,LA,1909,4996.6
Colombia,LA,1910,5094.0
Colombia,LA,1911,5229.6
Colombia,LA,1912,5365.2
Colombia,LA,1913,5500.8
Colombia,LA,1914,5636.4
Colombia,LA,1915,5772.0
Colombia,LA,1916,5907.6
Colombia,LA,1917,6043.2
Colombia,LA,1918,6178.8
Colombia,LA,1919,6314.4
Colombia,LA,1920,6450.0
Colombia,LA,1921,6591.9
Colombia,LA,1922,6733.8
Colombia,LA,1923,6875.7
Colombia,LA,1924,7017.6
Colombia,LA,1925,7159.5
Colombia,LA,1926,7301.4
Colombia,LA,1927,7443.3
Colombia,LA,1928,7585.2
Colombia,LA,1929,7727.1
Colombia,LA,1930,7869.0
Colombia,LA,1931,8045.9
Colombia,LA,1932,8222.8
Colombia,LA,1933,8399.7
Colombia,LA,1934,8576.6
Colombia,LA,1935,8753.5
Colombia,LA,1936,8930.4
Colombia,LA,1937,9107.3
Colombia,LA,1938,9284.2
Colombia,LA,1939,9461.1
Colombia,LA,1940,9638.0
Colombia,LA,1941,9874.2
Colombia,LA,1942,10110.4
Colombia,LA,1943,10346.6
Colombia,LA,1944,10582.8
Colombia,LA,1945,10819.0
Colombia,LA,1946,11055.2
Colombia,LA,1947,11291.4
Colombia,LA,1948,11527.6
Colombia,LA,1949,11763.8
Colombia,LA,1950,12000.0
Colombia,LA,1951,12400.5
Colombia,LA,1952,12801.0
Colombia,LA,1953,13201.5
Colombia,LA,1954,13602.0
Colombia,LA,1955,14002.5
Colombia,LA,1956,14403.0
Colombia,LA,1957,14803.5
Colombia,LA,1958,15204.0
Colombia,LA,1959,15604.5
Colombia,LA,1960,16005.0
Colombia,LA,1961,16537.2
Colombia,LA,1962,17069.4
Colombia,LA,1963,17601.6
Colombia,LA,1964,18133.8
Colombia,LA,1965,18666.0
Colombia,LA,1966,19198.2
Colombia,LA,1967,19730.4
Colombia,LA,1968,20262.6
Colombia,LA,1969,20794.8
Colombia,LA,1970,21327.0
Colombia,LA,1971,21882.4
Colombia,LA,1972,22437.8
Colombia,LA,1973,22993.2
Colombia,LA,1974,23548.6
Colombia,LA,1975,24104.0
Colombia,LA,1976,24659.4
Colombia,LA,1977,25214.8
Colombia,LA,1978,25770.2
Colombia,LA,1979,26325.6
Colombia,LA,1980,26881.0
Colombia,LA,1981,27511.5
Colombia,LA,1982,28142.0
Colombia,LA,1983,28772.5
Colombia,LA,1984,29403.0
Colombia,LA,1985,30033.5
Colombia,LA,1986,30664.0
Colombia,LA,1987,31294.5
Colombia,LA,1988,31925.0
Colombia,LA,1989,32555.5
Colombia,LA,1990,33186.0
Colombia,LA,1991,33843.7
Colombia,LA,1992,34501.4
Colombia,LA,1993,35159.1
Colombia,LA,1994,35816.8
Colombia,LA,1995,36474.5
Colombia,LA,1996,37132.2
Colombia,LA,1997,37789.9
Colombia,LA,1998,38447.6
Colombia,LA,1999,39105.3
Colombia,LA,2000,39763.0
Colombia,LA,2001,40416.6
Colombia,LA,2002,41070.2
Colombia,LA,2003,41723.8
Colombia,LA,2004,42377.4
Colombia,LA,2005,43031.0
Colombia,LA,2006,43684.6
Colombia,LA,2007,44338.2
Colombia,LA,2008,44991.8
Colombia,LA,2009,45645.4
Colombia,LA,2010,46299.0
Colombia,LA,2011,46757.4
Colombia,LA,2012,47215.8
Colombia,LA,2013,47674.2
Colombia,LA,2014,48132.6
Colombia,LA,2015,48591.0
Colombia,LA,2016,49049.4
Colombia,LA,2017,49507.8
Colombia,LA,2018,49966.2
Colombia,LA,2019,50424.6
Colombia,LA,2020,50883.0
Costa Rica,LA,1820,63.0
Costa Rica,LA,1821,64.1
Costa Rica,LA,1822,65.2
Costa Rica,LA,1823,66.3
Costa Rica,LA,1824,67.4
Costa Rica,LA,1825,68.5
Costa Rica,LA,1826,69.6
Costa Rica,LA,1827,70.7
Costa Rica,LA,1828,71.8
Costa Rica,LA,1829,72.9
Costa Rica,LA,1830,74.0
Costa Rica,LA,1831,75.2
Costa Rica,LA,1832,76.4
Costa Rica,LA,1833,77.6
Costa Rica,LA,1834,78.8
Costa Rica,LA,1835,80.0
Costa Rica,LA,1836,81.2
Costa Rica,LA,1837,82.4
Costa Rica,LA,1838,83.6
Costa Rica,LA,1839,84.8
Costa Rica,LA,1840,86.0
Costa Rica,LA,1841,87.5
Costa Rica,LA,1842,89.0
Costa Rica,LA,1843,90.5
Costa Rica,LA,1844,92.0
Costa Rica,LA,1845,93.5
Costa Rica,LA,1846,95.0
Costa Rica,LA,1847,96.5
Costa Rica,LA,1848,98.0
Costa Rica,LA,1849,99.5
Costa Rica,LA,1850,101.0
Costa Rica,LA,1851,102.7
Costa Rica,LA,1852,104.4
Costa Rica,LA,1853,106.1
Costa Rica,LA,1854,107.8
Costa Rica,LA,1855,109.5
Costa Rica,LA,1856,111.2
Costa Rica,LA,1857,112.9
Costa Rica,LA,1858,114.6
Costa Rica,LA,1859,116.3
Costa Rica,LA,1860,118.0
Costa Rica,LA,1861,119.9
Costa Rica,LA,1862,121.8
Costa Rica,LA,1863,123.7
Costa Rica,LA,1864,125.6
Costa Rica,LA,1865,127.5
Costa Rica,LA,1866,129.4
Costa Rica,LA,1867,131.3
Costa Rica,LA,1868,133.2
Costa Rica,LA,1869,135.1
Costa Rica,LA,1870,137.0
Costa Rica,LA,1871,142.4
Costa Rica,LA,1872,147.8
Costa Rica,LA,1873,153.2
Costa Rica,LA,1874,158.6
Costa Rica,LA,1875,164.0
Costa Rica,LA,1876,169.4
Costa Rica,LA,1877,174.8
Costa Rica,LA,1878,180.2
Costa Rica,LA,1879,185.6
Costa Rica,LA,1880,191.0
Costa Rica,LA,1881,198.7
Costa Rica,LA,1882,206.4
Costa Rica,LA,1883,214.1
Costa Rica,LA,1884,221.8
Costa Rica,LA,1885,229.5
Costa Rica,LA,1886,237.2
Costa Rica,LA,1887,244.9
Costa Rica,LA,1888,252.6
Costa Rica,LA,1889,260.3
Costa Rica,LA,1890,268.0
Costa Rica,LA,1891,278.6
Costa Rica,LA,1892,289.2
Costa Rica,LA,1893,299.8
Costa Rica,LA,1894,310.4
Costa Rica,LA,1895,321.0
Costa Rica,LA,1896,331.6
Costa Rica,LA,1897,342.2
Costa Rica,LA,1898,352.8
Costa Rica,LA,1899,363.4
Costa Rica,LA,1900,374.0
Costa Rica,LA,1901,380.1
Costa Rica,LA,1902,386.2
Costa Rica,LA,1903,392.3
Costa Rica,LA,1904,398.4
Costa Rica,LA,1905,404.5
Costa Rica,LA,1906,410.6
Costa Rica,LA,1907,416.7
Costa Rica,LA,1908,422.8
Costa Rica,LA,1909,428.9
Costa Rica,LA,1910,435.0
Costa Rica,LA,1911,442.2
Costa Rica,LA,1912,449.4
Costa Rica,LA,1913,456.6
Costa Rica,LA,1914,463.8
Costa Rica,LA,1915,471.0
Costa Rica,LA,1916,478.2
Costa Rica,LA,1917,485.4
Costa Rica,LA,1918,492.6
Costa Rica,LA,1919,499.8
Costa Rica,LA,1920,507.0
Costa Rica,LA,1921,516.7
Costa Rica,LA,1922,526.4
Costa Rica,LA,1923,536.1
Costa Rica,LA,1924,545.8
Costa Rica,LA,1925,555.5
Costa Rica,LA,1926,565.2
Costa Rica,LA,1927,574.9
Costa Rica,LA,1928,584.6
Costa Rica,LA,1929,594.3
Costa Rica,LA,1930,604.0
Costa Rica,LA,1931,618.5
Costa Rica,LA,1932,633.0
Costa Rica,LA,1933,647.5
Costa Rica,LA,1934,662.0
Costa Rica,LA,1935,676.5
Costa Rica,LA,1936,691.0
Costa Rica,LA,1937,705.5
Costa Rica,LA,1938,720.0
Costa Rica,LA,1939,734.5
Costa Rica,LA,1940,749.0
Costa Rica,LA,1941,770.7
Costa Rica,LA,1942,792.4
Costa Rica,LA,1943,814.1
Costa Rica,LA,1944,835.8
Costa Rica,LA,1945,857.5
Costa Rica,LA,1946,879.2
Costa Rica,LA,1947,900.9
Costa Rica,LA,1948,922.6
Costa Rica,LA,1949,944.3
Costa Rica,LA,1950,966.0
Costa Rica,LA,1951,1002.8
Costa Rica,LA,1952,1039.6
Costa Rica,LA,1953,1076.4
Costa Rica,LA,1954,1113.2
Costa Rica,LA,1955,1150.0
Costa Rica,LA,1956,1186.8
Costa Rica,LA,1957,1223.6
Costa Rica,LA,1958,1260.4
Costa Rica,LA,1959,1297.2
Costa Rica,LA,1960,1334.0
Costa Rica,LA,1961,1382.7
Costa Rica,LA,1962,1431.4
Costa Rica,LA,1963,1480.1
Costa Rica,LA,1964,1528.8
Costa Rica,LA,1965,1577.5
Costa Rica,LA,1966,1626.2
Costa Rica,LA,1967,1674.9
Costa Rica,LA,1968,1723.6
Costa Rica,LA,1969,1772.3
Costa Rica,LA,1970,1821.0
Costa Rica,LA,1971,1873.6
Costa Rica,LA,1972,1926.2
Costa Rica,LA,1973,1978.8
Costa Rica,LA,1974,2031.4
Costa Rica,LA,1975,2084.0
Costa Rica,LA,1976,2136.6
Costa Rica,LA,1977,2189.2
Costa Rica,LA,1978,2241.8
Costa Rica,LA,1979,2294.4
Costa Rica,LA,1980,2347.0
Costa Rica,LA,1981,2419.9
Costa Rica,LA,1982,2492.8
Costa Rica,LA,1983,2565.7
Costa Rica,LA,1984,2638.6
Costa Rica,LA,1985,2711.5
Costa Rica,LA,1986,2784.4
Costa Rica,LA,1987,2857.3
Costa Rica,LA,1988,2930.2
Costa Rica,LA,1989,3003.1
Costa Rica,LA,1990,3076.0
Costa Rica,LA,1991,3161.3
Costa Rica,LA,1992,3246.6
Costa Rica,LA,1993,3331.9
Costa Rica,LA,1994,3417.2
Costa Rica,LA,1995,3502.5
Costa Rica,LA,1996,3587.8
Costa Rica,LA,1997,3673.1
Costa Rica,LA,1998,3758.4
Costa Rica,LA,1999,3843.7
Costa Rica,LA,2000,3929.0
Costa Rica,LA,2001,3995.1
Costa Rica,LA,2002,4061.2
Costa Rica,LA,2003,4127.3
Costa Rica,LA,2004,4193.4
Costa Rica,LA,2005,4259.5
Costa Rica,LA,2006,4325.6
Costa Rica,LA,2007,4391.7
Costa Rica,LA,2008,4457.8
Costa Rica,LA,2009,4523.9
Costa Rica,LA,2010,4590.0
Costa Rica,LA,2011,4640.4
Costa Rica,LA,2012,4690.8
Costa Rica,LA,2013,4741.2
Costa Rica,LA,2014,4791.6
Costa Rica,LA,2015,4842.0
Costa Rica,LA,2016,4892.4
Costa Rica,LA,2017,4942.8
Costa Rica,LA,2018,4993.2
Costa Rica,LA,2019,5043.6
Costa Rica,LA,2020,5094.0
Cuba,LA,1820,605.0
Cuba,LA,1821,620.2
Cuba,LA,1822,635.4
Cuba,LA,1823,650.6
Cuba,LA,1824,665.8
Cuba,LA,1825,681.0
Cuba,LA,1826,696.2
Cuba,LA,1827,711.4
Cuba,LA,1828,726.6
Cuba,LA,1829,741.8
Cuba,LA,1830,757.0
Cuba,LA,1831,776.1
Cuba,LA,1832,795.2
Cuba,LA,1833,814.3
Cuba,LA,1834,833.4
Cuba,LA,1835,852.5
Cuba,LA,1836,871.6
Cuba,LA,1837,890.7
Cuba,LA,1838,909.8
Cuba,LA,1839,928.9
Cuba,LA,1840,948.0
Cuba,LA,1841,971.8
Cuba,LA,1842,995.6
Cuba,LA,1843,1019.4
Cuba,LA,1844,1043.2
Cuba,LA,1845,1067.0
Cuba,LA,1846,1090.8
Cuba,LA,1847,1114.6
Cuba,LA,1848,1138.4
Cuba,LA,1849,1162.2
Cuba,LA,1850,1186.0
Cuba,LA,1851,1193.0
Cuba,LA,1852,1200.0
Cuba,LA,1853,1207.0
Cuba,LA,1854,1214.0
Cuba,LA,1855,1221.0
Cuba,LA,1856,1228.0
Cuba,LA,1857,1235.0
Cuba,LA,1858,1242.0
Cuba,LA,1859,1249.0
Cuba,LA,1860,1256.0
Cuba,LA,1861,1263.5
Cuba,LA,1862,1271.0
Cuba,LA,1863,1278.5
Cuba,LA,1864,1286.0
Cuba,LA,1865,1293.5
Cuba,LA,1866,1301.0
Cuba,LA,1867,1308.5
Cuba,LA,1868,1316.0
Cuba,LA,1869,1323.5
Cuba,LA,1870,1331.0
Cuba,LA,1871,1342.8
Cuba,LA,1872,1354.6
Cuba,LA,1873,1366.4
Cuba,LA,1874,1378.2
Cuba,LA,1875,1390.0
Cuba,LA,1876,1401.8
Cuba,LA,1877,1413.6
Cuba,LA,1878,1425.4
Cuba,LA,1879,1437.2
Cuba,LA,1880,1449.0
Cuba,LA,1881,1461.9
Cuba,LA,1882,1474.8
Cuba,LA,1883,1487.7
Cuba,LA,1884,1500.6
Cuba,LA,1885,1513.5
Cuba,LA,1886,1526.4
Cuba,LA,1887,1539.3
Cuba,LA,1888,1552.2
Cuba,LA,1889,1565.1
Cuba,LA,1890,1578.0
Cuba,LA,1891,1592.1
Cuba,LA,1892,1606.2
Cuba,LA,1893,1620.3
Cuba,LA,1894,1634.4
Cuba,LA,1895,1648.5
Cuba,LA,1896,1662.6
Cuba,LA,1897,1676.7
Cuba,LA,1898,1690.8
Cuba,LA,1899,1704.9
Cuba,LA,1900,1719.0
Cuba,LA,1901,1785.6
Cuba,LA,1902,1852.2
Cuba,LA,1903,1918.8
Cuba,LA,1904,1985.4
Cuba,LA,1905,2052.0
Cuba,LA,1906,2118.6
Cuba,LA,1907,2185.2
Cuba,LA,1908,2251.8
Cuba,LA,1909,2318.4
Cuba,LA,1910,2385.0
Cuba,LA,1911,2468.8
Cuba,LA,1912,2552.6
Cuba,LA,1913,2636.4
Cuba,LA,1914,2720.2
Cuba,LA,1915,2804.0
Cuba,LA,1916,2887.8
Cuba,LA,1917,2971.6
Cuba,LA,1918,3055.4
Cuba,LA,1919,3139.2
Cuba,LA,1920,3223.0
Cuba,LA,1921,3292.9
Cuba,LA,1922,3362.8
Cuba,LA,1923,3432.7
Cuba,LA,1924,3502.6
Cuba,LA,1925,3572.5
Cuba,LA,1926,3642.4
Cuba,LA,1927,3712.3
Cuba,LA,1928,3782.2
Cuba,LA,1929,3852.1
Cuba,LA,1930,3922.0
Cuba,LA,1931,3990.7
Cuba,LA,1932,4059.4
Cuba,LA,1933,4128.1
Cuba,LA,1934,4196.8
Cuba,LA,1935,4265.5
Cuba,LA,1936,4334.2
Cuba,LA,1937,4402.9
Cuba,LA,1938,4471.6
Cuba,LA,1939,4540.3
Cuba,LA,1940,4609.0
Cuba,LA,1941,4740.1
Cuba,LA,1942,4871.2
Cuba,LA,1943,5002.3
Cuba,LA,1944,5133.4
Cuba,LA,1945,5264.5
Cuba,LA,1946,5395.6
Cuba,LA,1947,5526.7
Cuba,LA,1948,5657.8
Cuba,LA,1949,5788.9
Cuba,LA,1950,5920.0
Cuba,LA,1951,6042.1
Cuba,LA,1952,6164.2
Cuba,LA,1953,6286.3
Cuba,LA,1954,6408.4
Cuba,LA,1955,6530.5
Cuba,LA,1956,6652.6
Cuba,LA,1957,6774.7
Cuba,LA,1958,6896.8
Cuba,LA,1959,7018.9
Cuba,LA,1960,7141.0
Cuba,LA,1961,7297.9
Cuba,LA,1962,7454.8
Cuba,LA,1963,7611.7
Cuba,LA,1964,7768.6
Cuba,LA,1965,7925.5
Cuba,LA,1966,8082.4
Cuba,LA,1967,8239.3
Cuba,LA,1968,8396.2
Cuba,LA,1969,8553.1
Cuba,LA,1970,8710.0
Cuba,LA,1971,8821.3
Cuba,LA,1972,8932.6
Cuba,LA,1973,9043.9
Cuba,LA,1974,9155.2
Cuba,LA,1975,9266.5
Cuba,LA,1976,9377.8
Cuba,LA,1977,9489.1
Cuba,LA,1978,9600.4
Cuba,LA,1979,9711.7
Cuba,LA,1980,9823.0
Cuba,LA,1981,9897.1
Cuba,LA,1982,9971.2
Cuba,LA,1983,10045.3
Cuba,LA,1984,10119.4
Cuba,LA,1985,10193.5
Cuba,LA,1986,10267.6
Cuba,LA,1987,10341.7
Cuba,LA,1988,10415.8
Cuba,LA,1989,10489.9
Cuba,LA,1990,10564.0
Cuba,LA,1991,10615.1
Cuba,LA,1992,10666.2
Cuba,LA,1993,10717.3
Cuba,LA,1994,10768.4
Cuba,LA,1995,10819.5
Cuba,LA,1996,10870.6
Cuba,LA,1997,10921.7
Cuba,LA,1998,10972.8
Cuba,LA,1999,11023.9
Cuba,LA,2000,11075.0
Cuba,LA,2001,11087.8
Cuba,LA,2002,11100.6
Cuba,LA,2003,11113.4
Cuba,LA,2004,11126.2
Cuba,LA,2005,11139.0
Cuba,LA,2006,11151.8
Cuba,LA,2007,11164.6
Cuba,LA,2008,11177.4
Cuba,LA,2009,11190.2
Cuba,LA,2010,11203.0
Cuba,LA,2011,11215.4
Cuba,LA,2012,11227.8
Cuba,LA,2013,11240.2
Cuba,LA,2014,11252.6
Cuba,LA,2015,11265.0
Cuba,LA,2016,11277.4
Cuba,LA,2017,11289.8
Cuba,LA,2018,11302.2
Cuba,LA,2019,11314.6
Cuba,LA,2020,11327.0
Dominican Rep.,LA,1820,89.0
Dominican Rep.,LA,1821,90.6
Dominican Rep.,LA,1822,92.2
Dominican Rep.,LA,1823,93.8
Dominican Rep.,LA,1824,95.4
Dominican Rep.,LA,1825,97.0
Dominican Rep.,LA,1826,98.6
Dominican Rep.,LA,1827,100.2
Dominican Rep.,LA,1828,101.8
Dominican Rep.,LA,1829,103.4
Dominican Rep.,LA,1830,105.0
Dominican Rep.,LA,1831,106.9
Dominican Rep.,LA,1832,108.8
Dominican Rep.,LA,1833,110.7
Dominican Rep.,LA,1834,112.6
Dominican Rep.,LA,1835,114.5
Dominican Rep.,LA,1836,116.4
Dominican Rep.,LA,1837,118.3
Dominican Rep.,LA,1838,120.2
Dominican Rep.,LA,1839,122.1
Dominican Rep.,LA,1840,124.0
Dominican Rep.,LA,1841,126.2
Dominican Rep.,LA,1842,128.4
Dominican Rep.,LA,1843,130.6
Dominican Rep.,LA,1844,132.8
Dominican Rep.,LA,1845,135.0
Dominican Rep.,LA,1846,137.2
Dominican Rep.,LA,1847,139.4
Dominican Rep.,LA,1848,141.6
Dominican Rep.,LA,1849,143.8
Dominican Rep.,LA,1850,146.0
Dominican Rep.,LA,1851,150.2
Dominican Rep.,LA,1852,154.4
Dominican Rep.,LA,1853,158.6
Dominican Rep.,LA,1854,162.8
Dominican Rep.,LA,1855,167.0
Dominican Rep.,LA,1856,171.2
Dominican Rep.,LA,1857,175.4
Dominican Rep.,LA,1858,179.6
Dominican Rep.,LA,1859,183.8
Dominican Rep.,LA,1860,188.0
Dominican Rep.,LA,1861,193.4
Dominican Rep.,LA,1862,198.8
Dominican Rep.,LA,1863,204.2
Dominican Rep.,LA,1864,209.6
Dominican Rep.,LA,1865,215.0
Dominican Rep.,LA,1866,220.4
Dominican Rep.,LA,1867,225.8
Dominican Rep.,LA,1868,231.2
Dominican Rep.,LA,1869,236.6
Dominican Rep.,LA,1870,242.0
Dominican Rep.,LA,1871,251.1
Dominican Rep.,LA,1872,260.2
Dominican Rep.,LA,1873,269.3
Dominican Rep.,LA,1874,278.4
Dominican Rep.,LA,1875,287.5
Dominican Rep.,LA,1876,296.6
Dominican Rep.,LA,1877,305.7
Dominican Rep.,LA,1878,314.8
Dominican Rep.,LA,1879,323.9
Dominican Rep.,LA,1880,333.0
Dominican Rep.,LA,1881,345.6
Dominican Rep.,LA,1882,358.2
Dominican Rep.,LA,1883,370.8
Dominican Rep.,LA,1884,383.4
Dominican Rep.,LA,1885,396.0
Dominican Rep.,LA,1886,408.6
Dominican Rep.,LA,1887,421.2
Dominican Rep.,LA,1888,433.8
Dominican Rep.,LA,1889,446.4
Dominican Rep.,LA,1890,459.0
Dominican Rep.,LA,1891,476.4
Dominican Rep.,LA,1892,493.8
Dominican Rep.,LA,1893,511.2
Dominican Rep.,LA,1894,528.6
Dominican Rep.,LA,1895,546.0
Dominican Rep.,LA,1896,563.4
Dominican Rep.,LA,1897,580.8
Dominican Rep.,LA,1898,598.2
Dominican Rep.,LA,1899,615.6
Dominican Rep.,LA,1900,633.0
Dominican Rep.,LA,1901,647.8
Dominican Rep.,LA,1902,662.6
Dominican Rep.,LA,1903,677.4
Dominican Rep.,LA,1904,692.2
Dominican Rep.,LA,1905,707.0
Dominican Rep.,LA,1906,721.8
Dominican Rep.,LA,1907,736.6
Dominican Rep.,LA,1908,751.4
Dominican Rep.,LA,1909,766.2
Dominican Rep.,LA,1910,781.0
Dominican Rep.,LA,1911,795.8
Dominican Rep.,LA,1912,810.6
Dominican Rep.,LA,1913,825.4
Dominican Rep.,LA,1914,840.2
Dominican Rep.,LA,1915,855.0
Dominican Rep.,LA,1916,869.8
Dominican Rep.,LA,1917,884.6
Dominican Rep.,LA,1918,899.4
Dominican Rep.,LA,1919,914.2
Dominican Rep.,LA,1920,929.0
Dominican Rep.,LA,1921,969.1
Dominican Rep.,LA,1922,1009.2
Dominican Rep.,LA,1923,1049.3
Dominican Rep.,LA,1924,1089.4
Dominican Rep.,LA,1925,1129.5
Dominican Rep.,LA,1926,1169.6
Dominican Rep.,LA,1927,1209.7
Dominican Rep.,LA,1928,1249.8
Dominican Rep.,LA,1929,1289.9
Dominican Rep.,LA,1930,1330.0
Dominican Rep.,LA,1931,1382.8
Dominican Rep.,LA,1932,1435.6
Dominican Rep.,LA,1933,1488.4
Dominican Rep.,LA,1934,1541.2
Dominican Rep.,LA,1935,1594.0
Dominican Rep.,LA,1936,1646.8
Dominican Rep.,LA,1937,1699.6
Dominican Rep.,LA,1938,1752.4
Dominican Rep.,LA,1939,1805.2
Dominican Rep.,LA,1940,1858.0
Dominican Rep.,LA,1941,1908.7
Dominican Rep.,LA,1942,1959.4
Dominican Rep.,LA,1943,2010.1
Dominican Rep.,LA,1944,2060.8
Dominican Rep.,LA,1945,2111.5
Dominican Rep.,LA,1946,2162.2
Dominican Rep.,LA,1947,2212.9
Dominican Rep.,LA,1948,2263.6
Dominican Rep.,LA,1949,2314.3
Dominican Rep.,LA,1950,2365.0
Dominican Rep.,LA,1951,2457.9
Dominican Rep.,LA,1952,2550.8
Dominican Rep.,LA,1953,2643.7
Dominican Rep.,LA,1954,2736.6
Dominican Rep.,LA,1955,2829.5
Dominican Rep.,LA,1956,2922.4
Dominican Rep.,LA,1957,3015.3
Dominican Rep.,LA,1958,3108.2
Dominican Rep.,LA,1959,3201.1
Dominican Rep.,LA,1960,3294.0
Dominican Rep.,LA,1961,3414.8
Dominican Rep.,LA,1962,3535.6
Dominican Rep.,LA,1963,3656.4
Dominican Rep.,LA,1964,3777.2
Dominican Rep.,LA,1965,3898.0
Dominican Rep.,LA,1966,4018.8
Dominican Rep.,LA,1967,4139.6
Dominican Rep.,LA,1968,4260.4
Dominican Rep.,LA,1969,4381.2
Dominican Rep.,LA,1970,4502.0
Dominican Rep.,LA,1971,4632.6
Dominican Rep.,LA,1972,4763.2
Dominican Rep.,LA,1973,4893.8
Dominican Rep.,LA,1974,5024.4
Dominican Rep.,LA,1975,5155.0
Dominican Rep.,LA,1976,5285.6
Dominican Rep.,LA,1977,5416.2
Dominican Rep.,LA,1978,5546.8
Dominican Rep.,LA,1979,5677.4
Dominican Rep.,LA,1980,5808.0
Dominican Rep.,LA,1981,5945.1
Dominican Rep.,LA,1982,6082.2
Dominican Rep.,LA,1983,6219.3
Dominican Rep.,LA,1984,6356.4
Dominican Rep.,LA,1985,6493.5
Dominican Rep.,LA,1986,6630.6
Dominican Rep.,LA,1987,6767.7
Dominican Rep.,LA,1988,6904.8
Dominican Rep.,LA,1989,7041.9
Dominican Rep.,LA,1990,7179.0
Dominican Rep.,LA,1991,7317.1
Dominican Rep.,LA,1992,7455.2
Dominican Rep.,LA,1993,7593.3
Dominican Rep.,LA,1994,7731.4
Dominican Rep.,LA,1995,7869.5
Dominican Rep.,LA,1996,8007.6
Dominican Rep.,LA,1997,8145.7
Dominican Rep.,LA,1998,8283.8
Dominican Rep.,LA,1999,8421.9
Dominican Rep.,LA,2000,8560.0
Dominican Rep.,LA,2001,8693.9
Dominican Rep.,LA,2002,8827.8
Dominican Rep.,LA,2003,8961.7
Dominican Rep.,LA,2004,9095.6
Dominican Rep.,LA,2005,9229.5
Dominican Rep.,LA,2006,9363.4
Dominican Rep.,LA,2007,9497.3
Dominican Rep.,LA,2008,9631.2
Dominican Rep.,LA,2009,9765.1
Dominican Rep.,LA,2010,9899.0
Dominican Rep.,LA,2011,9993.9
Dominican Rep.,LA,2012,10088.8
Dominican Rep.,LA,2013,10183.7
Dominican Rep.,LA,2014,10278.6
Dominican Rep.,LA,2015,10373.5
Dominican Rep.,LA,2016,10468.4
Dominican Rep.,LA,2017,10563.3
Dominican Rep.,LA,2018,10658.2
Dominican Rep.,LA,2019,10753.1
Dominican Rep.,LA,2020,10848.0
Ecuador,LA,1820,500.0
Ecuador,LA,1821,508.9
Ecuador,LA,1822,517.8
Ecuador,LA,1823,526.7
Ecuador,LA,1824,535.6
Ecuador,LA,1825,544.5
Ecuador,LA,1826,553.4
Ecuador,LA,1827,562.3
Ecuador,LA,1828,571.2
Ecuador,LA,1829,580.1
Ecuador,LA,1830,589.0
Ecuador,LA,1831,599.4
Ecuador,LA,1832,609.8
Ecuador,LA,1833,620.2
Ecuador,LA,1834,630.6
Ecuador,LA,1835,641.0
Ecuador,LA,1836,651.4
Ecuador,LA,1837,661.8
Ecuador,LA,1838,672.2
Ecuador,LA,1839,682.6
Ecuador,LA,1840,693.0
Ecuador,LA,1841,705.3
Ecuador,LA,1842,717.6
Ecuador,LA,1843,729.9
Ecuador,LA,1844,742.2
Ecuador,LA,1845,754.5
Ecuador,LA,1846,766.8
Ecuador,LA,1847,779.1
Ecuador,LA,1848,791.4
Ecuador,LA,1849,803.7
Ecuador,LA,1850,816.0
Ecuador,LA,1851,825.3
Ecuador,LA,1852,834.6
Ecuador,LA,1853,843.9
Ecuador,LA,1854,853.2
Ecuador,LA,1855,862.5
Ecuador,LA,1856,871.8
Ecuador,LA,1857,881.1
Ecuador,LA,1858,890.4
Ecuador,LA,1859,899.7
Ecuador,LA,1860,909.0
Ecuador,LA,1861,919.4
Ecuador,LA,1862,929.8
Ecuador,LA,1863,940.2
Ecuador,LA,1864,950.6
Ecuador,LA,1865,961.0
Ecuador,LA,1866,971.4
Ecuador,LA,1867,981.8
Ecuador,LA,1868,992.2
Ecuador,LA,1869,1002.6
Ecuador,LA,1870,1013.0
Ecuador,LA,1871,1023.9
Ecuador,LA,1872,1034.8
Ecuador,LA,1873,1045.7
Ecuador,LA,1874,1056.6
Ecuador,LA,1875,1067.5
Ecuador,LA,1876,1078.4
Ecuador,LA,1877,1089.3
Ecuador,LA,1878,1100.2
Ecuador,LA,1879,1111.1
Ecuador,LA,1880,1122.0
Ecuador,LA,1881,1134.0
Ecuador,LA,1882,1146.0
Ecuador,LA,1883,1158.0
Ecuador,LA,1884,1170.0
Ecuador,LA,1885,1182.0
Ecuador,LA,1886,1194.0
Ecuador,LA,1887,1206.0
Ecuador,LA,1888,1218.0
Ecuador,LA,1889,1230.0
Ecuador,LA,1890,1242.0
Ecuador,LA,1891,1255.4
Ecuador,LA,1892,1268.8
Ecuador,LA,1893,1282.2
Ecuador,LA,1894,1295.6
Ecuador,LA,1895,1309.0
Ecuador,LA,1896,1322.4
Ecuador,LA,1897,1335.8
Ecuador,LA,1898,1349.2
Ecuador,LA,1899,1362.6
Ecuador,LA,1900,1376.0
Ecuador,LA,1901,1388.7
Ecuador,LA,1902,1401.4
Ecuador,LA,1903,1414.1
Ecuador,LA,1904,1426.8
Ecuador,LA,1905,1439.5
Ecuador,LA,1906,1452.2
Ecuador,LA,1907,1464.9
Ecuador,LA,1908,1477.6
Ecuador,LA,1909,1490.3
Ecuador,LA,1910,1503.0
Ecuador,LA,1911,1515.7
Ecuador,LA,1912,1528.4
Ecuador,LA,1913,1541.1
Ecuador,LA,1914,1553.8
Ecuador,LA,1915,1566.5
Ecuador,LA,1916,1579.2
Ecuador,LA,1917,1591.9
Ecuador,LA,1918,1604.6
Ecuador,LA,1919,1617.3
Ecuador,LA,1920,1630.0
Ecuador,LA,1921,1672.3
Ecuador,LA,1922,1714.6
Ecuador,LA,1923,1756.9
Ecuador,LA,1924,1799.2
Ecuador,LA,1925,1841.5
Ecuador,LA,1926,1883.8
Ecuador,LA,1927,1926.1
Ecuador,LA,1928,1968.4
Ecuador,LA,1929,2010.7
Ecuador,LA,1930,2053.0
Ecuador,LA,1931,2109.1
Ecuador,LA,1932,2165.2
Ecuador,LA,1933,2221.3
Ecuador,LA,1934,2277.4
Ecuador,LA,1935,2333.5
Ecuador,LA,1936,2389.6
Ecuador,LA,1937,2445.7
Ecuador,LA,1938,2501.8
Ecuador,LA,1939,2557.9
Ecuador,LA,1940,2614.0
Ecuador,LA,1941,2691.3
Ecuador,LA,1942,2768.6
Ecuador,LA,1943,2845.9
Ecuador,LA,1944,2923.2
Ecuador,LA,1945,3000.5
Ecuador,LA,1946,3077.8
Ecuador,LA,1947,3155.1
Ecuador,LA,1948,3232.4
Ecuador,LA,1949,3309.7
Ecuador,LA,1950,3387.0
Ecuador,LA,1951,3492.2
Ecuador,LA,1952,3597.4
Ecuador,LA,1953,3702.6
Ecuador,LA,1954,3807.8
Ecuador,LA,1955,3913.0
Ecuador,LA,1956,4018.2
Ecuador,LA,1957,4123.4
Ecuador,LA,1958,4228.6
Ecuador,LA,1959,4333.8
Ecuador,LA,1960,4439.0
Ecuador,LA,1961,4592.1
Ecuador,LA,1962,4745.2
Ecuador,LA,1963,4898.3
Ecuador,LA,1964,5051.4
Ecuador,LA,1965,5204.5
Ecuador,LA,1966,5357.6
Ecuador,LA,1967,5510.7
Ecuador,LA,1968,5663.8
Ecuador,LA,1969,5816.9
Ecuador,LA,1970,5970.0
Ecuador,LA,1971,6169.1
Ecuador,LA,1972,6368.2
Ecuador,LA,1973,6567.3
Ecuador,LA,1974,6766.4
Ecuador,LA,1975,6965.5
Ecuador,LA,1976,7164.6
Ecuador,LA,1977,7363.7
Ecuador,LA,1978,7562.8
Ecuador,LA,1979,7761.9
Ecuador,LA,1980,7961.0
Ecuador,LA,1981,8192.1
Ecuador,LA,1982,8423.2
Ecuador,LA,1983,8654.3
Ecuador,LA,1984,8885.4
Ecuador,LA,1985,9116.5
Ecuador,LA,1986,9347.6
Ecuador,LA,1987,9578.7
Ecuador,LA,1988,9809.8
Ecuador,LA,1989,10040.9
Ecuador,LA,1990,10272.0
Ecuador,LA,1991,10475.3
Ecuador,LA,1992,10678.6
Ecuador,LA,1993,10881.9
Ecuador,LA,1994,11085.2
Ecuador,LA,1995,11288.5
Ecuador,LA,1996,11491.8
Ecuador,LA,1997,11695.1
Ecuador,LA,1998,11898.4
Ecuador,LA,1999,12101.7
Ecuador,LA,2000,12305.0
Ecuador,LA,2001,12544.5
Ecuador,LA,2002,12784.0
Ecuador,LA,2003,13023.5
Ecuador,LA,2004,13263.0
Ecuador,LA,2005,13502.5
Ecuador,LA,2006,13742.0
Ecuador,LA,2007,13981.5
Ecuador,LA,2008,14221.0
Ecuador,LA,2009,14460.5
Ecuador,LA,2010,14700.0
Ecuador,LA,2011,14994.3
Ecuador,LA,2012,15288.6
Ecuador,LA,2013,15582.9
Ecuador,LA,2014,15877.2
Ecuador,LA,2015,16171.5
Ecuador,LA,2016,16465.8
Ecuador,LA,2017,16760.1
Ecuador,LA,2018,17054.4
Ecuador,LA,2019,17348.7
Ecuador,LA,2020,17643.0
El Salvador,LA,1820,248.0
El Salvador,LA,1821,251.4
El Salvador,LA,1822,254.8
El Salvador,LA,1823,258.2
El Salvador,LA,1824,261.6
El Salvador,LA,1825,265.0
El Salvador,LA,1826,268.4
El Salvador,LA,1827,271.8
El Salvador,LA,1828,275.2
El Salvador,LA,1829,278.6
El Salvador,LA,1830,282.0
El Salvador,LA,1831,285.9
El Salvador,LA,1832,289.8
El Salvador,LA,1833,293.7
El Salvador,LA,1834,297.6
El Salvador,LA,1835,301.5
El Salvador,LA,1836,305.4
El Salvador,LA,1837,309.3
El Salvador,LA,1838,313.2
El Salvador,LA,1839,317.1
El Salvador,LA,1840,321.0
El Salvador,LA,1841,325.5
El Salvador,LA,1842,330.0
El Salvador,LA,1843,334.5
El Salvador,LA,1844,339.0
El Salvador,LA,1845,343.5
El Salvador,LA,1846,348.0
El Salvador,LA,1847,352.5
El Salvador,LA,1848,357.0
El Salvador,LA,1849,361.5
El Salvador,LA,1850,366.0
El Salvador,LA,1851,371.8
El Salvador,LA,1852,377.6
El Salvador,LA,1853,383.4
El Salvador,LA,1854,389.2
El Salvador,LA,1855,395.0
El Salvador,LA,1856,400.8
El Salvador,LA,1857,406.6
El Salvador,LA,1858,412.4
El Salvador,LA,1859,418.2
El Salvador,LA,1860,424.0
El Salvador,LA,1861,430.8
El Salvador,LA,1862,437.6
El Salvador,LA,1863,444.4
El Salvador,LA,1864,451.2
El Salvador,LA,1865,458.0
El Salvador,LA,1866,464.8
El Salvador,LA,1867,471.6
El Salvador,LA,1868,478.4
El Salvador,LA,1869,485.2
El Salvador,LA,1870,492.0
El Salvador,LA,1871,504.0
El Salvador,LA,1872,516.0
El Salvador,LA,1873,528.0
El Salvador,LA,1874,540.0
El Salvador,LA,1875,552.0
El Salvador,LA,1876,564.0
El Salvador,LA,1877,576.0
El Salvador,LA,1878,588.0
El Salvador,LA,1879,600.0
El Salvador,LA,1880,612.0
El Salvador,LA,1881,626.9
El Salvador,LA,1882,641.8
El Salvador,LA,1883,656.7
El Salvador,LA,1884,671.6
El Salvador,LA,1885,686.5
El Salvador,LA,1886,701.4
El Salvador,LA,1887,716.3
El Salvador,LA,1888,731.2
El Salvador,LA,1889,746.1
El Salvador,LA,1890,761.0
El Salvador,LA,1891,779.5
El Salvador,LA,1892,798.0
El Salvador,LA,1893,816.5
El Salvador,LA,1894,835.0
El Salvador,LA,1895,853.5
El Salvador,LA,1896,872.0
El Salvador,LA,1897,890.5
El Salvador,LA,1898,909.0
El Salvador,LA,1899,927.5
El Salvador,LA,1900,946.0
El Salvador,LA,1901,968.5
El Salvador,LA,1902,991.0
El Salvador,LA,1903,1013.5
El Salvador,LA,1904,1036.0
El Salvador,LA,1905,1058.5
El Salvador,LA,1906,1081.0
El Salvador,LA,1907,1103.5
El Salvador,LA,1908,1126.0
El Salvador,LA,1909,1148.5
El Salvador,LA,1910,1171.0
El Salvador,LA,1911,1192.3
El Salvador,LA,1912,1213.6
El Salvador,LA,1913,1234.9
El Salvador,LA,1914,1256.2
El Salvador,LA,1915,1277.5
El Salvador,LA,1916,1298.8
El Salvador,LA,1917,1320.1
El Salvador,LA,1918,1341.4
El Salvador,LA,1919,1362.7
El Salvador,LA,1920,1384.0
El Salvador,LA,1921,1415.9
El Salvador,LA,1922,1447.8
El Salvador,LA,1923,1479.7
El Salvador,LA,1924,1511.6
El Salvador,LA,1925,1543.5
El Salvador,LA,1926,1575.4
El Salvador,LA,1927,1607.3
El Salvador,LA,1928,1639.2
El Salvador,LA,1929,1671.1
El Salvador,LA,1930,1703.0
El Salvador,LA,1931,1725.5
El Salvador,LA,1932,1748.0
El Salvador,LA,1933,1770.5
El Salvador,LA,1934,1793.0
El Salvador,LA,1935,1815.5
El Salvador,LA,1936,1838.0
El Salvador,LA,1937,1860.5
El Salvador,LA,1938,1883.0
El Salvador,LA,1939,1905.5
El Salvador,LA,1940,1928.0
El Salvador,LA,1941,1955.2
El Salvador,LA,1942,1982.4
El Salvador,LA,1943,2009.6
El Salvador,LA,1944,2036.8
El Salvador,LA,1945,2064.0
El Salvador,LA,1946,2091.2
El Salvador,LA,1947,2118.4
El Salvador,LA,1948,2145.6
El Salvador,LA,1949,2172.8
El Salvador,LA,1950,2200.0
El Salvador,LA,1951,2257.3
El Salvador,LA,1952,2314.6
El Salvador,LA,1953,2371.9
El Salvador,LA,1954,2429.2
El Salvador,LA,1955,2486.5
El Salvador,LA,1956,2543.8
El Salvador,LA,1957,2601.1
El Salvador,LA,1958,2658.4
El Salvador,LA,1959,2715.7
El Salvador,LA,1960,2773.0
El Salvador,LA,1961,2869.7
El Salvador,LA,1962,2966.4
El Salvador,LA,1963,3063.1
El Salvador,LA,1964,3159.8
El Salvador,LA,1965,3256.5
El Salvador,LA,1966,3353.2
El Salvador,LA,1967,3449.9
El Salvador,LA,1968,3546.6
El Salvador,LA,1969,3643.3
El Salvador,LA,1970,3740.0
El Salvador,LA,1971,3832.0
El Salvador,LA,1972,3924.0
El Salvador,LA,1973,4016.0
El Salvador,LA,1974,4108.0
El Salvador,LA,1975,4200.0
El Salvador,LA,1976,4292.0
El Salvador,LA,1977,4384.0
El Salvador,LA,1978,4476.0
El Salvador,LA,1979,4568.0
El Salvador,LA,1980,4660.0
El Salvador,LA,1981,4726.6
El Salvador,LA,1982,4793.2
El Salvador,LA,1983,4859.8
El Salvador,LA,1984,4926.4
El Salvador,LA,1985,4993.0
El Salvador,LA,1986,5059.6
El Salvador,LA,1987,5126.2
El Salvador,LA,1988,5192.8
El Salvador,LA,1989,5259.4
El Salvador,LA,1990,5326.0
El Salvador,LA,1991,5387.6
El Salvador,LA,1992,5449.2
El Salvador,LA,1993,5510.8
El Salvador,LA,1994,5572.4
El Salvador,LA,1995,5634.0
El Salvador,LA,1996,5695.6
El Salvador,LA,1997,5757.2
El Salvador,LA,1998,5818.8
El Salvador,LA,1999,5880.4
El Salvador,LA,2000,5942.0
El Salvador,LA,2001,5967.0
El Salvador,LA,2002,5992.0
El Salvador,LA,2003,6017.0
El Salvador,LA,2004,6042.0
El Salvador,LA,2005,6067.0
El Salvador,LA,2006,6092.0
El Salvador,LA,2007,6117.0
El Salvador,LA,2008,6142.0
El Salvador,LA,2009,6167.0
El Salvador,LA,2010,6192.0
El Salvador,LA,2011,6221.4
El Salvador,LA,2012,6250.8
El Salvador,LA,2013,6280.2
El Salvador,LA,2014,6309.6
El Salvador,LA,2015,6339.0
El Salvador,LA,2016,6368.4
El Salvador,LA,2017,6397.8
El Salvador,LA,2018,6427.2
El Salvador,LA,2019,6456.6
El Salvador,LA,2020,6486.0
Guatemala,LA,1820,595.0
Guatemala,LA,1821,602.5
Guatemala,LA,1822,610.0
Guatemala,LA,1823,617.5
Guatemala,LA,1824,625.0
Guatemala,LA,1825,632.5
Guatemala,LA,1826,640.0
Guatemala,LA,1827,647.5
Guatemala,LA,1828,655.0
Guatemala,LA,1829,662.5
Guatemala,LA,1830,670.0
Guatemala,LA,1831,678.5
Guatemala,LA,1832,687.0
Guatemala,LA,1833,695.5
Guatemala,LA,1834,704.0
Guatemala,LA,1835,712.5
Guatemala,LA,1836,721.0
Guatemala,LA,1837,729.5
Guatemala,LA,1838,738.0
Guatemala,LA,1839,746.5
Guatemala,LA,1840,755.0
Guatemala,LA,1841,764.5
Guatemala,LA,1842,774.0
Guatemala,LA,1843,783.5
Guatemala,LA,1844,793.0
Guatemala,LA,1845,802.5
Guatemala,LA,1846,812.0
Guatemala,LA,1847,821.5
Guatemala,LA,1848,831.0
Guatemala,LA,1849,840.5
Guatemala,LA,1850,850.0
Guatemala,LA,1851,860.8
Guatemala,LA,1852,871.6
Guatemala,LA,1853,882.4
Guatemala,LA,1854,893.2
Guatemala,LA,1855,904.0
Guatemala,LA,1856,914.8
Guatemala,LA,1857,925.6
Guatemala,LA,1858,936.4
Guatemala,LA,1859,947.2
Guatemala,LA,1860,958.0
Guatemala,LA,1861,970.2
Guatemala,LA,1862,982.4
Guatemala,LA,1863,994.6
Guatemala,LA,1864,1006.8
Guatemala,LA,1865,1019.0
Guatemala,LA,1866,1031.2
Guatemala,LA,1867,1043.4
Guatemala,LA,1868,1055.6
Guatemala,LA,1869,1067.8
Guatemala,LA,1870,1080.0
Guatemala,LA,1871,1077.1
Guatemala,LA,1872,1074.2
Guatemala,LA,1873,1071.3
Guatemala,LA,1874,1068.4
Guatemala,LA,1875,1065.5
Guatemala,LA,1876,1062.6
Guatemala,LA,1877,1059.7
Guatemala,LA,1878,1056.8
Guatemala,LA,1879,1053.9
Guatemala,LA,1880,1051.0
Guatemala,LA,1881,1048.2
Guatemala,LA,1882,1045.4
Guatemala,LA,1883,1042.6
Guatemala,LA,1884,1039.8
Guatemala,LA,1885,1037.0
Guatemala,LA,1886,1034.2
Guatemala,LA,1887,1031.4
Guatemala,LA,1888,1028.6
Guatemala,LA,1889,1025.8
Guatemala,LA,1890,1023.0
Guatemala,LA,1891,1020.3
Guatemala,LA,1892,1017.6
Guatemala,LA,1893,1014.9
Guatemala,LA,1894,1012.2
Guatemala,LA,1895,1009.5
Guatemala,LA,1896,1006.8
Guatemala,LA,1897,1004.1
Guatemala,LA,1898,1001.4
Guatemala,LA,1899,998.7
Guatemala,LA,1900,996.0
Guatemala,LA,1901,1019.6
Guatemala,LA,1902,1043.2
Guatemala,LA,1903,1066.8
Guatemala,LA,1904,1090.4
Guatemala,LA,1905,1114.0
Guatemala,LA,1906,1137.6
Guatemala,LA,1907,1161.2
Guatemala,LA,1908,1184.8
Guatemala,LA,1909,1208.4
Guatemala,LA,1910,1232.0
Guatemala,LA,1911,1251.0
Guatemala,LA,1912,1270.0
Guatemala,LA,1913,1289.0
Guatemala,LA,1914,1308.0
Guatemala,LA,1915,1327.0
Guatemala,LA,1916,1346.0
Guatemala,LA,1917,1365.0
Guatemala,LA,1918,1384.0
Guatemala,LA,1919,1403.0
Guatemala,LA,1920,1422.0
Guatemala,LA,1921,1476.8
Guatemala,LA,1922,1531.6
Guatemala,LA,1923,1586.4
Guatemala,LA,1924,1641.2
Guatemala,LA,1925,1696.0
Guatemala,LA,1926,1750.8
Guatemala,LA,1927,1805.6
Guatemala,LA,1928,1860.4
Guatemala,LA,1929,1915.2
Guatemala,LA,1930,1970.0
Guatemala,LA,1931,2019.3
Guatemala,LA,1932,2068.6
Guatemala,LA,1933,2117.9
Guatemala,LA,1934,2167.2
Guatemala,LA,1935,2216.5
Guatemala,LA,1936,2265.8
Guatemala,LA,1937,2315.1
Guatemala,LA,1938,2364.4
Guatemala,LA,1939,2413.7
Guatemala,LA,1940,2463.0
Guatemala,LA,1941,2531.3
Guatemala,LA,1942,2599.6
Guatemala,LA,1943,2667.9
Guatemala,LA,1944,2736.2
Guatemala,LA,1945,2804.5
Guatemala,LA,1946,2872.8
Guatemala,LA,1947,2941.1
Guatemala,LA,1948,3009.4
Guatemala,LA,1949,3077.7
Guatemala,LA,1950,3146.0
Guatemala,LA,1951,3245.4
Guatemala,LA,1952,3344.8
Guatemala,LA,1953,3444.2
Guatemala,LA,1954,3543.6
Guatemala,LA,1955,3643.0
Guatemala,LA,1956,3742.4
Guatemala,LA,1957,3841.8
Guatemala,LA,1958,3941.2
Guatemala,LA,1959,4040.6
Guatemala,LA,1960,4140.0
Guatemala,LA,1961,4267.9
Guatemala,LA,1962,4395.8
Guatemala,LA,1963,4523.7
Guatemala,LA,1964,4651.6
Guatemala,LA,1965,4779.5
Guatemala,LA,1966,4907.4
Guatemala,LA,1967,5035.3
Guatemala,LA,1968,5163.2
Guatemala,LA,1969,5291.1
Guatemala,LA,1970,5419.0
Guatemala,LA,1971,5578.5
Guatemala,LA,1972,5738.0
Guatemala,LA,1973,5897.5
Guatemala,LA,1974,6057.0
Guatemala,LA,1975,6216.5
Guatemala,LA,1976,6376.0
Guatemala,LA,1977,6535.5
Guatemala,LA,1978,6695.0
Guatemala,LA,1979,6854.5
Guatemala,LA,1980,7014.0
Guatemala,LA,1981,7203.4
Guatemala,LA,1982,7392.8
Guatemala,LA,1983,7582.2
Guatemala,LA,1984,7771.6
Guatemala,LA,1985,7961.0
Guatemala,LA,1986,8150.4
Guatemala,LA,1987,8339.8
Guatemala,LA,1988,8529.2
Guatemala,LA,1989,8718.6
Guatemala,LA,1990,8908.0
Guatemala,LA,1991,9140.1
Guatemala,LA,1992,9372.2
Guatemala,LA,1993,9604.3
Guatemala,LA,1994,9836.4
Guatemala,LA,1995,10068.5
Guatemala,LA,1996,10300.6
Guatemala,LA,1997,10532.7
Guatemala,LA,1998,10764.8
Guatemala,LA,1999,10996.9
Guatemala,LA,2000,11229.0
Guatemala,LA,2001,11543.7
Guatemala,LA,2002,11858.4
Guatemala,LA,2003,12173.1
Guatemala,LA,2004,12487.8
Guatemala,LA,2005,12802.5
Guatemala,LA,2006,13117.2
Guatemala,LA,2007,13431.9
Guatemala,LA,2008,13746.6
Guatemala,LA,2009,14061.3
Guatemala,LA,2010,14376.0
Guatemala,LA,2011,14730.0
Guatemala,LA,2012,15084.0
Guatemala,LA,2013,15438.0
Guatemala,LA,2014,15792.0
Guatemala,LA,2015,16146.0
Guatemala,LA,2016,16500.0
Guatemala,LA,2017,16854.0
Guatemala,LA,2018,17208.0
Guatemala,LA,2019,17562.0
Guatemala,LA,2020,17916.0
Haïti,LA,1820,723.0
Haïti,LA,1821,729.6
Haïti,LA,1822,736.2
Haïti,LA,1823,742.8
Haïti,LA,1824,749.4
Haïti,LA,1825,756.0
Haïti,LA,1826,762.6
Haïti,LA,1827,769.2
Haïti,LA,1828,775.8
Haïti,LA,1829,782.4
Haïti,LA,1830,789.0
Haïti,LA,1831,796.1
Haïti,LA,1832,803.2
Haïti,LA,1833,810.3
Haïti,LA,1834,817.4
Haïti,LA,1835,824.5
Haïti,LA,1836,831.6
Haïti,LA,1837,838.7
Haïti,LA,1838,845.8
Haïti,LA,1839,852.9
Haïti,LA,1840,860.0
Haïti,LA,1841,867.8
Haïti,LA,1842,875.6
Haïti,LA,1843,883.4
Haïti,LA,1844,891.2
Haïti,LA,1845,899.0
Haïti,LA,1846,906.8
Haïti,LA,1847,914.6
Haïti,LA,1848,922.4
Haïti,LA,1849,930.2
Haïti,LA,1850,938.0
Haïti,LA,1851,948.1
Haïti,LA,1852,958.2
Haïti,LA,1853,968.3
Haïti,LA,1854,978.4
Haïti,LA,1855,988.5
Haïti,LA,1856,998.6
Haïti,LA,1857,1008.7
Haïti,LA,1858,1018.8
Haïti,LA,1859,1028.9
Haïti,LA,1860,1039.0
Haïti,LA,1861,1050.1
Haïti,LA,1862,1061.2
Haïti,LA,1863,1072.3
Haïti,LA,1864,1083.4
Haïti,LA,1865,1094.5
Haïti,LA,1866,1105.6
Haïti,LA,1867,1116.7
Haïti,LA,1868,1127.8
Haïti,LA,1869,1138.9
Haïti,LA,1870,1150.0
Haïti,LA,1871,1151.3
Haïti,LA,1872,1152.6
Haïti,LA,1873,1153.9
Haïti,LA,1874,1155.2
Haïti,LA,1875,1156.5
Haïti,LA,1876,1157.8
Haïti,LA,1877,1159.1
Haïti,LA,1878,1160.4
Haïti,LA,1879,1161.7
Haïti,LA,1880,1163.0
Haïti,LA,1881,1164.2
Haïti,LA,1882,1165.4
Haïti,LA,1883,1166.6
Haïti,LA,1884,1167.8
Haïti,LA,1885,1169.0
Haïti,LA,1886,1170.2
Haïti,LA,1887,1171.4
Haïti,LA,1888,1172.6
Haïti,LA,1889,1173.8
Haïti,LA,1890,1175.0
Haïti,LA,1891,1176.3
Haïti,LA,1892,1177.6
Haïti,LA,1893,1178.9
Haïti,LA,1894,1180.2
Haïti,LA,1895,1181.5
Haïti,LA,1896,1182.8
Haïti,LA,1897,1184.1
Haïti,LA,1898,1185.4
Haïti,LA,1899,1186.7
Haïti,LA,1900,1188.0
Haïti,LA,1901,1229.8
Haïti,LA,1902,1271.6
Haïti,LA,1903,1313.4
Haïti,LA,1904,1355.2
Haïti,LA,1905,1397.0
Haïti,LA,1906,1438.8
Haïti,LA,1907,1480.6
Haïti,LA,1908,1522.4
Haïti,LA,1909,1564.2
Haïti,LA,1910,1606.0
Haïti,LA,1911,1646.8
Haïti,LA,1912,1687.6
Haïti,LA,1913,1728.4
Haïti,LA,1914,1769.2
Haïti,LA,1915,1810.0
Haïti,LA,1916,1850.8
Haïti,LA,1917,1891.6
Haïti,LA,1918,1932.4
Haïti,LA,1919,1973.2
Haïti,LA,1920,2014.0
Haïti,LA,1921,2042.5
Haïti,LA,1922,2071.0
Haïti,LA,1923,2099.5
Haïti,LA,1924,2128.0
Haïti,LA,1925,2156.5
Haïti,LA,1926,2185.0
Haïti,LA,1927,2213.5
Haïti,LA,1928,2242.0
Haïti,LA,1929,2270.5
Haïti,LA,1930,2299.0
Haïti,LA,1931,2338.0
Haïti,LA,1932,2377.0
Haïti,LA,1933,2416.0
Haïti,LA,1934,2455.0
Haïti,LA,1935,2494.0
Haïti,LA,1936,2533.0
Haïti,LA,1937,2572.0
Haïti,LA,1938,2611.0
Haïti,LA,1939,2650.0
Haïti,LA,1940,2689.0
Haïti,LA,1941,2742.2
Haïti,LA,1942,2795.4
Haïti,LA,1943,2848.6
Haïti,LA,1944,2901.8
Haïti,LA,1945,2955.0
Haïti,LA,1946,3008.2
Haïti,LA,1947,3061.4
Haïti,LA,1948,3114.6
Haïti,LA,1949,3167.8
Haïti,LA,1950,3221.0
Haïti,LA,1951,3285.8
Haïti,LA,1952,3350.6
Haïti,LA,1953,3415.4
Haïti,LA,1954,3480.2
Haïti,LA,1955,3545.0
Haïti,LA,1956,3609.8
Haïti,LA,1957,3674.6
Haïti,LA,1958,3739.4
Haïti,LA,1959,3804.2
Haïti,LA,1960,3869.0
Haïti,LA,1961,3953.4
Haïti,LA,1962,4037.8
Haïti,LA,1963,4122.2
Haïti,LA,1964,4206.6
Haïti,LA,1965,4291.0
Haïti,LA,1966,4375.4
Haïti,LA,1967,4459.8
Haïti,LA,1968,4544.2
Haïti,LA,1969,4628.6
Haïti,LA,1970,4713.0
Haïti,LA,1971,4810.8
Haïti,LA,1972,4908.6
Haïti,LA,1973,5006.4
Haïti,LA,1974,5104.2
Haïti,LA,1975,5202.0
Haïti,LA,1976,5299.8
Haïti,LA,1977,5397.6
Haïti,LA,1978,5495.4
Haïti,LA,1979,5593.2
Haïti,LA,1980,5691.0
Haïti,LA,1981,5832.8
Haïti,LA,1982,5974.6
Haïti,LA,1983,6116.4
Haïti,LA,1984,6258.2
Haïti,LA,1985,6400.0
Haïti,LA,1986,6541.8
Haïti,LA,1987,6683.6
Haïti,LA,1988,6825.4
Haïti,LA,1989,6967.2
Haïti,LA,1990,7109.0
Haïti,LA,1991,7255.9
Haïti,LA,1992,7402.8
Haïti,LA,1993,7549.7
Haïti,LA,1994,7696.6
Haïti,LA,1995,7843.5
Haïti,LA,1996,7990.4
Haïti,LA,1997,8137.3
Haïti,LA,1998,8284.2
Haïti,LA,1999,8431.1
Haïti,LA,2000,8578.0
Haïti,LA,2001,8729.1
Haïti,LA,2002,8880.2
Haïti,LA,2003,9031.3
Haïti,LA,2004,9182.4
Haïti,LA,2005,9333.5
Haïti,LA,2006,9484.6
Haïti,LA,2007,9635.7
Haïti,LA,2008,9786.8
Haïti,LA,2009,9937.9
Haïti,LA,2010,10089.0
Haïti,LA,2011,10220.4
Haïti,LA,2012,10351.8
Haïti,LA,2013,10483.2
Haïti,LA,2014,10614.6
Haïti,LA,2015,10746.0
Haïti,LA,2016,10877.4
Haïti,LA,2017,11008.8
Haïti,LA,2018,11140.2
Haïti,LA,2019,11271.6
Haïti,LA,2020,11403.0
Honduras,LA,1820,135.0
Honduras,LA,1821,140.0
Honduras,LA,1822,145.0
Honduras,LA,1823,150.0
Honduras,LA,1824,155.0
Honduras,LA,1825,160.0
Honduras,LA,1826,165.0
Honduras,LA,1827,170.0
Honduras,LA,1828,175.0
Honduras,LA,1829,180.0
Honduras,LA,1830,185.0
Honduras,LA,1831,192.0
Honduras,LA,1832,199.0
Honduras,LA,1833,206.0
Honduras,LA,1834,213.0
Honduras,LA,1835,220.0
Honduras,LA,1836,227.0
Honduras,LA,1837,234.0
Honduras,LA,1838,241.0
Honduras,LA,1839,248.0
Honduras,LA,1840,255.0
Honduras,LA,1841,264.5
Honduras,LA,1842,274.0
Honduras,LA,1843,283.5
Honduras,LA,1844,293.0
Honduras,LA,1845,302.5
Honduras,LA,1846,312.0
Honduras,LA,1847,321.5
Honduras,LA,1848,331.0
Honduras,LA,1849,340.5
Honduras,LA,1850,350.0
Honduras,LA,1851,352.6
Honduras,LA,1852,355.2
Honduras,LA,1853,357.8
Honduras,LA,1854,360.4
Honduras,LA,1855,363.0
Honduras,LA,1856,365.6
Honduras,LA,1857,368.2
Honduras,LA,1858,370.8
Honduras,LA,1859,373.4
Honduras,LA,1860,376.0
Honduras,LA,1861,378.8
Honduras,LA,1862,381.6
Honduras,LA,1863,384.4
Honduras,LA,1864,387.2
Honduras,LA,1865,390.0
Honduras,LA,1866,392.8
Honduras,LA,1867,395.6
Honduras,LA,1868,398.4
Honduras,LA,1869,401.2
Honduras,LA,1870,404.0
Honduras,LA,1871,405.1
Honduras,LA,1872,406.2
Honduras,LA,1873,407.3
Honduras,LA,1874,408.4
Honduras,LA,1875,409.5
Honduras,LA,1876,410.6
Honduras,LA,1877,411.7
Honduras,LA,1878,412.8
Honduras,LA,1879,413.9
Honduras,LA,1880,415.0
Honduras,LA,1881,416.1
Honduras,LA,1882,417.2
Honduras,LA,1883,418.3
Honduras,LA,1884,419.4
Honduras,LA,1885,420.5
Honduras,LA,1886,421.6
Honduras,LA,1887,422.7
Honduras,LA,1888,423.8
Honduras,LA,1889,424.9
Honduras,LA,1890,426.0
Honduras,LA,1891,427.1
Honduras,LA,1892,428.2
Honduras,LA,1893,429.3
Honduras,LA,1894,430.4
Honduras,LA,1895,431.5
Honduras,LA,1896,432.6
Honduras,LA,1897,433.7
Honduras,LA,1898,434.8
Honduras,LA,1899,435.9
Honduras,LA,1900,437.0
Honduras,LA,1901,450.5
Honduras,LA,1902,464.0
Honduras,LA,1903,477.5
Honduras,LA,1904,491.0
Honduras,LA,1905,504.5
Honduras,LA,1906,518.0
Honduras,LA,1907,531.5
Honduras,LA,1908,545.0
Honduras,LA,1909,558.5
Honduras,LA,1910,572.0
Honduras,LA,1911,589.7
Honduras,LA,1912,607.4
Honduras,LA,1913,625.1
Honduras,LA,1914,642.8
Honduras,LA,1915,660.5
Honduras,LA,1916,678.2
Honduras,LA,1917,695.9
Honduras,LA,1918,713.6
Honduras,LA,1919,731.3
Honduras,LA,1920,749.0
Honduras,LA,1921,772.9
Honduras,LA,1922,796.8
Honduras,LA,1923,820.7
Honduras,LA,1924,844.6
Honduras,LA,1925,868.5
Honduras,LA,1926,892.4
Honduras,LA,1927,916.3
Honduras,LA,1928,940.2
Honduras,LA,1929,964.1
Honduras,LA,1930,988.0
Honduras,LA,1931,1008.8
Honduras,LA,1932,1029.6
Honduras,LA,1933,1050.4
Honduras,LA,1934,1071.2
Honduras,LA,1935,1092.0
Honduras,LA,1936,1112.8
Honduras,LA,1937,1133.6
Honduras,LA,1938,1154.4
Honduras,LA,1939,1175.2
Honduras,LA,1940,1196.0
Honduras,LA,1941,1225.1
Honduras,LA,1942,1254.2
Honduras,LA,1943,1283.3
Honduras,LA,1944,1312.4
Honduras,LA,1945,1341.5
Honduras,LA,1946,1370.6
Honduras,LA,1947,1399.7
Honduras,LA,1948,1428.8
Honduras,LA,1949,1457.9
Honduras,LA,1950,1487.0
Honduras,LA,1951,1538.6
Honduras,LA,1952,1590.2
Honduras,LA,1953,1641.8
Honduras,LA,1954,1693.4
Honduras,LA,1955,1745.0
Honduras,LA,1956,1796.6
Honduras,LA,1957,1848.2
Honduras,LA,1958,1899.8
Honduras,LA,1959,1951.4
Honduras,LA,1960,2003.0
Honduras,LA,1961,2071.8
Honduras,LA,1962,2140.6
Honduras,LA,1963,2209.4
Honduras,LA,1964,2278.2
Honduras,LA,1965,2347.0
Honduras,LA,1966,2415.8
Honduras,LA,1967,2484.6
Honduras,LA,1968,2553.4
Honduras,LA,1969,2622.2
Honduras,LA,1970,2691.0
Honduras,LA,1971,2785.3
Honduras,LA,1972,2879.6
Honduras,LA,1973,2973.9
Honduras,LA,1974,3068.2
Honduras,LA,1975,3162.5
Honduras,LA,1976,3256.8
Honduras,LA,1977,3351.1
Honduras,LA,1978,3445.4
Honduras,LA,1979,3539.7
Honduras,LA,1980,3634.0
Honduras,LA,1981,3760.7
Honduras,LA,1982,3887.4
Honduras,LA,1983,4014.1
Honduras,LA,1984,4140.8
Honduras,LA,1985,4267.5
Honduras,LA,1986,4394.2
Honduras,LA,1987,4520.9
Honduras,LA,1988,4647.6
Honduras,LA,1989,4774.3
Honduras,LA,1990,4901.0
Honduras,LA,1991,5034.3
Honduras,LA,1992,5167.6
Honduras,LA,1993,5300.9
Honduras,LA,1994,5434.2
Honduras,LA,1995,5567.5
Honduras,LA,1996,5700.8
Honduras,LA,1997,5834.1
Honduras,LA,1998,5967.4
Honduras,LA,1999,6100.7
Honduras,LA,2000,6234.0
Honduras,LA,2001,6370.6
Honduras,LA,2002,6507.2
Honduras,LA,2003,6643.8
Honduras,LA,2004,6780.4
Honduras,LA,2005,6917.0
Honduras,LA,2006,7053.6
Honduras,LA,2007,7190.2
Honduras,LA,2008,7326.8
Honduras,LA,2009,7463.4
Honduras,LA,2010,7600.0
Honduras,LA,2011,7830.5
Honduras,LA,2012,8061.0
Honduras,LA,2013,8291.5
Honduras,LA,2014,8522.0
Honduras,LA,2015,8752.5
Honduras,LA,2016,8983.0
Honduras,LA,2017,9213.5
Honduras,LA,2018,9444.0
Honduras,LA,2019,9674.5
Honduras,LA,2020,9905.0
Mexico,LA,1820,6587.0
Mexico,LA,1821,6621.0
Mexico,LA,1822,6655.0
Mexico,LA,1823,6689.0
Mexico,LA,1824,6723.0
Mexico,LA,1825,6757.0
Mexico,LA,1826,6791.0
Mexico,LA,1827,6825.0
Mexico,LA,1828,6859.0
Mexico,LA,1829,6893.0
Mexico,LA,1830,6927.0
Mexico,LA,1831,6962.8
Mexico,LA,1832,6998.6
Mexico,LA,1833,7034.4
Mexico,LA,1834,7070.2
Mexico,LA,1835,7106.0
Mexico,LA,1836,7141.8
Mexico,LA,1837,7177.6
Mexico,LA,1838,7213.4
Mexico,LA,1839,7249.2
Mexico,LA,1840,7285.0
Mexico,LA,1841,7322.7
Mexico,LA,1842,7360.4
Mexico,LA,1843,7398.1
Mexico,LA,1844,7435.8
Mexico,LA,1845,7473.5
Mexico,LA,1846,7511.2
Mexico,LA,1847,7548.9
Mexico,LA,1848,7586.6
Mexico,LA,1849,7624.3
Mexico,LA,1850,7662.0
Mexico,LA,1851,7736.2
Mexico,LA,1852,7810.4
Mexico,LA,1853,7884.6
Mexico,LA,1854,7958.8
Mexico,LA,1855,8033.0
Mexico,LA,1856,8107.2
Mexico,LA,1857,8181.4
Mexico,LA,1858,8255.6
Mexico,LA,1859,8329.8
Mexico,LA,1860,8404.0
Mexico,LA,1861,8485.5
Mexico,LA,1862,8567.0
Mexico,LA,1863,8648.5
Mexico,LA,1864,8730.0
Mexico,LA,1865,8811.5
Mexico,LA,1866,8893.0
Mexico,LA,1867,8974.5
Mexico,LA,1868,9056.0
Mexico,LA,1869,9137.5
Mexico,LA,1870,9219.0
Mexico,LA,1871,9372.7
Mexico,LA,1872,9526.4
Mexico,LA,1873,9680.1
Mexico,LA,1874,9833.8
Mexico,LA,1875,9987.5
Mexico,LA,1876,10141.2
Mexico,LA,1877,10294.9
Mexico,LA,1878,10448.6
Mexico,LA,1879,10602.3
Mexico,LA,1880,10756.0
Mexico,LA,1881,10935.2
Mexico,LA,1882,11114.4
Mexico,LA,1883,11293.6
Mexico,LA,1884,11472.8
Mexico,LA,1885,11652.0
Mexico,LA,1886,11831.2
Mexico,LA,1887,12010.4
Mexico,LA,1888,12189.6
Mexico,LA,1889,12368.8
Mexico,LA,1890,12548.0
Mexico,LA,1891,12757.2
Mexico,LA,1892,12966.4
Mexico,LA,1893,13175.6
Mexico,LA,1894,13384.8
Mexico,LA,1895,13594.0
Mexico,LA,1896,13803.2
Mexico,LA,1897,14012.4
Mexico,LA,1898,14221.6
Mexico,LA,1899,14430.8
Mexico,LA,1900,14640.0
Mexico,LA,1901,14806.7
Mexico,LA,1902,14973.4
Mexico,LA,1903,15140.1
Mexico,LA,1904,15306.8
Mexico,LA,1905,15473.5
Mexico,LA,1906,15640.2
Mexico,LA,1907,15806.9
Mexico,LA,1908,15973.6
Mexico,LA,1909,16140.3
Mexico,LA,1910,16307.0
Mexico,LA,1911,16198.3
Mexico,LA,1912,16089.6
Mexico,LA,1913,15980.9
Mexico,LA,1914,15872.2
Mexico,LA,1915,15763.5
Mexico,LA,1916,15654.8
Mexico,LA,1917,15546.1
Mexico,LA,1918,15437.4
Mexico,LA,1919,15328.7
Mexico,LA,1920,15220.0
Mexico,LA,1921,15478.2
Mexico,LA,1922,15736.4
Mexico,LA,1923,15994.6
Mexico,LA,1924,16252.8
Mexico,LA,1925,16511.0
Mexico,LA,1926,16769.2
Mexico,LA,1927,17027.4
Mexico,LA,1928,17285.6
Mexico,LA,1929,17543.8
Mexico,LA,1930,17802.0
Mexico,LA,1931,18135.5
Mexico,LA,1932,18469.0
Mexico,LA,1933,18802.5
Mexico,LA,1934,19136.0
Mexico,LA,1935,19469.5
Mexico,LA,1936,19803.0
Mexico,LA,1937,20136.5
Mexico,LA,1938,20470.0
Mexico,LA,1939,20803.5
Mexico,LA,1940,21137.0
Mexico,LA,1941,21797.4
Mexico,LA,1942,22457.8
Mexico,LA,1943,23118.2
Mexico,LA,1944,23778.6
Mexico,LA,1945,24439.0
Mexico,LA,1946,25099.4
Mexico,LA,1947,25759.8
Mexico,LA,1948,26420.2
Mexico,LA,1949,27080.6
Mexico,LA,1950,27741.0
Mexico,LA,1951,28754.6
Mexico,LA,1952,29768.2
Mexico,LA,1953,30781.8
Mexico,LA,1954,31795.4
Mexico,LA,1955,32809.0
Mexico,LA,1956,33822.6
Mexico,LA,1957,34836.2
Mexico,LA,1958,35849.8
Mexico,LA,1959,36863.4
Mexico,LA,1960,37877.0
Mexico,LA,1961,39292.3
Mexico,LA,1962,40707.6
Mexico,LA,1963,42122.9
Mexico,LA,1964,43538.2
Mexico,LA,1965,44953.5
Mexico,LA,1966,46368.8
Mexico,LA,1967,47784.1
Mexico,LA,1968,49199.4
Mexico,LA,1969,50614.7
Mexico,LA,1970,52030.0
Mexico,LA,1971,53763.1
Mexico,LA,1972,55496.2
Mexico,LA,1973,57229.3
Mexico,LA,1974,58962.4
Mexico,LA,1975,60695.5
Mexico,LA,1976,62428.6
Mexico,LA,1977,64161.7
Mexico,LA,1978,65894.8
Mexico,LA,1979,67627.9
Mexico,LA,1980,69361.0
Mexico,LA,1981,70960.7
Mexico,LA,1982,72560.4
Mexico,LA,1983,74160.1
Mexico,LA,1984,75759.8
Mexico,LA,1985,77359.5
Mexico,LA,1986,78959.2
Mexico,LA,1987,80558.9
Mexico,LA,1988,82158.6
Mexico,LA,1989,83758.3
Mexico,LA,1990,85358.0
Mexico,LA,1991,86994.2
Mexico,LA,1992,88630.4
Mexico,LA,1993,90266.6
Mexico,LA,1994,91902.8
Mexico,LA,1995,93539.0
Mexico,LA,1996,95175.2
Mexico,LA,1997,96811.4
Mexico,LA,1998,98447.6
Mexico,LA,1999,100083.8
Mexico,LA,2000,101720.0
Mexico,LA,2001,102957.3
Mexico,LA,2002,104194.6
Mexico,LA,2003,105431.9
Mexico,LA,2004,106669.2
Mexico,LA,2005,107906.5
Mexico,LA,2006,109143.8
Mexico,LA,2007,110381.1
Mexico,LA,2008,111618.4
Mexico,LA,2009,112855.7
Mexico,LA,2010,114093.0
Mexico,LA,2011,115577.0
Mexico,LA,2012,117061.0
Mexico,LA,2013,118545.0
Mexico,LA,2014,120029.0
Mexico,LA,2015,121513.0
Mexico,LA,2016,122997.0
Mexico,LA,2017,124481.0
Mexico,LA,2018,125965.0
Mexico,LA,2019,127449.0
Mexico,LA,2020,128933.0
Nicaragua,LA,1820,186.0
Nicaragua,LA,1821,189.2
Nicaragua,LA,1822,192.4
Nicaragua,LA,1823,195.6
Nicaragua,LA,1824,198.8
Nicaragua,LA,1825,202.0
Nicaragua,LA,1826,205.2
Nicaragua,LA,1827,208.4
Nicaragua,LA,1828,211.6
Nicaragua,LA,1829,214.8
Nicaragua,LA,1830,218.0
Nicaragua,LA,1831,221.8
Nicaragua,LA,1832,225.6
Nicaragua,LA,1833,229.4
Nicaragua,LA,1834,233.2
Nicaragua,LA,1835,237.0
Nicaragua,LA,1836,240.8
Nicaragua,LA,1837,244.6
Nicaragua,LA,1838,248.4
Nicaragua,LA,1839,252.2
Nicaragua,LA,1840,256.0
Nicaragua,LA,1841,260.4
Nicaragua,LA,1842,264.8
Nicaragua,LA,1843,269.2
Nicaragua,LA,1844,273.6
Nicaragua,LA,1845,278.0
Nicaragua,LA,1846,282.4
Nicaragua,LA,1847,286.8
Nicaragua,LA,1848,291.2
Nicaragua,LA,1849,295.6
Nicaragua,LA,1850,300.0
Nicaragua,LA,1851,301.8
Nicaragua,LA,1852,303.6
Nicaragua,LA,1853,305.4
Nicaragua,LA,1854,307.2
Nicaragua,LA,1855,309.0
Nicaragua,LA,1856,310.8
Nicaragua,LA,1857,312.6
Nicaragua,LA,1858,314.4
Nicaragua,LA,1859,316.2
Nicaragua,LA,1860,318.0
Nicaragua,LA,1861,319.9
Nicaragua,LA,1862,321.8
Nicaragua,LA,1863,323.7
Nicaragua,LA,1864,325.6
Nicaragua,LA,1865,327.5
Nicaragua,LA,1866,329.4
Nicaragua,LA,1867,331.3
Nicaragua,LA,1868,333.2
Nicaragua,LA,1869,335.1
Nicaragua,LA,1870,337.0
Nicaragua,LA,1871,342.1
Nicaragua,LA,1872,347.2
Nicaragua,LA,1873,352.3
Nicaragua,LA,1874,357.4
Nicaragua,LA,1875,362.5
Nicaragua,LA,1876,367.6
Nicaragua,LA,1877,372.7
Nicaragua,LA,1878,377.8
Nicaragua,LA,1879,382.9
Nicaragua,LA,1880,388.0
Nicaragua,LA,1881,393.8
Nicaragua,LA,1882,399.6
Nicaragua,LA,1883,405.4
Nicaragua,LA,1884,411.2
Nicaragua,LA,1885,417.0
Nicaragua,LA,1886,422.8
Nicaragua,LA,1887,428.6
Nicaragua,LA,1888,434.4
Nicaragua,LA,1889,440.2
Nicaragua,LA,1890,446.0
Nicaragua,LA,1891,452.7
Nicaragua,LA,1892,459.4
Nicaragua,LA,1893,466.1
Nicaragua,LA,1894,472.8
Nicaragua,LA,1895,479.5
Nicaragua,LA,1896,486.2
Nicaragua,LA,1897,492.9
Nicaragua,LA,1898,499.6
Nicaragua,LA,1899,506.3
Nicaragua,LA,1900,513.0
Nicaragua,LA,1901,527.7
Nicaragua,LA,1902,542.4
Nicaragua,LA,1903,557.1
Nicaragua,LA,1904,571.8
Nicaragua,LA,1905,586.5
Nicaragua,LA,1906,601.2
Nicaragua,LA,1907,615.9
Nicaragua,LA,1908,630.6
Nicaragua,LA,1909,645.3
Nicaragua,LA,1910,660.0
Nicaragua,LA,1911,672.2
Nicaragua,LA,1912,684.4
Nicaragua,LA,1913,696.6
Nicaragua,LA,1914,708.8
Nicaragua,LA,1915,721.0
Nicaragua,LA,1916,733.2
Nicaragua,LA,1917,745.4
Nicaragua,LA,1918,757.6
Nicaragua,LA,1919,769.8
Nicaragua,LA,1920,782.0
Nicaragua,LA,1921,786.9
Nicaragua,LA,1922,791.8
Nicaragua,LA,1923,796.7
Nicaragua,LA,1924,801.6
Nicaragua,LA,1925,806.5
Nicaragua,LA,1926,811.4
Nicaragua,LA,1927,816.3
Nicaragua,LA,1928,821.2
Nicaragua,LA,1929,826.1
Nicaragua,LA,1930,831.0
Nicaragua,LA,1931,849.3
Nicaragua,LA,1932,867.6
Nicaragua,LA,1933,885.9
Nicaragua,LA,1934,904.2
Nicaragua,LA,1935,922.5
Nicaragua,LA,1936,940.8
Nicaragua,LA,1937,959.1
Nicaragua,LA,1938,977.4
Nicaragua,LA,1939,995.7
Nicaragua,LA,1940,1014.0
Nicaragua,LA,1941,1042.1
Nicaragua,LA,1942,1070.2
Nicaragua,LA,1943,1098.3
Nicaragua,LA,1944,1126.4
Nicaragua,LA,1945,1154.5
Nicaragua,LA,1946,1182.6
Nicaragua,LA,1947,1210.7
Nicaragua,LA,1948,1238.8
Nicaragua,LA,1949,1266.9
Nicaragua,LA,1950,1295.0
Nicaragua,LA,1951,1342.9
Nicaragua,LA,1952,1390.8
Nicaragua,LA,1953,1438.7
Nicaragua,LA,1954,1486.6
Nicaragua,LA,1955,1534.5
Nicaragua,LA,1956,1582.4
Nicaragua,LA,1957,1630.3
Nicaragua,LA,1958,1678.2
Nicaragua,LA,1959,1726.1
Nicaragua,LA,1960,1774.0
Nicaragua,LA,1961,1836.5
Nicaragua,LA,1962,1899.0
Nicaragua,LA,1963,1961.5
Nicaragua,LA,1964,2024.0
Nicaragua,LA,1965,2086.5
Nicaragua,LA,1966,2149.0
Nicaragua,LA,1967,2211.5
Nicaragua,LA,1968,2274.0
Nicaragua,LA,1969,2336.5
Nicaragua,LA,1970,2399.0
Nicaragua,LA,1971,2484.1
Nicaragua,LA,1972,2569.2
Nicaragua,LA,1973,2654.3
Nicaragua,LA,1974,2739.4
Nicaragua,LA,1975,2824.5
Nicaragua,LA,1976,2909.6
Nicaragua,LA,1977,2994.7
Nicaragua,LA,1978,3079.8
Nicaragua,LA,1979,3164.9
Nicaragua,LA,1980,3250.0
Nicaragua,LA,1981,3338.7
Nicaragua,LA,1982,3427.4
Nicaragua,LA,1983,3516.1
Nicaragua,LA,1984,3604.8
Nicaragua,LA,1985,3693.5
Nicaragua,LA,1986,3782.2
Nicaragua,LA,1987,3870.9
Nicaragua,LA,1988,3959.6
Nicaragua,LA,1989,4048.3
Nicaragua,LA,1990,4137.0
Nicaragua,LA,1991,4233.3
Nicaragua,LA,1992,4329.6
Nicaragua,LA,1993,4425.9
Nicaragua,LA,1994,4522.2
Nicaragua,LA,1995,4618.5
Nicaragua,LA,1996,4714.8
Nicaragua,LA,1997,4811.1
Nicaragua,LA,1998,4907.4
Nicaragua,LA,1999,5003.7
Nicaragua,LA,2000,5100.0
Nicaragua,LA,2001,5172.2
Nicaragua,LA,2002,5244.4
Nicaragua,LA,2003,5316.6
Nicaragua,LA,2004,5388.8
Nicaragua,LA,2005,5461.0
Nicaragua,LA,2006,5533.2
Nicaragua,LA,2007,5605.4
Nicaragua,LA,2008,5677.6
Nicaragua,LA,2009,5749.8
Nicaragua,LA,2010,5822.0
Nicaragua,LA,2011,5902.3
Nicaragua,LA,2012,5982.6
Nicaragua,LA,2013,6062.9
Nicaragua,LA,2014,6143.2
Nicaragua,LA,2015,6223.5
Nicaragua,LA,2016,6303.8
Nicaragua,LA,2017,6384.1
Nicaragua,LA,2018,6464.4
Nicaragua,LA,2019,6544.7
Nicaragua,LA,2020,6625.0
Panama,LA,1820,1.0
Panama,LA,1821,1.4
Panama,LA,1822,1.8
Panama,LA,1823,2.2
Panama,LA,1824,2.6
Panama,LA,1825,3.0
Panama,LA,1826,3.4000000000000004
Panama,LA,1827,3.8000000000000003
Panama,LA,1828,4.2
Panama,LA,1829,4.6
Panama,LA,1830,5.0
Panama,LA,1831,7.1
Panama,LA,1832,9.2
Panama,LA,1833,11.3
Panama,LA,1834,13.4
Panama,LA,1835,15.5
Panama,LA,1836,17.6
Panama,LA,1837,19.700000000000003
Panama,LA,1838,21.8
Panama,LA,1839,23.900000000000002
Panama,LA,1840,26.0
Panama,LA,1841,36.9
Panama,LA,1842,47.8
Panama,LA,1843,58.7
Panama,LA,1844,69.6
Panama,LA,1845,80.5
Panama,LA,1846,91.4
Panama,LA,1847,102.3
Panama,LA,1848,113.2
Panama,LA,1849,124.10000000000001
Panama,LA,1850,135.0
Panama,LA,1851,136.9
Panama,LA,1852,138.8
Panama,LA,1853,140.7
Panama,LA,1854,142.6
Panama,LA,1855,144.5
Panama,LA,1856,146.4
Panama,LA,1857,148.3
Panama,LA,1858,150.2
Panama,LA,1859,152.1
Panama,LA,1860,154.0
Panama,LA,1861,156.2
Panama,LA,1862,158.4
Panama,LA,1863,160.6
Panama,LA,1864,162.8
Panama,LA,1865,165.0
Panama,LA,1866,167.2
Panama,LA,1867,169.4
Panama,LA,1868,171.6
Panama,LA,1869,173.8
Panama,LA,1870,176.0
Panama,LA,1871,178.9
Panama,LA,1872,181.8
Panama,LA,1873,184.7
Panama,LA,1874,187.6
Panama,LA,1875,190.5
Panama,LA,1876,193.4
Panama,LA,1877,196.3
Panama,LA,1878,199.2
Panama,LA,1879,202.1
Panama,LA,1880,205.0
Panama,LA,1881,208.5
Panama,LA,1882,212.0
Panama,LA,1883,215.5
Panama,LA,1884,219.0
Panama,LA,1885,222.5
Panama,LA,1886,226.0
Panama,LA,1887,229.5
Panama,LA,1888,233.0
Panama,LA,1889,236.5
Panama,LA,1890,240.0
Panama,LA,1891,244.0
Panama,LA,1892,248.0
Panama,LA,1893,252.0
Panama,LA,1894,256.0
Panama,LA,1895,260.0
Panama,LA,1896,264.0
Panama,LA,1897,268.0
Panama,LA,1898,272.0
Panama,LA,1899,276.0
Panama,LA,1900,280.0
Panama,LA,1901,287.5
Panama,LA,1902,295.0
Panama,LA,1903,302.5
Panama,LA,1904,310.0
Panama,LA,1905,317.5
Panama,LA,1906,325.0
Panama,LA,1907,332.5
Panama,LA,1908,340.0
Panama,LA,1909,347.5
Panama,LA,1910,355.0
Panama,LA,1911,367.9
Panama,LA,1912,380.8
Panama,LA,1913,393.7
Panama,LA,1914,406.6
Panama,LA,1915,419.5
Panama,LA,1916,432.4
Panama,LA,1917,445.3
Panama,LA,1918,458.2
Panama,LA,1919,471.1
Panama,LA,1920,484.0
Panama,LA,1921,486.1
Panama,LA,1922,488.2
Panama,LA,1923,490.3
Panama,LA,1924,492.4
Panama,LA,1925,494.5
Panama,LA,1926,496.6
Panama,LA,1927,498.7
Panama,LA,1928,500.8
Panama,LA,1929,502.9
Panama,LA,1930,505.0
Panama,LA,1931,521.2
Panama,LA,1932,537.4
Panama,LA,1933,553.6
Panama,LA,1934,569.8
Panama,LA,1935,586.0
Panama,LA,1936,602.2
Panama,LA,1937,618.4
Panama,LA,1938,634.6
Panama,LA,1939,650.8
Panama,LA,1940,667.0
Panama,LA,1941,686.3
Panama,LA,1942,705.6
Panama,LA,1943,724.9
Panama,LA,1944,744.2
Panama,LA,1945,763.5
Panama,LA,1946,782.8
Panama,LA,1947,802.1
Panama,LA,1948,821.4
Panama,LA,1949,840.7
Panama,LA,1950,860.0
Panama,LA,1951,886.6
Panama,LA,1952,913.2
Panama,LA,1953,939.8
Panama,LA,1954,966.4
Panama,LA,1955,993.0
Panama,LA,1956,1019.6
Panama,LA,1957,1046.2
Panama,LA,1958,1072.8
Panama,LA,1959,1099.4
Panama,LA,1960,1126.0
Panama,LA,1961,1164.0
Panama,LA,1962,1202.0
Panama,LA,1963,1240.0
Panama,LA,1964,1278.0
Panama,LA,1965,1316.0
Panama,LA,1966,1354.0
Panama,LA,1967,1392.0
Panama,LA,1968,1430.0
Panama,LA,1969,1468.0
Panama,LA,1970,1506.0
Panama,LA,1971,1550.3
Panama,LA,1972,1594.6
Panama,LA,1973,1638.9
Panama,LA,1974,1683.2
Panama,LA,1975,1727.5
Panama,LA,1976,1771.8
Panama,LA,1977,1816.1
Panama,LA,1978,1860.4
Panama,LA,1979,1904.7
Panama,LA,1980,1949.0
Panama,LA,1981,1995.2
Panama,LA,1982,2041.4
Panama,LA,1983,2087.6
Panama,LA,1984,2133.8
Panama,LA,1985,2180.0
Panama,LA,1986,2226.2
Panama,LA,1987,2272.4
Panama,LA,1988,2318.6
Panama,LA,1989,2364.8
Panama,LA,1990,2411.0
Panama,LA,1991,2464.9
Panama,LA,1992,2518.8
Panama,LA,1993,2572.7
Panama,LA,1994,2626.6
Panama,LA,1995,2680.5
Panama,LA,1996,2734.4
Panama,LA,1997,2788.3
Panama,LA,1998,2842.2
Panama,LA,1999,2896.1
Panama,LA,2000,2950.0
Panama,LA,2001,3019.3
Panama,LA,2002,3088.6
Panama,LA,2003,3157.9
Panama,LA,2004,3227.2
Panama,LA,2005,3296.5
Panama,LA,2006,3365.8
Panama,LA,2007,3435.1
Panama,LA,2008,3504.4
Panama,LA,2009,3573.7
Panama,LA,2010,3643.0
Panama,LA,2011,3710.2
Panama,LA,2012,3777.4
Panama,LA,2013,3844.6
Panama,LA,2014,3911.8
Panama,LA,2015,3979.0
Panama,LA,2016,4046.2
Panama,LA,2017,4113.4
Panama,LA,2018,4180.6
Panama,LA,2019,4247.8
Panama,LA,2020,4315.0
Paraguay,LA,1820,143.0
Paraguay,LA,1821,148.0
Paraguay,LA,1822,153.0
Paraguay,LA,1823,158.0
Paraguay,LA,1824,163.0
Paraguay,LA,1825,168.0
Paraguay,LA,1826,173.0
Paraguay,LA,1827,178.0
Paraguay,LA,1828,183.0
Paraguay,LA,1829,188.0
Paraguay,LA,1830,193.0
Paraguay,LA,1831,199.7
Paraguay,LA,1832,206.4
Paraguay,LA,1833,213.1
Paraguay,LA,1834,219.8
Paraguay,LA,1835,226.5
Paraguay,LA,1836,233.2
Paraguay,LA,1837,239.9
Paraguay,LA,1838,246.6
Paraguay,LA,1839,253.3
Paraguay,LA,1840,260.0
Paraguay,LA,1841,269.0
Paraguay,LA,1842,278.0
Paraguay,LA,1843,287.0
Paraguay,LA,1844,296.0
Paraguay,LA,1845,305.0
Paraguay,LA,1846,314.0
Paraguay,LA,1847,323.0
Paraguay,LA,1848,332.0
Paraguay,LA,1849,341.0
Paraguay,LA,1850,350.0
Paraguay,LA,1851,351.7
Paraguay,LA,1852,353.4
Paraguay,LA,1853,355.1
Paraguay,LA,1854,356.8
Paraguay,LA,1855,358.5
Paraguay,LA,1856,360.2
Paraguay,LA,1857,361.9
Paraguay,LA,1858,363.6
Paraguay,LA,1859,365.3
Paraguay,LA,1860,367.0
Paraguay,LA,1861,368.7
Paraguay,LA,1862,370.4
Paraguay,LA,1863,372.1
Paraguay,LA,1864,373.8
Paraguay,LA,1865,375.5
Paraguay,LA,1866,377.2
Paraguay,LA,1867,378.9
Paraguay,LA,1868,380.6
Paraguay,LA,1869,382.3
Paraguay,LA,1870,384.0
Paraguay,LA,1871,388.0
Paraguay,LA,1872,392.0
Paraguay,LA,1873,396.0
Paraguay,LA,1874,400.0
Paraguay,LA,1875,404.0
Paraguay,LA,1876,408.0
Paraguay,LA,1877,412.0
Paraguay,LA,1878,416.0
Paraguay,LA,1879,420.0
Paraguay,LA,1880,424.0
Paraguay,LA,1881,428.4
Paraguay,LA,1882,432.8
Paraguay,LA,1883,437.2
Paraguay,LA,1884,441.6
Paraguay,LA,1885,446.0
Paraguay,LA,1886,450.4
Paraguay,LA,1887,454.8
Paraguay,LA,1888,459.2
Paraguay,LA,1889,463.6
Paraguay,LA,1890,468.0
Paraguay,LA,1891,472.8
Paraguay,LA,1892,477.6
Paraguay,LA,1893,482.4
Paraguay,LA,1894,487.2
Paraguay,LA,1895,492.0
Paraguay,LA,1896,496.8
Paraguay,LA,1897,501.6
Paraguay,LA,1898,506.4
Paraguay,LA,1899,511.2
Paraguay,LA,1900,516.0
Paraguay,LA,1901,529.6
Paraguay,LA,1902,543.2
Paraguay,LA,1903,556.8
Paraguay,LA,1904,570.4
Paraguay,LA,1905,584.0
Paraguay,LA,1906,597.6
Paraguay,LA,1907,611.2
Paraguay,LA,1908,624.8
Paraguay,LA,1909,638.4
Paraguay,LA,1910,652.0
Paraguay,LA,1911,660.5
Paraguay,LA,1912,669.0
Paraguay,LA,1913,677.5
Paraguay,LA,1914,686.0
Paraguay,LA,1915,694.5
Paraguay,LA,1916,703.0
Paraguay,LA,1917,711.5
Paraguay,LA,1918,720.0
Paraguay,LA,1919,728.5
Paraguay,LA,1920,737.0
Paraguay,LA,1921,755.9
Paraguay,LA,1922,774.8
Paraguay,LA,1923,793.7
Paraguay,LA,1924,812.6
Paraguay,LA,1925,831.5
Paraguay,LA,1926,850.4
Paraguay,LA,1927,869.3
Paraguay,LA,1928,888.2
Paraguay,LA,1929,907.1
Paraguay,LA,1930,926.0
Paraguay,LA,1931,950.2
Paraguay,LA,1932,974.4
Paraguay,LA,1933,998.6
Paraguay,LA,1934,1022.8
Paraguay,LA,1935,1047.0
Paraguay,LA,1936,1071.2
Paraguay,LA,1937,1095.4
Paraguay,LA,1938,1119.6
Paraguay,LA,1939,1143.8
Paraguay,LA,1940,1168.0
Paraguay,LA,1941,1198.5
Paraguay,LA,1942,1229.0
Paraguay,LA,1943,1259.5
Paraguay,LA,1944,1290.0
Paraguay,LA,1945,1320.5
Paraguay,LA,1946,1351.0
Paraguay,LA,1947,1381.5
Paraguay,LA,1948,1412.0
Paraguay,LA,1949,1442.5
Paraguay,LA,1950,1473.0
Paraguay,LA,1951,1516.4
Paraguay,LA,1952,1559.8
Paraguay,LA,1953,1603.2
Paraguay,LA,1954,1646.6
Paraguay,LA,1955,1690.0
Paraguay,LA,1956,1733.4
Paraguay,LA,1957,1776.8
Paraguay,LA,1958,1820.2
Paraguay,LA,1959,1863.6
Paraguay,LA,1960,1907.0
Paraguay,LA,1961,1964.7
Paraguay,LA,1962,2022.4
Paraguay,LA,1963,2080.1
Paraguay,LA,1964,2137.8
Paraguay,LA,1965,2195.5
Paraguay,LA,1966,2253.2
Paraguay,LA,1967,2310.9
Paraguay,LA,1968,2368.6
Paraguay,LA,1969,2426.3
Paraguay,LA,1970,2484.0
Paraguay,LA,1971,2555.4
Paraguay,LA,1972,2626.8
Paraguay,LA,1973,2698.2
Paraguay,LA,1974,2769.6
Paraguay,LA,1975,2841.0
Paraguay,LA,1976,2912.4
Paraguay,LA,1977,2983.8
Paraguay,LA,1978,3055.2
Paraguay,LA,1979,3126.6
Paraguay,LA,1980,3198.0
Paraguay,LA,1981,3303.0
Paraguay,LA,1982,3408.0
Paraguay,LA,1983,3513.0
Paraguay,LA,1984,3618.0
Paraguay,LA,1985,3723.0
Paraguay,LA,1986,3828.0
Paraguay,LA,1987,3933.0
Paraguay,LA,1988,4038.0
Paraguay,LA,1989,4143.0
Paraguay,LA,1990,4248.0
Paraguay,LA,1991,4353.5
Paraguay,LA,1992,4459.0
Paraguay,LA,1993,4564.5
Paraguay,LA,1994,4670.0
Paraguay,LA,1995,4775.5
Paraguay,LA,1996,4881.0
Paraguay,LA,1997,4986.5
Paraguay,LA,1998,5092.0
Paraguay,LA,1999,5197.5
Paraguay,LA,2000,5303.0
Paraguay,LA,2001,5393.7
Paraguay,LA,2002,5484.4
Paraguay,LA,2003,5575.1
Paraguay,LA,2004,5665.8
Paraguay,LA,2005,5756.5
Paraguay,LA,2006,5847.2
Paraguay,LA,2007,5937.9
Paraguay,LA,2008,6028.6
Paraguay,LA,2009,6119.3
Paraguay,LA,2010,6210.0
Paraguay,LA,2011,6302.3
Paraguay,LA,2012,6394.6
Paraguay,LA,2013,6486.9
Paraguay,LA,2014,6579.2
Paraguay,LA,2015,6671.5
Paraguay,LA,2016,6763.8
Paraguay,LA,2017,6856.1
Paraguay,LA,2018,6948.4
Paraguay,LA,2019,7040.7
Paraguay,LA,2020,7133.0
Peru,LA,1820,1317.0
Peru,LA,1821,1336.7
Peru,LA,1822,1356.4
Peru,LA,1823,1376.1
Peru,LA,1824,1395.8
Peru,LA,1825,1415.5
Peru,LA,1826,1435.2
Peru,LA,1827,1454.9
Peru,LA,1828,1474.6
Peru,LA,1829,1494.3
Peru,LA,1830,1514.0
Peru,LA,1831,1536.7
Peru,LA,1832,1559.4
Peru,LA,1833,1582.1
Peru,LA,1834,1604.8
Peru,LA,1835,1627.5
Peru,LA,1836,1650.2
Peru,LA,1837,1672.9
Peru,LA,1838,1695.6
Peru,LA,1839,1718.3
Peru,LA,1840,1741.0
Peru,LA,1841,1767.0
Peru,LA,1842,1793.0
Peru,LA,1843,1819.0
Peru,LA,1844,1845.0
Peru,LA,1845,1871.0
Peru,LA,1846,1897.0
Peru,LA,1847,1923.0
Peru,LA,1848,1949.0
Peru,LA,1849,1975.0
Peru,LA,1850,2001.0
Peru,LA,1851,2029.3
Peru,LA,1852,2057.6
Peru,LA,1853,2085.9
Peru,LA,1854,2114.2
Peru,LA,1855,2142.5
Peru,LA,1856,2170.8
Peru,LA,1857,2199.1
Peru,LA,1858,2227.4
Peru,LA,1859,2255.7
Peru,LA,1860,2284.0
Peru,LA,1861,2316.2
Peru,LA,1862,2348.4
Peru,LA,1863,2380.6
Peru,LA,1864,2412.8
Peru,LA,1865,2445.0
Peru,LA,1866,2477.2
Peru,LA,1867,2509.4
Peru,LA,1868,2541.6
Peru,LA,1869,2573.8
Peru,LA,1870,2606.0
Peru,LA,1871,2614.6
Peru,LA,1872,2623.2
Peru,LA,1873,2631.8
Peru,LA,1874,2640.4
Peru,LA,1875,2649.0
Peru,LA,1876,2657.6
Peru,LA,1877,2666.2
Peru,LA,1878,2674.8
Peru,LA,1879,2683.4
Peru,LA,1880,2692.0
Peru,LA,1881,2700.9
Peru,LA,1882,2709.8
Peru,LA,1883,2718.7
Peru,LA,1884,2727.6
Peru,LA,1885,2736.5
Peru,LA,1886,2745.4
Peru,LA,1887,2754.3
Peru,LA,1888,2763.2
Peru,LA,1889,2772.1
Peru,LA,1890,2781.0
Peru,LA,1891,2790.2
Peru,LA,1892,2799.4
Peru,LA,1893,2808.6
Peru,LA,1894,2817.8
Peru,LA,1895,2827.0
Peru,LA,1896,2836.2
Peru,LA,1897,2845.4
Peru,LA,1898,2854.6
Peru,LA,1899,2863.8
Peru,LA,1900,2873.0
Peru,LA,1901,2968.7
Peru,LA,1902,3064.4
Peru,LA,1903,3160.1
Peru,LA,1904,3255.8
Peru,LA,1905,3351.5
Peru,LA,1906,3447.2
Peru,LA,1907,3542.9
Peru,LA,1908,3638.6
Peru,LA,1909,3734.3
Peru,LA,1910,3830.0
Peru,LA,1911,3909.5
Peru,LA,1912,3989.0
Peru,LA,1913,4068.5
Peru,LA,1914,4148.0
Peru,LA,1915,4227.5
Peru,LA,1916,4307.0
Peru,LA,1917,4386.5
Peru,LA,1918,4466.0
Peru,LA,1919,4545.5
Peru,LA,1920,4625.0
Peru,LA,1921,4703.5
Peru,LA,1922,4782.0
Peru,LA,1923,4860.5
Peru,LA,1924,4939.0
Peru,LA,1925,5017.5
Peru,LA,1926,5096.0
Peru,LA,1927,5174.5
Peru,LA,1928,5253.0
Peru,LA,1929,5331.5
Peru,LA,1930,5410.0
Peru,LA,1931,5508.7
Peru,LA,1932,5607.4
Peru,LA,1933,5706.1
Peru,LA,1934,5804.8
Peru,LA,1935,5903.5
Peru,LA,1936,6002.2
Peru,LA,1937,6100.9
Peru,LA,1938,6199.6
Peru,LA,1939,6298.3
Peru,LA,1940,6397.0
Peru,LA,1941,6520.5
Peru,LA,1942,6644.0
Peru,LA,1943,6767.5
Peru,LA,1944,6891.0
Peru,LA,1945,7014.5
Peru,LA,1946,7138.0
Peru,LA,1947,7261.5
Peru,LA,1948,7385.0
Peru,LA,1949,7508.5
Peru,LA,1950,7632.0
Peru,LA,1951,7861.9
Peru,LA,1952,8091.8
Peru,LA,1953,8321.7
Peru,LA,1954,8551.6
Peru,LA,1955,8781.5
Peru,LA,1956,9011.4
Peru,LA,1957,9241.3
Peru,LA,1958,9471.2
Peru,LA,1959,9701.1
Peru,LA,1960,9931.0
Peru,LA,1961,10257.2
Peru,LA,1962,10583.4
Peru,LA,1963,10909.6
Peru,LA,1964,11235.8
Peru,LA,1965,11562.0
Peru,LA,1966,11888.2
Peru,LA,1967,12214.4
Peru,LA,1968,12540.6
Peru,LA,1969,12866.8
Peru,LA,1970,13193.0
Peru,LA,1971,13606.1
Peru,LA,1972,14019.2
Peru,LA,1973,14432.3
Peru,LA,1974,14845.4
Peru,LA,1975,15258.5
Peru,LA,1976,15671.6
Peru,LA,1977,16084.7
Peru,LA,1978,16497.8
Peru,LA,1979,16910.9
Peru,LA,1980,17324.0
Peru,LA,1981,17768.1
Peru,LA,1982,18212.2
Peru,LA,1983,18656.3
Peru,LA,1984,19100.4
Peru,LA,1985,19544.5
Peru,LA,1986,19988.6
Peru,LA,1987,20432.7
Peru,LA,1988,20876.8
Peru,LA,1989,21320.9
Peru,LA,1990,21765.0
Peru,LA,1991,22188.2
Peru,LA,1992,22611.4
Peru,LA,1993,23034.6
Peru,LA,1994,23457.8
Peru,LA,1995,23881.0
Peru,LA,1996,24304.2
Peru,LA,1997,24727.4
Peru,LA,1998,25150.6
Peru,LA,1999,25573.8
Peru,LA,2000,25997.0
Peru,LA,2001,26346.8
Peru,LA,2002,26696.6
Peru,LA,2003,27046.4
Peru,LA,2004,27396.2
Peru,LA,2005,27746.0
Peru,LA,2006,28095.8
Peru,LA,2007,28445.6
Peru,LA,2008,28795.4
Peru,LA,2009,29145.2
Peru,LA,2010,29495.0
Peru,LA,2011,29842.7
Peru,LA,2012,30190.4
Peru,LA,2013,30538.1
Peru,LA,2014,30885.8
Peru,LA,2015,31233.5
Peru,LA,2016,31581.2
Peru,LA,2017,31928.9
Peru,LA,2018,32276.6
Peru,LA,2019,32624.3
Peru,LA,2020,32972.0
Uruguay,LA,1820,55.0
Uruguay,LA,1821,56.9
Uruguay,LA,1822,58.8
Uruguay,LA,1823,60.7
Uruguay,LA,1824,62.6
Uruguay,LA,1825,64.5
Uruguay,LA,1826,66.4
Uruguay,LA,1827,68.3
Uruguay,LA,1828,70.2
Uruguay,LA,1829,72.1
Uruguay,LA,1830,74.0
Uruguay,LA,1831,76.5
Uruguay,LA,1832,79.0
Uruguay,LA,1833,81.5
Uruguay,LA,1834,84.0
Uruguay,LA,1835,86.5
Uruguay,LA,1836,89.0
Uruguay,LA,1837,91.5
Uruguay,LA,1838,94.0
Uruguay,LA,1839,96.5
Uruguay,LA,1840,99.0
Uruguay,LA,1841,102.3
Uruguay,LA,1842,105.6
Uruguay,LA,1843,108.9
Uruguay,LA,1844,112.2
Uruguay,LA,1845,115.5
Uruguay,LA,1846,118.8
Uruguay,LA,1847,122.1
Uruguay,LA,1848,125.4
Uruguay,LA,1849,128.7
Uruguay,LA,1850,132.0
Uruguay,LA,1851,140.1
Uruguay,LA,1852,148.2
Uruguay,LA,1853,156.3
Uruguay,LA,1854,164.4
Uruguay,LA,1855,172.5
Uruguay,LA,1856,180.6
Uruguay,LA,1857,188.7
Uruguay,LA,1858,196.8
Uruguay,LA,1859,204.89999999999998
Uruguay,LA,1860,213.0
Uruguay,LA,1861,226.0
Uruguay,LA,1862,239.0
Uruguay,LA,1863,252.0
Uruguay,LA,1864,265.0
Uruguay,LA,1865,278.0
Uruguay,LA,1866,291.0
Uruguay,LA,1867,304.0
Uruguay,LA,1868,317.0
Uruguay,LA,1869,330.0
Uruguay,LA,1870,343.0
Uruguay,LA,1871,357.3
Uruguay,LA,1872,371.6
Uruguay,LA,1873,385.9
Uruguay,LA,1874,400.2
Uruguay,LA,1875,414.5
Uruguay,LA,1876,428.8
Uruguay,LA,1877,443.1
Uruguay,LA,1878,457.4
Uruguay,LA,1879,471.70000000000005
Uruguay,LA,1880,486.0
Uruguay,LA,1881,506.3
Uruguay,LA,1882,526.6
Uruguay,LA,1883,546.9
Uruguay,LA,1884,567.2
Uruguay,LA,1885,587.5
Uruguay,LA,1886,607.8
Uruguay,LA,1887,628.1
Uruguay,LA,1888,648.4
Uruguay,LA,1889,668.7
Uruguay,LA,1890,689.0
Uruguay,LA,1891,717.8
Uruguay,LA,1892,746.6
Uruguay,LA,1893,775.4
Uruguay,LA,1894,804.2
Uruguay,LA,1895,833.0
Uruguay,LA,1896,861.8
Uruguay,LA,1897,890.6
Uruguay,LA,1898,919.4
Uruguay,LA,1899,948.2
Uruguay,LA,1900,977.0
Uruguay,LA,1901,994.3
Uruguay,LA,1902,1011.6
Uruguay,LA,1903,1028.9
Uruguay,LA,1904,1046.2
Uruguay,LA,1905,1063.5
Uruguay,LA,1906,1080.8
Uruguay,LA,1907,1098.1
Uruguay,LA,1908,1115.4
Uruguay,LA,1909,1132.7
Uruguay,LA,1910,1150.0
Uruguay,LA,1911,1185.6
Uruguay,LA,1912,1221.2
Uruguay,LA,1913,1256.8
Uruguay,LA,1914,1292.4
Uruguay,LA,1915,1328.0
Uruguay,LA,1916,1363.6
Uruguay,LA,1917,1399.2
Uruguay,LA,1918,1434.8
Uruguay,LA,1919,1470.4
Uruguay,LA,1920,1506.0
Uruguay,LA,1921,1531.5
Uruguay,LA,1922,1557.0
Uruguay,LA,1923,1582.5
Uruguay,LA,1924,1608.0
Uruguay,LA,1925,1633.5
Uruguay,LA,1926,1659.0
Uruguay,LA,1927,1684.5
Uruguay,LA,1928,1710.0
Uruguay,LA,1929,1735.5
Uruguay,LA,1930,1761.0
Uruguay,LA,1931,1785.4
Uruguay,LA,1932,1809.8
Uruguay,LA,1933,1834.2
Uruguay,LA,1934,1858.6
Uruguay,LA,1935,1883.0
Uruguay,LA,1936,1907.4
Uruguay,LA,1937,1931.8
Uruguay,LA,1938,1956.2
Uruguay,LA,1939,1980.6
Uruguay,LA,1940,2005.0
Uruguay,LA,1941,2028.4
Uruguay,LA,1942,2051.8
Uruguay,LA,1943,2075.2
Uruguay,LA,1944,2098.6
Uruguay,LA,1945,2122.0
Uruguay,LA,1946,2145.4
Uruguay,LA,1947,2168.8
Uruguay,LA,1948,2192.2
Uruguay,LA,1949,2215.6
Uruguay,LA,1950,2239.0
Uruguay,LA,1951,2268.9
Uruguay,LA,1952,2298.8
Uruguay,LA,1953,2328.7
Uruguay,LA,1954,2358.6
Uruguay,LA,1955,2388.5
Uruguay,LA,1956,2418.4
Uruguay,LA,1957,2448.3
Uruguay,LA,1958,2478.2
Uruguay,LA,1959,2508.1
Uruguay,LA,1960,2538.0
Uruguay,LA,1961,2565.0
Uruguay,LA,1962,2592.0
Uruguay,LA,1963,2619.0
Uruguay,LA,1964,2646.0
Uruguay,LA,1965,2673.0
Uruguay,LA,1966,2700.0
Uruguay,LA,1967,2727.0
Uruguay,LA,1968,2754.0
Uruguay,LA,1969,2781.0
Uruguay,LA,1970,2808.0
Uruguay,LA,1971,2818.6
Uruguay,LA,1972,2829.2
Uruguay,LA,1973,2839.8
Uruguay,LA,1974,2850.4
Uruguay,LA,1975,2861.0
Uruguay,LA,1976,2871.6
Uruguay,LA,1977,2882.2
Uruguay,LA,1978,2892.8
Uruguay,LA,1979,2903.4
Uruguay,LA,1980,2914.0
Uruguay,LA,1981,2933.2
Uruguay,LA,1982,2952.4
Uruguay,LA,1983,2971.6
Uruguay,LA,1984,2990.8
Uruguay,LA,1985,3010.0
Uruguay,LA,1986,3029.2
Uruguay,LA,1987,3048.4
Uruguay,LA,1988,3067.6
Uruguay,LA,1989,3086.8
Uruguay,LA,1990,3106.0
Uruguay,LA,1991,3127.2
Uruguay,LA,1992,3148.4
Uruguay,LA,1993,3169.6
Uruguay,LA,1994,3190.8
Uruguay,LA,1995,3212.0
Uruguay,LA,1996,3233.2
Uruguay,LA,1997,3254.4
Uruguay,LA,1998,3275.6
Uruguay,LA,1999,3296.8
Uruguay,LA,2000,3318.0
Uruguay,LA,2001,3323.4
Uruguay,LA,2002,3328.8
Uruguay,LA,2003,3334.2
Uruguay,LA,2004,3339.6
Uruguay,LA,2005,3345.0
Uruguay,LA,2006,3350.4
Uruguay,LA,2007,3355.8
Uruguay,LA,2008,3361.2
Uruguay,LA,2009,3366.6
Uruguay,LA,2010,3372.0
Uruguay,LA,2011,3382.2
Uruguay,LA,2012,3392.4
Uruguay,LA,2013,3402.6
Uruguay,LA,2014,3412.8
Uruguay,LA,2015,3423.0
Uruguay,LA,2016,3433.2
Uruguay,LA,2017,3443.4
Uruguay,LA,2018,3453.6
Uruguay,LA,2019,3463.8
Uruguay,LA,2020,3474.0
Venezuela,LA,1820,718.0
Venezuela,LA,1821,734.2
Venezuela,LA,1822,750.4
Venezuela,LA,1823,766.6
Venezuela,LA,1824,782.8
Venezuela,LA,1825,799.0
Venezuela,LA,1826,815.2
Venezuela,LA,1827,831.4
Venezuela,LA,1828,847.6
Venezuela,LA,1829,863.8
Venezuela,LA,1830,880.0
Venezuela,LA,1831,900.0
Venezuela,LA,1832,920.0
Venezuela,LA,1833,940.0
Venezuela,LA,1834,960.0
Venezuela,LA,1835,980.0
Venezuela,LA,1836,1000.0
Venezuela,LA,1837,1020.0
Venezuela,LA,1838,1040.0
Venezuela,LA,1839,1060.0
Venezuela,LA,1840,1080.0
Venezuela,LA,1841,1104.4
Venezuela,LA,1842,1128.8
Venezuela,LA,1843,1153.2
Venezuela,LA,1844,1177.6
Venezuela,LA,1845,1202.0
Venezuela,LA,1846,1226.4
Venezuela,LA,1847,1250.8
Venezuela,LA,1848,1275.2
Venezuela,LA,1849,1299.6
Venezuela,LA,1850,1324.0
Venezuela,LA,1851,1339.5
Venezuela,LA,1852,1355.0
Venezuela,LA,1853,1370.5
Venezuela,LA,1854,1386.0
Venezuela,LA,1855,1401.5
Venezuela,LA,1856,1417.0
Venezuela,LA,1857,1432.5
Venezuela,LA,1858,1448.0
Venezuela,LA,1859,1463.5
Venezuela,LA,1860,1479.0
Venezuela,LA,1861,1496.4
Venezuela,LA,1862,1513.8
Venezuela,LA,1863,1531.2
Venezuela,LA,1864,1548.6
Venezuela,LA,1865,1566.0
Venezuela,LA,1866,1583.4
Venezuela,LA,1867,1600.8
Venezuela,LA,1868,1618.2
Venezuela,LA,1869,1635.6
Venezuela,LA,1870,1653.0
Venezuela,LA,1871,1677.7
Venezuela,LA,1872,1702.4
Venezuela,LA,1873,1727.1
Venezuela,LA,1874,1751.8
Venezuela,LA,1875,1776.5
Venezuela,LA,1876,1801.2
Venezuela,LA,1877,1825.9
Venezuela,LA,1878,1850.6
Venezuela,LA,1879,1875.3
Venezuela,LA,1880,1900.0
Venezuela,LA,1881,1928.4
Venezuela,LA,1882,1956.8
Venezuela,LA,1883,1985.2
Venezuela,LA,1884,2013.6
Venezuela,LA,1885,2042.0
Venezuela,LA,1886,2070.4
Venezuela,LA,1887,2098.8
Venezuela,LA,1888,2127.2
Venezuela,LA,1889,2155.6
Venezuela,LA,1890,2184.0
Venezuela,LA,1891,2216.7
Venezuela,LA,1892,2249.4
Venezuela,LA,1893,2282.1
Venezuela,LA,1894,2314.8
Venezuela,LA,1895,2347.5
Venezuela,LA,1896,2380.2
Venezuela,LA,1897,2412.9
Venezuela,LA,1898,2445.6
Venezuela,LA,1899,2478.3
Venezuela,LA,1900,2511.0
Venezuela,LA,1901,2526.4
Venezuela,LA,1902,2541.8
Venezuela,LA,1903,2557.2
Venezuela,LA,1904,2572.6
Venezuela,LA,1905,2588.0
Venezuela,LA,1906,2603.4
Venezuela,LA,1907,2618.8
Venezuela,LA,1908,2634.2
Venezuela,LA,1909,2649.6
Venezuela,LA,1910,2665.0
Venezuela,LA,1911,2687.5
Venezuela,LA,1912,2710.0
Venezuela,LA,1913,2732.5
Venezuela,LA,1914,2755.0
Venezuela,LA,1915,2777.5
Venezuela,LA,1916,2800.0
Venezuela,LA,1917,2822.5
Venezuela,LA,1918,2845.0
Venezuela,LA,1919,2867.5
Venezuela,LA,1920,2890.0
Venezuela,LA,1921,2920.8
Venezuela,LA,1922,2951.6
Venezuela,LA,1923,2982.4
Venezuela,LA,1924,3013.2
Venezuela,LA,1925,3044.0
Venezuela,LA,1926,3074.8
Venezuela,LA,1927,3105.6
Venezuela,LA,1928,3136.4
Venezuela,LA,1929,3167.2
Venezuela,LA,1930,3198.0
Venezuela,LA,1931,3258.5
Venezuela,LA,1932,3319.0
Venezuela,LA,1933,3379.5
Venezuela,LA,1934,3440.0
Venezuela,LA,1935,3500.5
Venezuela,LA,1936,3561.0
Venezuela,LA,1937,3621.5
Venezuela,LA,1938,3682.0
Venezuela,LA,1939,3742.5
Venezuela,LA,1940,3803.0
Venezuela,LA,1941,3932.1
Venezuela,LA,1942,4061.2
Venezuela,LA,1943,4190.3
Venezuela,LA,1944,4319.4
Venezuela,LA,1945,4448.5
Venezuela,LA,1946,4577.6
Venezuela,LA,1947,4706.7
Venezuela,LA,1948,4835.8
Venezuela,LA,1949,4964.9
Venezuela,LA,1950,5094.0
Venezuela,LA,1951,5342.5
Venezuela,LA,1952,5591.0
Venezuela,LA,1953,5839.5
Venezuela,LA,1954,6088.0
Venezuela,LA,1955,6336.5
Venezuela,LA,1956,6585.0
Venezuela,LA,1957,6833.5
Venezuela,LA,1958,7082.0
Venezuela,LA,1959,7330.5
Venezuela,LA,1960,7579.0
Venezuela,LA,1961,7893.2
Venezuela,LA,1962,8207.4
Venezuela,LA,1963,8521.6
Venezuela,LA,1964,8835.8
Venezuela,LA,1965,9150.0
Venezuela,LA,1966,9464.2
Venezuela,LA,1967,9778.4
Venezuela,LA,1968,10092.6
Venezuela,LA,1969,10406.8
Venezuela,LA,1970,10721.0
Venezuela,LA,1971,11158.0
Venezuela,LA,1972,11595.0
Venezuela,LA,1973,12032.0
Venezuela,LA,1974,12469.0
Venezuela,LA,1975,12906.0
Venezuela,LA,1976,13343.0
Venezuela,LA,1977,13780.0
Venezuela,LA,1978,14217.0
Venezuela,LA,1979,14654.0
Venezuela,LA,1980,15091.0
Venezuela,LA,1981,15555.0
Venezuela,LA,1982,16019.0
Venezuela,LA,1983,16483.0
Venezuela,LA,1984,16947.0
Venezuela,LA,1985,17411.0
Venezuela,LA,1986,17875.0
Venezuela,LA,1987,18339.0
Venezuela,LA,1988,18803.0
Venezuela,LA,1989,19267.0
Venezuela,LA,1990,19731.0
Venezuela,LA,1991,20198.1
Venezuela,LA,1992,20665.2
Venezuela,LA,1993,21132.3
Venezuela,LA,1994,21599.4
Venezuela,LA,1995,22066.5
Venezuela,LA,1996,22533.6
Venezuela,LA,1997,23000.7
Venezuela,LA,1998,23467.8
Venezuela,LA,1999,23934.9
Venezuela,LA,2000,24402.0
Venezuela,LA,2001,24866.1
Venezuela,LA,2002,25330.2
Venezuela,LA,2003,25794.3
Venezuela,LA,2004,26258.4
Venezuela,LA,2005,26722.5
Venezuela,LA,2006,27186.6
Venezuela,LA,2007,27650.7
Venezuela,LA,2008,28114.8
Venezuela,LA,2009,28578.9
Venezuela,LA,2010,29043.0
Venezuela,LA,2011,28982.3
Venezuela,LA,2012,28921.6
Venezuela,LA,2013,28860.9
Venezuela,LA,2014,28800.2
Venezuela,LA,2015,28739.5
Venezuela,LA,2016,28678.8
Venezuela,LA,2017,28618.1
Venezuela,LA,2018,28557.4
Venezuela,LA,2019,28496.7
Venezuela,LA,2020,28436.0
Australia,O,1820,334.0
Australia,O,1821,333.6
Australia,O,1822,333.2
Australia,O,1823,332.8
Australia,O,1824,332.4
Australia,O,1825,332.0
Australia,O,1826,331.6
Australia,O,1827,331.2
Australia,O,1828,330.8
Australia,O,1829,330.4
Australia,O,1830,330.0
Australia,O,1831,339.0
Australia,O,1832,348.0
Australia,O,1833,357.0
Australia,O,1834,366.0
Australia,O,1835,375.0
Australia,O,1836,384.0
Australia,O,1837,393.0
Australia,O,1838,402.0
Australia,O,1839,411.0
Australia,O,1840,420.0
Australia,O,1841,438.5
Australia,O,1842,457.0
Australia,O,1843,475.5
Australia,O,1844,494.0
Australia,O,1845,512.5
Australia,O,1846,531.0
Australia,O,1847,549.5
Australia,O,1848,568.0
Australia,O,1849,586.5
Australia,O,1850,605.0
Australia,O,1851,677.1
Australia,O,1852,749.2
Australia,O,1853,821.3
Australia,O,1854,893.4
Australia,O,1855,965.5
Australia,O,1856,1037.6
Australia,O,1857,1109.6999999999998
Australia,O,1858,1181.8
Australia,O,1859,1253.9
Australia,O,1860,1326.0
Australia,O,1861,1370.9
Australia,O,1862,1415.8
Australia,O,1863,1460.7
Australia,O,1864,1505.6
Australia,O,1865,1550.5
Australia,O,1866,1595.4
Australia,O,1867,1640.3
Australia,O,1868,1685.2
Australia,O,1869,1730.1
Australia,O,1870,1775.0
Australia,O,1871,1817.2
Australia,O,1872,1859.4
Australia,O,1873,1901.6
Australia,O,1874,1943.8
Australia,O,1875,1986.0
Australia,O,1876,2028.2
Australia,O,1877,2070.4
Australia,O,1878,2112.6
Australia,O,1879,2154.8
Australia,O,1880,2197.0
Australia,O,1881,2288.0
Australia,O,1882,2379.0
Australia,O,1883,2470.0
Australia,O,1884,2561.0
Australia,O,1885,2652.0
Australia,O,1886,2743.0
Australia,O,1887,2834.0
Australia,O,1888,2925.0
Australia,O,1889,3016.0
Australia,O,1890,3107.0
Australia,O,1891,3170.4
Australia,O,1892,3233.8
Australia,O,1893,3297.2
Australia,O,1894,3360.6
Australia,O,1895,3424.0
Australia,O,1896,3487.4
Australia,O,1897,3550.8
Australia,O,1898,3614.2
Australia,O,1899,3677.6
Australia,O,1900,3741.0
Australia,O,1901,3804.4
Australia,O,1902,3867.8
Australia,O,1903,3931.2
Australia,O,1904,3994.6
Australia,O,1905,4058.0
Australia,O,1906,4121.4
Australia,O,1907,4184.8
Australia,O,1908,4248.2
Australia,O,1909,4311.6
Australia,O,1910,4375.0
Australia,O,1911,4473.3
Australia,O,1912,4571.6
Australia,O,1913,4669.9
Australia,O,1914,4768.2
Australia,O,1915,4866.5
Australia,O,1916,4964.8
Australia,O,1917,5063.1
Australia,O,1918,5161.4
Australia,O,1919,5259.7
Australia,O,1920,5358.0
Australia,O,1921,5469.1
Australia,O,1922,5580.2
Australia,O,1923,5691.3
Australia,O,1924,5802.4
Australia,O,1925,5913.5
Australia,O,1926,6024.6
Australia,O,1927,6135.7
Australia,O,1928,6246.8
Australia,O,1929,6357.9
Australia,O,1930,6469.0
Australia,O,1931,6526.3
Australia,O,1932,6583.6
Australia,O,1933,6640.9
Australia,O,1934,6698.2
Australia,O,1935,6755.5
Australia,O,1936,6812.8
Australia,O,1937,6870.1
Australia,O,1938,6927.4
Australia,O,1939,6984.7
Australia,O,1940,7042.0
Australia,O,1941,7164.5
Australia,O,1942,7287.0
Australia,O,1943,7409.5
Australia,O,1944,7532.0
Australia,O,1945,7654.5
Australia,O,1946,7777.0
Australia,O,1947,7899.5
Australia,O,1948,8022.0
Australia,O,1949,8144.5
Australia,O,1950,8267.0
Australia,O,1951,8476.4
Australia,O,1952,8685.8
Australia,O,1953,8895.2
Australia,O,1954,9104.6
Australia,O,1955,9314.0
Australia,O,1956,9523.4
Australia,O,1957,9732.8
Australia,O,1958,9942.2
Australia,O,1959,10151.6
Australia,O,1960,10361.0
Australia,O,1961,10590.9
Australia,O,1962,10820.8
Australia,O,1963,11050.7
Australia,O,1964,11280.6
Australia,O,1965,11510.5
Australia,O,1966,11740.4
Australia,O,1967,11970.3
Australia,O,1968,12200.2
Australia,O,1969,12430.1
Australia,O,1970,12660.0
Australia,O,1971,12855.6
Australia,O,1972,13051.2
Australia,O,1973,13246.8
Australia,O,1974,13442.4
Australia,O,1975,13638.0
Australia,O,1976,13833.6
Australia,O,1977,14029.2
Australia,O,1978,14224.8
Australia,O,1979,14420.4
Australia,O,1980,14616.0
Australia,O,1981,14864.0
Australia,O,1982,15112.0
Australia,O,1983,15360.0
Australia,O,1984,15608.0
Australia,O,1985,15856.0
Australia,O,1986,16104.0
Australia,O,1987,16352.0
Australia,O,1988,16600.0
Australia,O,1989,16848.0
Australia,O,1990,17096.0
Australia,O,1991,17302.8
Australia,O,1992,17509.6
Australia,O,1993,17716.4
Australia,O,1994,17923.2
Australia,O,1995,18130.0
Australia,O,1996,18336.8
Australia,O,1997,18543.6
Australia,O,1998,18750.4
Australia,O,1999,18957.2
Australia,O,2000,19164.0
Australia,O,2001,19474.4
Australia,O,2002,19784.8
Australia,O,2003,20095.2
Australia,O,2004,20405.6
Australia,O,2005,20716.0
Australia,O,2006,21026.4
Australia,O,2007,21336.8
Australia,O,2008,21647.2
Australia,O,2009,21957.6
Australia,O,2010,22268.0
Australia,O,2011,22591.2
Australia,O,2012,22914.4
Australia,O,2013,23237.6
Australia,O,2014,23560.8
Australia,O,2015,23884.0
Australia,O,2016,24207.2
Australia,O,2017,24530.4
Australia,O,2018,24853.6
Australia,O,2019,25176.8
Australia,O,2020,25500.0
N. Zealand,O,1820,100.0
N. Zealand,O,1821,100.0
N. Zealand,O,1822,100.0
N. Zealand,O,1823,100.0
N. Zealand,O,1824,100.0
N. Zealand,O,1825,100.0
N. Zealand,O,1826,100.0
N. Zealand,O,1827,100.0
N. Zealand,O,1828,100.0
N. Zealand,O,1829,100.0
N. Zealand,O,1830,100.0
N. Zealand,O,1831,97.0
N. Zealand,O,1832,94.0
N. Zealand,O,1833,91.0
N. Zealand,O,1834,88.0
N. Zealand,O,1835,85.0
N. Zealand,O,1836,82.0
N. Zealand,O,1837,79.0
N. Zealand,O,1838,76.0
N. Zealand,O,1839,73.0
N. Zealand,O,1840,70.0
N. Zealand,O,1841,73.5
N. Zealand,O,1842,77.0
N. Zealand,O,1843,80.5
N. Zealand,O,1844,84.0
N. Zealand,O,1845,87.5
N. Zealand,O,1846,91.0
N. Zealand,O,1847,94.5
N. Zealand,O,1848,98.0
N. Zealand,O,1849,101.5
N. Zealand,O,1850,105.0
N. Zealand,O,1851,107.7
N. Zealand,O,1852,110.4
N. Zealand,O,1853,113.1
N. Zealand,O,1854,115.8
N. Zealand,O,1855,118.5
N. Zealand,O,1856,121.2
N. Zealand,O,1857,123.9
N. Zealand,O,1858,126.6
N. Zealand,O,1859,129.3
N. Zealand,O,1860,132.0
N. Zealand,O,1861,147.9
N. Zealand,O,1862,163.8
N. Zealand,O,1863,179.7
N. Zealand,O,1864,195.6
N. Zealand,O,1865,211.5
N. Zealand,O,1866,227.4
N. Zealand,O,1867,243.3
N. Zealand,O,1868,259.2
N. Zealand,O,1869,275.1
N. Zealand,O,1870,291.0
N. Zealand,O,1871,313.9
N. Zealand,O,1872,336.8
N. Zealand,O,1873,359.7
N. Zealand,O,1874,382.6
N. Zealand,O,1875,405.5
N. Zealand,O,1876,428.4
N. Zealand,O,1877,451.29999999999995
N. Zealand,O,1878,474.2
N. Zealand,O,1879,497.1
N. Zealand,O,1880,520.0
N. Zealand,O,1881,534.5
N. Zealand,O,1882,549.0
N. Zealand,O,1883,563.5
N. Zealand,O,1884,578.0
N. Zealand,O,1885,592.5
N. Zealand,O,1886,607.0
N. Zealand,O,1887,621.5
N. Zealand,O,1888,636.0
N. Zealand,O,1889,650.5
N. Zealand,O,1890,665.0
N. Zealand,O,1891,679.2
N. Zealand,O,1892,693.4
N. Zealand,O,1893,707.6
N. Zealand,O,1894,721.8
N. Zealand,O,1895,736.0
N. Zealand,O,1896,750.2
N. Zealand,O,1897,764.4
N. Zealand,O,1898,778.6
N. Zealand,O,1899,792.8
N. Zealand,O,1900,807.0
N. Zealand,O,1901,830.8
N. Zealand,O,1902,854.6
N. Zealand,O,1903,878.4
N. Zealand,O,1904,902.2
N. Zealand,O,1905,926.0
N. Zealand,O,1906,949.8
N. Zealand,O,1907,973.6
N. Zealand,O,1908,997.4
N. Zealand,O,1909,1021.2
N. Zealand,O,1910,1045.0
N. Zealand,O,1911,1064.6
N. Zealand,O,1912,1084.2
N. Zealand,O,1913,1103.8
N. Zealand,O,1914,1123.4
N. Zealand,O,1915,1143.0
N. Zealand,O,1916,1162.6
N. Zealand,O,1917,1182.2
N. Zealand,O,1918,1201.8
N. Zealand,O,1919,1221.4
N. Zealand,O,1920,1241.0
N. Zealand,O,1921,1266.2
N. Zealand,O,1922,1291.4
N. Zealand,O,1923,1316.6
N. Zealand,O,1924,1341.8
N. Zealand,O,1925,1367.0
N. Zealand,O,1926,1392.2
N. Zealand,O,1927,1417.4
N. Zealand,O,1928,1442.6
N. Zealand,O,1929,1467.8
N. Zealand,O,1930,1493.0
N. Zealand,O,1931,1507.3
N. Zealand,O,1932,1521.6
N. Zealand,O,1933,1535.9
N. Zealand,O,1934,1550.2
N. Zealand,O,1935,1564.5
N. Zealand,O,1936,1578.8
N. Zealand,O,1937,1593.1
N. Zealand,O,1938,1607.4
N. Zealand,O,1939,1621.7
N. Zealand,O,1940,1636.0
N. Zealand,O,1941,1663.2
N. Zealand,O,1942,1690.4
N. Zealand,O,1943,1717.6
N. Zealand,O,1944,1744.8
N. Zealand,O,1945,1772.0
N. Zealand,O,1946,1799.2
N. Zealand,O,1947,1826.4
N. Zealand,O,1948,1853.6
N. Zealand,O,1949,1880.8
N. Zealand,O,1950,1908.0
N. Zealand,O,1951,1954.4
N. Zealand,O,1952,2000.8
N. Zealand,O,1953,2047.2
N. Zealand,O,1954,2093.6
N. Zealand,O,1955,2140.0
N. Zealand,O,1956,2186.4
N. Zealand,O,1957,2232.8
N. Zealand,O,1958,2279.2
N. Zealand,O,1959,2325.6
N. Zealand,O,1960,2372.0
N. Zealand,O,1961,2417.6
N. Zealand,O,1962,2463.2
N. Zealand,O,1963,2508.8
N. Zealand,O,1964,2554.4
N. Zealand,O,1965,2600.0
N. Zealand,O,1966,2645.6
N. Zealand,O,1967,2691.2
N. Zealand,O,1968,2736.8
N. Zealand,O,1969,2782.4
N. Zealand,O,1970,2828.0
N. Zealand,O,1971,2862.2
N. Zealand,O,1972,2896.4
N. Zealand,O,1973,2930.6
N. Zealand,O,1974,2964.8
N. Zealand,O,1975,2999.0
N. Zealand,O,1976,3033.2
N. Zealand,O,1977,3067.4
N. Zealand,O,1978,3101.6
N. Zealand,O,1979,3135.8
N. Zealand,O,1980,3170.0
N. Zealand,O,1981,3189.0
N. Zealand,O,1982,3208.0
N. Zealand,O,1983,3227.0
N. Zealand,O,1984,3246.0
N. Zealand,O,1985,3265.0
N. Zealand,O,1986,3284.0
N. Zealand,O,1987,3303.0
N. Zealand,O,1988,3322.0
N. Zealand,O,1989,3341.0
N. Zealand,O,1990,3360.0
N. Zealand,O,1991,3409.9
N. Zealand,O,1992,3459.8
N. Zealand,O,1993,3509.7
N. Zealand,O,1994,3559.6
N. Zealand,O,1995,3609.5
N. Zealand,O,1996,3659.4
N. Zealand,O,1997,3709.3
N. Zealand,O,1998,3759.2
N. Zealand,O,1999,3809.1
N. Zealand,O,2000,3859.0
N. Zealand,O,2001,3910.1
N. Zealand,O,2002,3961.2
N. Zealand,O,2003,4012.3
N. Zealand,O,2004,4063.4
N. Zealand,O,2005,4114.5
N. Zealand,O,2006,4165.6
N. Zealand,O,2007,4216.7
N. Zealand,O,2008,4267.8
N. Zealand,O,2009,4318.9
N. Zealand,O,2010,4370.0
N. Zealand,O,2011,4415.2
N. Zealand,O,2012,4460.4
N. Zealand,O,2013,4505.6
N. Zealand,O,2014,4550.8
N. Zealand,O,2015,4596.0
N. Zealand,O,2016,4641.2
N. Zealand,O,2017,4686.4
N. Zealand,O,2018,4731.6
N. Zealand,O,2019,4776.8
N. Zealand,O,2020,4822.0
China,As,1820,381000.0
China,As,1821,383800.0
China,As,1822,386600.0
China,As,1823,389400.0
China,As,1824,392200.0
China,As,1825,395000.0
China,As,1826,397800.0
China,As,1827,400600.0
China,As,1828,403400.0
China,As,1829,406200.0
China,As,1830,409000.0
China,As,1831,409300.0
China,As,1832,409600.0
China,As,1833,409900.0
China,As,1834,410200.0
China,As,1835,410500.0
China,As,1836,410800.0
China,As,1837,411100.0
China,As,1838,411400.0
China,As,1839,411700.0
China,As,1840,412000.0
China,As,1841,412000.0
China,As,1842,412000.0
China,As,1843,412000.0
China,As,1844,412000.0
China,As,1845,412000.0
China,As,1846,412000.0
China,As,1847,412000.0
China,As,1848,412000.0
China,As,1849,412000.0
China,As,1850,412000.0
China,As,1851,408500.0
China,As,1852,405000.0
China,As,1853,401500.0
China,As,1854,398000.0
China,As,1855,394500.0
China,As,1856,391000.0
China,As,1857,387500.0
China,As,1858,384000.0
China,As,1859,380500.0
China,As,1860,377000.0
China,As,1861,375100.0
China,As,1862,373200.0
China,As,1863,371300.0
China,As,1864,369400.0
China,As,1865,367500.0
China,As,1866,365600.0
China,As,1867,363700.0
China,As,1868,361800.0
China,As,1869,359900.0
China,As,1870,358000.0
China,As,1871,359000.0
China,As,1872,360000.0
China,As,1873,361000.0
China,As,1874,362000.0
China,As,1875,363000.0
China,As,1876,364000.0
China,As,1877,365000.0
China,As,1878,366000.0
China,As,1879,367000.0
China,As,1880,368000.0
China,As,1881,369200.0
China,As,1882,370400.0
China,As,1883,371600.0
China,As,1884,372800.0
China,As,1885,374000.0
China,As,1886,375200.0
China,As,1887,376400.0
China,As,1888,377600.0
China,As,1889,378800.0
China,As,1890,380000.0
China,As,1891,382000.0
China,As,1892,384000.0
China,As,1893,386000.0
China,As,1894,388000.0
China,As,1895,390000.0
China,As,1896,392000.0
China,As,1897,394000.0
China,As,1898,396000.0
China,As,1899,398000.0
China,As,1900,400000.0
China,As,1901,402300.0
China,As,1902,404600.0
China,As,1903,406900.0
China,As,1904,409200.0
China,As,1905,411500.0
China,As,1906,413800.0
China,As,1907,416100.0
China,As,1908,418400.0
China,As,1909,420700.0
China,As,1910,423000.0
China,As,1911,427900.0
China,As,1912,432800.0
China,As,1913,437700.0
China,As,1914,442600.0
China,As,1915,447500.0
China,As,1916,452400.0
China,As,1917,457300.0
China,As,1918,462200.0
China,As,1919,467100.0
China,As,1920,472000.0
China,As,1921,473700.0
China,As,1922,475400.0
China,As,1923,477100.0
China,As,1924,478800.0
China,As,1925,480500.0
China,As,1926,482200.0
China,As,1927,483900.0
China,As,1928,485600.0
China,As,1929,487300.0
China,As,1930,489000.0
China,As,1931,491977.0
China,As,1932,494954.0
China,As,1933,497931.0
China,As,1934,500908.0
China,As,1935,503885.0
China,As,1936,506862.0
China,As,1937,509839.0
China,As,1938,512816.0
China,As,1939,515793.0
China,As,1940,518770.0
China,As,1941,521574.5
China,As,1942,524379.0
China,As,1943,527183.5
China,As,1944,529988.0
China,As,1945,532792.5
China,As,1946,535597.0
China,As,1947,538401.5
China,As,1948,541206.0
China,As,1949,544010.5
China,As,1950,546815.0
China,As,1951,558840.5
China,As,1952,570866.0
China,As,1953,582891.5
China,As,1954,594917.0
China,As,1955,606942.5
China,As,1956,618968.0
China,As,1957,630993.5
China,As,1958,643019.0
China,As,1959,655044.5
China,As,1960,667070.0
China,As,1961,682194.5
China,As,1962,697319.0
China,As,1963,712443.5
China,As,1964,727568.0
China,As,1965,742692.5
China,As,1966,757817.0
China,As,1967,772941.5
China,As,1968,788066.0
China,As,1969,803190.5
China,As,1970,818315.0
China,As,1971,834607.0
China,As,1972,850899.0
China,As,1973,867191.0
China,As,1974,883483.0
China,As,1975,899775.0
China,As,1976,916067.0
China,As,1977,932359.0
China,As,1978,948651.0
China,As,1979,964943.0
China,As,1980,981235.0
China,As,1981,996630.0
China,As,1982,1012025.0
China,As,1983,1027420.0
China,As,1984,1042815.0
China,As,1985,1058210.0
China,As,1986,1073605.0
China,As,1987,1089000.0
China,As,1988,1104395.0
China,As,1989,1119790.0
China,As,1990,1135185.0
China,As,1991,1147931.0
China,As,1992,1160677.0
China,As,1993,1173423.0
China,As,1994,1186169.0
China,As,1995,1198915.0
China,As,1996,1211661.0
China,As,1997,1224407.0
China,As,1998,1237153.0
China,As,1999,1249899.0
China,As,2000,1262645.0
China,As,2001,1273261.6
China,As,2002,1283878.2
China,As,2003,1294494.8
China,As,2004,1305111.4
China,As,2005,1315728.0
China,As,2006,1326344.6
China,As,2007,1336961.2
China,As,2008,1347577.8
China,As,2009,1358194.4
China,As,2010,1368811.0
China,As,2011,1375862.3
China,As,2012,1382913.6
China,As,2013,1389964.9
China,As,2014,1397016.2
China,As,2015,1404067.5
China,As,2016,1411118.8
China,As,2017,1418170.1
China,As,2018,1425221.4
China,As,2019,1432272.7
China,As,2020,1439324.0
India,As,1820,209000.0
India,As,1821,209857.7
India,As,1822,210715.4
India,As,1823,211573.1
India,As,1824,212430.8
India,As,1825,213288.5
India,As,1826,214146.2
India,As,1827,215003.9
India,As,1828,215861.6
India,As,1829,216719.3
India,As,1830,217577.0
India,As,1831,218469.8
India,As,1832,219362.6
India,As,1833,220255.4
India,As,1834,221148.2
India,As,1835,222041.0
India,As,1836,222933.8
India,As,1837,223826.6
India,As,1838,224719.4
India,As,1839,225612.2
India,As,1840,226505.0
India,As,1841,227434.5
India,As,1842,228364.0
India,As,1843,229293.5
India,As,1844,230223.0
India,As,1845,231152.5
India,As,1846,232082.0
India,As,1847,233011.5
India,As,1848,233941.0
India,As,1849,234870.5
India,As,1850,235800.0
India,As,1851,236644.9
India,As,1852,237489.8
India,As,1853,238334.7
India,As,1854,239179.6
India,As,1855,240024.5
India,As,1856,240869.4
India,As,1857,241714.3
India,As,1858,242559.2
India,As,1859,243404.1
India,As,1860,244249.0
India,As,1861,245124.1
India,As,1862,245999.2
India,As,1863,246874.3
India,As,1864,247749.4
India,As,1865,248624.5
India,As,1866,249499.6
India,As,1867,250374.7
India,As,1868,251249.8
India,As,1869,252124.9
India,As,1870,253000.0
India,As,1871,253420.0
India,As,1872,253840.0
India,As,1873,254260.0
India,As,1874,254680.0
India,As,1875,255100.0
India,As,1876,255520.0
India,As,1877,255940.0
India,As,1878,256360.0
India,As,1879,256780.0
India,As,1880,257200.0
India,As,1881,259442.6
India,As,1882,261685.2
India,As,1883,263927.8
India,As,1884,266170.4
India,As,1885,268413.0
India,As,1886,270655.6
India,As,1887,272898.2
India,As,1888,275140.8
India,As,1889,277383.4
India,As,1890,279626.0
India,As,1891,280113.4
India,As,1892,280600.8
India,As,1893,281088.2
India,As,1894,281575.6
India,As,1895,282063.0
India,As,1896,282550.4
India,As,1897,283037.8
India,As,1898,283525.2
India,As,1899,284012.6
India,As,1900,284500.0
India,As,1901,286260.0
India,As,1902,288020.0
India,As,1903,289780.0
India,As,1904,291540.0
India,As,1905,293300.0
India,As,1906,295060.0
India,As,1907,296820.0
India,As,1908,298580.0
India,As,1909,300340.0
India,As,1910,302100.0
India,As,1911,302450.0
India,As,1912,302800.0
India,As,1913,303150.0
India,As,1914,303500.0
India,As,1915,303850.0
India,As,1916,304200.0
India,As,1917,304550.0
India,As,1918,304900.0
India,As,1919,305250.0
India,As,1920,305600.0
India,As,1921,308680.0
India,As,1922,311760.0
India,As,1923,314840.0
India,As,1924,317920.0
India,As,1925,321000.0
India,As,1926,324080.0
India,As,1927,327160.0
India,As,1928,330240.0
India,As,1929,333320.0
India,As,1930,336400.0
India,As,1931,341440.0
India,As,1932,346480.0
India,As,1933,351520.0
India,As,1934,356560.0
India,As,1935,361600.0
India,As,1936,366640.0
India,As,1937,371680.0
India,As,1938,376720.0
India,As,1939,381760.0
India,As,1940,386800.0
India,As,1941,385752.5
India,As,1942,384705.0
India,As,1943,383657.5
India,As,1944,382610.0
India,As,1945,381562.5
India,As,1946,380515.0
India,As,1947,379467.5
India,As,1948,378420.0
India,As,1949,377372.5
India,As,1950,376325.0
India,As,1951,383640.6
India,As,1952,390956.2
India,As,1953,398271.8
India,As,1954,405587.4
India,As,1955,412903.0
India,As,1956,420218.6
India,As,1957,427534.2
India,As,1958,434849.8
India,As,1959,442165.4
India,As,1960,449481.0
India,As,1961,459890.8
India,As,1962,470300.6
India,As,1963,480710.4
India,As,1964,491120.2
India,As,1965,501530.0
India,As,1966,511939.8
India,As,1967,522349.6
India,As,1968,532759.4
India,As,1969,543169.2
India,As,1970,553579.0
India,As,1971,567899.5
India,As,1972,582220.0
India,As,1973,596540.5
India,As,1974,610861.0
India,As,1975,625181.5
India,As,1976,639502.0
India,As,1977,653822.5
India,As,1978,668143.0
India,As,1979,682463.5
India,As,1980,696784.0
India,As,1981,714118.9
India,As,1982,731453.8
India,As,1983,748788.7
India,As,1984,766123.6
India,As,1985,783458.5
India,As,1986,800793.4
India,As,1987,818128.3
India,As,1988,835463.2
India,As,1989,852798.1
India,As,1990,870133.0
India,As,1991,888424.8
India,As,1992,906716.6
India,As,1993,925008.4
India,As,1994,943300.2
India,As,1995,961592.0
India,As,1996,979883.8
India,As,1997,998175.6
India,As,1998,1016467.4
India,As,1999,1034759.2
India,As,2000,1053051.0
India,As,2001,1070844.0
India,As,2002,1088637.0
India,As,2003,1106430.0
India,As,2004,1124223.0
India,As,2005,1142016.0
India,As,2006,1159809.0
India,As,2007,1177602.0
India,As,2008,1195395.0
India,As,2009,1213188.0
India,As,2010,1230981.0
India,As,2011,1245883.3
India,As,2012,1260785.6
India,As,2013,1275687.9
India,As,2014,1290590.2
India,As,2015,1305492.5
India,As,2016,1320394.8
India,As,2017,1335297.1
India,As,2018,1350199.4
India,As,2019,1365101.7
India,As,2020,1380004.0
Indonesia,As,1820,17927.0
Indonesia,As,1821,18081.6
Indonesia,As,1822,18236.2
Indonesia,As,1823,18390.8
Indonesia,As,1824,18545.4
Indonesia,As,1825,18700.0
Indonesia,As,1826,18854.6
Indonesia,As,1827,19009.2
Indonesia,As,1828,19163.8
Indonesia,As,1829,19318.4
Indonesia,As,1830,19473.0
Indonesia,As,1831,19641.0
Indonesia,As,1832,19809.0
Indonesia,As,1833,19977.0
Indonesia,As,1834,20145.0
Indonesia,As,1835,20313.0
Indonesia,As,1836,20481.0
Indonesia,As,1837,20649.0
Indonesia,As,1838,20817.0
Indonesia,As,1839,20985.0
Indonesia,As,1840,21153.0
Indonesia,As,1841,21335.4
Indonesia,As,1842,21517.8
Indonesia,As,1843,21700.2
Indonesia,As,1844,21882.6
Indonesia,As,1845,22065.0
Indonesia,As,1846,22247.4
Indonesia,As,1847,22429.8
Indonesia,As,1848,22612.2
Indonesia,As,1849,22794.6
Indonesia,As,1850,22977.0
Indonesia,As,1851,23257.2
Indonesia,As,1852,23537.4
Indonesia,As,1853,23817.6
Indonesia,As,1854,24097.8
Indonesia,As,1855,24378.0
Indonesia,As,1856,24658.2
Indonesia,As,1857,24938.4
Indonesia,As,1858,25218.6
Indonesia,As,1859,25498.8
Indonesia,As,1860,25779.0
Indonesia,As,1861,26093.3
Indonesia,As,1862,26407.6
Indonesia,As,1863,26721.9
Indonesia,As,1864,27036.2
Indonesia,As,1865,27350.5
Indonesia,As,1866,27664.8
Indonesia,As,1867,27979.1
Indonesia,As,1868,28293.4
Indonesia,As,1869,28607.7
Indonesia,As,1870,28922.0
Indonesia,As,1871,29317.4
Indonesia,As,1872,29712.8
Indonesia,As,1873,30108.2
Indonesia,As,1874,30503.6
Indonesia,As,1875,30899.0
Indonesia,As,1876,31294.4
Indonesia,As,1877,31689.8
Indonesia,As,1878,32085.2
Indonesia,As,1879,32480.6
Indonesia,As,1880,32876.0
Indonesia,As,1881,33346.3
Indonesia,As,1882,33816.6
Indonesia,As,1883,34286.9
Indonesia,As,1884,34757.2
Indonesia,As,1885,35227.5
Indonesia,As,1886,35697.8
Indonesia,As,1887,36168.1
Indonesia,As,1888,36638.4
Indonesia,As,1889,37108.7
Indonesia,As,1890,37579.0
Indonesia,As,1891,38095.7
Indonesia,As,1892,38612.4
Indonesia,As,1893,39129.1
Indonesia,As,1894,39645.8
Indonesia,As,1895,40162.5
Indonesia,As,1896,40679.2
Indonesia,As,1897,41195.9
Indonesia,As,1898,41712.6
Indonesia,As,1899,42229.3
Indonesia,As,1900,42746.0
Indonesia,As,1901,43292.0
Indonesia,As,1902,43838.0
Indonesia,As,1903,44384.0
Indonesia,As,1904,44930.0
Indonesia,As,1905,45476.0
Indonesia,As,1906,46022.0
Indonesia,As,1907,46568.0
Indonesia,As,1908,47114.0
Indonesia,As,1909,47660.0
Indonesia,As,1910,48206.0
Indonesia,As,1911,48757.7
Indonesia,As,1912,49309.4
Indonesia,As,1913,49861.1
Indonesia,As,1914,50412.8
Indonesia,As,1915,50964.5
Indonesia,As,1916,51516.2
Indonesia,As,1917,52067.9
Indonesia,As,1918,52619.6
Indonesia,As,1919,53171.3
Indonesia,As,1920,53723.0
Indonesia,As,1921,54410.3
Indonesia,As,1922,55097.6
Indonesia,As,1923,55784.9
Indonesia,As,1924,56472.2
Indonesia,As,1925,57159.5
Indonesia,As,1926,57846.8
Indonesia,As,1927,58534.1
Indonesia,As,1928,59221.4
Indonesia,As,1929,59908.7
Indonesia,As,1930,60596.0
Indonesia,As,1931,61553.9
Indonesia,As,1932,62511.8
Indonesia,As,1933,63469.7
Indonesia,As,1934,64427.6
Indonesia,As,1935,65385.5
Indonesia,As,1936,66343.4
Indonesia,As,1937,67301.3
Indonesia,As,1938,68259.2
Indonesia,As,1939,69217.1
Indonesia,As,1940,70175.0
Indonesia,As,1941,71061.8
Indonesia,As,1942,71948.6
Indonesia,As,1943,72835.4
Indonesia,As,1944,73722.2
Indonesia,As,1945,74609.0
Indonesia,As,1946,75495.8
Indonesia,As,1947,76382.6
Indonesia,As,1948,77269.4
Indonesia,As,1949,78156.2
Indonesia,As,1950,79043.0
Indonesia,As,1951,80664.1
Indonesia,As,1952,82285.2
Indonesia,As,1953,83906.3
Indonesia,As,1954,85527.4
Indonesia,As,1955,87148.5
Indonesia,As,1956,88769.6
Indonesia,As,1957,90390.7
Indonesia,As,1958,92011.8
Indonesia,As,1959,93632.9
Indonesia,As,1960,95254.0
Indonesia,As,1961,97333.0
Indonesia,As,1962,99412.0
Indonesia,As,1963,101491.0
Indonesia,As,1964,103570.0
Indonesia,As,1965,105649.0
Indonesia,As,1966,107728.0
Indonesia,As,1967,109807.0
Indonesia,As,1968,111886.0
Indonesia,As,1969,113965.0
Indonesia,As,1970,116044.0
Indonesia,As,1971,119188.6
Indonesia,As,1972,122333.2
Indonesia,As,1973,125477.8
Indonesia,As,1974,128622.4
Indonesia,As,1975,131767.0
Indonesia,As,1976,134911.6
Indonesia,As,1977,138056.2
Indonesia,As,1978,141200.8
Indonesia,As,1979,144345.4
Indonesia,As,1980,147490.0
Indonesia,As,1981,150884.7
Indonesia,As,1982,154279.4
Indonesia,As,1983,157674.1
Indonesia,As,1984,161068.8
Indonesia,As,1985,164463.5
Indonesia,As,1986,167858.2
Indonesia,As,1987,171252.9
Indonesia,As,1988,174647.6
Indonesia,As,1989,178042.3
Indonesia,As,1990,181437.0
Indonesia,As,1991,184447.3
Indonesia,As,1992,187457.6
Indonesia,As,1993,190467.9
Indonesia,As,1994,193478.2
Indonesia,As,1995,196488.5
Indonesia,As,1996,199498.8
Indonesia,As,1997,202509.1
Indonesia,As,1998,205519.4
Indonesia,As,1999,208529.7
Indonesia,As,2000,211540.0
Indonesia,As,2001,214638.4
Indonesia,As,2002,217736.8
Indonesia,As,2003,220835.2
Indonesia,As,2004,223933.6
Indonesia,As,2005,227032.0
Indonesia,As,2006,230130.4
Indonesia,As,2007,233228.8
Indonesia,As,2008,236327.2
Indonesia,As,2009,239425.6
Indonesia,As,2010,242524.0
Indonesia,As,2011,245624.0
Indonesia,As,2012,248724.0
Indonesia,As,2013,251824.0
Indonesia,As,2014,254924.0
Indonesia,As,2015,258024.0
Indonesia,As,2016,261124.0
Indonesia,As,2017,264224.0
Indonesia,As,2018,267324.0
Indonesia,As,2019,270424.0
Indonesia,As,2020,273524.0
Japan,As,1820,31000.0
Japan,As,1821,31033.0
Japan,As,1822,31066.0
Japan,As,1823,31099.0
Japan,As,1824,31132.0
Japan,As,1825,31165.0
Japan,As,1826,31198.0
Japan,As,1827,31231.0
Japan,As,1828,31264.0
Japan,As,1829,31297.0
Japan,As,1830,31330.0
Japan,As,1831,31363.3
Japan,As,1832,31396.6
Japan,As,1833,31429.9
Japan,As,1834,31463.2
Japan,As,1835,31496.5
Japan,As,1836,31529.8
Japan,As,1837,31563.1
Japan,As,1838,31596.4
Japan,As,1839,31629.7
Japan,As,1840,31663.0
Japan,As,1841,31696.7
Japan,As,1842,31730.4
Japan,As,1843,31764.1
Japan,As,1844,31797.8
Japan,As,1845,31831.5
Japan,As,1846,31865.2
Japan,As,1847,31898.9
Japan,As,1848,31932.6
Japan,As,1849,31966.3
Japan,As,1850,32000.0
Japan,As,1851,32119.6
Japan,As,1852,32239.2
Japan,As,1853,32358.8
Japan,As,1854,32478.4
Japan,As,1855,32598.0
Japan,As,1856,32717.6
Japan,As,1857,32837.2
Japan,As,1858,32956.8
Japan,As,1859,33076.4
Japan,As,1860,33196.0
Japan,As,1861,33320.1
Japan,As,1862,33444.2
Japan,As,1863,33568.3
Japan,As,1864,33692.4
Japan,As,1865,33816.5
Japan,As,1866,33940.6
Japan,As,1867,34064.7
Japan,As,1868,34188.8
Japan,As,1869,34312.9
Japan,As,1870,34437.0
Japan,As,1871,34674.0
Japan,As,1872,34911.0
Japan,As,1873,35148.0
Japan,As,1874,35385.0
Japan,As,1875,35622.0
Japan,As,1876,35859.0
Japan,As,1877,36096.0
Japan,As,1878,36333.0
Japan,As,1879,36570.0
Japan,As,1880,36807.0
Japan,As,1881,37134.0
Japan,As,1882,37461.0
Japan,As,1883,37788.0
Japan,As,1884,38115.0
Japan,As,1885,38442.0
Japan,As,1886,38769.0
Japan,As,1887,39096.0
Japan,As,1888,39423.0
Japan,As,1889,39750.0
Japan,As,1890,40077.0
Japan,As,1891,40479.6
Japan,As,1892,40882.2
Japan,As,1893,41284.8
Japan,As,1894,41687.4
Japan,As,1895,42090.0
Japan,As,1896,42492.6
Japan,As,1897,42895.2
Japan,As,1898,43297.8
Japan,As,1899,43700.4
Japan,As,1900,44103.0
Japan,As,1901,44644.5
Japan,As,1902,45186.0
Japan,As,1903,45727.5
Japan,As,1904,46269.0
Japan,As,1905,46810.5
Japan,As,1906,47352.0
Japan,As,1907,47893.5
Japan,As,1908,48435.0
Japan,As,1909,48976.5
Japan,As,1910,49518.0
Japan,As,1911,50148.0
Japan,As,1912,50778.0
Japan,As,1913,51408.0
Japan,As,1914,52038.0
Japan,As,1915,52668.0
Japan,As,1916,53298.0
Japan,As,1917,53928.0
Japan,As,1918,54558.0
Japan,As,1919,55188.0
Japan,As,1920,55818.0
Japan,As,1921,56656.5
Japan,As,1922,57495.0
Japan,As,1923,58333.5
Japan,As,1924,59172.0
Japan,As,1925,60010.5
Japan,As,1926,60849.0
Japan,As,1927,61687.5
Japan,As,1928,62526.0
Japan,As,1929,63364.5
Japan,As,1930,64203.0
Japan,As,1931,65079.4
Japan,As,1932,65955.8
Japan,As,1933,66832.2
Japan,As,1934,67708.6
Japan,As,1935,68585.0
Japan,As,1936,69461.4
Japan,As,1937,70337.8
Japan,As,1938,71214.2
Japan,As,1939,72090.6
Japan,As,1940,72967.0
Japan,As,1941,74050.8
Japan,As,1942,75134.6
Japan,As,1943,76218.4
Japan,As,1944,77302.2
Japan,As,1945,78386.0
Japan,As,1946,79469.8
Japan,As,1947,80553.6
Japan,As,1948,81637.4
Japan,As,1949,82721.2
Japan,As,1950,83805.0
Japan,As,1951,84833.7
Japan,As,1952,85862.4
Japan,As,1953,86891.1
Japan,As,1954,87919.8
Japan,As,1955,88948.5
Japan,As,1956,89977.2
Japan,As,1957,91005.9
Japan,As,1958,92034.6
Japan,As,1959,93063.3
Japan,As,1960,94092.0
Japan,As,1961,95117.3
Japan,As,1962,96142.6
Japan,As,1963,97167.9
Japan,As,1964,98193.2
Japan,As,1965,99218.5
Japan,As,1966,100243.8
Japan,As,1967,101269.1
Japan,As,1968,102294.4
Japan,As,1969,103319.7
Japan,As,1970,104345.0
Japan,As,1971,105591.2
Japan,As,1972,106837.4
Japan,As,1973,108083.6
Japan,As,1974,109329.8
Japan,As,1975,110576.0
Japan,As,1976,111822.2
Japan,As,1977,113068.4
Japan,As,1978,114314.6
Japan,As,1979,115560.8
Japan,As,1980,116807.0
Japan,As,1981,117577.9
Japan,As,1982,118348.8
Japan,As,1983,119119.7
Japan,As,1984,119890.6
Japan,As,1985,120661.5
Japan,As,1986,121432.4
Japan,As,1987,122203.3
Japan,As,1988,122974.2
Japan,As,1989,123745.1
Japan,As,1990,124516.0
Japan,As,1991,124817.8
Japan,As,1992,125119.6
Japan,As,1993,125421.4
Japan,As,1994,125723.2
Japan,As,1995,126025.0
Japan,As,1996,126326.8
Japan,As,1997,126628.6
Japan,As,1998,126930.4
Japan,As,1999,127232.2
Japan,As,2000,127534.0
Japan,As,2001,127635.8
Japan,As,2002,127737.6
Japan,As,2003,127839.4
Japan,As,2004,127941.2
Japan,As,2005,128043.0
Japan,As,2006,128144.8
Japan,As,2007,128246.6
Japan,As,2008,128348.4
Japan,As,2009,128450.2
Japan,As,2010,128552.0
Japan,As,2011,128344.4
Japan,As,2012,128136.8
Japan,As,2013,127929.2
Japan,As,2014,127721.6
Japan,As,2015,127514.0
Japan,As,2016,127306.4
Japan,As,2017,127098.8
Japan,As,2018,126891.2
Japan,As,2019,126683.6
Japan,As,2020,126476.0
Malaysia,As,1820,287.0
Malaysia,As,1821,293.5
Malaysia,As,1822,300.0
Malaysia,As,1823,306.5
Malaysia,As,1824,313.0
Malaysia,As,1825,319.5
Malaysia,As,1826,326.0
Malaysia,As,1827,332.5
Malaysia,As,1828,339.0
Malaysia,As,1829,345.5
Malaysia,As,1830,352.0
Malaysia,As,1831,360.0
Malaysia,As,1832,368.0
Malaysia,As,1833,376.0
Malaysia,As,1834,384.0
Malaysia,As,1835,392.0
Malaysia,As,1836,400.0
Malaysia,As,1837,408.0
Malaysia,As,1838,416.0
Malaysia,As,1839,424.0
Malaysia,As,1840,432.0
Malaysia,As,1841,441.8
Malaysia,As,1842,451.6
Malaysia,As,1843,461.4
Malaysia,As,1844,471.2
Malaysia,As,1845,481.0
Malaysia,As,1846,490.8
Malaysia,As,1847,500.6
Malaysia,As,1848,510.4
Malaysia,As,1849,520.2
Malaysia,As,1850,530.0
Malaysia,As,1851,542.1
Malaysia,As,1852,554.2
Malaysia,As,1853,566.3
Malaysia,As,1854,578.4
Malaysia,As,1855,590.5
Malaysia,As,1856,602.6
Malaysia,As,1857,614.7
Malaysia,As,1858,626.8
Malaysia,As,1859,638.9
Malaysia,As,1860,651.0
Malaysia,As,1861,665.9
Malaysia,As,1862,680.8
Malaysia,As,1863,695.7
Malaysia,As,1864,710.6
Malaysia,As,1865,725.5
Malaysia,As,1866,740.4
Malaysia,As,1867,755.3
Malaysia,As,1868,770.2
Malaysia,As,1869,785.1
Malaysia,As,1870,800.0
Malaysia,As,1871,832.6
Malaysia,As,1872,865.2
Malaysia,As,1873,897.8
Malaysia,As,1874,930.4
Malaysia,As,1875,963.0
Malaysia,As,1876,995.6
Malaysia,As,1877,1028.2
Malaysia,As,1878,1060.8
Malaysia,As,1879,1093.4
Malaysia,As,1880,1126.0
Malaysia,As,1881,1171.9
Malaysia,As,1882,1217.8
Malaysia,As,1883,1263.7
Malaysia,As,1884,1309.6
Malaysia,As,1885,1355.5
Malaysia,As,1886,1401.4
Malaysia,As,1887,1447.3
Malaysia,As,1888,1493.2
Malaysia,As,1889,1539.1
Malaysia,As,1890,1585.0
Malaysia,As,1891,1649.7
Malaysia,As,1892,1714.4
Malaysia,As,1893,1779.1
Malaysia,As,1894,1843.8
Malaysia,As,1895,1908.5
Malaysia,As,1896,1973.2
Malaysia,As,1897,2037.9
Malaysia,As,1898,2102.6
Malaysia,As,1899,2167.3
Malaysia,As,1900,2232.0
Malaysia,As,1901,2298.1
Malaysia,As,1902,2364.2
Malaysia,As,1903,2430.3
Malaysia,As,1904,2496.4
Malaysia,As,1905,2562.5
Malaysia,As,1906,2628.6
Malaysia,As,1907,2694.7
Malaysia,As,1908,2760.8
Malaysia,As,1909,2826.9
Malaysia,As,1910,2893.0
Malaysia,As,1911,2958.2
Malaysia,As,1912,3023.4
Malaysia,As,1913,3088.6
Malaysia,As,1914,3153.8
Malaysia,As,1915,3219.0
Malaysia,As,1916,3284.2
Malaysia,As,1917,3349.4
Malaysia,As,1918,3414.6
Malaysia,As,1919,3479.8
Malaysia,As,1920,3545.0
Malaysia,As,1921,3631.8
Malaysia,As,1922,3718.6
Malaysia,As,1923,3805.4
Malaysia,As,1924,3892.2
Malaysia,As,1925,3979.0
Malaysia,As,1926,4065.8
Malaysia,As,1927,4152.6
Malaysia,As,1928,4239.4
Malaysia,As,1929,4326.2
Malaysia,As,1930,4413.0
Malaysia,As,1931,4515.1
Malaysia,As,1932,4617.2
Malaysia,As,1933,4719.3
Malaysia,As,1934,4821.4
Malaysia,As,1935,4923.5
Malaysia,As,1936,5025.6
Malaysia,As,1937,5127.7
Malaysia,As,1938,5229.8
Malaysia,As,1939,5331.9
Malaysia,As,1940,5434.0
Malaysia,As,1941,5534.0
Malaysia,As,1942,5634.0
Malaysia,As,1943,5734.0
Malaysia,As,1944,5834.0
Malaysia,As,1945,5934.0
Malaysia,As,1946,6034.0
Malaysia,As,1947,6134.0
Malaysia,As,1948,6234.0
Malaysia,As,1949,6334.0
Malaysia,As,1950,6434.0
Malaysia,As,1951,6633.4
Malaysia,As,1952,6832.8
Malaysia,As,1953,7032.2
Malaysia,As,1954,7231.6
Malaysia,As,1955,7431.0
Malaysia,As,1956,7630.4
Malaysia,As,1957,7829.8
Malaysia,As,1958,8029.2
Malaysia,As,1959,8228.6
Malaysia,As,1960,8428.0
Malaysia,As,1961,8676.2
Malaysia,As,1962,8924.4
Malaysia,As,1963,9172.6
Malaysia,As,1964,9420.8
Malaysia,As,1965,9669.0
Malaysia,As,1966,9917.2
Malaysia,As,1967,10165.4
Malaysia,As,1968,10413.6
Malaysia,As,1969,10661.8
Malaysia,As,1970,10910.0
Malaysia,As,1971,11195.4
Malaysia,As,1972,11480.8
Malaysia,As,1973,11766.2
Malaysia,As,1974,12051.6
Malaysia,As,1975,12337.0
Malaysia,As,1976,12622.4
Malaysia,As,1977,12907.8
Malaysia,As,1978,13193.2
Malaysia,As,1979,13478.6
Malaysia,As,1980,13764.0
Malaysia,As,1981,14191.4
Malaysia,As,1982,14618.8
Malaysia,As,1983,15046.2
Malaysia,As,1984,15473.6
Malaysia,As,1985,15901.0
Malaysia,As,1986,16328.4
Malaysia,As,1987,16755.8
Malaysia,As,1988,17183.2
Malaysia,As,1989,17610.6
Malaysia,As,1990,18038.0
Malaysia,As,1991,18552.8
Malaysia,As,1992,19067.6
Malaysia,As,1993,19582.4
Malaysia,As,1994,20097.2
Malaysia,As,1995,20612.0
Malaysia,As,1996,21126.8
Malaysia,As,1997,21641.6
Malaysia,As,1998,22156.4
Malaysia,As,1999,22671.2
Malaysia,As,2000,23186.0
Malaysia,As,2001,23678.6
Malaysia,As,2002,24171.2
Malaysia,As,2003,24663.8
Malaysia,As,2004,25156.4
Malaysia,As,2005,25649.0
Malaysia,As,2006,26141.6
Malaysia,As,2007,26634.2
Malaysia,As,2008,27126.8
Malaysia,As,2009,27619.4
Malaysia,As,2010,28112.0
Malaysia,As,2011,28537.4
Malaysia,As,2012,28962.8
Malaysia,As,2013,29388.2
Malaysia,As,2014,29813.6
Malaysia,As,2015,30239.0
Malaysia,As,2016,30664.4
Malaysia,As,2017,31089.8
Malaysia,As,2018,31515.2
Malaysia,As,2019,31940.6
Malaysia,As,2020,32366.0
Philippines,As,1820,2176.0
Philippines,As,1821,2216.0
Philippines,As,1822,2256.0
Philippines,As,1823,2296.0
Philippines,As,1824,2336.0
Philippines,As,1825,2376.0
Philippines,As,1826,2416.0
Philippines,As,1827,2456.0
Philippines,As,1828,2496.0
Philippines,As,1829,2536.0
Philippines,As,1830,2576.0
Philippines,As,1831,2623.5
Philippines,As,1832,2671.0
Philippines,As,1833,2718.5
Philippines,As,1834,2766.0
Philippines,As,1835,2813.5
Philippines,As,1836,2861.0
Philippines,As,1837,2908.5
Philippines,As,1838,2956.0
Philippines,As,1839,3003.5
Philippines,As,1840,3051.0
Philippines,As,1841,3107.1
Philippines,As,1842,3163.2
Philippines,As,1843,3219.3
Philippines,As,1844,3275.4
Philippines,As,1845,3331.5
Philippines,As,1846,3387.6
Philippines,As,1847,3443.7
Philippines,As,1848,3499.8
Philippines,As,1849,3555.9
Philippines,As,1850,3612.0
Philippines,As,1851,3678.4
Philippines,As,1852,3744.8
Philippines,As,1853,3811.2
Philippines,As,1854,3877.6
Philippines,As,1855,3944.0
Philippines,As,1856,4010.4
Philippines,As,1857,4076.8
Philippines,As,1858,4143.2
Philippines,As,1859,4209.6
Philippines,As,1860,4276.0
Philippines,As,1861,4354.7
Philippines,As,1862,4433.4
Philippines,As,1863,4512.1
Philippines,As,1864,4590.8
Philippines,As,1865,4669.5
Philippines,As,1866,4748.2
Philippines,As,1867,4826.9
Philippines,As,1868,4905.6
Philippines,As,1869,4984.3
Philippines,As,1870,5063.0
Philippines,As,1871,5129.3
Philippines,As,1872,5195.6
Philippines,As,1873,5261.9
Philippines,As,1874,5328.2
Philippines,As,1875,5394.5
Philippines,As,1876,5460.8
Philippines,As,1877,5527.1
Philippines,As,1878,5593.4
Philippines,As,1879,5659.7
Philippines,As,1880,5726.0
Philippines,As,1881,5801.0
Philippines,As,1882,5876.0
Philippines,As,1883,5951.0
Philippines,As,1884,6026.0
Philippines,As,1885,6101.0
Philippines,As,1886,6176.0
Philippines,As,1887,6251.0
Philippines,As,1888,6326.0
Philippines,As,1889,6401.0
Philippines,As,1890,6476.0
Philippines,As,1891,6560.8
Philippines,As,1892,6645.6
Philippines,As,1893,6730.4
Philippines,As,1894,6815.2
Philippines,As,1895,6900.0
Philippines,As,1896,6984.8
Philippines,As,1897,7069.6
Philippines,As,1898,7154.4
Philippines,As,1899,7239.2
Philippines,As,1900,7324.0
Philippines,As,1901,7477.7
Philippines,As,1902,7631.4
Philippines,As,1903,7785.1
Philippines,As,1904,7938.8
Philippines,As,1905,8092.5
Philippines,As,1906,8246.2
Philippines,As,1907,8399.9
Philippines,As,1908,8553.6
Philippines,As,1909,8707.3
Philippines,As,1910,8861.0
Philippines,As,1911,9047.4
Philippines,As,1912,9233.8
Philippines,As,1913,9420.2
Philippines,As,1914,9606.6
Philippines,As,1915,9793.0
Philippines,As,1916,9979.4
Philippines,As,1917,10165.8
Philippines,As,1918,10352.2
Philippines,As,1919,10538.6
Philippines,As,1920,10725.0
Philippines,As,1921,10971.9
Philippines,As,1922,11218.8
Philippines,As,1923,11465.7
Philippines,As,1924,11712.6
Philippines,As,1925,11959.5
Philippines,As,1926,12206.4
Philippines,As,1927,12453.3
Philippines,As,1928,12700.2
Philippines,As,1929,12947.1
Philippines,As,1930,13194.0
Philippines,As,1931,13533.1
Philippines,As,1932,13872.2
Philippines,As,1933,14211.3
Philippines,As,1934,14550.4
Philippines,As,1935,14889.5
Philippines,As,1936,15228.6
Philippines,As,1937,15567.7
Philippines,As,1938,15906.8
Philippines,As,1939,16245.9
Philippines,As,1940,16585.0
Philippines,As,1941,17039.6
Philippines,As,1942,17494.2
Philippines,As,1943,17948.8
Philippines,As,1944,18403.4
Philippines,As,1945,18858.0
Philippines,As,1946,19312.6
Philippines,As,1947,19767.2
Philippines,As,1948,20221.8
Philippines,As,1949,20676.4
Philippines,As,1950,21131.0
Philippines,As,1951,21870.8
Philippines,As,1952,22610.6
Philippines,As,1953,23350.4
Philippines,As,1954,24090.2
Philippines,As,1955,24830.0
Philippines,As,1956,25569.8
Philippines,As,1957,26309.6
Philippines,As,1958,27049.4
Philippines,As,1959,27789.2
Philippines,As,1960,28529.0
Philippines,As,1961,29536.5
Philippines,As,1962,30544.0
Philippines,As,1963,31551.5
Philippines,As,1964,32559.0
Philippines,As,1965,33566.5
Philippines,As,1966,34574.0
Philippines,As,1967,35581.5
Philippines,As,1968,36589.0
Philippines,As,1969,37596.5
Philippines,As,1970,38604.0
Philippines,As,1971,39837.6
Philippines,As,1972,41071.2
Philippines,As,1973,42304.8
Philippines,As,1974,43538.4
Philippines,As,1975,44772.0
Philippines,As,1976,46005.6
Philippines,As,1977,47239.2
Philippines,As,1978,48472.8
Philippines,As,1979,49706.4
Philippines,As,1980,50940.0
Philippines,As,1981,52277.8
Philippines,As,1982,53615.6
Philippines,As,1983,54953.4
Philippines,As,1984,56291.2
Philippines,As,1985,57629.0
Philippines,As,1986,58966.8
Philippines,As,1987,60304.6
Philippines,As,1988,61642.4
Philippines,As,1989,62980.2
Philippines,As,1990,64318.0
Philippines,As,1991,65685.4
Philippines,As,1992,67052.8
Philippines,As,1993,68420.2
Philippines,As,1994,69787.6
Philippines,As,1995,71155.0
Philippines,As,1996,72522.4
Philippines,As,1997,73889.8
Philippines,As,1998,75257.2
Philippines,As,1999,76624.6
Philippines,As,2000,77992.0
Philippines,As,2001,79565.5
Philippines,As,2002,81139.0
Philippines,As,2003,82712.5
Philippines,As,2004,84286.0
Philippines,As,2005,85859.5
Philippines,As,2006,87433.0
Philippines,As,2007,89006.5
Philippines,As,2008,90580.0
Philippines,As,2009,92153.5
Philippines,As,2010,93727.0
Philippines,As,2011,95312.4
Philippines,As,2012,96897.8
Philippines,As,2013,98483.2
Philippines,As,2014,100068.6
Philippines,As,2015,101654.0
Philippines,As,2016,103239.4
Philippines,As,2017,104824.8
Philippines,As,2018,106410.2
Philippines,As,2019,107995.6
Philippines,As,2020,109581.0
Thailand,As,1820,4665.0
Thailand,As,1821,4683.1
Thailand,As,1822,4701.2
Thailand,As,1823,4719.3
Thailand,As,1824,4737.4
Thailand,As,1825,4755.5
Thailand,As,1826,4773.6
Thailand,As,1827,4791.7
Thailand,As,1828,4809.8
Thailand,As,1829,4827.9
Thailand,As,1830,4846.0
Thailand,As,1831,4864.8
Thailand,As,1832,4883.6
Thailand,As,1833,4902.4
Thailand,As,1834,4921.2
Thailand,As,1835,4940.0
Thailand,As,1836,4958.8
Thailand,As,1837,4977.6
Thailand,As,1838,4996.4
Thailand,As,1839,5015.2
Thailand,As,1840,5034.0
Thailand,As,1841,5053.6
Thailand,As,1842,5073.2
Thailand,As,1843,5092.8
Thailand,As,1844,5112.4
Thailand,As,1845,5132.0
Thailand,As,1846,5151.6
Thailand,As,1847,5171.2
Thailand,As,1848,5190.8
Thailand,As,1849,5210.4
Thailand,As,1850,5230.0
Thailand,As,1851,5256.6
Thailand,As,1852,5283.2
Thailand,As,1853,5309.8
Thailand,As,1854,5336.4
Thailand,As,1855,5363.0
Thailand,As,1856,5389.6
Thailand,As,1857,5416.2
Thailand,As,1858,5442.8
Thailand,As,1859,5469.4
Thailand,As,1860,5496.0
Thailand,As,1861,5523.9
Thailand,As,1862,5551.8
Thailand,As,1863,5579.7
Thailand,As,1864,5607.6
Thailand,As,1865,5635.5
Thailand,As,1866,5663.4
Thailand,As,1867,5691.3
Thailand,As,1868,5719.2
Thailand,As,1869,5747.1
Thailand,As,1870,5775.0
Thailand,As,1871,5818.1
Thailand,As,1872,5861.2
Thailand,As,1873,5904.3
Thailand,As,1874,5947.4
Thailand,As,1875,5990.5
Thailand,As,1876,6033.6
Thailand,As,1877,6076.7
Thailand,As,1878,6119.8
Thailand,As,1879,6162.9
Thailand,As,1880,6206.0
Thailand,As,1881,6252.4
Thailand,As,1882,6298.8
Thailand,As,1883,6345.2
Thailand,As,1884,6391.6
Thailand,As,1885,6438.0
Thailand,As,1886,6484.4
Thailand,As,1887,6530.8
Thailand,As,1888,6577.2
Thailand,As,1889,6623.6
Thailand,As,1890,6670.0
Thailand,As,1891,6735.0
Thailand,As,1892,6800.0
Thailand,As,1893,6865.0
Thailand,As,1894,6930.0
Thailand,As,1895,6995.0
Thailand,As,1896,7060.0
Thailand,As,1897,7125.0
Thailand,As,1898,7190.0
Thailand,As,1899,7255.0
Thailand,As,1900,7320.0
Thailand,As,1901,7418.5
Thailand,As,1902,7517.0
Thailand,As,1903,7615.5
Thailand,As,1904,7714.0
Thailand,As,1905,7812.5
Thailand,As,1906,7911.0
Thailand,As,1907,8009.5
Thailand,As,1908,8108.0
Thailand,As,1909,8206.5
Thailand,As,1910,8305.0
Thailand,As,1911,8454.7
Thailand,As,1912,8604.4
Thailand,As,1913,8754.1
Thailand,As,1914,8903.8
Thailand,As,1915,9053.5
Thailand,As,1916,9203.2
Thailand,As,1917,9352.9
Thailand,As,1918,9502.6
Thailand,As,1919,9652.3
Thailand,As,1920,9802.0
Thailand,As,1921,10061.0
Thailand,As,1922,10320.0
Thailand,As,1923,10579.0
Thailand,As,1924,10838.0
Thailand,As,1925,11097.0
Thailand,As,1926,11356.0
Thailand,As,1927,11615.0
Thailand,As,1928,11874.0
Thailand,As,1929,12133.0
Thailand,As,1930,12392.0
Thailand,As,1931,12704.1
Thailand,As,1932,13016.2
Thailand,As,1933,13328.3
Thailand,As,1934,13640.4
Thailand,As,1935,13952.5
Thailand,As,1936,14264.6
Thailand,As,1937,14576.7
Thailand,As,1938,14888.8
Thailand,As,1939,15200.9
Thailand,As,1940,15513.0
Thailand,As,1941,15965.9
Thailand,As,1942,16418.8
Thailand,As,1943,16871.7
Thailand,As,1944,17324.6
Thailand,As,1945,17777.5
Thailand,As,1946,18230.4
Thailand,As,1947,18683.3
Thailand,As,1948,19136.2
Thailand,As,1949,19589.1
Thailand,As,1950,20042.0
Thailand,As,1951,20789.1
Thailand,As,1952,21536.2
Thailand,As,1953,22283.3
Thailand,As,1954,23030.4
Thailand,As,1955,23777.5
Thailand,As,1956,24524.6
Thailand,As,1957,25271.7
Thailand,As,1958,26018.8
Thailand,As,1959,26765.9
Thailand,As,1960,27513.0
Thailand,As,1961,28470.8
Thailand,As,1962,29428.6
Thailand,As,1963,30386.4
Thailand,As,1964,31344.2
Thailand,As,1965,32302.0
Thailand,As,1966,33259.8
Thailand,As,1967,34217.6
Thailand,As,1968,35175.4
Thailand,As,1969,36133.2
Thailand,As,1970,37091.0
Thailand,As,1971,38084.5
Thailand,As,1972,39078.0
Thailand,As,1973,40071.5
Thailand,As,1974,41065.0
Thailand,As,1975,42058.5
Thailand,As,1976,43052.0
Thailand,As,1977,44045.5
Thailand,As,1978,45039.0
Thailand,As,1979,46032.5
Thailand,As,1980,47026.0
Thailand,As,1981,47981.7
Thailand,As,1982,48937.4
Thailand,As,1983,49893.1
Thailand,As,1984,50848.8
Thailand,As,1985,51804.5
Thailand,As,1986,52760.2
Thailand,As,1987,53715.9
Thailand,As,1988,54671.6
Thailand,As,1989,55627.3
Thailand,As,1990,56583.0
Thailand,As,1991,57220.5
Thailand,As,1992,57858.0
Thailand,As,1993,58495.5
Thailand,As,1994,59133.0
Thailand,As,1995,59770.5
Thailand,As,1996,60408.0
Thailand,As,1997,61045.5
Thailand,As,1998,61683.0
Thailand,As,1999,62320.5
Thailand,As,2000,62958.0
Thailand,As,2001,63383.1
Thailand,As,2002,63808.2
Thailand,As,2003,64233.3
Thailand,As,2004,64658.4
Thailand,As,2005,65083.5
Thailand,As,2006,65508.6
Thailand,As,2007,65933.7
Thailand,As,2008,66358.8
Thailand,As,2009,66783.9
Thailand,As,2010,67209.0
Thailand,As,2011,67468.1
Thailand,As,2012,67727.2
Thailand,As,2013,67986.3
Thailand,As,2014,68245.4
Thailand,As,2015,68504.5
Thailand,As,2016,68763.6
Thailand,As,2017,69022.7
Thailand,As,2018,69281.8
Thailand,As,2019,69540.9
Thailand,As,2020,69800.0
Iran,ME,1820,6560.0
Iran,ME,1821,6593.5
Iran,ME,1822,6627.0
Iran,ME,1823,6660.5
Iran,ME,1824,6694.0
Iran,ME,1825,6727.5
Iran,ME,1826,6761.0
Iran,ME,1827,6794.5
Iran,ME,1828,6828.0
Iran,ME,1829,6861.5
Iran,ME,1830,6895.0
Iran,ME,1831,6930.2
Iran,ME,1832,6965.4
Iran,ME,1833,7000.6
Iran,ME,1834,7035.8
Iran,ME,1835,7071.0
Iran,ME,1836,7106.2
Iran,ME,1837,7141.4
Iran,ME,1838,7176.6
Iran,ME,1839,7211.8
Iran,ME,1840,7247.0
Iran,ME,1841,7284.0
Iran,ME,1842,7321.0
Iran,ME,1843,7358.0
Iran,ME,1844,7395.0
Iran,ME,1845,7432.0
Iran,ME,1846,7469.0
Iran,ME,1847,7506.0
Iran,ME,1848,7543.0
Iran,ME,1849,7580.0
Iran,ME,1850,7617.0
Iran,ME,1851,7655.9
Iran,ME,1852,7694.8
Iran,ME,1853,7733.7
Iran,ME,1854,7772.6
Iran,ME,1855,7811.5
Iran,ME,1856,7850.4
Iran,ME,1857,7889.3
Iran,ME,1858,7928.2
Iran,ME,1859,7967.1
Iran,ME,1860,8006.0
Iran,ME,1861,8046.9
Iran,ME,1862,8087.8
Iran,ME,1863,8128.7
Iran,ME,1864,8169.6
Iran,ME,1865,8210.5
Iran,ME,1866,8251.4
Iran,ME,1867,8292.3
Iran,ME,1868,8333.2
Iran,ME,1869,8374.1
Iran,ME,1870,8415.0
Iran,ME,1871,8469.0
Iran,ME,1872,8523.0
Iran,ME,1873,8577.0
Iran,ME,1874,8631.0
Iran,ME,1875,8685.0
Iran,ME,1876,8739.0
Iran,ME,1877,8793.0
Iran,ME,1878,8847.0
Iran,ME,1879,8901.0
Iran,ME,1880,8955.0
Iran,ME,1881,9012.4
Iran,ME,1882,9069.8
Iran,ME,1883,9127.2
Iran,ME,1884,9184.6
Iran,ME,1885,9242.0
Iran,ME,1886,9299.4
Iran,ME,1887,9356.8
Iran,ME,1888,9414.2
Iran,ME,1889,9471.6
Iran,ME,1890,9529.0
Iran,ME,1891,9590.1
Iran,ME,1892,9651.2
Iran,ME,1893,9712.3
Iran,ME,1894,9773.4
Iran,ME,1895,9834.5
Iran,ME,1896,9895.6
Iran,ME,1897,9956.7
Iran,ME,1898,10017.8
Iran,ME,1899,10078.9
Iran,ME,1900,10140.0
Iran,ME,1901,10205.1
Iran,ME,1902,10270.2
Iran,ME,1903,10335.3
Iran,ME,1904,10400.4
Iran,ME,1905,10465.5
Iran,ME,1906,10530.6
Iran,ME,1907,10595.7
Iran,ME,1908,10660.8
Iran,ME,1909,10725.9
Iran,ME,1910,10791.0
Iran,ME,1911,10897.1
Iran,ME,1912,11003.2
Iran,ME,1913,11109.3
Iran,ME,1914,11215.4
Iran,ME,1915,11321.5
Iran,ME,1916,11427.6
Iran,ME,1917,11533.7
Iran,ME,1918,11639.8
Iran,ME,1919,11745.9
Iran,ME,1920,11852.0
Iran,ME,1921,11986.4
Iran,ME,1922,12120.8
Iran,ME,1923,12255.2
Iran,ME,1924,12389.6
Iran,ME,1925,12524.0
Iran,ME,1926,12658.4
Iran,ME,1927,12792.8
Iran,ME,1928,12927.2
Iran,ME,1929,13061.6
Iran,ME,1930,13196.0
Iran,ME,1931,13345.5
Iran,ME,1932,13495.0
Iran,ME,1933,13644.5
Iran,ME,1934,13794.0
Iran,ME,1935,13943.5
Iran,ME,1936,14093.0
Iran,ME,1937,14242.5
Iran,ME,1938,14392.0
Iran,ME,1939,14541.5
Iran,ME,1940,14691.0
Iran,ME,1941,14857.6
Iran,ME,1942,15024.2
Iran,ME,1943,15190.8
Iran,ME,1944,15357.4
Iran,ME,1945,15524.0
Iran,ME,1946,15690.6
Iran,ME,1947,15857.2
Iran,ME,1948,16023.8
Iran,ME,1949,16190.4
Iran,ME,1950,16357.0
Iran,ME,1951,16879.0
Iran,ME,1952,17401.0
Iran,ME,1953,17923.0
Iran,ME,1954,18445.0
Iran,ME,1955,18967.0
Iran,ME,1956,19489.0
Iran,ME,1957,20011.0
Iran,ME,1958,20533.0
Iran,ME,1959,21055.0
Iran,ME,1960,21577.0
Iran,ME,1961,22312.6
Iran,ME,1962,23048.2
Iran,ME,1963,23783.8
Iran,ME,1964,24519.4
Iran,ME,1965,25255.0
Iran,ME,1966,25990.6
Iran,ME,1967,26726.2
Iran,ME,1968,27461.8
Iran,ME,1969,28197.4
Iran,ME,1970,28933.0
Iran,ME,1971,29998.0
Iran,ME,1972,31063.0
Iran,ME,1973,32128.0
Iran,ME,1974,33193.0
Iran,ME,1975,34258.0
Iran,ME,1976,35323.0
Iran,ME,1977,36388.0
Iran,ME,1978,37453.0
Iran,ME,1979,38518.0
Iran,ME,1980,39583.0
Iran,ME,1981,41328.3
Iran,ME,1982,43073.6
Iran,ME,1983,44818.9
Iran,ME,1984,46564.2
Iran,ME,1985,48309.5
Iran,ME,1986,50054.8
Iran,ME,1987,51800.1
Iran,ME,1988,53545.4
Iran,ME,1989,55290.7
Iran,ME,1990,57036.0
Iran,ME,1991,57945.6
Iran,ME,1992,58855.2
Iran,ME,1993,59764.8
Iran,ME,1994,60674.4
Iran,ME,1995,61584.0
Iran,ME,1996,62493.6
Iran,ME,1997,63403.2
Iran,ME,1998,64312.8
Iran,ME,1999,65222.4
Iran,ME,2000,66132.0
Iran,ME,2001,66975.6
Iran,ME,2002,67819.2
Iran,ME,2003,68662.8
Iran,ME,2004,69506.4
Iran,ME,2005,70350.0
Iran,ME,2006,71193.6
Iran,ME,2007,72037.2
Iran,ME,2008,72880.8
Iran,ME,2009,73724.4
Iran,ME,2010,74568.0
Iran,ME,2011,75510.5
Iran,ME,2012,76453.0
Iran,ME,2013,77395.5
Iran,ME,2014,78338.0
Iran,ME,2015,79280.5
Iran,ME,2016,80223.0
Iran,ME,2017,81165.5
Iran,ME,2018,82108.0
Iran,ME,2019,83050.5
Iran,ME,2020,83993.0
Iraq,ME,1820,1093.0
Iraq,ME,1821,1101.4
Iraq,ME,1822,1109.8
Iraq,ME,1823,1118.2
Iraq,ME,1824,1126.6
Iraq,ME,1825,1135.0
Iraq,ME,1826,1143.4
Iraq,ME,1827,1151.8
Iraq,ME,1828,1160.2
Iraq,ME,1829,1168.6
Iraq,ME,1830,1177.0
Iraq,ME,1831,1186.0
Iraq,ME,1832,1195.0
Iraq,ME,1833,1204.0
Iraq,ME,1834,1213.0
Iraq,ME,1835,1222.0
Iraq,ME,1836,1231.0
Iraq,ME,1837,1240.0
Iraq,ME,1838,1249.0
Iraq,ME,1839,1258.0
Iraq,ME,1840,1267.0
Iraq,ME,1841,1276.6
Iraq,ME,1842,1286.2
Iraq,ME,1843,1295.8
Iraq,ME,1844,1305.4
Iraq,ME,1845,1315.0
Iraq,ME,1846,1324.6
Iraq,ME,1847,1334.2
Iraq,ME,1848,1343.8
Iraq,ME,1849,1353.4
Iraq,ME,1850,1363.0
Iraq,ME,1851,1373.5
Iraq,ME,1852,1384.0
Iraq,ME,1853,1394.5
Iraq,ME,1854,1405.0
Iraq,ME,1855,1415.5
Iraq,ME,1856,1426.0
Iraq,ME,1857,1436.5
Iraq,ME,1858,1447.0
Iraq,ME,1859,1457.5
Iraq,ME,1860,1468.0
Iraq,ME,1861,1479.2
Iraq,ME,1862,1490.4
Iraq,ME,1863,1501.6
Iraq,ME,1864,1512.8
Iraq,ME,1865,1524.0
Iraq,ME,1866,1535.2
Iraq,ME,1867,1546.4
Iraq,ME,1868,1557.6
Iraq,ME,1869,1568.8
Iraq,ME,1870,1580.0
Iraq,ME,1871,1599.6
Iraq,ME,1872,1619.2
Iraq,ME,1873,1638.8
Iraq,ME,1874,1658.4
Iraq,ME,1875,1678.0
Iraq,ME,1876,1697.6
Iraq,ME,1877,1717.2
Iraq,ME,1878,1736.8
Iraq,ME,1879,1756.4
Iraq,ME,1880,1776.0
Iraq,ME,1881,1798.1
Iraq,ME,1882,1820.2
Iraq,ME,1883,1842.3
Iraq,ME,1884,1864.4
Iraq,ME,1885,1886.5
Iraq,ME,1886,1908.6
Iraq,ME,1887,1930.7
Iraq,ME,1888,1952.8
Iraq,ME,1889,1974.9
Iraq,ME,1890,1997.0
Iraq,ME,1891,2021.7
Iraq,ME,1892,2046.4
Iraq,ME,1893,2071.1
Iraq,ME,1894,2095.8
Iraq,ME,1895,2120.5
Iraq,ME,1896,2145.2
Iraq,ME,1897,2169.9
Iraq,ME,1898,2194.6
Iraq,ME,1899,2219.3
Iraq,ME,1900,2244.0
Iraq,ME,1901,2271.9
Iraq,ME,1902,2299.8
Iraq,ME,1903,2327.7
Iraq,ME,1904,2355.6
Iraq,ME,1905,2383.5
Iraq,ME,1906,2411.4
Iraq,ME,1907,2439.3
Iraq,ME,1908,2467.2
Iraq,ME,1909,2495.1
Iraq,ME,1910,2523.0
Iraq,ME,1911,2567.9
Iraq,ME,1912,2612.8
Iraq,ME,1913,2657.7
Iraq,ME,1914,2702.6
Iraq,ME,1915,2747.5
Iraq,ME,1916,2792.4
Iraq,ME,1917,2837.3
Iraq,ME,1918,2882.2
Iraq,ME,1919,2927.1
Iraq,ME,1920,2972.0
Iraq,ME,1921,3032.1
Iraq,ME,1922,3092.2
Iraq,ME,1923,3152.3
Iraq,ME,1924,3212.4
Iraq,ME,1925,3272.5
Iraq,ME,1926,3332.6
Iraq,ME,1927,3392.7
Iraq,ME,1928,3452.8
Iraq,ME,1929,3512.9
Iraq,ME,1930,3573.0
Iraq,ME,1931,3645.2
Iraq,ME,1932,3717.4
Iraq,ME,1933,3789.6
Iraq,ME,1934,3861.8
Iraq,ME,1935,3934.0
Iraq,ME,1936,4006.2
Iraq,ME,1937,4078.4
Iraq,ME,1938,4150.6
Iraq,ME,1939,4222.8
Iraq,ME,1940,4295.0
Iraq,ME,1941,4381.8
Iraq,ME,1942,4468.6
Iraq,ME,1943,4555.4
Iraq,ME,1944,4642.2
Iraq,ME,1945,4729.0
Iraq,ME,1946,4815.8
Iraq,ME,1947,4902.6
Iraq,ME,1948,4989.4
Iraq,ME,1949,5076.2
Iraq,ME,1950,5163.0
Iraq,ME,1951,5328.9
Iraq,ME,1952,5494.8
Iraq,ME,1953,5660.7
Iraq,ME,1954,5826.6
Iraq,ME,1955,5992.5
Iraq,ME,1956,6158.4
Iraq,ME,1957,6324.3
Iraq,ME,1958,6490.2
Iraq,ME,1959,6656.1
Iraq,ME,1960,6822.0
Iraq,ME,1961,7081.2
Iraq,ME,1962,7340.4
Iraq,ME,1963,7599.6
Iraq,ME,1964,7858.8
Iraq,ME,1965,8118.0
Iraq,ME,1966,8377.2
Iraq,ME,1967,8636.4
Iraq,ME,1968,8895.6
Iraq,ME,1969,9154.8
Iraq,ME,1970,9414.0
Iraq,ME,1971,9795.9
Iraq,ME,1972,10177.8
Iraq,ME,1973,10559.7
Iraq,ME,1974,10941.6
Iraq,ME,1975,11323.5
Iraq,ME,1976,11705.4
Iraq,ME,1977,12087.3
Iraq,ME,1978,12469.2
Iraq,ME,1979,12851.1
Iraq,ME,1980,13233.0
Iraq,ME,1981,13723.2
Iraq,ME,1982,14213.4
Iraq,ME,1983,14703.6
Iraq,ME,1984,15193.8
Iraq,ME,1985,15684.0
Iraq,ME,1986,16174.2
Iraq,ME,1987,16664.4
Iraq,ME,1988,17154.6
Iraq,ME,1989,17644.8
Iraq,ME,1990,18135.0
Iraq,ME,1991,18589.1
Iraq,ME,1992,19043.2
Iraq,ME,1993,19497.3
Iraq,ME,1994,19951.4
Iraq,ME,1995,20405.5
Iraq,ME,1996,20859.6
Iraq,ME,1997,21313.7
Iraq,ME,1998,21767.8
Iraq,ME,1999,22221.9
Iraq,ME,2000,22676.0
Iraq,ME,2001,23484.7
Iraq,ME,2002,24293.4
Iraq,ME,2003,25102.1
Iraq,ME,2004,25910.8
Iraq,ME,2005,26719.5
Iraq,ME,2006,27528.2
Iraq,ME,2007,28336.9
Iraq,ME,2008,29145.6
Iraq,ME,2009,29954.3
Iraq,ME,2010,30763.0
Iraq,ME,2011,31709.0
Iraq,ME,2012,32655.0
Iraq,ME,2013,33601.0
Iraq,ME,2014,34547.0
Iraq,ME,2015,35493.0
Iraq,ME,2016,36439.0
Iraq,ME,2017,37385.0
Iraq,ME,2018,38331.0
Iraq,ME,2019,39277.0
Iraq,ME,2020,40223.0
Israel,ME,1950,1286.0
Israel,ME,1951,1371.5
Israel,ME,1952,1457.0
Israel,ME,1953,1542.5
Israel,ME,1954,1628.0
Israel,ME,1955,1713.5
Israel,ME,1956,1799.0
Israel,ME,1957,1884.5
Israel,ME,1958,1970.0
Israel,ME,1959,2055.5
Israel,ME,1960,2141.0
Israel,ME,1961,2217.2
Israel,ME,1962,2293.4
Israel,ME,1963,2369.6
Israel,ME,1964,2445.8
Israel,ME,1965,2522.0
Israel,ME,1966,2598.2
Israel,ME,1967,2674.4
Israel,ME,1968,2750.6
Israel,ME,1969,2826.8
Israel,ME,1970,2903.0
Israel,ME,1971,2986.4
Israel,ME,1972,3069.8
Israel,ME,1973,3153.2
Israel,ME,1974,3236.6
Israel,ME,1975,3320.0
Israel,ME,1976,3403.4
Israel,ME,1977,3486.8
Israel,ME,1978,3570.2
Israel,ME,1979,3653.6
Israel,ME,1980,3737.0
Israel,ME,1981,3814.5
Israel,ME,1982,3892.0
Israel,ME,1983,3969.5
Israel,ME,1984,4047.0
Israel,ME,1985,4124.5
Israel,ME,1986,4202.0
Israel,ME,1987,4279.5
Israel,ME,1988,4357.0
Israel,ME,1989,4434.5
Israel,ME,1990,4512.0
Israel,ME,1991,4662.2
Israel,ME,1992,4812.4
Israel,ME,1993,4962.6
Israel,ME,1994,5112.8
Israel,ME,1995,5263.0
Israel,ME,1996,5413.2
Israel,ME,1997,5563.4
Israel,ME,1998,5713.6
Israel,ME,1999,5863.8
Israel,ME,2000,6014.0
Israel,ME,2001,6155.2
Israel,ME,2002,6296.4
Israel,ME,2003,6437.6
Israel,ME,2004,6578.8
Israel,ME,2005,6720.0
Israel,ME,2006,6861.2
Israel,ME,2007,7002.4
Israel,ME,2008,7143.6
Israel,ME,2009,7284.8
Israel,ME,2010,7426.0
Israel,ME,2011,7549.0
Israel,ME,2012,7672.0
Israel,ME,2013,7795.0
Israel,ME,2014,7918.0
Israel,ME,2015,8041.0
Israel,ME,2016,8164.0
Israel,ME,2017,8287.0
Israel,ME,2018,8410.0
Israel,ME,2019,8533.0
Israel,ME,2020,8656.0
S. Arabia,ME,1820,2091.0
S. Arabia,ME,1821,2102.0
S. Arabia,ME,1822,2113.0
S. Arabia,ME,1823,2124.0
S. Arabia,ME,1824,2135.0
S. Arabia,ME,1825,2146.0
S. Arabia,ME,1826,2157.0
S. Arabia,ME,1827,2168.0
S. Arabia,ME,1828,2179.0
S. Arabia,ME,1829,2190.0
S. Arabia,ME,1830,2201.0
S. Arabia,ME,1831,2212.6
S. Arabia,ME,1832,2224.2
S. Arabia,ME,1833,2235.8
S. Arabia,ME,1834,2247.4
S. Arabia,ME,1835,2259.0
S. Arabia,ME,1836,2270.6
S. Arabia,ME,1837,2282.2
S. Arabia,ME,1838,2293.8
S. Arabia,ME,1839,2305.4
S. Arabia,ME,1840,2317.0
S. Arabia,ME,1841,2329.2
S. Arabia,ME,1842,2341.4
S. Arabia,ME,1843,2353.6
S. Arabia,ME,1844,2365.8
S. Arabia,ME,1845,2378.0
S. Arabia,ME,1846,2390.2
S. Arabia,ME,1847,2402.4
S. Arabia,ME,1848,2414.6
S. Arabia,ME,1849,2426.8
S. Arabia,ME,1850,2439.0
S. Arabia,ME,1851,2451.8
S. Arabia,ME,1852,2464.6
S. Arabia,ME,1853,2477.4
S. Arabia,ME,1854,2490.2
S. Arabia,ME,1855,2503.0
S. Arabia,ME,1856,2515.8
S. Arabia,ME,1857,2528.6
S. Arabia,ME,1858,2541.4
S. Arabia,ME,1859,2554.2
S. Arabia,ME,1860,2567.0
S. Arabia,ME,1861,2544.1
S. Arabia,ME,1862,2521.2
S. Arabia,ME,1863,2498.3
S. Arabia,ME,1864,2475.4
S. Arabia,ME,1865,2452.5
S. Arabia,ME,1866,2429.6
S. Arabia,ME,1867,2406.7
S. Arabia,ME,1868,2383.8
S. Arabia,ME,1869,2360.9
S. Arabia,ME,1870,2338.0
S. Arabia,ME,1871,2366.2
S. Arabia,ME,1872,2394.4
S. Arabia,ME,1873,2422.6
S. Arabia,ME,1874,2450.8
S. Arabia,ME,1875,2479.0
S. Arabia,ME,1876,2507.2
S. Arabia,ME,1877,2535.4
S. Arabia,ME,1878,2563.6
S. Arabia,ME,1879,2591.8
S. Arabia,ME,1880,2620.0
S. Arabia,ME,1881,2651.6
S. Arabia,ME,1882,2683.2
S. Arabia,ME,1883,2714.8
S. Arabia,ME,1884,2746.4
S. Arabia,ME,1885,2778.0
S. Arabia,ME,1886,2809.6
S. Arabia,ME,1887,2841.2
S. Arabia,ME,1888,2872.8
S. Arabia,ME,1889,2904.4
S. Arabia,ME,1890,2936.0
S. Arabia,ME,1891,2971.4
S. Arabia,ME,1892,3006.8
S. Arabia,ME,1893,3042.2
S. Arabia,ME,1894,3077.6
S. Arabia,ME,1895,3113.0
S. Arabia,ME,1896,3148.4
S. Arabia,ME,1897,3183.8
S. Arabia,ME,1898,3219.2
S. Arabia,ME,1899,3254.6
S. Arabia,ME,1900,3290.0
S. Arabia,ME,1901,3329.7
S. Arabia,ME,1902,3369.4
S. Arabia,ME,1903,3409.1
S. Arabia,ME,1904,3448.8
S. Arabia,ME,1905,3488.5
S. Arabia,ME,1906,3528.2
S. Arabia,ME,1907,3567.9
S. Arabia,ME,1908,3607.6
S. Arabia,ME,1909,3647.3
S. Arabia,ME,1910,3687.0
S. Arabia,ME,1911,3605.5
S. Arabia,ME,1912,3524.0
S. Arabia,ME,1913,3442.5
S. Arabia,ME,1914,3361.0
S. Arabia,ME,1915,3279.5
S. Arabia,ME,1916,3198.0
S. Arabia,ME,1917,3116.5
S. Arabia,ME,1918,3035.0
S. Arabia,ME,1919,2953.5
S. Arabia,ME,1920,2872.0
S. Arabia,ME,1921,2902.4
S. Arabia,ME,1922,2932.8
S. Arabia,ME,1923,2963.2
S. Arabia,ME,1924,2993.6
S. Arabia,ME,1925,3024.0
S. Arabia,ME,1926,3054.4
S. Arabia,ME,1927,3084.8
S. Arabia,ME,1928,3115.2
S. Arabia,ME,1929,3145.6
S. Arabia,ME,1930,3176.0
S. Arabia,ME,1931,3209.7
S. Arabia,ME,1932,3243.4
S. Arabia,ME,1933,3277.1
S. Arabia,ME,1934,3310.8
S. Arabia,ME,1935,3344.5
S. Arabia,ME,1936,3378.2
S. Arabia,ME,1937,3411.9
S. Arabia,ME,1938,3445.6
S. Arabia,ME,1939,3479.3
S. Arabia,ME,1940,3513.0
S. Arabia,ME,1941,3547.7
S. Arabia,ME,1942,3582.4
S. Arabia,ME,1943,3617.1
S. Arabia,ME,1944,3651.8
S. Arabia,ME,1945,3686.5
S. Arabia,ME,1946,3721.2
S. Arabia,ME,1947,3755.9
S. Arabia,ME,1948,3790.6
S. Arabia,ME,1949,3825.3
S. Arabia,ME,1950,3860.0
S. Arabia,ME,1951,3945.8
S. Arabia,ME,1952,4031.6
S. Arabia,ME,1953,4117.4
S. Arabia,ME,1954,4203.2
S. Arabia,ME,1955,4289.0
S. Arabia,ME,1956,4374.8
S. Arabia,ME,1957,4460.6
S. Arabia,ME,1958,4546.4
S. Arabia,ME,1959,4632.2
S. Arabia,ME,1960,4718.0
S. Arabia,ME,1961,4857.1
S. Arabia,ME,1962,4996.2
S. Arabia,ME,1963,5135.3
S. Arabia,ME,1964,5274.4
S. Arabia,ME,1965,5413.5
S. Arabia,ME,1966,5552.6
S. Arabia,ME,1967,5691.7
S. Arabia,ME,1968,5830.8
S. Arabia,ME,1969,5969.9
S. Arabia,ME,1970,6109.0
S. Arabia,ME,1971,6498.0
S. Arabia,ME,1972,6887.0
S. Arabia,ME,1973,7276.0
S. Arabia,ME,1974,7665.0
S. Arabia,ME,1975,8054.0
S. Arabia,ME,1976,8443.0
S. Arabia,ME,1977,8832.0
S. Arabia,ME,1978,9221.0
S. Arabia,ME,1979,9610.0
S. Arabia,ME,1980,9999.0
S. Arabia,ME,1981,10631.8
S. Arabia,ME,1982,11264.6
S. Arabia,ME,1983,11897.4
S. Arabia,ME,1984,12530.2
S. Arabia,ME,1985,13163.0
S. Arabia,ME,1986,13795.8
S. Arabia,ME,1987,14428.599999999999
S. Arabia,ME,1988,15061.4
S. Arabia,ME,1989,15694.2
S. Arabia,ME,1990,16327.0
S. Arabia,ME,1991,16770.7
S. Arabia,ME,1992,17214.4
S. Arabia,ME,1993,17658.1
S. Arabia,ME,1994,18101.8
S. Arabia,ME,1995,18545.5
S. Arabia,ME,1996,18989.2
S. Arabia,ME,1997,19432.9
S. Arabia,ME,1998,19876.6
S. Arabia,ME,1999,20320.3
S. Arabia,ME,2000,20764.0
S. Arabia,ME,2001,21430.2
S. Arabia,ME,2002,22096.4
S. Arabia,ME,2003,22762.6
S. Arabia,ME,2004,23428.8
S. Arabia,ME,2005,24095.0
S. Arabia,ME,2006,24761.2
S. Arabia,ME,2007,25427.4
S. Arabia,ME,2008,26093.6
S. Arabia,ME,2009,26759.8
S. Arabia,ME,2010,27426.0
S. Arabia,ME,2011,28164.8
S. Arabia,ME,2012,28903.6
S. Arabia,ME,2013,29642.4
S. Arabia,ME,2014,30381.2
S. Arabia,ME,2015,31120.0
S. Arabia,ME,2016,31858.8
S. Arabia,ME,2017,32597.6
S. Arabia,ME,2018,33336.4
S. Arabia,ME,2019,34075.2
S. Arabia,ME,2020,34814.0
Syria,ME,1820,1337.0
Syria,ME,1821,1341.6
Syria,ME,1822,1346.2
Syria,ME,1823,1350.8
Syria,ME,1824,1355.4
Syria,ME,1825,1360.0
Syria,ME,1826,1364.6
Syria,ME,1827,1369.2
Syria,ME,1828,1373.8
Syria,ME,1829,1378.4
Syria,ME,1830,1383.0
Syria,ME,1831,1387.7
Syria,ME,1832,1392.4
Syria,ME,1833,1397.1
Syria,ME,1834,1401.8
Syria,ME,1835,1406.5
Syria,ME,1836,1411.2
Syria,ME,1837,1415.9
Syria,ME,1838,1420.6
Syria,ME,1839,1425.3
Syria,ME,1840,1430.0
Syria,ME,1841,1434.9
Syria,ME,1842,1439.8
Syria,ME,1843,1444.7
Syria,ME,1844,1449.6
Syria,ME,1845,1454.5
Syria,ME,1846,1459.4
Syria,ME,1847,1464.3
Syria,ME,1848,1469.2
Syria,ME,1849,1474.1
Syria,ME,1850,1479.0
Syria,ME,1851,1484.1
Syria,ME,1852,1489.2
Syria,ME,1853,1494.3
Syria,ME,1854,1499.4
Syria,ME,1855,1504.5
Syria,ME,1856,1509.6
Syria,ME,1857,1514.7
Syria,ME,1858,1519.8
Syria,ME,1859,1524.9
Syria,ME,1860,1530.0
Syria,ME,1861,1535.2
Syria,ME,1862,1540.4
Syria,ME,1863,1545.6
Syria,ME,1864,1550.8
Syria,ME,1865,1556.0
Syria,ME,1866,1561.2
Syria,ME,1867,1566.4
Syria,ME,1868,1571.6
Syria,ME,1869,1576.8
Syria,ME,1870,1582.0
Syria,ME,1871,1590.7
Syria,ME,1872,1599.4
Syria,ME,1873,1608.1
Syria,ME,1874,1616.8
Syria,ME,1875,1625.5
Syria,ME,1876,1634.2
Syria,ME,1877,1642.9
Syria,ME,1878,1651.6
Syria,ME,1879,1660.3
Syria,ME,1880,1669.0
Syria,ME,1881,1678.3
Syria,ME,1882,1687.6
Syria,ME,1883,1696.9
Syria,ME,1884,1706.2
Syria,ME,1885,1715.5
Syria,ME,1886,1724.8
Syria,ME,1887,1734.1
Syria,ME,1888,1743.4
Syria,ME,1889,1752.7
Syria,ME,1890,1762.0
Syria,ME,1891,1771.7
Syria,ME,1892,1781.4
Syria,ME,1893,1791.1
Syria,ME,1894,1800.8
Syria,ME,1895,1810.5
Syria,ME,1896,1820.2
Syria,ME,1897,1829.9
Syria,ME,1898,1839.6
Syria,ME,1899,1849.3
Syria,ME,1900,1859.0
Syria,ME,1901,1869.3
Syria,ME,1902,1879.6
Syria,ME,1903,1889.9
Syria,ME,1904,1900.2
Syria,ME,1905,1910.5
Syria,ME,1906,1920.8
Syria,ME,1907,1931.1
Syria,ME,1908,1941.4
Syria,ME,1909,1951.7
Syria,ME,1910,1962.0
Syria,ME,1911,1987.5
Syria,ME,1912,2013.0
Syria,ME,1913,2038.5
Syria,ME,1914,2064.0
Syria,ME,1915,2089.5
Syria,ME,1916,2115.0
Syria,ME,1917,2140.5
Syria,ME,1918,2166.0
Syria,ME,1919,2191.5
Syria,ME,1920,2217.0
Syria,ME,1921,2253.3
Syria,ME,1922,2289.6
Syria,ME,1923,2325.9
Syria,ME,1924,2362.2
Syria,ME,1925,2398.5
Syria,ME,1926,2434.8
Syria,ME,1927,2471.1
Syria,ME,1928,2507.4
Syria,ME,1929,2543.7
Syria,ME,1930,2580.0
Syria,ME,1931,2622.3
Syria,ME,1932,2664.6
Syria,ME,1933,2706.9
Syria,ME,1934,2749.2
Syria,ME,1935,2791.5
Syria,ME,1936,2833.8
Syria,ME,1937,2876.1
Syria,ME,1938,2918.4
Syria,ME,1939,2960.7
Syria,ME,1940,3003.0
Syria,ME,1941,3052.2
Syria,ME,1942,3101.4
Syria,ME,1943,3150.6
Syria,ME,1944,3199.8
Syria,ME,1945,3249.0
Syria,ME,1946,3298.2
Syria,ME,1947,3347.4
Syria,ME,1948,3396.6
Syria,ME,1949,3445.8
Syria,ME,1950,3495.0
Syria,ME,1951,3598.8
Syria,ME,1952,3702.6
Syria,ME,1953,3806.4
Syria,ME,1954,3910.2
Syria,ME,1955,4014.0
Syria,ME,1956,4117.8
Syria,ME,1957,4221.6
Syria,ME,1958,4325.4
Syria,ME,1959,4429.2
Syria,ME,1960,4533.0
Syria,ME,1961,4705.5
Syria,ME,1962,4878.0
Syria,ME,1963,5050.5
Syria,ME,1964,5223.0
Syria,ME,1965,5395.5
Syria,ME,1966,5568.0
Syria,ME,1967,5740.5
Syria,ME,1968,5913.0
Syria,ME,1969,6085.5
Syria,ME,1970,6258.0
Syria,ME,1971,6509.6
Syria,ME,1972,6761.2
Syria,ME,1973,7012.8
Syria,ME,1974,7264.4
Syria,ME,1975,7516.0
Syria,ME,1976,7767.6
Syria,ME,1977,8019.2
Syria,ME,1978,8270.8
Syria,ME,1979,8522.4
Syria,ME,1980,8774.0
Syria,ME,1981,9140.2
Syria,ME,1982,9506.4
Syria,ME,1983,9872.6
Syria,ME,1984,10238.8
Syria,ME,1985,10605.0
Syria,ME,1986,10971.2
Syria,ME,1987,11337.4
Syria,ME,1988,11703.6
Syria,ME,1989,12069.8
Syria,ME,1990,12436.0
Syria,ME,1991,12833.5
Syria,ME,1992,13231.0
Syria,ME,1993,13628.5
Syria,ME,1994,14026.0
Syria,ME,1995,14423.5
Syria,ME,1996,14821.0
Syria,ME,1997,15218.5
Syria,ME,1998,15616.0
Syria,ME,1999,16013.5
Syria,ME,2000,16411.0
Syria,ME,2001,16906.2
Syria,ME,2002,17401.4
Syria,ME,2003,17896.6
Syria,ME,2004,18391.8
Syria,ME,2005,18887.0
Syria,ME,2006,19382.2
Syria,ME,2007,19877.4
Syria,ME,2008,20372.6
Syria,ME,2009,20867.8
Syria,ME,2010,21363.0
Syria,ME,2011,20976.8
Syria,ME,2012,20590.6
Syria,ME,2013,20204.4
Syria,ME,2014,19818.2
Syria,ME,2015,19432.0
Syria,ME,2016,19045.8
Syria,ME,2017,18659.6
Syria,ME,2018,18273.4
Syria,ME,2019,17887.2
Syria,ME,2020,17501.0
Turkey,ME,1820,10074.0
Turkey,ME,1821,10106.2
Turkey,ME,1822,10138.4
Turkey,ME,1823,10170.6
Turkey,ME,1824,10202.8
Turkey,ME,1825,10235.0
Turkey,ME,1826,10267.2
Turkey,ME,1827,10299.4
Turkey,ME,1828,10331.6
Turkey,ME,1829,10363.8
Turkey,ME,1830,10396.0
Turkey,ME,1831,10429.3
Turkey,ME,1832,10462.6
Turkey,ME,1833,10495.9
Turkey,ME,1834,10529.2
Turkey,ME,1835,10562.5
Turkey,ME,1836,10595.8
Turkey,ME,1837,10629.1
Turkey,ME,1838,10662.4
Turkey,ME,1839,10695.7
Turkey,ME,1840,10729.0
Turkey,ME,1841,10763.4
Turkey,ME,1842,10797.8
Turkey,ME,1843,10832.2
Turkey,ME,1844,10866.6
Turkey,ME,1845,10901.0
Turkey,ME,1846,10935.4
Turkey,ME,1847,10969.8
Turkey,ME,1848,11004.2
Turkey,ME,1849,11038.6
Turkey,ME,1850,11073.0
Turkey,ME,1851,11108.4
Turkey,ME,1852,11143.8
Turkey,ME,1853,11179.2
Turkey,ME,1854,11214.6
Turkey,ME,1855,11250.0
Turkey,ME,1856,11285.4
Turkey,ME,1857,11320.8
Turkey,ME,1858,11356.2
Turkey,ME,1859,11391.6
Turkey,ME,1860,11427.0
Turkey,ME,1861,11463.6
Turkey,ME,1862,11500.2
Turkey,ME,1863,11536.8
Turkey,ME,1864,11573.4
Turkey,ME,1865,11610.0
Turkey,ME,1866,11646.6
Turkey,ME,1867,11683.2
Turkey,ME,1868,11719.8
Turkey,ME,1869,11756.4
Turkey,ME,1870,11793.0
Turkey,ME,1871,11860.8
Turkey,ME,1872,11928.6
Turkey,ME,1873,11996.4
Turkey,ME,1874,12064.2
Turkey,ME,1875,12132.0
Turkey,ME,1876,12199.8
Turkey,ME,1877,12267.6
Turkey,ME,1878,12335.4
Turkey,ME,1879,12403.2
Turkey,ME,1880,12471.0
Turkey,ME,1881,12542.8
Turkey,ME,1882,12614.6
Turkey,ME,1883,12686.4
Turkey,ME,1884,12758.2
Turkey,ME,1885,12830.0
Turkey,ME,1886,12901.8
Turkey,ME,1887,12973.6
Turkey,ME,1888,13045.4
Turkey,ME,1889,13117.2
Turkey,ME,1890,13189.0
Turkey,ME,1891,13264.9
Turkey,ME,1892,13340.8
Turkey,ME,1893,13416.7
Turkey,ME,1894,13492.6
Turkey,ME,1895,13568.5
Turkey,ME,1896,13644.4
Turkey,ME,1897,13720.3
Turkey,ME,1898,13796.2
Turkey,ME,1899,13872.1
Turkey,ME,1900,13948.0
Turkey,ME,1901,14028.2
Turkey,ME,1902,14108.4
Turkey,ME,1903,14188.6
Turkey,ME,1904,14268.8
Turkey,ME,1905,14349.0
Turkey,ME,1906,14429.2
Turkey,ME,1907,14509.4
Turkey,ME,1908,14589.6
Turkey,ME,1909,14669.8
Turkey,ME,1910,14750.0
Turkey,ME,1911,14695.5
Turkey,ME,1912,14641.0
Turkey,ME,1913,14586.5
Turkey,ME,1914,14532.0
Turkey,ME,1915,14477.5
Turkey,ME,1916,14423.0
Turkey,ME,1917,14368.5
Turkey,ME,1918,14314.0
Turkey,ME,1919,14259.5
Turkey,ME,1920,14205.0
Turkey,ME,1921,14277.3
Turkey,ME,1922,14349.6
Turkey,ME,1923,14421.9
Turkey,ME,1924,14494.2
Turkey,ME,1925,14566.5
Turkey,ME,1926,14638.8
Turkey,ME,1927,14711.1
Turkey,ME,1928,14783.4
Turkey,ME,1929,14855.7
Turkey,ME,1930,14928.0
Turkey,ME,1931,15217.3
Turkey,ME,1932,15506.6
Turkey,ME,1933,15795.9
Turkey,ME,1934,16085.2
Turkey,ME,1935,16374.5
Turkey,ME,1936,16663.8
Turkey,ME,1937,16953.1
Turkey,ME,1938,17242.4
Turkey,ME,1939,17531.7
Turkey,ME,1940,17821.0
Turkey,ME,1941,18179.7
Turkey,ME,1942,18538.4
Turkey,ME,1943,18897.1
Turkey,ME,1944,19255.8
Turkey,ME,1945,19614.5
Turkey,ME,1946,19973.2
Turkey,ME,1947,20331.9
Turkey,ME,1948,20690.6
Turkey,ME,1949,21049.3
Turkey,ME,1950,21408.0
Turkey,ME,1951,22014.4
Turkey,ME,1952,22620.8
Turkey,ME,1953,23227.2
Turkey,ME,1954,23833.6
Turkey,ME,1955,24440.0
Turkey,ME,1956,25046.4
Turkey,ME,1957,25652.8
Turkey,ME,1958,26259.2
Turkey,ME,1959,26865.6
Turkey,ME,1960,27472.0
Turkey,ME,1961,28212.4
Turkey,ME,1962,28952.8
Turkey,ME,1963,29693.2
Turkey,ME,1964,30433.6
Turkey,ME,1965,31174.0
Turkey,ME,1966,31914.4
Turkey,ME,1967,32654.8
Turkey,ME,1968,33395.2
Turkey,ME,1969,34135.6
Turkey,ME,1970,34876.0
Turkey,ME,1971,35786.0
Turkey,ME,1972,36696.0
Turkey,ME,1973,37606.0
Turkey,ME,1974,38516.0
Turkey,ME,1975,39426.0
Turkey,ME,1976,40336.0
Turkey,ME,1977,41246.0
Turkey,ME,1978,42156.0
Turkey,ME,1979,43066.0
Turkey,ME,1980,43976.0
Turkey,ME,1981,44970.6
Turkey,ME,1982,45965.2
Turkey,ME,1983,46959.8
Turkey,ME,1984,47954.4
Turkey,ME,1985,48949.0
Turkey,ME,1986,49943.6
Turkey,ME,1987,50938.2
Turkey,ME,1988,51932.8
Turkey,ME,1989,52927.4
Turkey,ME,1990,53922.0
Turkey,ME,1991,54853.8
Turkey,ME,1992,55785.6
Turkey,ME,1993,56717.4
Turkey,ME,1994,57649.2
Turkey,ME,1995,58581.0
Turkey,ME,1996,59512.8
Turkey,ME,1997,60444.6
Turkey,ME,1998,61376.4
Turkey,ME,1999,62308.2
Turkey,ME,2000,63240.0
Turkey,ME,2001,64148.7
Turkey,ME,2002,65057.4
Turkey,ME,2003,65966.1
Turkey,ME,2004,66874.8
Turkey,ME,2005,67783.5
Turkey,ME,2006,68692.2
Turkey,ME,2007,69600.9
Turkey,ME,2008,70509.6
Turkey,ME,2009,71418.3
Turkey,ME,2010,72327.0
Turkey,ME,2011,73528.2
Turkey,ME,2012,74729.4
Turkey,ME,2013,75930.6
Turkey,ME,2014,77131.8
Turkey,ME,2015,78333.0
Turkey,ME,2016,79534.2
Turkey,ME,2017,80735.4
Turkey,ME,2018,81936.6
Turkey,ME,2019,83137.8
Turkey,ME,2020,84339.0
Algeria,Af,1820,2689.0
Algeria,Af,1821,2707.9
Algeria,Af,1822,2726.8
Algeria,Af,1823,2745.7
Algeria,Af,1824,2764.6
Algeria,Af,1825,2783.5
Algeria,Af,1826,2802.4
Algeria,Af,1827,2821.3
Algeria,Af,1828,2840.2
Algeria,Af,1829,2859.1
Algeria,Af,1830,2878.0
Algeria,Af,1831,2898.2
Algeria,Af,1832,2918.4
Algeria,Af,1833,2938.6
Algeria,Af,1834,2958.8
Algeria,Af,1835,2979.0
Algeria,Af,1836,2999.2
Algeria,Af,1837,3019.4
Algeria,Af,1838,3039.6
Algeria,Af,1839,3059.8
Algeria,Af,1840,3080.0
Algeria,Af,1841,3101.6
Algeria,Af,1842,3123.2
Algeria,Af,1843,3144.8
Algeria,Af,1844,3166.4
Algeria,Af,1845,3188.0
Algeria,Af,1846,3209.6
Algeria,Af,1847,3231.2
Algeria,Af,1848,3252.8
Algeria,Af,1849,3274.4
Algeria,Af,1850,3296.0
Algeria,Af,1851,3319.2
Algeria,Af,1852,3342.4
Algeria,Af,1853,3365.6
Algeria,Af,1854,3388.8
Algeria,Af,1855,3412.0
Algeria,Af,1856,3435.2
Algeria,Af,1857,3458.4
Algeria,Af,1858,3481.6
Algeria,Af,1859,3504.8
Algeria,Af,1860,3528.0
Algeria,Af,1861,3552.8
Algeria,Af,1862,3577.6
Algeria,Af,1863,3602.4
Algeria,Af,1864,3627.2
Algeria,Af,1865,3652.0
Algeria,Af,1866,3676.8
Algeria,Af,1867,3701.6
Algeria,Af,1868,3726.4
Algeria,Af,1869,3751.2
Algeria,Af,1870,3776.0
Algeria,Af,1871,3810.5
Algeria,Af,1872,3845.0
Algeria,Af,1873,3879.5
Algeria,Af,1874,3914.0
Algeria,Af,1875,3948.5
Algeria,Af,1876,3983.0
Algeria,Af,1877,4017.5
Algeria,Af,1878,4052.0
Algeria,Af,1879,4086.5
Algeria,Af,1880,4121.0
Algeria,Af,1881,4158.6
Algeria,Af,1882,4196.2
Algeria,Af,1883,4233.8
Algeria,Af,1884,4271.4
Algeria,Af,1885,4309.0
Algeria,Af,1886,4346.6
Algeria,Af,1887,4384.2
Algeria,Af,1888,4421.8
Algeria,Af,1889,4459.4
Algeria,Af,1890,4497.0
Algeria,Af,1891,4538.0
Algeria,Af,1892,4579.0
Algeria,Af,1893,4620.0
Algeria,Af,1894,4661.0
Algeria,Af,1895,4702.0
Algeria,Af,1896,4743.0
Algeria,Af,1897,4784.0
Algeria,Af,1898,4825.0
Algeria,Af,1899,4866.0
Algeria,Af,1900,4907.0
Algeria,Af,1901,4951.8
Algeria,Af,1902,4996.6
Algeria,Af,1903,5041.4
Algeria,Af,1904,5086.2
Algeria,Af,1905,5131.0
Algeria,Af,1906,5175.8
Algeria,Af,1907,5220.6
Algeria,Af,1908,5265.4
Algeria,Af,1909,5310.2
Algeria,Af,1910,5355.0
Algeria,Af,1911,5421.6
Algeria,Af,1912,5488.2
Algeria,Af,1913,5554.8
Algeria,Af,1914,5621.4
Algeria,Af,1915,5688.0
Algeria,Af,1916,5754.6
Algeria,Af,1917,5821.2
Algeria,Af,1918,5887.8
Algeria,Af,1919,5954.4
Algeria,Af,1920,6021.0
Algeria,Af,1921,6104.6
Algeria,Af,1922,6188.2
Algeria,Af,1923,6271.8
Algeria,Af,1924,6355.4
Algeria,Af,1925,6439.0
Algeria,Af,1926,6522.6
Algeria,Af,1927,6606.2
Algeria,Af,1928,6689.8
Algeria,Af,1929,6773.4
Algeria,Af,1930,6857.0
Algeria,Af,1931,6952.2
Algeria,Af,1932,7047.4
Algeria,Af,1933,7142.6
Algeria,Af,1934,7237.8
Algeria,Af,1935,7333.0
Algeria,Af,1936,7428.2
Algeria,Af,1937,7523.4
Algeria,Af,1938,7618.6
Algeria,Af,1939,7713.8
Algeria,Af,1940,7809.0
Algeria,Af,1941,7917.4
Algeria,Af,1942,8025.8
Algeria,Af,1943,8134.2
Algeria,Af,1944,8242.6
Algeria,Af,1945,8351.0
Algeria,Af,1946,8459.4
Algeria,Af,1947,8567.8
Algeria,Af,1948,8676.2
Algeria,Af,1949,8784.6
Algeria,Af,1950,8893.0
Algeria,Af,1951,9094.6
Algeria,Af,1952,9296.2
Algeria,Af,1953,9497.8
Algeria,Af,1954,9699.4
Algeria,Af,1955,9901.0
Algeria,Af,1956,10102.6
Algeria,Af,1957,10304.2
Algeria,Af,1958,10505.8
Algeria,Af,1959,10707.4
Algeria,Af,1960,10909.0
Algeria,Af,1961,11211.3
Algeria,Af,1962,11513.6
Algeria,Af,1963,11815.9
Algeria,Af,1964,12118.2
Algeria,Af,1965,12420.5
Algeria,Af,1966,12722.8
Algeria,Af,1967,13025.1
Algeria,Af,1968,13327.4
Algeria,Af,1969,13629.7
Algeria,Af,1970,13932.0
Algeria,Af,1971,14419.4
Algeria,Af,1972,14906.8
Algeria,Af,1973,15394.2
Algeria,Af,1974,15881.6
Algeria,Af,1975,16369.0
Algeria,Af,1976,16856.4
Algeria,Af,1977,17343.8
Algeria,Af,1978,17831.2
Algeria,Af,1979,18318.6
Algeria,Af,1980,18806.0
Algeria,Af,1981,19516.6
Algeria,Af,1982,20227.2
Algeria,Af,1983,20937.8
Algeria,Af,1984,21648.4
Algeria,Af,1985,22359.0
Algeria,Af,1986,23069.6
Algeria,Af,1987,23780.2
Algeria,Af,1988,24490.8
Algeria,Af,1989,25201.4
Algeria,Af,1990,25912.0
Algeria,Af,1991,26439.2
Algeria,Af,1992,26966.4
Algeria,Af,1993,27493.6
Algeria,Af,1994,28020.8
Algeria,Af,1995,28548.0
Algeria,Af,1996,29075.2
Algeria,Af,1997,29602.4
Algeria,Af,1998,30129.6
Algeria,Af,1999,30656.8
Algeria,Af,2000,31184.0
Algeria,Af,2001,31677.4
Algeria,Af,2002,32170.8
Algeria,Af,2003,32664.2
Algeria,Af,2004,33157.6
Algeria,Af,2005,33651.0
Algeria,Af,2006,34144.4
Algeria,Af,2007,34637.8
Algeria,Af,2008,35131.2
Algeria,Af,2009,35624.6
Algeria,Af,2010,36118.0
Algeria,Af,2011,36891.3
Algeria,Af,2012,37664.6
Algeria,Af,2013,38437.9
Algeria,Af,2014,39211.2
Algeria,Af,2015,39984.5
Algeria,Af,2016,40757.8
Algeria,Af,2017,41531.1
Algeria,Af,2018,42304.4
Algeria,Af,2019,43077.7
Algeria,Af,2020,43851.0
Congo R.D.,Af,1820,5000.0
Congo R.D.,Af,1821,5022.0
Congo R.D.,Af,1822,5044.0
Congo R.D.,Af,1823,5066.0
Congo R.D.,Af,1824,5088.0
Congo R.D.,Af,1825,5110.0
Congo R.D.,Af,1826,5132.0
Congo R.D.,Af,1827,5154.0
Congo R.D.,Af,1828,5176.0
Congo R.D.,Af,1829,5198.0
Congo R.D.,Af,1830,5220.0
Congo R.D.,Af,1831,5242.9
Congo R.D.,Af,1832,5265.8
Congo R.D.,Af,1833,5288.7
Congo R.D.,Af,1834,5311.6
Congo R.D.,Af,1835,5334.5
Congo R.D.,Af,1836,5357.4
Congo R.D.,Af,1837,5380.3
Congo R.D.,Af,1838,5403.2
Congo R.D.,Af,1839,5426.1
Congo R.D.,Af,1840,5449.0
Congo R.D.,Af,1841,5472.9
Congo R.D.,Af,1842,5496.8
Congo R.D.,Af,1843,5520.7
Congo R.D.,Af,1844,5544.6
Congo R.D.,Af,1845,5568.5
Congo R.D.,Af,1846,5592.4
Congo R.D.,Af,1847,5616.3
Congo R.D.,Af,1848,5640.2
Congo R.D.,Af,1849,5664.1
Congo R.D.,Af,1850,5688.0
Congo R.D.,Af,1851,5730.7
Congo R.D.,Af,1852,5773.4
Congo R.D.,Af,1853,5816.1
Congo R.D.,Af,1854,5858.8
Congo R.D.,Af,1855,5901.5
Congo R.D.,Af,1856,5944.2
Congo R.D.,Af,1857,5986.9
Congo R.D.,Af,1858,6029.6
Congo R.D.,Af,1859,6072.3
Congo R.D.,Af,1860,6115.0
Congo R.D.,Af,1861,6160.9
Congo R.D.,Af,1862,6206.8
Congo R.D.,Af,1863,6252.7
Congo R.D.,Af,1864,6298.6
Congo R.D.,Af,1865,6344.5
Congo R.D.,Af,1866,6390.4
Congo R.D.,Af,1867,6436.3
Congo R.D.,Af,1868,6482.2
Congo R.D.,Af,1869,6528.1
Congo R.D.,Af,1870,6574.0
Congo R.D.,Af,1871,6623.3
Congo R.D.,Af,1872,6672.6
Congo R.D.,Af,1873,6721.9
Congo R.D.,Af,1874,6771.2
Congo R.D.,Af,1875,6820.5
Congo R.D.,Af,1876,6869.8
Congo R.D.,Af,1877,6919.1
Congo R.D.,Af,1878,6968.4
Congo R.D.,Af,1879,7017.7
Congo R.D.,Af,1880,7067.0
Congo R.D.,Af,1881,7120.1
Congo R.D.,Af,1882,7173.2
Congo R.D.,Af,1883,7226.3
Congo R.D.,Af,1884,7279.4
Congo R.D.,Af,1885,7332.5
Congo R.D.,Af,1886,7385.6
Congo R.D.,Af,1887,7438.7
Congo R.D.,Af,1888,7491.8
Congo R.D.,Af,1889,7544.9
Congo R.D.,Af,1890,7598.0
Congo R.D.,Af,1891,7648.4
Congo R.D.,Af,1892,7698.8
Congo R.D.,Af,1893,7749.2
Congo R.D.,Af,1894,7799.6
Congo R.D.,Af,1895,7850.0
Congo R.D.,Af,1896,7900.4
Congo R.D.,Af,1897,7950.8
Congo R.D.,Af,1898,8001.2
Congo R.D.,Af,1899,8051.6
Congo R.D.,Af,1900,8102.0
Congo R.D.,Af,1901,8170.9
Congo R.D.,Af,1902,8239.8
Congo R.D.,Af,1903,8308.7
Congo R.D.,Af,1904,8377.6
Congo R.D.,Af,1905,8446.5
Congo R.D.,Af,1906,8515.4
Congo R.D.,Af,1907,8584.3
Congo R.D.,Af,1908,8653.2
Congo R.D.,Af,1909,8722.1
Congo R.D.,Af,1910,8791.0
Congo R.D.,Af,1911,8865.7
Congo R.D.,Af,1912,8940.4
Congo R.D.,Af,1913,9015.1
Congo R.D.,Af,1914,9089.8
Congo R.D.,Af,1915,9164.5
Congo R.D.,Af,1916,9239.2
Congo R.D.,Af,1917,9313.9
Congo R.D.,Af,1918,9388.6
Congo R.D.,Af,1919,9463.3
Congo R.D.,Af,1920,9538.0
Congo R.D.,Af,1921,9619.1
Congo R.D.,Af,1922,9700.2
Congo R.D.,Af,1923,9781.3
Congo R.D.,Af,1924,9862.4
Congo R.D.,Af,1925,9943.5
Congo R.D.,Af,1926,10024.6
Congo R.D.,Af,1927,10105.7
Congo R.D.,Af,1928,10186.8
Congo R.D.,Af,1929,10267.9
Congo R.D.,Af,1930,10349.0
Congo R.D.,Af,1931,10437.0
Congo R.D.,Af,1932,10525.0
Congo R.D.,Af,1933,10613.0
Congo R.D.,Af,1934,10701.0
Congo R.D.,Af,1935,10789.0
Congo R.D.,Af,1936,10877.0
Congo R.D.,Af,1937,10965.0
Congo R.D.,Af,1938,11053.0
Congo R.D.,Af,1939,11141.0
Congo R.D.,Af,1940,11229.0
Congo R.D.,Af,1941,11324.5
Congo R.D.,Af,1942,11420.0
Congo R.D.,Af,1943,11515.5
Congo R.D.,Af,1944,11611.0
Congo R.D.,Af,1945,11706.5
Congo R.D.,Af,1946,11802.0
Congo R.D.,Af,1947,11897.5
Congo R.D.,Af,1948,11993.0
Congo R.D.,Af,1949,12088.5
Congo R.D.,Af,1950,12184.0
Congo R.D.,Af,1951,12490.4
Congo R.D.,Af,1952,12796.8
Congo R.D.,Af,1953,13103.2
Congo R.D.,Af,1954,13409.6
Congo R.D.,Af,1955,13716.0
Congo R.D.,Af,1956,14022.4
Congo R.D.,Af,1957,14328.8
Congo R.D.,Af,1958,14635.2
Congo R.D.,Af,1959,14941.6
Congo R.D.,Af,1960,15248.0
Congo R.D.,Af,1961,15724.2
Congo R.D.,Af,1962,16200.4
Congo R.D.,Af,1963,16676.6
Congo R.D.,Af,1964,17152.8
Congo R.D.,Af,1965,17629.0
Congo R.D.,Af,1966,18105.2
Congo R.D.,Af,1967,18581.4
Congo R.D.,Af,1968,19057.6
Congo R.D.,Af,1969,19533.8
Congo R.D.,Af,1970,20010.0
Congo R.D.,Af,1971,20644.7
Congo R.D.,Af,1972,21279.4
Congo R.D.,Af,1973,21914.1
Congo R.D.,Af,1974,22548.8
Congo R.D.,Af,1975,23183.5
Congo R.D.,Af,1976,23818.2
Congo R.D.,Af,1977,24452.9
Congo R.D.,Af,1978,25087.6
Congo R.D.,Af,1979,25722.3
Congo R.D.,Af,1980,26357.0
Congo R.D.,Af,1981,27182.8
Congo R.D.,Af,1982,28008.6
Congo R.D.,Af,1983,28834.4
Congo R.D.,Af,1984,29660.2
Congo R.D.,Af,1985,30486.0
Congo R.D.,Af,1986,31311.8
Congo R.D.,Af,1987,32137.6
Congo R.D.,Af,1988,32963.4
Congo R.D.,Af,1989,33789.2
Congo R.D.,Af,1990,34615.0
Congo R.D.,Af,1991,35861.1
Congo R.D.,Af,1992,37107.2
Congo R.D.,Af,1993,38353.3
Congo R.D.,Af,1994,39599.4
Congo R.D.,Af,1995,40845.5
Congo R.D.,Af,1996,42091.6
Congo R.D.,Af,1997,43337.7
Congo R.D.,Af,1998,44583.8
Congo R.D.,Af,1999,45829.9
Congo R.D.,Af,2000,47076.0
Congo R.D.,Af,2001,48820.7
Congo R.D.,Af,2002,50565.4
Congo R.D.,Af,2003,52310.1
Congo R.D.,Af,2004,54054.8
Congo R.D.,Af,2005,55799.5
Congo R.D.,Af,2006,57544.2
Congo R.D.,Af,2007,59288.9
Congo R.D.,Af,2008,61033.6
Congo R.D.,Af,2009,62778.3
Congo R.D.,Af,2010,64523.0
Congo R.D.,Af,2011,67026.8
Congo R.D.,Af,2012,69530.6
Congo R.D.,Af,2013,72034.4
Congo R.D.,Af,2014,74538.2
Congo R.D.,Af,2015,77042.0
Congo R.D.,Af,2016,79545.8
Congo R.D.,Af,2017,82049.6
Congo R.D.,Af,2018,84553.4
Congo R.D.,Af,2019,87057.2
Congo R.D.,Af,2020,89561.0
Egypt,Af,1820,4194.0
Egypt,Af,1821,4239.9
Egypt,Af,1822,4285.8
Egypt,Af,1823,4331.7
Egypt,Af,1824,4377.6
Egypt,Af,1825,4423.5
Egypt,Af,1826,4469.4
Egypt,Af,1827,4515.3
Egypt,Af,1828,4561.2
Egypt,Af,1829,4607.1
Egypt,Af,1830,4653.0
Egypt,Af,1831,4703.9
Egypt,Af,1832,4754.8
Egypt,Af,1833,4805.7
Egypt,Af,1834,4856.6
Egypt,Af,1835,4907.5
Egypt,Af,1836,4958.4
Egypt,Af,1837,5009.3
Egypt,Af,1838,5060.2
Egypt,Af,1839,5111.1
Egypt,Af,1840,5162.0
Egypt,Af,1841,5218.5
Egypt,Af,1842,5275.0
Egypt,Af,1843,5331.5
Egypt,Af,1844,5388.0
Egypt,Af,1845,5444.5
Egypt,Af,1846,5501.0
Egypt,Af,1847,5557.5
Egypt,Af,1848,5614.0
Egypt,Af,1849,5670.5
Egypt,Af,1850,5727.0
Egypt,Af,1851,5789.7
Egypt,Af,1852,5852.4
Egypt,Af,1853,5915.1
Egypt,Af,1854,5977.8
Egypt,Af,1855,6040.5
Egypt,Af,1856,6103.2
Egypt,Af,1857,6165.9
Egypt,Af,1858,6228.6
Egypt,Af,1859,6291.3
Egypt,Af,1860,6354.0
Egypt,Af,1861,6423.5
Egypt,Af,1862,6493.0
Egypt,Af,1863,6562.5
Egypt,Af,1864,6632.0
Egypt,Af,1865,6701.5
Egypt,Af,1866,6771.0
Egypt,Af,1867,6840.5
Egypt,Af,1868,6910.0
Egypt,Af,1869,6979.5
Egypt,Af,1870,7049.0
Egypt,Af,1871,7144.1
Egypt,Af,1872,7239.2
Egypt,Af,1873,7334.3
Egypt,Af,1874,7429.4
Egypt,Af,1875,7524.5
Egypt,Af,1876,7619.6
Egypt,Af,1877,7714.7
Egypt,Af,1878,7809.8
Egypt,Af,1879,7904.9
Egypt,Af,1880,8000.0
Egypt,Af,1881,8107.8
Egypt,Af,1882,8215.6
Egypt,Af,1883,8323.4
Egypt,Af,1884,8431.2
Egypt,Af,1885,8539.0
Egypt,Af,1886,8646.8
Egypt,Af,1887,8754.6
Egypt,Af,1888,8862.4
Egypt,Af,1889,8970.2
Egypt,Af,1890,9078.0
Egypt,Af,1891,9200.4
Egypt,Af,1892,9322.8
Egypt,Af,1893,9445.2
Egypt,Af,1894,9567.6
Egypt,Af,1895,9690.0
Egypt,Af,1896,9812.4
Egypt,Af,1897,9934.8
Egypt,Af,1898,10057.2
Egypt,Af,1899,10179.6
Egypt,Af,1900,10302.0
Egypt,Af,1901,10441.0
Egypt,Af,1902,10580.0
Egypt,Af,1903,10719.0
Egypt,Af,1904,10858.0
Egypt,Af,1905,10997.0
Egypt,Af,1906,11136.0
Egypt,Af,1907,11275.0
Egypt,Af,1908,11414.0
Egypt,Af,1909,11553.0
Egypt,Af,1910,11692.0
Egypt,Af,1911,11872.2
Egypt,Af,1912,12052.4
Egypt,Af,1913,12232.6
Egypt,Af,1914,12412.8
Egypt,Af,1915,12593.0
Egypt,Af,1916,12773.2
Egypt,Af,1917,12953.4
Egypt,Af,1918,13133.6
Egypt,Af,1919,13313.8
Egypt,Af,1920,13494.0
Egypt,Af,1921,13713.2
Egypt,Af,1922,13932.4
Egypt,Af,1923,14151.6
Egypt,Af,1924,14370.8
Egypt,Af,1925,14590.0
Egypt,Af,1926,14809.2
Egypt,Af,1927,15028.4
Egypt,Af,1928,15247.6
Egypt,Af,1929,15466.8
Egypt,Af,1930,15686.0
Egypt,Af,1931,15940.9
Egypt,Af,1932,16195.8
Egypt,Af,1933,16450.7
Egypt,Af,1934,16705.6
Egypt,Af,1935,16960.5
Egypt,Af,1936,17215.4
Egypt,Af,1937,17470.3
Egypt,Af,1938,17725.2
Egypt,Af,1939,17980.1
Egypt,Af,1940,18235.0
Egypt,Af,1941,18531.3
Egypt,Af,1942,18827.6
Egypt,Af,1943,19123.9
Egypt,Af,1944,19420.2
Egypt,Af,1945,19716.5
Egypt,Af,1946,20012.8
Egypt,Af,1947,20309.1
Egypt,Af,1948,20605.4
Egypt,Af,1949,20901.7
Egypt,Af,1950,21198.0
Egypt,Af,1951,21762.9
Egypt,Af,1952,22327.8
Egypt,Af,1953,22892.7
Egypt,Af,1954,23457.6
Egypt,Af,1955,24022.5
Egypt,Af,1956,24587.4
Egypt,Af,1957,25152.3
Egypt,Af,1958,25717.2
Egypt,Af,1959,26282.1
Egypt,Af,1960,26847.0
Egypt,Af,1961,27519.7
Egypt,Af,1962,28192.4
Egypt,Af,1963,28865.1
Egypt,Af,1964,29537.8
Egypt,Af,1965,30210.5
Egypt,Af,1966,30883.2
Egypt,Af,1967,31555.9
Egypt,Af,1968,32228.6
Egypt,Af,1969,32901.3
Egypt,Af,1970,33574.0
Egypt,Af,1971,34480.0
Egypt,Af,1972,35386.0
Egypt,Af,1973,36292.0
Egypt,Af,1974,37198.0
Egypt,Af,1975,38104.0
Egypt,Af,1976,39010.0
Egypt,Af,1977,39916.0
Egypt,Af,1978,40822.0
Egypt,Af,1979,41728.0
Egypt,Af,1980,42634.0
Egypt,Af,1981,44040.0
Egypt,Af,1982,45446.0
Egypt,Af,1983,46852.0
Egypt,Af,1984,48258.0
Egypt,Af,1985,49664.0
Egypt,Af,1986,51070.0
Egypt,Af,1987,52476.0
Egypt,Af,1988,53882.0
Egypt,Af,1989,55288.0
Egypt,Af,1990,56694.0
Egypt,Af,1991,58015.2
Egypt,Af,1992,59336.4
Egypt,Af,1993,60657.6
Egypt,Af,1994,61978.8
Egypt,Af,1995,63300.0
Egypt,Af,1996,64621.2
Egypt,Af,1997,65942.4
Egypt,Af,1998,67263.6
Egypt,Af,1999,68584.8
Egypt,Af,2000,69906.0
Egypt,Af,2001,71326.2
Egypt,Af,2002,72746.4
Egypt,Af,2003,74166.6
Egypt,Af,2004,75586.8
Egypt,Af,2005,77007.0
Egypt,Af,2006,78427.2
Egypt,Af,2007,79847.4
Egypt,Af,2008,81267.6
Egypt,Af,2009,82687.8
Egypt,Af,2010,84108.0
Egypt,Af,2011,85930.6
Egypt,Af,2012,87753.2
Egypt,Af,2013,89575.8
Egypt,Af,2014,91398.4
Egypt,Af,2015,93221.0
Egypt,Af,2016,95043.6
Egypt,Af,2017,96866.2
Egypt,Af,2018,98688.8
Egypt,Af,2019,100511.4
Egypt,Af,2020,102334.0
Eritrea & Ethiopia,Af,1820,3154.0
Eritrea & Ethiopia,Af,1821,3204.3
Eritrea & Ethiopia,Af,1822,3254.6
Eritrea & Ethiopia,Af,1823,3304.9
Eritrea & Ethiopia,Af,1824,3355.2
Eritrea & Ethiopia,Af,1825,3405.5
Eritrea & Ethiopia,Af,1826,3455.8
Eritrea & Ethiopia,Af,1827,3506.1
Eritrea & Ethiopia,Af,1828,3556.4
Eritrea & Ethiopia,Af,1829,3606.7
Eritrea & Ethiopia,Af,1830,3657.0
Eritrea & Ethiopia,Af,1831,3715.3
Eritrea & Ethiopia,Af,1832,3773.6
Eritrea & Ethiopia,Af,1833,3831.9
Eritrea & Ethiopia,Af,1834,3890.2
Eritrea & Ethiopia,Af,1835,3948.5
Eritrea & Ethiopia,Af,1836,4006.8
Eritrea & Ethiopia,Af,1837,4065.1
Eritrea & Ethiopia,Af,1838,4123.4
Eritrea & Ethiopia,Af,1839,4181.7
Eritrea & Ethiopia,Af,1840,4240.0
Eritrea & Ethiopia,Af,1841,4307.6
Eritrea & Ethiopia,Af,1842,4375.2
Eritrea & Ethiopia,Af,1843,4442.8
Eritrea & Ethiopia,Af,1844,4510.4
Eritrea & Ethiopia,Af,1845,4578.0
Eritrea & Ethiopia,Af,1846,4645.6
Eritrea & Ethiopia,Af,1847,4713.2
Eritrea & Ethiopia,Af,1848,4780.8
Eritrea & Ethiopia,Af,1849,4848.4
Eritrea & Ethiopia,Af,1850,4916.0
Eritrea & Ethiopia,Af,1851,4994.3
Eritrea & Ethiopia,Af,1852,5072.6
Eritrea & Ethiopia,Af,1853,5150.9
Eritrea & Ethiopia,Af,1854,5229.2
Eritrea & Ethiopia,Af,1855,5307.5
Eritrea & Ethiopia,Af,1856,5385.8
Eritrea & Ethiopia,Af,1857,5464.1
Eritrea & Ethiopia,Af,1858,5542.4
Eritrea & Ethiopia,Af,1859,5620.7
Eritrea & Ethiopia,Af,1860,5699.0
Eritrea & Ethiopia,Af,1861,5789.9
Eritrea & Ethiopia,Af,1862,5880.8
Eritrea & Ethiopia,Af,1863,5971.7
Eritrea & Ethiopia,Af,1864,6062.6
Eritrea & Ethiopia,Af,1865,6153.5
Eritrea & Ethiopia,Af,1866,6244.4
Eritrea & Ethiopia,Af,1867,6335.3
Eritrea & Ethiopia,Af,1868,6426.2
Eritrea & Ethiopia,Af,1869,6517.1
Eritrea & Ethiopia,Af,1870,6608.0
Eritrea & Ethiopia,Af,1871,6713.3
Eritrea & Ethiopia,Af,1872,6818.6
Eritrea & Ethiopia,Af,1873,6923.9
Eritrea & Ethiopia,Af,1874,7029.2
Eritrea & Ethiopia,Af,1875,7134.5
Eritrea & Ethiopia,Af,1876,7239.8
Eritrea & Ethiopia,Af,1877,7345.1
Eritrea & Ethiopia,Af,1878,7450.4
Eritrea & Ethiopia,Af,1879,7555.7
Eritrea & Ethiopia,Af,1880,7661.0
Eritrea & Ethiopia,Af,1881,7783.1
Eritrea & Ethiopia,Af,1882,7905.2
Eritrea & Ethiopia,Af,1883,8027.3
Eritrea & Ethiopia,Af,1884,8149.4
Eritrea & Ethiopia,Af,1885,8271.5
Eritrea & Ethiopia,Af,1886,8393.6
Eritrea & Ethiopia,Af,1887,8515.7
Eritrea & Ethiopia,Af,1888,8637.8
Eritrea & Ethiopia,Af,1889,8759.9
Eritrea & Ethiopia,Af,1890,8882.0
Eritrea & Ethiopia,Af,1891,9023.6
Eritrea & Ethiopia,Af,1892,9165.2
Eritrea & Ethiopia,Af,1893,9306.8
Eritrea & Ethiopia,Af,1894,9448.4
Eritrea & Ethiopia,Af,1895,9590.0
Eritrea & Ethiopia,Af,1896,9731.6
Eritrea & Ethiopia,Af,1897,9873.2
Eritrea & Ethiopia,Af,1898,10014.8
Eritrea & Ethiopia,Af,1899,10156.4
Eritrea & Ethiopia,Af,1900,10298.0
Eritrea & Ethiopia,Af,1901,10462.2
Eritrea & Ethiopia,Af,1902,10626.4
Eritrea & Ethiopia,Af,1903,10790.6
Eritrea & Ethiopia,Af,1904,10954.8
Eritrea & Ethiopia,Af,1905,11119.0
Eritrea & Ethiopia,Af,1906,11283.2
Eritrea & Ethiopia,Af,1907,11447.4
Eritrea & Ethiopia,Af,1908,11611.6
Eritrea & Ethiopia,Af,1909,11775.8
Eritrea & Ethiopia,Af,1910,11940.0
Eritrea & Ethiopia,Af,1911,12130.4
Eritrea & Ethiopia,Af,1912,12320.8
Eritrea & Ethiopia,Af,1913,12511.2
Eritrea & Ethiopia,Af,1914,12701.6
Eritrea & Ethiopia,Af,1915,12892.0
Eritrea & Ethiopia,Af,1916,13082.4
Eritrea & Ethiopia,Af,1917,13272.8
Eritrea & Ethiopia,Af,1918,13463.2
Eritrea & Ethiopia,Af,1919,13653.6
Eritrea & Ethiopia,Af,1920,13844.0
Eritrea & Ethiopia,Af,1921,14064.7
Eritrea & Ethiopia,Af,1922,14285.4
Eritrea & Ethiopia,Af,1923,14506.1
Eritrea & Ethiopia,Af,1924,14726.8
Eritrea & Ethiopia,Af,1925,14947.5
Eritrea & Ethiopia,Af,1926,15168.2
Eritrea & Ethiopia,Af,1927,15388.9
Eritrea & Ethiopia,Af,1928,15609.6
Eritrea & Ethiopia,Af,1929,15830.3
Eritrea & Ethiopia,Af,1930,16051.0
Eritrea & Ethiopia,Af,1931,16306.8
Eritrea & Ethiopia,Af,1932,16562.6
Eritrea & Ethiopia,Af,1933,16818.4
Eritrea & Ethiopia,Af,1934,17074.2
Eritrea & Ethiopia,Af,1935,17330.0
Eritrea & Ethiopia,Af,1936,17585.8
Eritrea & Ethiopia,Af,1937,17841.6
Eritrea & Ethiopia,Af,1938,18097.4
Eritrea & Ethiopia,Af,1939,18353.2
Eritrea & Ethiopia,Af,1940,18609.0
Eritrea & Ethiopia,Af,1941,18905.8
Eritrea & Ethiopia,Af,1942,19202.6
Eritrea & Ethiopia,Af,1943,19499.4
Eritrea & Ethiopia,Af,1944,19796.2
Eritrea & Ethiopia,Af,1945,20093.0
Eritrea & Ethiopia,Af,1946,20389.8
Eritrea & Ethiopia,Af,1947,20686.6
Eritrea & Ethiopia,Af,1948,20983.4
Eritrea & Ethiopia,Af,1949,21280.2
Eritrea & Ethiopia,Af,1950,21577.0
Eritrea & Ethiopia,Af,1951,21997.6
Eritrea & Ethiopia,Af,1952,22418.2
Eritrea & Ethiopia,Af,1953,22838.8
Eritrea & Ethiopia,Af,1954,23259.4
Eritrea & Ethiopia,Af,1955,23680.0
Eritrea & Ethiopia,Af,1956,24100.6
Eritrea & Ethiopia,Af,1957,24521.2
Eritrea & Ethiopia,Af,1958,24941.8
Eritrea & Ethiopia,Af,1959,25362.4
Eritrea & Ethiopia,Af,1960,25783.0
Eritrea & Ethiopia,Af,1961,26367.6
Eritrea & Ethiopia,Af,1962,26952.2
Eritrea & Ethiopia,Af,1963,27536.8
Eritrea & Ethiopia,Af,1964,28121.4
Eritrea & Ethiopia,Af,1965,28706.0
Eritrea & Ethiopia,Af,1966,29290.6
Eritrea & Ethiopia,Af,1967,29875.2
Eritrea & Ethiopia,Af,1968,30459.8
Eritrea & Ethiopia,Af,1969,31044.4
Eritrea & Ethiopia,Af,1970,31629.0
Eritrea & Ethiopia,Af,1971,32326.6
Eritrea & Ethiopia,Af,1972,33024.2
Eritrea & Ethiopia,Af,1973,33721.8
Eritrea & Ethiopia,Af,1974,34419.4
Eritrea & Ethiopia,Af,1975,35117.0
Eritrea & Ethiopia,Af,1976,35814.6
Eritrea & Ethiopia,Af,1977,36512.2
Eritrea & Ethiopia,Af,1978,37209.8
Eritrea & Ethiopia,Af,1979,37907.4
Eritrea & Ethiopia,Af,1980,38605.0
Eritrea & Ethiopia,Af,1981,39863.9
Eritrea & Ethiopia,Af,1982,41122.8
Eritrea & Ethiopia,Af,1983,42381.7
Eritrea & Ethiopia,Af,1984,43640.6
Eritrea & Ethiopia,Af,1985,44899.5
Eritrea & Ethiopia,Af,1986,46158.4
Eritrea & Ethiopia,Af,1987,47417.3
Eritrea & Ethiopia,Af,1988,48676.2
Eritrea & Ethiopia,Af,1989,49935.1
Eritrea & Ethiopia,Af,1990,51194.0
Eritrea & Ethiopia,Af,1991,53067.6
Eritrea & Ethiopia,Af,1992,54941.2
Eritrea & Ethiopia,Af,1993,56814.8
Eritrea & Ethiopia,Af,1994,58688.4
Eritrea & Ethiopia,Af,1995,60562.0
Eritrea & Ethiopia,Af,1996,62435.6
Eritrea & Ethiopia,Af,1997,64309.2
Eritrea & Ethiopia,Af,1998,66182.8
Eritrea & Ethiopia,Af,1999,68056.4
Eritrea & Ethiopia,Af,2000,69930.0
Eritrea & Ethiopia,Af,2001,72146.4
Eritrea & Ethiopia,Af,2002,74362.8
Eritrea & Ethiopia,Af,2003,76579.2
Eritrea & Ethiopia,Af,2004,78795.6
Eritrea & Ethiopia,Af,2005,81012.0
Eritrea & Ethiopia,Af,2006,83228.4
Eritrea & Ethiopia,Af,2007,85444.8
Eritrea & Ethiopia,Af,2008,87661.2
Eritrea & Ethiopia,Af,2009,89877.6
Eritrea & Ethiopia,Af,2010,92094.0
Eritrea & Ethiopia,Af,2011,94735.6
Eritrea & Ethiopia,Af,2012,97377.2
Eritrea & Ethiopia,Af,2013,100018.8
Eritrea & Ethiopia,Af,2014,102660.4
Eritrea & Ethiopia,Af,2015,105302.0
Eritrea & Ethiopia,Af,2016,107943.6
Eritrea & Ethiopia,Af,2017,110585.2
Eritrea & Ethiopia,Af,2018,113226.8
Eritrea & Ethiopia,Af,2019,115868.4
Eritrea & Ethiopia,Af,2020,118510.0
Libya,Af,1820,538.0
Libya,Af,1821,540.5
Libya,Af,1822,543.0
Libya,Af,1823,545.5
Libya,Af,1824,548.0
Libya,Af,1825,550.5
Libya,Af,1826,553.0
Libya,Af,1827,555.5
Libya,Af,1828,558.0
Libya,Af,1829,560.5
Libya,Af,1830,563.0
Libya,Af,1831,565.5
Libya,Af,1832,568.0
Libya,Af,1833,570.5
Libya,Af,1834,573.0
Libya,Af,1835,575.5
Libya,Af,1836,578.0
Libya,Af,1837,580.5
Libya,Af,1838,583.0
Libya,Af,1839,585.5
Libya,Af,1840,588.0
Libya,Af,1841,590.7
Libya,Af,1842,593.4
Libya,Af,1843,596.1
Libya,Af,1844,598.8
Libya,Af,1845,601.5
Libya,Af,1846,604.2
Libya,Af,1847,606.9
Libya,Af,1848,609.6
Libya,Af,1849,612.3
Libya,Af,1850,615.0
Libya,Af,1851,617.8
Libya,Af,1852,620.6
Libya,Af,1853,623.4
Libya,Af,1854,626.2
Libya,Af,1855,629.0
Libya,Af,1856,631.8
Libya,Af,1857,634.6
Libya,Af,1858,637.4
Libya,Af,1859,640.2
Libya,Af,1860,643.0
Libya,Af,1861,646.0
Libya,Af,1862,649.0
Libya,Af,1863,652.0
Libya,Af,1864,655.0
Libya,Af,1865,658.0
Libya,Af,1866,661.0
Libya,Af,1867,664.0
Libya,Af,1868,667.0
Libya,Af,1869,670.0
Libya,Af,1870,673.0
Libya,Af,1871,676.0
Libya,Af,1872,679.0
Libya,Af,1873,682.0
Libya,Af,1874,685.0
Libya,Af,1875,688.0
Libya,Af,1876,691.0
Libya,Af,1877,694.0
Libya,Af,1878,697.0
Libya,Af,1879,700.0
Libya,Af,1880,703.0
Libya,Af,1881,706.2
Libya,Af,1882,709.4
Libya,Af,1883,712.6
Libya,Af,1884,715.8
Libya,Af,1885,719.0
Libya,Af,1886,722.2
Libya,Af,1887,725.4
Libya,Af,1888,728.6
Libya,Af,1889,731.8
Libya,Af,1890,735.0
Libya,Af,1891,738.4
Libya,Af,1892,741.8
Libya,Af,1893,745.2
Libya,Af,1894,748.6
Libya,Af,1895,752.0
Libya,Af,1896,755.4
Libya,Af,1897,758.8
Libya,Af,1898,762.2
Libya,Af,1899,765.6
Libya,Af,1900,769.0
Libya,Af,1901,772.5
Libya,Af,1902,776.0
Libya,Af,1903,779.5
Libya,Af,1904,783.0
Libya,Af,1905,786.5
Libya,Af,1906,790.0
Libya,Af,1907,793.5
Libya,Af,1908,797.0
Libya,Af,1909,800.5
Libya,Af,1910,804.0
Libya,Af,1911,807.7
Libya,Af,1912,811.4
Libya,Af,1913,815.1
Libya,Af,1914,818.8
Libya,Af,1915,822.5
Libya,Af,1916,826.2
Libya,Af,1917,829.9
Libya,Af,1918,833.6
Libya,Af,1919,837.3
Libya,Af,1920,841.0
Libya,Af,1921,844.8
Libya,Af,1922,848.6
Libya,Af,1923,852.4
Libya,Af,1924,856.2
Libya,Af,1925,860.0
Libya,Af,1926,863.8
Libya,Af,1927,867.6
Libya,Af,1928,871.4
Libya,Af,1929,875.2
Libya,Af,1930,879.0
Libya,Af,1931,883.0
Libya,Af,1932,887.0
Libya,Af,1933,891.0
Libya,Af,1934,895.0
Libya,Af,1935,899.0
Libya,Af,1936,903.0
Libya,Af,1937,907.0
Libya,Af,1938,911.0
Libya,Af,1939,915.0
Libya,Af,1940,919.0
Libya,Af,1941,923.2
Libya,Af,1942,927.4
Libya,Af,1943,931.6
Libya,Af,1944,935.8
Libya,Af,1945,940.0
Libya,Af,1946,944.2
Libya,Af,1947,948.4
Libya,Af,1948,952.6
Libya,Af,1949,956.8
Libya,Af,1950,961.0
Libya,Af,1951,998.7
Libya,Af,1952,1036.4
Libya,Af,1953,1074.1
Libya,Af,1954,1111.8
Libya,Af,1955,1149.5
Libya,Af,1956,1187.2
Libya,Af,1957,1224.9
Libya,Af,1958,1262.6
Libya,Af,1959,1300.3
Libya,Af,1960,1338.0
Libya,Af,1961,1404.1
Libya,Af,1962,1470.2
Libya,Af,1963,1536.3
Libya,Af,1964,1602.4
Libya,Af,1965,1668.5
Libya,Af,1966,1734.6
Libya,Af,1967,1800.6999999999998
Libya,Af,1968,1866.8
Libya,Af,1969,1932.9
Libya,Af,1970,1999.0
Libya,Af,1971,2105.6
Libya,Af,1972,2212.2
Libya,Af,1973,2318.8
Libya,Af,1974,2425.4
Libya,Af,1975,2532.0
Libya,Af,1976,2638.6
Libya,Af,1977,2745.2
Libya,Af,1978,2851.8
Libya,Af,1979,2958.4
Libya,Af,1980,3065.0
Libya,Af,1981,3172.5
Libya,Af,1982,3280.0
Libya,Af,1983,3387.5
Libya,Af,1984,3495.0
Libya,Af,1985,3602.5
Libya,Af,1986,3710.0
Libya,Af,1987,3817.5
Libya,Af,1988,3925.0
Libya,Af,1989,4032.5
Libya,Af,1990,4140.0
Libya,Af,1991,4237.5
Libya,Af,1992,4335.0
Libya,Af,1993,4432.5
Libya,Af,1994,4530.0
Libya,Af,1995,4627.5
Libya,Af,1996,4725.0
Libya,Af,1997,4822.5
Libya,Af,1998,4920.0
Libya,Af,1999,5017.5
Libya,Af,2000,5115.0
Libya,Af,2001,5220.4
Libya,Af,2002,5325.8
Libya,Af,2003,5431.2
Libya,Af,2004,5536.6
Libya,Af,2005,5642.0
Libya,Af,2006,5747.4
Libya,Af,2007,5852.8
Libya,Af,2008,5958.2
Libya,Af,2009,6063.6
Libya,Af,2010,6169.0
Libya,Af,2011,6239.2
Libya,Af,2012,6309.4
Libya,Af,2013,6379.6
Libya,Af,2014,6449.8
Libya,Af,2015,6520.0
Libya,Af,2016,6590.2
Libya,Af,2017,6660.4
Libya,Af,2018,6730.6
Libya,Af,2019,6800.8
Libya,Af,2020,6871.0
Malawi,Af,1820,820.0
Malawi,Af,1821,829.5
Malawi,Af,1822,839.0
Malawi,Af,1823,848.5
Malawi,Af,1824,858.0
Malawi,Af,1825,867.5
Malawi,Af,1826,877.0
Malawi,Af,1827,886.5
Malawi,Af,1828,896.0
Malawi,Af,1829,905.5
Malawi,Af,1830,915.0
Malawi,Af,1831,925.6
Malawi,Af,1832,936.2
Malawi,Af,1833,946.8
Malawi,Af,1834,957.4
Malawi,Af,1835,968.0
Malawi,Af,1836,978.6
Malawi,Af,1837,989.2
Malawi,Af,1838,999.8
Malawi,Af,1839,1010.4
Malawi,Af,1840,1021.0
Malawi,Af,1841,1032.9
Malawi,Af,1842,1044.8
Malawi,Af,1843,1056.7
Malawi,Af,1844,1068.6
Malawi,Af,1845,1080.5
Malawi,Af,1846,1092.4
Malawi,Af,1847,1104.3
Malawi,Af,1848,1116.2
Malawi,Af,1849,1128.1
Malawi,Af,1850,1140.0
Malawi,Af,1851,1142.1
Malawi,Af,1852,1144.2
Malawi,Af,1853,1146.3
Malawi,Af,1854,1148.4
Malawi,Af,1855,1150.5
Malawi,Af,1856,1152.6
Malawi,Af,1857,1154.7
Malawi,Af,1858,1156.8
Malawi,Af,1859,1158.9
Malawi,Af,1860,1161.0
Malawi,Af,1861,1163.2
Malawi,Af,1862,1165.4
Malawi,Af,1863,1167.6
Malawi,Af,1864,1169.8
Malawi,Af,1865,1172.0
Malawi,Af,1866,1174.2
Malawi,Af,1867,1176.4
Malawi,Af,1868,1178.6
Malawi,Af,1869,1180.8
Malawi,Af,1870,1183.0
Malawi,Af,1871,1185.2
Malawi,Af,1872,1187.4
Malawi,Af,1873,1189.6
Malawi,Af,1874,1191.8
Malawi,Af,1875,1194.0
Malawi,Af,1876,1196.2
Malawi,Af,1877,1198.4
Malawi,Af,1878,1200.6
Malawi,Af,1879,1202.8
Malawi,Af,1880,1205.0
Malawi,Af,1881,1231.3
Malawi,Af,1882,1257.6
Malawi,Af,1883,1283.9
Malawi,Af,1884,1310.2
Malawi,Af,1885,1336.5
Malawi,Af,1886,1362.8
Malawi,Af,1887,1389.1
Malawi,Af,1888,1415.4
Malawi,Af,1889,1441.7
Malawi,Af,1890,1468.0
Malawi,Af,1891,1500.1
Malawi,Af,1892,1532.2
Malawi,Af,1893,1564.3
Malawi,Af,1894,1596.4
Malawi,Af,1895,1628.5
Malawi,Af,1896,1660.6
Malawi,Af,1897,1692.7
Malawi,Af,1898,1724.8
Malawi,Af,1899,1756.9
Malawi,Af,1900,1789.0
Malawi,Af,1901,1828.1
Malawi,Af,1902,1867.2
Malawi,Af,1903,1906.3
Malawi,Af,1904,1945.4
Malawi,Af,1905,1984.5
Malawi,Af,1906,2023.6
Malawi,Af,1907,2062.7
Malawi,Af,1908,2101.8
Malawi,Af,1909,2140.9
Malawi,Af,1910,2180.0
Malawi,Af,1911,2194.4
Malawi,Af,1912,2208.8
Malawi,Af,1913,2223.2
Malawi,Af,1914,2237.6
Malawi,Af,1915,2252.0
Malawi,Af,1916,2266.4
Malawi,Af,1917,2280.8
Malawi,Af,1918,2295.2
Malawi,Af,1919,2309.6
Malawi,Af,1920,2324.0
Malawi,Af,1921,2339.4
Malawi,Af,1922,2354.8
Malawi,Af,1923,2370.2
Malawi,Af,1924,2385.6
Malawi,Af,1925,2401.0
Malawi,Af,1926,2416.4
Malawi,Af,1927,2431.8
Malawi,Af,1928,2447.2
Malawi,Af,1929,2462.6
Malawi,Af,1930,2478.0
Malawi,Af,1931,2494.4
Malawi,Af,1932,2510.8
Malawi,Af,1933,2527.2
Malawi,Af,1934,2543.6
Malawi,Af,1935,2560.0
Malawi,Af,1936,2576.4
Malawi,Af,1937,2592.8
Malawi,Af,1938,2609.2
Malawi,Af,1939,2625.6
Malawi,Af,1940,2642.0
Malawi,Af,1941,2659.5
Malawi,Af,1942,2677.0
Malawi,Af,1943,2694.5
Malawi,Af,1944,2712.0
Malawi,Af,1945,2729.5
Malawi,Af,1946,2747.0
Malawi,Af,1947,2764.5
Malawi,Af,1948,2782.0
Malawi,Af,1949,2799.5
Malawi,Af,1950,2817.0
Malawi,Af,1951,2880.3
Malawi,Af,1952,2943.6
Malawi,Af,1953,3006.9
Malawi,Af,1954,3070.2
Malawi,Af,1955,3133.5
Malawi,Af,1956,3196.8
Malawi,Af,1957,3260.1
Malawi,Af,1958,3323.4
Malawi,Af,1959,3386.7
Malawi,Af,1960,3450.0
Malawi,Af,1961,3553.9
Malawi,Af,1962,3657.8
Malawi,Af,1963,3761.7
Malawi,Af,1964,3865.6
Malawi,Af,1965,3969.5
Malawi,Af,1966,4073.4
Malawi,Af,1967,4177.3
Malawi,Af,1968,4281.2
Malawi,Af,1969,4385.1
Malawi,Af,1970,4489.0
Malawi,Af,1971,4653.0
Malawi,Af,1972,4817.0
Malawi,Af,1973,4981.0
Malawi,Af,1974,5145.0
Malawi,Af,1975,5309.0
Malawi,Af,1976,5473.0
Malawi,Af,1977,5637.0
Malawi,Af,1978,5801.0
Malawi,Af,1979,5965.0
Malawi,Af,1980,6129.0
Malawi,Af,1981,6444.8
Malawi,Af,1982,6760.6
Malawi,Af,1983,7076.4
Malawi,Af,1984,7392.2
Malawi,Af,1985,7708.0
Malawi,Af,1986,8023.8
Malawi,Af,1987,8339.6
Malawi,Af,1988,8655.4
Malawi,Af,1989,8971.2
Malawi,Af,1990,9287.0
Malawi,Af,1991,9495.9
Malawi,Af,1992,9704.8
Malawi,Af,1993,9913.7
Malawi,Af,1994,10122.6
Malawi,Af,1995,10331.5
Malawi,Af,1996,10540.4
Malawi,Af,1997,10749.3
Malawi,Af,1998,10958.2
Malawi,Af,1999,11167.1
Malawi,Af,2000,11376.0
Malawi,Af,2001,11755.1
Malawi,Af,2002,12134.2
Malawi,Af,2003,12513.3
Malawi,Af,2004,12892.4
Malawi,Af,2005,13271.5
Malawi,Af,2006,13650.6
Malawi,Af,2007,14029.7
Malawi,Af,2008,14408.8
Malawi,Af,2009,14787.9
Malawi,Af,2010,15167.0
Malawi,Af,2011,15563.3
Malawi,Af,2012,15959.6
Malawi,Af,2013,16355.9
Malawi,Af,2014,16752.2
Malawi,Af,2015,17148.5
Malawi,Af,2016,17544.8
Malawi,Af,2017,17941.1
Malawi,Af,2018,18337.4
Malawi,Af,2019,18733.7
Malawi,Af,2020,19130.0
Morocco,Af,1820,2689.0
Morocco,Af,1821,2707.9
Morocco,Af,1822,2726.8
Morocco,Af,1823,2745.7
Morocco,Af,1824,2764.6
Morocco,Af,1825,2783.5
Morocco,Af,1826,2802.4
Morocco,Af,1827,2821.3
Morocco,Af,1828,2840.2
Morocco,Af,1829,2859.1
Morocco,Af,1830,2878.0
Morocco,Af,1831,2898.2
Morocco,Af,1832,2918.4
Morocco,Af,1833,2938.6
Morocco,Af,1834,2958.8
Morocco,Af,1835,2979.0
Morocco,Af,1836,2999.2
Morocco,Af,1837,3019.4
Morocco,Af,1838,3039.6
Morocco,Af,1839,3059.8
Morocco,Af,1840,3080.0
Morocco,Af,1841,3101.6
Morocco,Af,1842,3123.2
Morocco,Af,1843,3144.8
Morocco,Af,1844,3166.4
Morocco,Af,1845,3188.0
Morocco,Af,1846,3209.6
Morocco,Af,1847,3231.2
Morocco,Af,1848,3252.8
Morocco,Af,1849,3274.4
Morocco,Af,1850,3296.0
Morocco,Af,1851,3319.2
Morocco,Af,1852,3342.4
Morocco,Af,1853,3365.6
Morocco,Af,1854,3388.8
Morocco,Af,1855,3412.0
Morocco,Af,1856,3435.2
Morocco,Af,1857,3458.4
Morocco,Af,1858,3481.6
Morocco,Af,1859,3504.8
Morocco,Af,1860,3528.0
Morocco,Af,1861,3552.8
Morocco,Af,1862,3577.6
Morocco,Af,1863,3602.4
Morocco,Af,1864,3627.2
Morocco,Af,1865,3652.0
Morocco,Af,1866,3676.8
Morocco,Af,1867,3701.6
Morocco,Af,1868,3726.4
Morocco,Af,1869,3751.2
Morocco,Af,1870,3776.0
Morocco,Af,1871,3803.5
Morocco,Af,1872,3831.0
Morocco,Af,1873,3858.5
Morocco,Af,1874,3886.0
Morocco,Af,1875,3913.5
Morocco,Af,1876,3941.0
Morocco,Af,1877,3968.5
Morocco,Af,1878,3996.0
Morocco,Af,1879,4023.5
Morocco,Af,1880,4051.0
Morocco,Af,1881,4080.6
Morocco,Af,1882,4110.2
Morocco,Af,1883,4139.8
Morocco,Af,1884,4169.4
Morocco,Af,1885,4199.0
Morocco,Af,1886,4228.6
Morocco,Af,1887,4258.2
Morocco,Af,1888,4287.8
Morocco,Af,1889,4317.4
Morocco,Af,1890,4347.0
Morocco,Af,1891,4378.7
Morocco,Af,1892,4410.4
Morocco,Af,1893,4442.1
Morocco,Af,1894,4473.8
Morocco,Af,1895,4505.5
Morocco,Af,1896,4537.2
Morocco,Af,1897,4568.9
Morocco,Af,1898,4600.6
Morocco,Af,1899,4632.3
Morocco,Af,1900,4664.0
Morocco,Af,1901,4698.0
Morocco,Af,1902,4732.0
Morocco,Af,1903,4766.0
Morocco,Af,1904,4800.0
Morocco,Af,1905,4834.0
Morocco,Af,1906,4868.0
Morocco,Af,1907,4902.0
Morocco,Af,1908,4936.0
Morocco,Af,1909,4970.0
Morocco,Af,1910,5004.0
Morocco,Af,1911,5076.5
Morocco,Af,1912,5149.0
Morocco,Af,1913,5221.5
Morocco,Af,1914,5294.0
Morocco,Af,1915,5366.5
Morocco,Af,1916,5439.0
Morocco,Af,1917,5511.5
Morocco,Af,1918,5584.0
Morocco,Af,1919,5656.5
Morocco,Af,1920,5729.0
Morocco,Af,1921,5830.4
Morocco,Af,1922,5931.8
Morocco,Af,1923,6033.2
Morocco,Af,1924,6134.6
Morocco,Af,1925,6236.0
Morocco,Af,1926,6337.4
Morocco,Af,1927,6438.8
Morocco,Af,1928,6540.2
Morocco,Af,1929,6641.6
Morocco,Af,1930,6743.0
Morocco,Af,1931,6862.5
Morocco,Af,1932,6982.0
Morocco,Af,1933,7101.5
Morocco,Af,1934,7221.0
Morocco,Af,1935,7340.5
Morocco,Af,1936,7460.0
Morocco,Af,1937,7579.5
Morocco,Af,1938,7699.0
Morocco,Af,1939,7818.5
Morocco,Af,1940,7938.0
Morocco,Af,1941,8078.5
Morocco,Af,1942,8219.0
Morocco,Af,1943,8359.5
Morocco,Af,1944,8500.0
Morocco,Af,1945,8640.5
Morocco,Af,1946,8781.0
Morocco,Af,1947,8921.5
Morocco,Af,1948,9062.0
Morocco,Af,1949,9202.5
Morocco,Af,1950,9343.0
Morocco,Af,1951,9651.0
Morocco,Af,1952,9959.0
Morocco,Af,1953,10267.0
Morocco,Af,1954,10575.0
Morocco,Af,1955,10883.0
Morocco,Af,1956,11191.0
Morocco,Af,1957,11499.0
Morocco,Af,1958,11807.0
Morocco,Af,1959,12115.0
Morocco,Af,1960,12423.0
Morocco,Af,1961,12771.6
Morocco,Af,1962,13120.2
Morocco,Af,1963,13468.8
Morocco,Af,1964,13817.4
Morocco,Af,1965,14166.0
Morocco,Af,1966,14514.6
Morocco,Af,1967,14863.2
Morocco,Af,1968,15211.8
Morocco,Af,1969,15560.4
Morocco,Af,1970,15909.0
Morocco,Af,1971,16266.8
Morocco,Af,1972,16624.6
Morocco,Af,1973,16982.4
Morocco,Af,1974,17340.2
Morocco,Af,1975,17698.0
Morocco,Af,1976,18055.8
Morocco,Af,1977,18413.6
Morocco,Af,1978,18771.4
Morocco,Af,1979,19129.2
Morocco,Af,1980,19487.0
Morocco,Af,1981,20006.9
Morocco,Af,1982,20526.8
Morocco,Af,1983,21046.7
Morocco,Af,1984,21566.6
Morocco,Af,1985,22086.5
Morocco,Af,1986,22606.4
Morocco,Af,1987,23126.3
Morocco,Af,1988,23646.2
Morocco,Af,1989,24166.1
Morocco,Af,1990,24686.0
Morocco,Af,1991,25102.4
Morocco,Af,1992,25518.8
Morocco,Af,1993,25935.2
Morocco,Af,1994,26351.6
Morocco,Af,1995,26768.0
Morocco,Af,1996,27184.4
Morocco,Af,1997,27600.8
Morocco,Af,1998,28017.2
Morocco,Af,1999,28433.6
Morocco,Af,2000,28850.0
Morocco,Af,2001,29206.0
Morocco,Af,2002,29562.0
Morocco,Af,2003,29918.0
Morocco,Af,2004,30274.0
Morocco,Af,2005,30630.0
Morocco,Af,2006,30986.0
Morocco,Af,2007,31342.0
Morocco,Af,2008,31698.0
Morocco,Af,2009,32054.0
Morocco,Af,2010,32410.0
Morocco,Af,2011,32860.1
Morocco,Af,2012,33310.2
Morocco,Af,2013,33760.3
Morocco,Af,2014,34210.4
Morocco,Af,2015,34660.5
Morocco,Af,2016,35110.6
Morocco,Af,2017,35560.7
Morocco,Af,2018,36010.8
Morocco,Af,2019,36460.9
Morocco,Af,2020,36911.0
Nigeria,Af,1820,16356.0
Nigeria,Af,1821,16378.6
Nigeria,Af,1822,16401.2
Nigeria,Af,1823,16423.8
Nigeria,Af,1824,16446.4
Nigeria,Af,1825,16469.0
Nigeria,Af,1826,16491.6
Nigeria,Af,1827,16514.2
Nigeria,Af,1828,16536.8
Nigeria,Af,1829,16559.4
Nigeria,Af,1830,16582.0
Nigeria,Af,1831,16700.9
Nigeria,Af,1832,16819.8
Nigeria,Af,1833,16938.7
Nigeria,Af,1834,17057.6
Nigeria,Af,1835,17176.5
Nigeria,Af,1836,17295.4
Nigeria,Af,1837,17414.3
Nigeria,Af,1838,17533.2
Nigeria,Af,1839,17652.1
Nigeria,Af,1840,17771.0
Nigeria,Af,1841,17721.7
Nigeria,Af,1842,17672.4
Nigeria,Af,1843,17623.1
Nigeria,Af,1844,17573.8
Nigeria,Af,1845,17524.5
Nigeria,Af,1846,17475.2
Nigeria,Af,1847,17425.9
Nigeria,Af,1848,17376.6
Nigeria,Af,1849,17327.3
Nigeria,Af,1850,17278.0
Nigeria,Af,1851,17312.6
Nigeria,Af,1852,17347.2
Nigeria,Af,1853,17381.8
Nigeria,Af,1854,17416.4
Nigeria,Af,1855,17451.0
Nigeria,Af,1856,17485.6
Nigeria,Af,1857,17520.2
Nigeria,Af,1858,17554.8
Nigeria,Af,1859,17589.4
Nigeria,Af,1860,17624.0
Nigeria,Af,1861,17659.3
Nigeria,Af,1862,17694.6
Nigeria,Af,1863,17729.9
Nigeria,Af,1864,17765.2
Nigeria,Af,1865,17800.5
Nigeria,Af,1866,17835.8
Nigeria,Af,1867,17871.1
Nigeria,Af,1868,17906.4
Nigeria,Af,1869,17941.7
Nigeria,Af,1870,17977.0
Nigeria,Af,1871,18013.1
Nigeria,Af,1872,18049.2
Nigeria,Af,1873,18085.3
Nigeria,Af,1874,18121.4
Nigeria,Af,1875,18157.5
Nigeria,Af,1876,18193.6
Nigeria,Af,1877,18229.7
Nigeria,Af,1878,18265.8
Nigeria,Af,1879,18301.9
Nigeria,Af,1880,18338.0
Nigeria,Af,1881,18374.7
Nigeria,Af,1882,18411.4
Nigeria,Af,1883,18448.1
Nigeria,Af,1884,18484.8
Nigeria,Af,1885,18521.5
Nigeria,Af,1886,18558.2
Nigeria,Af,1887,18594.9
Nigeria,Af,1888,18631.6
Nigeria,Af,1889,18668.3
Nigeria,Af,1890,18705.0
Nigeria,Af,1891,18742.5
Nigeria,Af,1892,18780.0
Nigeria,Af,1893,18817.5
Nigeria,Af,1894,18855.0
Nigeria,Af,1895,18892.5
Nigeria,Af,1896,18930.0
Nigeria,Af,1897,18967.5
Nigeria,Af,1898,19005.0
Nigeria,Af,1899,19042.5
Nigeria,Af,1900,19080.0
Nigeria,Af,1901,19166.1
Nigeria,Af,1902,19252.2
Nigeria,Af,1903,19338.3
Nigeria,Af,1904,19424.4
Nigeria,Af,1905,19510.5
Nigeria,Af,1906,19596.6
Nigeria,Af,1907,19682.7
Nigeria,Af,1908,19768.8
Nigeria,Af,1909,19854.9
Nigeria,Af,1910,19941.0
Nigeria,Af,1911,20287.6
Nigeria,Af,1912,20634.2
Nigeria,Af,1913,20980.8
Nigeria,Af,1914,21327.4
Nigeria,Af,1915,21674.0
Nigeria,Af,1916,22020.6
Nigeria,Af,1917,22367.2
Nigeria,Af,1918,22713.8
Nigeria,Af,1919,23060.4
Nigeria,Af,1920,23407.0
Nigeria,Af,1921,23813.9
Nigeria,Af,1922,24220.8
Nigeria,Af,1923,24627.7
Nigeria,Af,1924,25034.6
Nigeria,Af,1925,25441.5
Nigeria,Af,1926,25848.4
Nigeria,Af,1927,26255.3
Nigeria,Af,1928,26662.2
Nigeria,Af,1929,27069.1
Nigeria,Af,1930,27476.0
Nigeria,Af,1931,27953.7
Nigeria,Af,1932,28431.4
Nigeria,Af,1933,28909.1
Nigeria,Af,1934,29386.8
Nigeria,Af,1935,29864.5
Nigeria,Af,1936,30342.2
Nigeria,Af,1937,30819.9
Nigeria,Af,1938,31297.6
Nigeria,Af,1939,31775.3
Nigeria,Af,1940,32253.0
Nigeria,Af,1941,32813.7
Nigeria,Af,1942,33374.4
Nigeria,Af,1943,33935.1
Nigeria,Af,1944,34495.8
Nigeria,Af,1945,35056.5
Nigeria,Af,1946,35617.2
Nigeria,Af,1947,36177.9
Nigeria,Af,1948,36738.6
Nigeria,Af,1949,37299.3
Nigeria,Af,1950,37860.0
Nigeria,Af,1951,38587.8
Nigeria,Af,1952,39315.6
Nigeria,Af,1953,40043.4
Nigeria,Af,1954,40771.2
Nigeria,Af,1955,41499.0
Nigeria,Af,1956,42226.8
Nigeria,Af,1957,42954.6
Nigeria,Af,1958,43682.4
Nigeria,Af,1959,44410.2
Nigeria,Af,1960,45138.0
Nigeria,Af,1961,46222.3
Nigeria,Af,1962,47306.6
Nigeria,Af,1963,48390.9
Nigeria,Af,1964,49475.2
Nigeria,Af,1965,50559.5
Nigeria,Af,1966,51643.8
Nigeria,Af,1967,52728.1
Nigeria,Af,1968,53812.4
Nigeria,Af,1969,54896.7
Nigeria,Af,1970,55981.0
Nigeria,Af,1971,57729.0
Nigeria,Af,1972,59477.0
Nigeria,Af,1973,61225.0
Nigeria,Af,1974,62973.0
Nigeria,Af,1975,64721.0
Nigeria,Af,1976,66469.0
Nigeria,Af,1977,68217.0
Nigeria,Af,1978,69965.0
Nigeria,Af,1979,71713.0
Nigeria,Af,1980,73461.0
Nigeria,Af,1981,75641.9
Nigeria,Af,1982,77822.8
Nigeria,Af,1983,80003.7
Nigeria,Af,1984,82184.6
Nigeria,Af,1985,84365.5
Nigeria,Af,1986,86546.4
Nigeria,Af,1987,88727.3
Nigeria,Af,1988,90908.2
Nigeria,Af,1989,93089.1
Nigeria,Af,1990,95270.0
Nigeria,Af,1991,97978.2
Nigeria,Af,1992,100686.4
Nigeria,Af,1993,103394.6
Nigeria,Af,1994,106102.8
Nigeria,Af,1995,108811.0
Nigeria,Af,1996,111519.2
Nigeria,Af,1997,114227.4
Nigeria,Af,1998,116935.6
Nigeria,Af,1999,119643.8
Nigeria,Af,2000,122352.0
Nigeria,Af,2001,125974.6
Nigeria,Af,2002,129597.2
Nigeria,Af,2003,133219.8
Nigeria,Af,2004,136842.4
Nigeria,Af,2005,140465.0
Nigeria,Af,2006,144087.6
Nigeria,Af,2007,147710.2
Nigeria,Af,2008,151332.8
Nigeria,Af,2009,154955.4
Nigeria,Af,2010,158578.0
Nigeria,Af,2011,163334.2
Nigeria,Af,2012,168090.4
Nigeria,Af,2013,172846.6
Nigeria,Af,2014,177602.8
Nigeria,Af,2015,182359.0
Nigeria,Af,2016,187115.2
Nigeria,Af,2017,191871.4
Nigeria,Af,2018,196627.6
Nigeria,Af,2019,201383.8
Nigeria,Af,2020,206140.0
South Africa,Af,1820,1550.0
South Africa,Af,1821,1566.2
South Africa,Af,1822,1582.4
South Africa,Af,1823,1598.6
South Africa,Af,1824,1614.8
South Africa,Af,1825,1631.0
South Africa,Af,1826,1647.2
South Africa,Af,1827,1663.4
South Africa,Af,1828,1679.6
South Africa,Af,1829,1695.8
South Africa,Af,1830,1712.0
South Africa,Af,1831,1729.9
South Africa,Af,1832,1747.8
South Africa,Af,1833,1765.7
South Africa,Af,1834,1783.6
South Africa,Af,1835,1801.5
South Africa,Af,1836,1819.4
South Africa,Af,1837,1837.3
South Africa,Af,1838,1855.2
South Africa,Af,1839,1873.1
South Africa,Af,1840,1891.0
South Africa,Af,1841,1910.7
South Africa,Af,1842,1930.4
South Africa,Af,1843,1950.1
South Africa,Af,1844,1969.8
South Africa,Af,1845,1989.5
South Africa,Af,1846,2009.2
South Africa,Af,1847,2028.9
South Africa,Af,1848,2048.6
South Africa,Af,1849,2068.3
South Africa,Af,1850,2088.0
South Africa,Af,1851,2109.8
South Africa,Af,1852,2131.6
South Africa,Af,1853,2153.4
South Africa,Af,1854,2175.2
South Africa,Af,1855,2197.0
South Africa,Af,1856,2218.8
South Africa,Af,1857,2240.6
South Africa,Af,1858,2262.4
South Africa,Af,1859,2284.2
South Africa,Af,1860,2306.0
South Africa,Af,1861,2330.1
South Africa,Af,1862,2354.2
South Africa,Af,1863,2378.3
South Africa,Af,1864,2402.4
South Africa,Af,1865,2426.5
South Africa,Af,1866,2450.6
South Africa,Af,1867,2474.7
South Africa,Af,1868,2498.8
South Africa,Af,1869,2522.9
South Africa,Af,1870,2547.0
South Africa,Af,1871,2605.0
South Africa,Af,1872,2663.0
South Africa,Af,1873,2721.0
South Africa,Af,1874,2779.0
South Africa,Af,1875,2837.0
South Africa,Af,1876,2895.0
South Africa,Af,1877,2953.0
South Africa,Af,1878,3011.0
South Africa,Af,1879,3069.0
South Africa,Af,1880,3127.0
South Africa,Af,1881,3198.2
South Africa,Af,1882,3269.4
South Africa,Af,1883,3340.6
South Africa,Af,1884,3411.8
South Africa,Af,1885,3483.0
South Africa,Af,1886,3554.2
South Africa,Af,1887,3625.4
South Africa,Af,1888,3696.6
South Africa,Af,1889,3767.8
South Africa,Af,1890,3839.0
South Africa,Af,1891,3926.4
South Africa,Af,1892,4013.8
South Africa,Af,1893,4101.2
South Africa,Af,1894,4188.6
South Africa,Af,1895,4276.0
South Africa,Af,1896,4363.4
South Africa,Af,1897,4450.8
South Africa,Af,1898,4538.2
South Africa,Af,1899,4625.6
South Africa,Af,1900,4713.0
South Africa,Af,1901,4820.3
South Africa,Af,1902,4927.6
South Africa,Af,1903,5034.9
South Africa,Af,1904,5142.2
South Africa,Af,1905,5249.5
South Africa,Af,1906,5356.8
South Africa,Af,1907,5464.1
South Africa,Af,1908,5571.4
South Africa,Af,1909,5678.7
South Africa,Af,1910,5786.0
South Africa,Af,1911,5922.3
South Africa,Af,1912,6058.6
South Africa,Af,1913,6194.9
South Africa,Af,1914,6331.2
South Africa,Af,1915,6467.5
South Africa,Af,1916,6603.8
South Africa,Af,1917,6740.1
South Africa,Af,1918,6876.4
South Africa,Af,1919,7012.7
South Africa,Af,1920,7149.0
South Africa,Af,1921,7319.8
South Africa,Af,1922,7490.6
South Africa,Af,1923,7661.4
South Africa,Af,1924,7832.2
South Africa,Af,1925,8003.0
South Africa,Af,1926,8173.8
South Africa,Af,1927,8344.6
South Africa,Af,1928,8515.4
South Africa,Af,1929,8686.2
South Africa,Af,1930,8857.0
South Africa,Af,1931,9068.6
South Africa,Af,1932,9280.2
South Africa,Af,1933,9491.8
South Africa,Af,1934,9703.4
South Africa,Af,1935,9915.0
South Africa,Af,1936,10126.6
South Africa,Af,1937,10338.2
South Africa,Af,1938,10549.8
South Africa,Af,1939,10761.4
South Africa,Af,1940,10973.0
South Africa,Af,1941,11235.3
South Africa,Af,1942,11497.6
South Africa,Af,1943,11759.9
South Africa,Af,1944,12022.2
South Africa,Af,1945,12284.5
South Africa,Af,1946,12546.8
South Africa,Af,1947,12809.1
South Africa,Af,1948,13071.4
South Africa,Af,1949,13333.7
South Africa,Af,1950,13596.0
South Africa,Af,1951,13978.1
South Africa,Af,1952,14360.2
South Africa,Af,1953,14742.3
South Africa,Af,1954,15124.4
South Africa,Af,1955,15506.5
South Africa,Af,1956,15888.6
South Africa,Af,1957,16270.7
South Africa,Af,1958,16652.8
South Africa,Af,1959,17034.9
South Africa,Af,1960,17417.0
South Africa,Af,1961,17949.3
South Africa,Af,1962,18481.6
South Africa,Af,1963,19013.9
South Africa,Af,1964,19546.2
South Africa,Af,1965,20078.5
South Africa,Af,1966,20610.8
South Africa,Af,1967,21143.1
South Africa,Af,1968,21675.4
South Africa,Af,1969,22207.7
South Africa,Af,1970,22740.0
South Africa,Af,1971,23391.2
South Africa,Af,1972,24042.4
South Africa,Af,1973,24693.6
South Africa,Af,1974,25344.8
South Africa,Af,1975,25996.0
South Africa,Af,1976,26647.2
South Africa,Af,1977,27298.4
South Africa,Af,1978,27949.6
South Africa,Af,1979,28600.8
South Africa,Af,1980,29252.0
South Africa,Af,1981,30082.9
South Africa,Af,1982,30913.8
South Africa,Af,1983,31744.7
South Africa,Af,1984,32575.6
South Africa,Af,1985,33406.5
South Africa,Af,1986,34237.4
South Africa,Af,1987,35068.3
South Africa,Af,1988,35899.2
South Africa,Af,1989,36730.1
South Africa,Af,1990,37561.0
South Africa,Af,1991,38377.7
South Africa,Af,1992,39194.4
South Africa,Af,1993,40011.1
South Africa,Af,1994,40827.8
South Africa,Af,1995,41644.5
South Africa,Af,1996,42461.2
South Africa,Af,1997,43277.9
South Africa,Af,1998,44094.6
South Africa,Af,1999,44911.3
South Africa,Af,2000,45728.0
South Africa,Af,2001,46313.7
South Africa,Af,2002,46899.4
South Africa,Af,2003,47485.1
South Africa,Af,2004,48070.8
South Africa,Af,2005,48656.5
South Africa,Af,2006,49242.2
South Africa,Af,2007,49827.9
South Africa,Af,2008,50413.6
South Africa,Af,2009,50999.3
South Africa,Af,2010,51585.0
South Africa,Af,2011,52357.4
South Africa,Af,2012,53129.8
South Africa,Af,2013,53902.2
South Africa,Af,2014,54674.6
South Africa,Af,2015,55447.0
South Africa,Af,2016,56219.4
South Africa,Af,2017,56991.8
South Africa,Af,2018,57764.2
South Africa,Af,2019,58536.6
South Africa,Af,2020,59309.0
Tunisia,Af,1820,875.0
Tunisia,Af,1821,880.3
Tunisia,Af,1822,885.6
Tunisia,Af,1823,890.9
Tunisia,Af,1824,896.2
Tunisia,Af,1825,901.5
Tunisia,Af,1826,906.8
Tunisia,Af,1827,912.1
Tunisia,Af,1828,917.4
Tunisia,Af,1829,922.7
Tunisia,Af,1830,928.0
Tunisia,Af,1831,933.7
Tunisia,Af,1832,939.4
Tunisia,Af,1833,945.1
Tunisia,Af,1834,950.8
Tunisia,Af,1835,956.5
Tunisia,Af,1836,962.2
Tunisia,Af,1837,967.9
Tunisia,Af,1838,973.6
Tunisia,Af,1839,979.3
Tunisia,Af,1840,985.0
Tunisia,Af,1841,991.0
Tunisia,Af,1842,997.0
Tunisia,Af,1843,1003.0
Tunisia,Af,1844,1009.0
Tunisia,Af,1845,1015.0
Tunisia,Af,1846,1021.0
Tunisia,Af,1847,1027.0
Tunisia,Af,1848,1033.0
Tunisia,Af,1849,1039.0
Tunisia,Af,1850,1045.0
Tunisia,Af,1851,1051.3
Tunisia,Af,1852,1057.6
Tunisia,Af,1853,1063.9
Tunisia,Af,1854,1070.2
Tunisia,Af,1855,1076.5
Tunisia,Af,1856,1082.8
Tunisia,Af,1857,1089.1
Tunisia,Af,1858,1095.4
Tunisia,Af,1859,1101.7
Tunisia,Af,1860,1108.0
Tunisia,Af,1861,1114.8
Tunisia,Af,1862,1121.6
Tunisia,Af,1863,1128.4
Tunisia,Af,1864,1135.2
Tunisia,Af,1865,1142.0
Tunisia,Af,1866,1148.8
Tunisia,Af,1867,1155.6
Tunisia,Af,1868,1162.4
Tunisia,Af,1869,1169.2
Tunisia,Af,1870,1176.0
Tunisia,Af,1871,1189.4
Tunisia,Af,1872,1202.8
Tunisia,Af,1873,1216.2
Tunisia,Af,1874,1229.6
Tunisia,Af,1875,1243.0
Tunisia,Af,1876,1256.4
Tunisia,Af,1877,1269.8
Tunisia,Af,1878,1283.2
Tunisia,Af,1879,1296.6
Tunisia,Af,1880,1310.0
Tunisia,Af,1881,1324.9
Tunisia,Af,1882,1339.8
Tunisia,Af,1883,1354.7
Tunisia,Af,1884,1369.6
Tunisia,Af,1885,1384.5
Tunisia,Af,1886,1399.4
Tunisia,Af,1887,1414.3
Tunisia,Af,1888,1429.2
Tunisia,Af,1889,1444.1
Tunisia,Af,1890,1459.0
Tunisia,Af,1891,1475.6
Tunisia,Af,1892,1492.2
Tunisia,Af,1893,1508.8
Tunisia,Af,1894,1525.4
Tunisia,Af,1895,1542.0
Tunisia,Af,1896,1558.6
Tunisia,Af,1897,1575.2
Tunisia,Af,1898,1591.8
Tunisia,Af,1899,1608.4
Tunisia,Af,1900,1625.0
Tunisia,Af,1901,1643.5
Tunisia,Af,1902,1662.0
Tunisia,Af,1903,1680.5
Tunisia,Af,1904,1699.0
Tunisia,Af,1905,1717.5
Tunisia,Af,1906,1736.0
Tunisia,Af,1907,1754.5
Tunisia,Af,1908,1773.0
Tunisia,Af,1909,1791.5
Tunisia,Af,1910,1810.0
Tunisia,Af,1911,1839.7
Tunisia,Af,1912,1869.4
Tunisia,Af,1913,1899.1
Tunisia,Af,1914,1928.8
Tunisia,Af,1915,1958.5
Tunisia,Af,1916,1988.2
Tunisia,Af,1917,2017.9
Tunisia,Af,1918,2047.6
Tunisia,Af,1919,2077.3
Tunisia,Af,1920,2107.0
Tunisia,Af,1921,2146.3
Tunisia,Af,1922,2185.6
Tunisia,Af,1923,2224.9
Tunisia,Af,1924,2264.2
Tunisia,Af,1925,2303.5
Tunisia,Af,1926,2342.8
Tunisia,Af,1927,2382.1
Tunisia,Af,1928,2421.4
Tunisia,Af,1929,2460.7
Tunisia,Af,1930,2500.0
Tunisia,Af,1931,2546.5
Tunisia,Af,1932,2593.0
Tunisia,Af,1933,2639.5
Tunisia,Af,1934,2686.0
Tunisia,Af,1935,2732.5
Tunisia,Af,1936,2779.0
Tunisia,Af,1937,2825.5
Tunisia,Af,1938,2872.0
Tunisia,Af,1939,2918.5
Tunisia,Af,1940,2965.0
Tunisia,Af,1941,3020.2
Tunisia,Af,1942,3075.4
Tunisia,Af,1943,3130.6
Tunisia,Af,1944,3185.8
Tunisia,Af,1945,3241.0
Tunisia,Af,1946,3296.2
Tunisia,Af,1947,3351.4
Tunisia,Af,1948,3406.6
Tunisia,Af,1949,3461.8
Tunisia,Af,1950,3517.0
Tunisia,Af,1951,3580.2
Tunisia,Af,1952,3643.4
Tunisia,Af,1953,3706.6
Tunisia,Af,1954,3769.8
Tunisia,Af,1955,3833.0
Tunisia,Af,1956,3896.2
Tunisia,Af,1957,3959.4
Tunisia,Af,1958,4022.6
Tunisia,Af,1959,4085.8
Tunisia,Af,1960,4149.0
Tunisia,Af,1961,4244.0
Tunisia,Af,1962,4339.0
Tunisia,Af,1963,4434.0
Tunisia,Af,1964,4529.0
Tunisia,Af,1965,4624.0
Tunisia,Af,1966,4719.0
Tunisia,Af,1967,4814.0
Tunisia,Af,1968,4909.0
Tunisia,Af,1969,5004.0
Tunisia,Af,1970,5099.0
Tunisia,Af,1971,5233.4
Tunisia,Af,1972,5367.8
Tunisia,Af,1973,5502.2
Tunisia,Af,1974,5636.6
Tunisia,Af,1975,5771.0
Tunisia,Af,1976,5905.4
Tunisia,Af,1977,6039.8
Tunisia,Af,1978,6174.2
Tunisia,Af,1979,6308.6
Tunisia,Af,1980,6443.0
Tunisia,Af,1981,6622.0
Tunisia,Af,1982,6801.0
Tunisia,Af,1983,6980.0
Tunisia,Af,1984,7159.0
Tunisia,Af,1985,7338.0
Tunisia,Af,1986,7517.0
Tunisia,Af,1987,7696.0
Tunisia,Af,1988,7875.0
Tunisia,Af,1989,8054.0
Tunisia,Af,1990,8233.0
Tunisia,Af,1991,8379.6
Tunisia,Af,1992,8526.2
Tunisia,Af,1993,8672.8
Tunisia,Af,1994,8819.4
Tunisia,Af,1995,8966.0
Tunisia,Af,1996,9112.6
Tunisia,Af,1997,9259.2
Tunisia,Af,1998,9405.8
Tunisia,Af,1999,9552.4
Tunisia,Af,2000,9699.0
Tunisia,Af,2001,9793.1
Tunisia,Af,2002,9887.2
Tunisia,Af,2003,9981.3
Tunisia,Af,2004,10075.4
Tunisia,Af,2005,10169.5
Tunisia,Af,2006,10263.6
Tunisia,Af,2007,10357.7
Tunisia,Af,2008,10451.8
Tunisia,Af,2009,10545.9
Tunisia,Af,2010,10640.0
Tunisia,Af,2011,10757.9
Tunisia,Af,2012,10875.8
Tunisia,Af,2013,10993.7
Tunisia,Af,2014,11111.6
Tunisia,Af,2015,11229.5
Tunisia,Af,2016,11347.4
Tunisia,Af,2017,11465.3
Tunisia,Af,2018,11583.2
Tunisia,Af,2019,11701.1
Tunisia,Af,2020,11819.0
Zambia,Af,1820,800.0
Zambia,Af,1821,802.0
Zambia,Af,1822,804.0
Zambia,Af,1823,806.0
Zambia,Af,1824,808.0
Zambia,Af,1825,810.0
Zambia,Af,1826,812.0
Zambia,Af,1827,814.0
Zambia,Af,1828,816.0
Zambia,Af,1829,818.0
Zambia,Af,1830,820.0
Zambia,Af,1831,822.1
Zambia,Af,1832,824.2
Zambia,Af,1833,826.3
Zambia,Af,1834,828.4
Zambia,Af,1835,830.5
Zambia,Af,1836,832.6
Zambia,Af,1837,834.7
Zambia,Af,1838,836.8
Zambia,Af,1839,838.9
Zambia,Af,1840,841.0
Zambia,Af,1841,843.1
Zambia,Af,1842,845.2
Zambia,Af,1843,847.3
Zambia,Af,1844,849.4
Zambia,Af,1845,851.5
Zambia,Af,1846,853.6
Zambia,Af,1847,855.7
Zambia,Af,1848,857.8
Zambia,Af,1849,859.9
Zambia,Af,1850,862.0
Zambia,Af,1851,868.2
Zambia,Af,1852,874.4
Zambia,Af,1853,880.6
Zambia,Af,1854,886.8
Zambia,Af,1855,893.0
Zambia,Af,1856,899.2
Zambia,Af,1857,905.4
Zambia,Af,1858,911.6
Zambia,Af,1859,917.8
Zambia,Af,1860,924.0
Zambia,Af,1861,930.5
Zambia,Af,1862,937.0
Zambia,Af,1863,943.5
Zambia,Af,1864,950.0
Zambia,Af,1865,956.5
Zambia,Af,1866,963.0
Zambia,Af,1867,969.5
Zambia,Af,1868,976.0
Zambia,Af,1869,982.5
Zambia,Af,1870,989.0
Zambia,Af,1871,996.1
Zambia,Af,1872,1003.2
Zambia,Af,1873,1010.3
Zambia,Af,1874,1017.4
Zambia,Af,1875,1024.5
Zambia,Af,1876,1031.6
Zambia,Af,1877,1038.7
Zambia,Af,1878,1045.8
Zambia,Af,1879,1052.9
Zambia,Af,1880,1060.0
Zambia,Af,1881,1069.7
Zambia,Af,1882,1079.4
Zambia,Af,1883,1089.1
Zambia,Af,1884,1098.8
Zambia,Af,1885,1108.5
Zambia,Af,1886,1118.2
Zambia,Af,1887,1127.9
Zambia,Af,1888,1137.6
Zambia,Af,1889,1147.3
Zambia,Af,1890,1157.0
Zambia,Af,1891,1167.7
Zambia,Af,1892,1178.4
Zambia,Af,1893,1189.1
Zambia,Af,1894,1199.8
Zambia,Af,1895,1210.5
Zambia,Af,1896,1221.2
Zambia,Af,1897,1231.9
Zambia,Af,1898,1242.6
Zambia,Af,1899,1253.3
Zambia,Af,1900,1264.0
Zambia,Af,1901,1275.6
Zambia,Af,1902,1287.2
Zambia,Af,1903,1298.8
Zambia,Af,1904,1310.4
Zambia,Af,1905,1322.0
Zambia,Af,1906,1333.6
Zambia,Af,1907,1345.2
Zambia,Af,1908,1356.8
Zambia,Af,1909,1368.4
Zambia,Af,1910,1380.0
Zambia,Af,1911,1402.9
Zambia,Af,1912,1425.8
Zambia,Af,1913,1448.7
Zambia,Af,1914,1471.6
Zambia,Af,1915,1494.5
Zambia,Af,1916,1517.4
Zambia,Af,1917,1540.3
Zambia,Af,1918,1563.2
Zambia,Af,1919,1586.1
Zambia,Af,1920,1609.0
Zambia,Af,1921,1635.8
Zambia,Af,1922,1662.6
Zambia,Af,1923,1689.4
Zambia,Af,1924,1716.2
Zambia,Af,1925,1743.0
Zambia,Af,1926,1769.8
Zambia,Af,1927,1796.6
Zambia,Af,1928,1823.4
Zambia,Af,1929,1850.2
Zambia,Af,1930,1877.0
Zambia,Af,1931,1908.2
Zambia,Af,1932,1939.4
Zambia,Af,1933,1970.6
Zambia,Af,1934,2001.8
Zambia,Af,1935,2033.0
Zambia,Af,1936,2064.2
Zambia,Af,1937,2095.4
Zambia,Af,1938,2126.6
Zambia,Af,1939,2157.8
Zambia,Af,1940,2189.0
Zambia,Af,1941,2225.4
Zambia,Af,1942,2261.8
Zambia,Af,1943,2298.2
Zambia,Af,1944,2334.6
Zambia,Af,1945,2371.0
Zambia,Af,1946,2407.4
Zambia,Af,1947,2443.8
Zambia,Af,1948,2480.2
Zambia,Af,1949,2516.6
Zambia,Af,1950,2553.0
Zambia,Af,1951,2623.1
Zambia,Af,1952,2693.2
Zambia,Af,1953,2763.3
Zambia,Af,1954,2833.4
Zambia,Af,1955,2903.5
Zambia,Af,1956,2973.6
Zambia,Af,1957,3043.7
Zambia,Af,1958,3113.8
Zambia,Af,1959,3183.9
Zambia,Af,1960,3254.0
Zambia,Af,1961,3353.8
Zambia,Af,1962,3453.6
Zambia,Af,1963,3553.4
Zambia,Af,1964,3653.2
Zambia,Af,1965,3753.0
Zambia,Af,1966,3852.8
Zambia,Af,1967,3952.6
Zambia,Af,1968,4052.4
Zambia,Af,1969,4152.2
Zambia,Af,1970,4252.0
Zambia,Af,1971,4396.8
Zambia,Af,1972,4541.6
Zambia,Af,1973,4686.4
Zambia,Af,1974,4831.2
Zambia,Af,1975,4976.0
Zambia,Af,1976,5120.8
Zambia,Af,1977,5265.6
Zambia,Af,1978,5410.4
Zambia,Af,1979,5555.2
Zambia,Af,1980,5700.0
Zambia,Af,1981,5924.2
Zambia,Af,1982,6148.4
Zambia,Af,1983,6372.6
Zambia,Af,1984,6596.8
Zambia,Af,1985,6821.0
Zambia,Af,1986,7045.2
Zambia,Af,1987,7269.4
Zambia,Af,1988,7493.6
Zambia,Af,1989,7717.8
Zambia,Af,1990,7942.0
Zambia,Af,1991,8200.9
Zambia,Af,1992,8459.8
Zambia,Af,1993,8718.7
Zambia,Af,1994,8977.6
Zambia,Af,1995,9236.5
Zambia,Af,1996,9495.4
Zambia,Af,1997,9754.3
Zambia,Af,1998,10013.2
Zambia,Af,1999,10272.1
Zambia,Af,2000,10531.0
Zambia,Af,2001,10862.9
Zambia,Af,2002,11194.8
Zambia,Af,2003,11526.7
Zambia,Af,2004,11858.6
Zambia,Af,2005,12190.5
Zambia,Af,2006,12522.4
Zambia,Af,2007,12854.3
Zambia,Af,2008,13186.2
Zambia,Af,2009,13518.1
Zambia,Af,2010,13850.0
Zambia,Af,2011,14303.4
Zambia,Af,2012,14756.8
Zambia,Af,2013,15210.2
Zambia,Af,2014,15663.6
Zambia,Af,2015,16117.0
Zambia,Af,2016,16570.4
Zambia,Af,2017,17023.8
Zambia,Af,2018,17477.2
Zambia,Af,2019,17930.6
Zambia,Af,2020,18384.0
Zimbabwe,Af,1820,744.0
Zimbabwe,Af,1821,745.0
Zimbabwe,Af,1822,746.0
Zimbabwe,Af,1823,747.0
Zimbabwe,Af,1824,748.0
Zimbabwe,Af,1825,749.0
Zimbabwe,Af,1826,750.0
Zimbabwe,Af,1827,751.0
Zimbabwe,Af,1828,752.0
Zimbabwe,Af,1829,753.0
Zimbabwe,Af,1830,754.0
Zimbabwe,Af,1831,756.6
Zimbabwe,Af,1832,759.2
Zimbabwe,Af,1833,761.8
Zimbabwe,Af,1834,764.4
Zimbabwe,Af,1835,767.0
Zimbabwe,Af,1836,769.6
Zimbabwe,Af,1837,772.2
Zimbabwe,Af,1838,774.8
Zimbabwe,Af,1839,777.4
Zimbabwe,Af,1840,780.0
Zimbabwe,Af,1841,780.2
Zimbabwe,Af,1842,780.4
Zimbabwe,Af,1843,780.6
Zimbabwe,Af,1844,780.8
Zimbabwe,Af,1845,781.0
Zimbabwe,Af,1846,781.2
Zimbabwe,Af,1847,781.4
Zimbabwe,Af,1848,781.6
Zimbabwe,Af,1849,781.8
Zimbabwe,Af,1850,782.0
Zimbabwe,Af,1851,784.5
Zimbabwe,Af,1852,787.0
Zimbabwe,Af,1853,789.5
Zimbabwe,Af,1854,792.0
Zimbabwe,Af,1855,794.5
Zimbabwe,Af,1856,797.0
Zimbabwe,Af,1857,799.5
Zimbabwe,Af,1858,802.0
Zimbabwe,Af,1859,804.5
Zimbabwe,Af,1860,807.0
Zimbabwe,Af,1861,816.2
Zimbabwe,Af,1862,825.4
Zimbabwe,Af,1863,834.6
Zimbabwe,Af,1864,843.8
Zimbabwe,Af,1865,853.0
Zimbabwe,Af,1866,862.2
Zimbabwe,Af,1867,871.4
Zimbabwe,Af,1868,880.6
Zimbabwe,Af,1869,889.8
Zimbabwe,Af,1870,899.0
Zimbabwe,Af,1871,903.6
Zimbabwe,Af,1872,908.2
Zimbabwe,Af,1873,912.8
Zimbabwe,Af,1874,917.4
Zimbabwe,Af,1875,922.0
Zimbabwe,Af,1876,926.6
Zimbabwe,Af,1877,931.2
Zimbabwe,Af,1878,935.8
Zimbabwe,Af,1879,940.4
Zimbabwe,Af,1880,945.0
Zimbabwe,Af,1881,952.0
Zimbabwe,Af,1882,959.0
Zimbabwe,Af,1883,966.0
Zimbabwe,Af,1884,973.0
Zimbabwe,Af,1885,980.0
Zimbabwe,Af,1886,987.0
Zimbabwe,Af,1887,994.0
Zimbabwe,Af,1888,1001.0
Zimbabwe,Af,1889,1008.0
Zimbabwe,Af,1890,1015.0
Zimbabwe,Af,1891,1020.0
Zimbabwe,Af,1892,1025.0
Zimbabwe,Af,1893,1030.0
Zimbabwe,Af,1894,1035.0
Zimbabwe,Af,1895,1040.0
Zimbabwe,Af,1896,1045.0
Zimbabwe,Af,1897,1050.0
Zimbabwe,Af,1898,1055.0
Zimbabwe,Af,1899,1060.0
Zimbabwe,Af,1900,1065.0
Zimbabwe,Af,1901,1101.9
Zimbabwe,Af,1902,1138.8
Zimbabwe,Af,1903,1175.7
Zimbabwe,Af,1904,1212.6
Zimbabwe,Af,1905,1249.5
Zimbabwe,Af,1906,1286.4
Zimbabwe,Af,1907,1323.3
Zimbabwe,Af,1908,1360.2
Zimbabwe,Af,1909,1397.1
Zimbabwe,Af,1910,1434.0
Zimbabwe,Af,1911,1460.9
Zimbabwe,Af,1912,1487.8
Zimbabwe,Af,1913,1514.7
Zimbabwe,Af,1914,1541.6
Zimbabwe,Af,1915,1568.5
Zimbabwe,Af,1916,1595.4
Zimbabwe,Af,1917,1622.3
Zimbabwe,Af,1918,1649.2
Zimbabwe,Af,1919,1676.1
Zimbabwe,Af,1920,1703.0
Zimbabwe,Af,1921,1735.0
Zimbabwe,Af,1922,1767.0
Zimbabwe,Af,1923,1799.0
Zimbabwe,Af,1924,1831.0
Zimbabwe,Af,1925,1863.0
Zimbabwe,Af,1926,1895.0
Zimbabwe,Af,1927,1927.0
Zimbabwe,Af,1928,1959.0
Zimbabwe,Af,1929,1991.0
Zimbabwe,Af,1930,2023.0
Zimbabwe,Af,1931,2060.9
Zimbabwe,Af,1932,2098.8
Zimbabwe,Af,1933,2136.7
Zimbabwe,Af,1934,2174.6
Zimbabwe,Af,1935,2212.5
Zimbabwe,Af,1936,2250.4
Zimbabwe,Af,1937,2288.3
Zimbabwe,Af,1938,2326.2
Zimbabwe,Af,1939,2364.1
Zimbabwe,Af,1940,2402.0
Zimbabwe,Af,1941,2447.1
Zimbabwe,Af,1942,2492.2
Zimbabwe,Af,1943,2537.3
Zimbabwe,Af,1944,2582.4
Zimbabwe,Af,1945,2627.5
Zimbabwe,Af,1946,2672.6
Zimbabwe,Af,1947,2717.7
Zimbabwe,Af,1948,2762.8
Zimbabwe,Af,1949,2807.9
Zimbabwe,Af,1950,2853.0
Zimbabwe,Af,1951,2968.8
Zimbabwe,Af,1952,3084.6
Zimbabwe,Af,1953,3200.4
Zimbabwe,Af,1954,3316.2
Zimbabwe,Af,1955,3432.0
Zimbabwe,Af,1956,3547.8
Zimbabwe,Af,1957,3663.6
Zimbabwe,Af,1958,3779.4
Zimbabwe,Af,1959,3895.2
Zimbabwe,Af,1960,4011.0
Zimbabwe,Af,1961,4161.4
Zimbabwe,Af,1962,4311.8
Zimbabwe,Af,1963,4462.2
Zimbabwe,Af,1964,4612.6
Zimbabwe,Af,1965,4763.0
Zimbabwe,Af,1966,4913.4
Zimbabwe,Af,1967,5063.8
Zimbabwe,Af,1968,5214.2
Zimbabwe,Af,1969,5364.6
Zimbabwe,Af,1970,5515.0
Zimbabwe,Af,1971,5680.5
Zimbabwe,Af,1972,5846.0
Zimbabwe,Af,1973,6011.5
Zimbabwe,Af,1974,6177.0
Zimbabwe,Af,1975,6342.5
Zimbabwe,Af,1976,6508.0
Zimbabwe,Af,1977,6673.5
Zimbabwe,Af,1978,6839.0
Zimbabwe,Af,1979,7004.5
Zimbabwe,Af,1980,7170.0
Zimbabwe,Af,1981,7468.3
Zimbabwe,Af,1982,7766.6
Zimbabwe,Af,1983,8064.9
Zimbabwe,Af,1984,8363.2
Zimbabwe,Af,1985,8661.5
Zimbabwe,Af,1986,8959.8
Zimbabwe,Af,1987,9258.1
Zimbabwe,Af,1988,9556.4
Zimbabwe,Af,1989,9854.7
Zimbabwe,Af,1990,10153.0
Zimbabwe,Af,1991,10359.9
Zimbabwe,Af,1992,10566.8
Zimbabwe,Af,1993,10773.7
Zimbabwe,Af,1994,10980.6
Zimbabwe,Af,1995,11187.5
Zimbabwe,Af,1996,11394.4
Zimbabwe,Af,1997,11601.3
Zimbabwe,Af,1998,11808.2
Zimbabwe,Af,1999,12015.1
Zimbabwe,Af,2000,12222.0
Zimbabwe,Af,2001,12269.6
Zimbabwe,Af,2002,12317.2
Zimbabwe,Af,2003,12364.8
Zimbabwe,Af,2004,12412.4
Zimbabwe,Af,2005,12460.0
Zimbabwe,Af,2006,12507.6
Zimbabwe,Af,2007,12555.2
Zimbabwe,Af,2008,12602.8
Zimbabwe,Af,2009,12650.4
Zimbabwe,Af,2010,12698.0
Zimbabwe,Af,2011,12914.5
Zimbabwe,Af,2012,13131.0
Zimbabwe,Af,2013,13347.5
Zimbabwe,Af,2014,13564.0
Zimbabwe,Af,2015,13780.5
Zimbabwe,Af,2016,13997.0
Zimbabwe,Af,2017,14213.5
Zimbabwe,Af,2018,14430.0
Zimbabwe,Af,2019,14646.5
Zimbabwe,Af,2020,14863.0
TOTAL,,1820,967300.0
TOTAL,,1821,974375.8
TOTAL,,1822,981451.6
TOTAL,,1823,988527.4
TOTAL,,1824,995603.2
TOTAL,,1825,1002679.0
TOTAL,,1826,1009754.8
TOTAL,,1827,1016830.6
TOTAL,,1828,1023906.4
TOTAL,,1829,1030982.2
TOTAL,,1830,1038058.0
TOTAL,,1831,1042876.7
TOTAL,,1832,1047695.4
TOTAL,,1833,1052514.1
TOTAL,,1834,1057332.8
TOTAL,,1835,1062151.5
TOTAL,,1836,1066970.2
TOTAL,,1837,1071788.9
TOTAL,,1838,1076607.6
TOTAL,,1839,1081426.3
TOTAL,,1840,1086245.0
TOTAL,,1841,1090633.9
TOTAL,,1842,1095022.8
TOTAL,,1843,1099411.7
TOTAL,,1844,1103800.6
TOTAL,,1845,1108189.5
TOTAL,,1846,1112578.4
TOTAL,,1847,1116967.3
TOTAL,,1848,1121356.2
TOTAL,,1849,1125745.1
TOTAL,,1850,1130134.0
TOTAL,,1851,1131694.4
TOTAL,,1852,1133254.8
TOTAL,,1853,1134815.2
TOTAL,,1854,1136375.6
TOTAL,,1855,1137936.0
TOTAL,,1856,1139496.4
TOTAL,,1857,1141056.8
TOTAL,,1858,1142617.2
TOTAL,,1859,1144177.6
TOTAL,,1860,1145738.0
TOTAL,,1861,1149330.3
TOTAL,,1862,1152922.6
TOTAL,,1863,1156514.9
TOTAL,,1864,1160107.2
TOTAL,,1865,1163699.5
TOTAL,,1866,1167291.8
TOTAL,,1867,1170884.1
TOTAL,,1868,1174476.4
TOTAL,,1869,1178068.7
TOTAL,,1870,1181661.0
TOTAL,,1871,1189201.0
TOTAL,,1872,1196741.0
TOTAL,,1873,1204281.0
TOTAL,,1874,1211821.0
TOTAL,,1875,1219361.0
TOTAL,,1876,1226901.0
TOTAL,,1877,1234441.0
TOTAL,,1878,1241981.0
TOTAL,,1879,1249521.0
TOTAL,,1880,1257061.0
TOTAL,,1881,1267536.2
TOTAL,,1882,1278011.4
TOTAL,,1883,1288486.6
TOTAL,,1884,1298961.8
TOTAL,,1885,1309437.0
TOTAL,,1886,1319912.2
TOTAL,,1887,1330387.4
TOTAL,,1888,1340862.6
TOTAL,,1889,1351337.8
TOTAL,,1890,1361813.0
TOTAL,,1891,1372380.4
TOTAL,,1892,1382947.8
TOTAL,,1893,1393515.2
TOTAL,,1894,1404082.6
TOTAL,,1895,1414650.0
TOTAL,,1896,1425217.4
TOTAL,,1897,1435784.8
TOTAL,,1898,1446352.2
TOTAL,,1899,1456919.6
TOTAL,,1900,1467487.0
TOTAL,,1901,1482299.3
TOTAL,,1902,1497111.6
TOTAL,,1903,1511923.9
TOTAL,,1904,1526736.2
TOTAL,,1905,1541548.5
TOTAL,,1906,1556360.8
TOTAL,,1907,1571173.1
TOTAL,,1908,1585985.4
TOTAL,,1909,1600797.7
TOTAL,,1910,1615610.0
TOTAL,,1911,1627568.0
TOTAL,,1912,1639526.0
TOTAL,,1913,1651484.0
TOTAL,,1914,1663442.0
TOTAL,,1915,1675400.0
TOTAL,,1916,1687358.0
TOTAL,,1917,1699316.0
TOTAL,,1918,1711274.0
TOTAL,,1919,1723232.0
TOTAL,,1920,1735190.0
TOTAL,,1921,1751905.4
TOTAL,,1922,1768620.8
TOTAL,,1923,1785336.2
TOTAL,,1924,1802051.6
TOTAL,,1925,1818767.0
TOTAL,,1926,1835482.4
TOTAL,,1927,1852197.8
TOTAL,,1928,1868913.2
TOTAL,,1929,1885628.6
TOTAL,,1930,1902344.0
TOTAL,,1931,1923004.6
TOTAL,,1932,1943665.2
TOTAL,,1933,1964325.8
TOTAL,,1934,1984986.4
TOTAL,,1935,2005647.0
TOTAL,,1936,2026307.6
TOTAL,,1937,2046968.2
TOTAL,,1938,2067628.8
TOTAL,,1939,2088289.4
TOTAL,,1940,2108950.0
TOTAL,,1941,2120914.8
TOTAL,,1942,2132879.6
TOTAL,,1943,2144844.4
TOTAL,,1944,2156809.2
TOTAL,,1945,2168774.0
TOTAL,,1946,2180738.8
TOTAL,,1947,2192703.6
TOTAL,,1948,2204668.4
TOTAL,,1949,2216633.2
TOTAL,,1950,2228598.0
TOTAL,,1951,2272342.2
TOTAL,,1952,2316086.4
TOTAL,,1953,2359830.6
TOTAL,,1954,2403574.8
TOTAL,,1955,2447319.0
TOTAL,,1956,2491063.2
TOTAL,,1957,2534807.4
TOTAL,,1958,2578551.6
TOTAL,,1959,2622295.8
TOTAL,,1960,2666040.0
TOTAL,,1961,2719426.0
TOTAL,,1962,2772812.0
TOTAL,,1963,2826198.0
TOTAL,,1964,2879584.0
TOTAL,,1965,2932970.0
TOTAL,,1966,2986356.0
TOTAL,,1967,3039742.0
TOTAL,,1968,3093128.0
TOTAL,,1969,3146514.0
TOTAL,,1970,3199900.0
TOTAL,,1971,3261831.4
TOTAL,,1972,3323762.8
TOTAL,,1973,3385694.2
TOTAL,,1974,3447625.6
TOTAL,,1975,3509557.0
TOTAL,,1976,3571488.4
TOTAL,,1977,3633419.8
TOTAL,,1978,3695351.2
TOTAL,,1979,3757282.6
TOTAL,,1980,3819214.0
TOTAL,,1981,3886500.9
TOTAL,,1982,3953787.8
TOTAL,,1983,4021074.7
TOTAL,,1984,4088361.6
TOTAL,,1985,4155648.5
TOTAL,,1986,4222935.4
TOTAL,,1987,4290222.3
TOTAL,,1988,4357509.2
TOTAL,,1989,4424796.1
TOTAL,,1990,4492083.0
TOTAL,,1991,4554622.0
TOTAL,,1992,4617161.0
TOTAL,,1993,4679700.0
TOTAL,,1994,4742239.0
TOTAL,,1995,4804778.0
TOTAL,,1996,4867317.0
TOTAL,,1997,4929856.0
TOTAL,,1998,4992395.0
TOTAL,,1999,5054934.0
TOTAL,,2000,5117473.0
TOTAL,,2001,5179043.5
TOTAL,,2002,5240614.0
TOTAL,,2003,5302184.5
TOTAL,,2004,5363755.0
TOTAL,,2005,5425325.5
TOTAL,,2006,5486896.0
TOTAL,,2007,5548466.5
TOTAL,,2008,5610037.0
TOTAL,,2009,5671607.5
TOTAL,,2010,5733178.0
TOTAL,,2011,5790213.5
TOTAL,,2012,5847249.0
TOTAL,,2013,5904284.5
TOTAL,,2014,5961320.0
TOTAL,,2015,6018355.5
TOTAL,,2016,6075391.0
TOTAL,,2017,6132426.5
TOTAL,,2018,6189462.0
TOTAL,,2019,6246497.5
TOTAL,,2020,6303533.0
