Country,Macroarea,Year,Energy_consumption_Mtoe
Austria,WE,1820,1.262
Austria,WE,1821,1.2643
Austria,WE,1822,1.2666
Austria,WE,1823,1.2689
Austria,WE,1824,1.2711999999999999
Austria,WE,1825,1.2734999999999999
Austria,WE,1826,1.2758
Austria,WE,1827,1.2781
Austria,WE,1828,1.2804
Austria,WE,1829,1.2827
Austria,WE,1830,1.285
Austria,WE,1831,1.2965
Austria,WE,1832,1.3079999999999998
Austria,WE,1833,1.3195
Austria,WE,1834,1.331
Austria,WE,1835,1.3424999999999998
Austria,WE,1836,1.3539999999999999
Austria,WE,1837,1.3655
Austria,WE,1838,1.377
Austria,WE,1839,1.3884999999999998
Austria,WE,1840,1.4
Austria,WE,1841,1.4103999999999999
Austria,WE,1842,1.4207999999999998
Austria,WE,1843,1.4312
Austria,WE,1844,1.4416
Austria,WE,1845,1.452
Austria,WE,1846,1.4624
Austria,WE,1847,1.4727999999999999
Austria,WE,1848,1.4832
Austria,WE,1849,1.4936
Austria,WE,1850,1.504
Austria,WE,1851,1.5392000000000001
Austria,WE,1852,1.5744
Austria,WE,1853,1.6096
Austria,WE,1854,1.6448
Austria,WE,1855,1.6800000000000002
Austria,WE,1856,1.7152
Austria,WE,1857,1.7504
Austria,WE,1858,1.7856
Austria,WE,1859,1.8208000000000002
Austria,WE,1860,1.856
Austria,WE,1861,1.9142000000000001
Austria,WE,1862,1.9724000000000002
Austria,WE,1863,2.0306
Austria,WE,1864,2.0888
Austria,WE,1865,2.1470000000000002
Austria,WE,1866,2.2052
Austria,WE,1867,2.2634000000000003
Austria,WE,1868,2.3216
Austria,WE,1869,2.3798000000000004
Austria,WE,1870,2.438
Austria,WE,1871,2.5142
Austria,WE,1872,2.5904000000000003
Austria,WE,1873,2.6666000000000003
Austria,WE,1874,2.7428000000000003
Austria,WE,1875,2.819
Austria,WE,1876,2.8952
Austria,WE,1877,2.9714
Austria,WE,1878,3.0476
Austria,WE,1879,3.1238
Austria,WE,1880,3.2
Austria,WE,1881,3.3043
Austria,WE,1882,3.4086000000000003
Austria,WE,1883,3.5129
Austria,WE,1884,3.6172000000000004
Austria,WE,1885,3.7215000000000003
Austria,WE,1886,3.8258
Austria,WE,1887,3.9301000000000004
Austria,WE,1888,4.034400000000001
Austria,WE,1889,4.1387
Austria,WE,1890,4.243
Austria,WE,1891,4.3772
Austria,WE,1892,4.5114
Austria,WE,1893,4.6456
Austria,WE,1894,4.7798
Austria,WE,1895,4.914
Austria,WE,1896,5.0482
Austria,WE,1897,5.1824
Austria,WE,1898,5.3166
Austria,WE,1899,5.4508
Austria,WE,1900,5.585
Austria,WE,1901,5.7206
Austria,WE,1902,5.8562
Austria,WE,1903,5.9918
Austria,WE,1904,6.1274
Austria,WE,1905,6.263
Austria,WE,1906,6.3986
Austria,WE,1907,6.5342
Austria,WE,1908,6.6698
Austria,WE,1909,6.8054
Austria,WE,1910,6.941
Austria,WE,1911,6.9592
Austria,WE,1912,6.9774
Austria,WE,1913,6.9956
Austria,WE,1914,7.0138
Austria,WE,1915,7.032
Austria,WE,1916,7.0502
Austria,WE,1917,7.0684000000000005
Austria,WE,1918,7.0866
Austria,WE,1919,7.1048
Austria,WE,1920,7.123
Austria,WE,1921,7.1197
Austria,WE,1922,7.1164000000000005
Austria,WE,1923,7.1131
Austria,WE,1924,7.1098
Austria,WE,1925,7.1065000000000005
Austria,WE,1926,7.1032
Austria,WE,1927,7.0999
Austria,WE,1928,7.0966
Austria,WE,1929,7.0933
Austria,WE,1930,7.09
Austria,WE,1931,7.0046
Austria,WE,1932,6.9192
Austria,WE,1933,6.8338
Austria,WE,1934,6.7484
Austria,WE,1935,6.663
Austria,WE,1936,6.5776
Austria,WE,1937,6.4921999999999995
Austria,WE,1938,6.4068
Austria,WE,1939,6.3214
Austria,WE,1940,6.236
Austria,WE,1941,6.440799999999999
Austria,WE,1942,6.6456
Austria,WE,1943,6.8504000000000005
Austria,WE,1944,7.0552
Austria,WE,1945,7.26
Austria,WE,1946,7.4648
Austria,WE,1947,7.669600000000001
Austria,WE,1948,7.8744000000000005
Austria,WE,1949,8.0792
Austria,WE,1950,8.284
Austria,WE,1951,8.7146
Austria,WE,1952,9.1452
Austria,WE,1953,9.575800000000001
Austria,WE,1954,10.006400000000001
Austria,WE,1955,10.437000000000001
Austria,WE,1956,10.8676
Austria,WE,1957,11.2982
Austria,WE,1958,11.7288
Austria,WE,1959,12.1594
Austria,WE,1960,12.59
Austria,WE,1961,13.3397
Austria,WE,1962,14.0894
Austria,WE,1963,14.8391
Austria,WE,1964,15.588799999999999
Austria,WE,1965,16.3385
Austria,WE,1966,17.0882
Austria,WE,1967,17.8379
Austria,WE,1968,18.587600000000002
Austria,WE,1969,19.3373
Austria,WE,1970,20.087
Austria,WE,1971,20.547
Austria,WE,1972,21.007
Austria,WE,1973,21.467
Austria,WE,1974,21.927
Austria,WE,1975,22.387
Austria,WE,1976,22.847
Austria,WE,1977,23.307000000000002
Austria,WE,1978,23.767
Austria,WE,1979,24.227
Austria,WE,1980,24.687
Austria,WE,1981,24.8057
Austria,WE,1982,24.924400000000002
Austria,WE,1983,25.0431
Austria,WE,1984,25.1618
Austria,WE,1985,25.2805
Austria,WE,1986,25.3992
Austria,WE,1987,25.5179
Austria,WE,1988,25.636599999999998
Austria,WE,1989,25.7553
Austria,WE,1990,25.874
Austria,WE,1991,26.2308
Austria,WE,1992,26.5876
Austria,WE,1993,26.944399999999998
Austria,WE,1994,27.301199999999998
Austria,WE,1995,27.658
Austria,WE,1996,28.0148
Austria,WE,1997,28.3716
Austria,WE,1998,28.7284
Austria,WE,1999,29.0852
Austria,WE,2000,29.442
Austria,WE,2001,29.9281
Austria,WE,2002,30.4142
Austria,WE,2003,30.900299999999998
Austria,WE,2004,31.3864
Austria,WE,2005,31.8725
Austria,WE,2006,32.358599999999996
Austria,WE,2007,32.844699999999996
Austria,WE,2008,33.330799999999996
Austria,WE,2009,33.8169
Austria,WE,2010,34.303
Austria,WE,2011,34.079699999999995
Austria,WE,2012,33.8564
Austria,WE,2013,33.6331
Austria,WE,2014,33.4098
Austria,WE,2015,33.186499999999995
Austria,WE,2016,32.9632
Austria,WE,2017,32.7399
Austria,WE,2018,32.5166
Austria,WE,2019,32.2933
Austria,WE,2020,32.07
Belgium,WE,1820,2.334
Belgium,WE,1821,2.3623000000000003
Belgium,WE,1822,2.3906
Belgium,WE,1823,2.4189
Belgium,WE,1824,2.4472
Belgium,WE,1825,2.4755000000000003
Belgium,WE,1826,2.5038
Belgium,WE,1827,2.5321
Belgium,WE,1828,2.5604
Belgium,WE,1829,2.5887000000000002
Belgium,WE,1830,2.617
Belgium,WE,1831,2.7245
Belgium,WE,1832,2.832
Belgium,WE,1833,2.9395
Belgium,WE,1834,3.047
Belgium,WE,1835,3.1545
Belgium,WE,1836,3.262
Belgium,WE,1837,3.3695
Belgium,WE,1838,3.4770000000000003
Belgium,WE,1839,3.5845000000000002
Belgium,WE,1840,3.692
Belgium,WE,1841,3.7481
Belgium,WE,1842,3.8042000000000002
Belgium,WE,1843,3.8603
Belgium,WE,1844,3.9164000000000003
Belgium,WE,1845,3.9725
Belgium,WE,1846,4.0286
Belgium,WE,1847,4.0847
Belgium,WE,1848,4.1408000000000005
Belgium,WE,1849,4.1969
Belgium,WE,1850,4.253
Belgium,WE,1851,4.4298
Belgium,WE,1852,4.6066
Belgium,WE,1853,4.7834
Belgium,WE,1854,4.9602
Belgium,WE,1855,5.1370000000000005
Belgium,WE,1856,5.3138000000000005
Belgium,WE,1857,5.4906
Belgium,WE,1858,5.6674
Belgium,WE,1859,5.8442
Belgium,WE,1860,6.021
Belgium,WE,1861,6.2982
Belgium,WE,1862,6.5754
Belgium,WE,1863,6.8526
Belgium,WE,1864,7.1297999999999995
Belgium,WE,1865,7.407
Belgium,WE,1866,7.6842
Belgium,WE,1867,7.961399999999999
Belgium,WE,1868,8.2386
Belgium,WE,1869,8.515799999999999
Belgium,WE,1870,8.793
Belgium,WE,1871,8.9576
Belgium,WE,1872,9.1222
Belgium,WE,1873,9.2868
Belgium,WE,1874,9.4514
Belgium,WE,1875,9.616
Belgium,WE,1876,9.7806
Belgium,WE,1877,9.9452
Belgium,WE,1878,10.1098
Belgium,WE,1879,10.2744
Belgium,WE,1880,10.439
Belgium,WE,1881,10.7139
Belgium,WE,1882,10.9888
Belgium,WE,1883,11.2637
Belgium,WE,1884,11.5386
Belgium,WE,1885,11.813500000000001
Belgium,WE,1886,12.0884
Belgium,WE,1887,12.3633
Belgium,WE,1888,12.638200000000001
Belgium,WE,1889,12.9131
Belgium,WE,1890,13.188
Belgium,WE,1891,13.4715
Belgium,WE,1892,13.755
Belgium,WE,1893,14.0385
Belgium,WE,1894,14.322000000000001
Belgium,WE,1895,14.6055
Belgium,WE,1896,14.889
Belgium,WE,1897,15.1725
Belgium,WE,1898,15.456
Belgium,WE,1899,15.7395
Belgium,WE,1900,16.023
Belgium,WE,1901,16.4575
Belgium,WE,1902,16.892
Belgium,WE,1903,17.3265
Belgium,WE,1904,17.761
Belgium,WE,1905,18.1955
Belgium,WE,1906,18.63
Belgium,WE,1907,19.0645
Belgium,WE,1908,19.499
Belgium,WE,1909,19.9335
Belgium,WE,1910,20.368
Belgium,WE,1911,20.094199999999997
Belgium,WE,1912,19.8204
Belgium,WE,1913,19.546599999999998
Belgium,WE,1914,19.2728
Belgium,WE,1915,18.999
Belgium,WE,1916,18.725199999999997
Belgium,WE,1917,18.4514
Belgium,WE,1918,18.177599999999998
Belgium,WE,1919,17.9038
Belgium,WE,1920,17.63
Belgium,WE,1921,18.616899999999998
Belgium,WE,1922,19.6038
Belgium,WE,1923,20.5907
Belgium,WE,1924,21.5776
Belgium,WE,1925,22.5645
Belgium,WE,1926,23.5514
Belgium,WE,1927,24.5383
Belgium,WE,1928,25.525199999999998
Belgium,WE,1929,26.512099999999997
Belgium,WE,1930,27.499
Belgium,WE,1931,26.9455
Belgium,WE,1932,26.392
Belgium,WE,1933,25.8385
Belgium,WE,1934,25.285
Belgium,WE,1935,24.731499999999997
Belgium,WE,1936,24.177999999999997
Belgium,WE,1937,23.624499999999998
Belgium,WE,1938,23.070999999999998
Belgium,WE,1939,22.5175
Belgium,WE,1940,21.964
Belgium,WE,1941,22.1207
Belgium,WE,1942,22.2774
Belgium,WE,1943,22.434099999999997
Belgium,WE,1944,22.590799999999998
Belgium,WE,1945,22.7475
Belgium,WE,1946,22.9042
Belgium,WE,1947,23.0609
Belgium,WE,1948,23.217599999999997
Belgium,WE,1949,23.374299999999998
Belgium,WE,1950,23.531
Belgium,WE,1951,24.0686
Belgium,WE,1952,24.606199999999998
Belgium,WE,1953,25.1438
Belgium,WE,1954,25.6814
Belgium,WE,1955,26.219
Belgium,WE,1956,26.7566
Belgium,WE,1957,27.2942
Belgium,WE,1958,27.8318
Belgium,WE,1959,28.3694
Belgium,WE,1960,28.907
Belgium,WE,1961,30.8024
Belgium,WE,1962,32.6978
Belgium,WE,1963,34.593199999999996
Belgium,WE,1964,36.4886
Belgium,WE,1965,38.384
Belgium,WE,1966,40.279399999999995
Belgium,WE,1967,42.1748
Belgium,WE,1968,44.0702
Belgium,WE,1969,45.965599999999995
Belgium,WE,1970,47.861
Belgium,WE,1971,48.128099999999996
Belgium,WE,1972,48.395199999999996
Belgium,WE,1973,48.662299999999995
Belgium,WE,1974,48.929399999999994
Belgium,WE,1975,49.1965
Belgium,WE,1976,49.4636
Belgium,WE,1977,49.7307
Belgium,WE,1978,49.9978
Belgium,WE,1979,50.2649
Belgium,WE,1980,50.532
Belgium,WE,1981,51.160399999999996
Belgium,WE,1982,51.788799999999995
Belgium,WE,1983,52.4172
Belgium,WE,1984,53.0456
Belgium,WE,1985,53.674
Belgium,WE,1986,54.3024
Belgium,WE,1987,54.9308
Belgium,WE,1988,55.559200000000004
Belgium,WE,1989,56.1876
Belgium,WE,1990,56.816
Belgium,WE,1991,57.9669
Belgium,WE,1992,59.1178
Belgium,WE,1993,60.2687
Belgium,WE,1994,61.4196
Belgium,WE,1995,62.5705
Belgium,WE,1996,63.7214
Belgium,WE,1997,64.8723
Belgium,WE,1998,66.0232
Belgium,WE,1999,67.17410000000001
Belgium,WE,2000,68.325
Belgium,WE,2001,68.693
Belgium,WE,2002,69.061
Belgium,WE,2003,69.429
Belgium,WE,2004,69.797
Belgium,WE,2005,70.16499999999999
Belgium,WE,2006,70.533
Belgium,WE,2007,70.901
Belgium,WE,2008,71.26899999999999
Belgium,WE,2009,71.637
Belgium,WE,2010,72.005
Belgium,WE,2011,70.7261
Belgium,WE,2012,69.4472
Belgium,WE,2013,68.1683
Belgium,WE,2014,66.8894
Belgium,WE,2015,65.6105
Belgium,WE,2016,64.3316
Belgium,WE,2017,63.0527
Belgium,WE,2018,61.7738
Belgium,WE,2019,60.4949
Belgium,WE,2020,59.216
Denmark,WE,1820,0.64
Denmark,WE,1821,0.6451
Denmark,WE,1822,0.6502
Denmark,WE,1823,0.6553
Denmark,WE,1824,0.6604
Denmark,WE,1825,0.6655
Denmark,WE,1826,0.6706
Denmark,WE,1827,0.6757
Denmark,WE,1828,0.6808
Denmark,WE,1829,0.6859
Denmark,WE,1830,0.691
Denmark,WE,1831,0.7
Denmark,WE,1832,0.709
Denmark,WE,1833,0.718
Denmark,WE,1834,0.727
Denmark,WE,1835,0.736
Denmark,WE,1836,0.745
Denmark,WE,1837,0.754
Denmark,WE,1838,0.763
Denmark,WE,1839,0.772
Denmark,WE,1840,0.781
Denmark,WE,1841,0.7919
Denmark,WE,1842,0.8028000000000001
Denmark,WE,1843,0.8137
Denmark,WE,1844,0.8246
Denmark,WE,1845,0.8355
Denmark,WE,1846,0.8464
Denmark,WE,1847,0.8573000000000001
Denmark,WE,1848,0.8682
Denmark,WE,1849,0.8791
Denmark,WE,1850,0.89
Denmark,WE,1851,0.9078
Denmark,WE,1852,0.9256
Denmark,WE,1853,0.9434
Denmark,WE,1854,0.9612
Denmark,WE,1855,0.9790000000000001
Denmark,WE,1856,0.9968
Denmark,WE,1857,1.0146
Denmark,WE,1858,1.0324
Denmark,WE,1859,1.0502
Denmark,WE,1860,1.068
Denmark,WE,1861,1.0929
Denmark,WE,1862,1.1178000000000001
Denmark,WE,1863,1.1427
Denmark,WE,1864,1.1676
Denmark,WE,1865,1.1925
Denmark,WE,1866,1.2174
Denmark,WE,1867,1.2423
Denmark,WE,1868,1.2671999999999999
Denmark,WE,1869,1.2921
Denmark,WE,1870,1.317
Denmark,WE,1871,1.3279999999999998
Denmark,WE,1872,1.339
Denmark,WE,1873,1.35
Denmark,WE,1874,1.361
Denmark,WE,1875,1.3719999999999999
Denmark,WE,1876,1.383
Denmark,WE,1877,1.3940000000000001
Denmark,WE,1878,1.405
Denmark,WE,1879,1.416
Denmark,WE,1880,1.427
Denmark,WE,1881,1.457
Denmark,WE,1882,1.487
Denmark,WE,1883,1.5170000000000001
Denmark,WE,1884,1.5470000000000002
Denmark,WE,1885,1.577
Denmark,WE,1886,1.6070000000000002
Denmark,WE,1887,1.637
Denmark,WE,1888,1.667
Denmark,WE,1889,1.697
Denmark,WE,1890,1.727
Denmark,WE,1891,1.7619
Denmark,WE,1892,1.7968000000000002
Denmark,WE,1893,1.8317
Denmark,WE,1894,1.8666
Denmark,WE,1895,1.9015
Denmark,WE,1896,1.9364000000000001
Denmark,WE,1897,1.9713
Denmark,WE,1898,2.0062
Denmark,WE,1899,2.0411
Denmark,WE,1900,2.076
Denmark,WE,1901,2.1503
Denmark,WE,1902,2.2246
Denmark,WE,1903,2.2989
Denmark,WE,1904,2.3732
Denmark,WE,1905,2.4475
Denmark,WE,1906,2.5218
Denmark,WE,1907,2.5961
Denmark,WE,1908,2.6704
Denmark,WE,1909,2.7447
Denmark,WE,1910,2.819
Denmark,WE,1911,2.8326
Denmark,WE,1912,2.8462
Denmark,WE,1913,2.8598
Denmark,WE,1914,2.8734
Denmark,WE,1915,2.887
Denmark,WE,1916,2.9006
Denmark,WE,1917,2.9142
Denmark,WE,1918,2.9278
Denmark,WE,1919,2.9414000000000002
Denmark,WE,1920,2.955
Denmark,WE,1921,3.1549
Denmark,WE,1922,3.3548
Denmark,WE,1923,3.5547
Denmark,WE,1924,3.7546
Denmark,WE,1925,3.9545
Denmark,WE,1926,4.1544
Denmark,WE,1927,4.3543
Denmark,WE,1928,4.5542
Denmark,WE,1929,4.754099999999999
Denmark,WE,1930,4.954
Denmark,WE,1931,4.8765
Denmark,WE,1932,4.7989999999999995
Denmark,WE,1933,4.7215
Denmark,WE,1934,4.644
Denmark,WE,1935,4.5665
Denmark,WE,1936,4.489
Denmark,WE,1937,4.4115
Denmark,WE,1938,4.3340000000000005
Denmark,WE,1939,4.2565
Denmark,WE,1940,4.179
Denmark,WE,1941,4.59
Denmark,WE,1942,5.001
Denmark,WE,1943,5.412
Denmark,WE,1944,5.823
Denmark,WE,1945,6.234
Denmark,WE,1946,6.645
Denmark,WE,1947,7.055999999999999
Denmark,WE,1948,7.467
Denmark,WE,1949,7.878
Denmark,WE,1950,8.289
Denmark,WE,1951,8.7288
Denmark,WE,1952,9.1686
Denmark,WE,1953,9.6084
Denmark,WE,1954,10.0482
Denmark,WE,1955,10.488
Denmark,WE,1956,10.9278
Denmark,WE,1957,11.3676
Denmark,WE,1958,11.8074
Denmark,WE,1959,12.2472
Denmark,WE,1960,12.687
Denmark,WE,1961,13.5791
Denmark,WE,1962,14.4712
Denmark,WE,1963,15.363299999999999
Denmark,WE,1964,16.2554
Denmark,WE,1965,17.1475
Denmark,WE,1966,18.0396
Denmark,WE,1967,18.9317
Denmark,WE,1968,19.8238
Denmark,WE,1969,20.715899999999998
Denmark,WE,1970,21.608
Denmark,WE,1971,21.5149
Denmark,WE,1972,21.4218
Denmark,WE,1973,21.3287
Denmark,WE,1974,21.2356
Denmark,WE,1975,21.1425
Denmark,WE,1976,21.0494
Denmark,WE,1977,20.9563
Denmark,WE,1978,20.8632
Denmark,WE,1979,20.7701
Denmark,WE,1980,20.677
Denmark,WE,1981,20.4264
Denmark,WE,1982,20.1758
Denmark,WE,1983,19.9252
Denmark,WE,1984,19.674599999999998
Denmark,WE,1985,19.424
Denmark,WE,1986,19.1734
Denmark,WE,1987,18.9228
Denmark,WE,1988,18.6722
Denmark,WE,1989,18.421599999999998
Denmark,WE,1990,18.171
Denmark,WE,1991,18.5612
Denmark,WE,1992,18.9514
Denmark,WE,1993,19.3416
Denmark,WE,1994,19.7318
Denmark,WE,1995,20.122
Denmark,WE,1996,20.5122
Denmark,WE,1997,20.9024
Denmark,WE,1998,21.2926
Denmark,WE,1999,21.6828
Denmark,WE,2000,22.073
Denmark,WE,2001,22.2072
Denmark,WE,2002,22.3414
Denmark,WE,2003,22.4756
Denmark,WE,2004,22.6098
Denmark,WE,2005,22.744
Denmark,WE,2006,22.8782
Denmark,WE,2007,23.0124
Denmark,WE,2008,23.1466
Denmark,WE,2009,23.2808
Denmark,WE,2010,23.415
Denmark,WE,2011,22.869999999999997
Denmark,WE,2012,22.325
Denmark,WE,2013,21.78
Denmark,WE,2014,21.235
Denmark,WE,2015,20.689999999999998
Denmark,WE,2016,20.145
Denmark,WE,2017,19.6
Denmark,WE,2018,19.055
Denmark,WE,2019,18.509999999999998
Denmark,WE,2020,17.965
Finland,WE,1820,1.134
Finland,WE,1821,1.1422999999999999
Finland,WE,1822,1.1505999999999998
Finland,WE,1823,1.1589
Finland,WE,1824,1.1672
Finland,WE,1825,1.1755
Finland,WE,1826,1.1838
Finland,WE,1827,1.1921
Finland,WE,1828,1.2004000000000001
Finland,WE,1829,1.2087
Finland,WE,1830,1.217
Finland,WE,1831,1.2173
Finland,WE,1832,1.2176
Finland,WE,1833,1.2179
Finland,WE,1834,1.2182
Finland,WE,1835,1.2185000000000001
Finland,WE,1836,1.2188
Finland,WE,1837,1.2191
Finland,WE,1838,1.2194
Finland,WE,1839,1.2197
Finland,WE,1840,1.22
Finland,WE,1841,1.2267
Finland,WE,1842,1.2334
Finland,WE,1843,1.2401
Finland,WE,1844,1.2468
Finland,WE,1845,1.2534999999999998
Finland,WE,1846,1.2602
Finland,WE,1847,1.2669
Finland,WE,1848,1.2735999999999998
Finland,WE,1849,1.2803
Finland,WE,1850,1.287
Finland,WE,1851,1.2944
Finland,WE,1852,1.3017999999999998
Finland,WE,1853,1.3092
Finland,WE,1854,1.3166
Finland,WE,1855,1.3239999999999998
Finland,WE,1856,1.3314
Finland,WE,1857,1.3388
Finland,WE,1858,1.3462
Finland,WE,1859,1.3536
Finland,WE,1860,1.361
Finland,WE,1861,1.362
Finland,WE,1862,1.363
Finland,WE,1863,1.3639999999999999
Finland,WE,1864,1.365
Finland,WE,1865,1.366
Finland,WE,1866,1.367
Finland,WE,1867,1.3679999999999999
Finland,WE,1868,1.369
Finland,WE,1869,1.37
Finland,WE,1870,1.371
Finland,WE,1871,1.3879
Finland,WE,1872,1.4048
Finland,WE,1873,1.4217
Finland,WE,1874,1.4386
Finland,WE,1875,1.4555
Finland,WE,1876,1.4724
Finland,WE,1877,1.4893
Finland,WE,1878,1.5062
Finland,WE,1879,1.5231000000000001
Finland,WE,1880,1.54
Finland,WE,1881,1.5591
Finland,WE,1882,1.5782
Finland,WE,1883,1.5973000000000002
Finland,WE,1884,1.6164
Finland,WE,1885,1.6355
Finland,WE,1886,1.6546
Finland,WE,1887,1.6737000000000002
Finland,WE,1888,1.6928
Finland,WE,1889,1.7119
Finland,WE,1890,1.731
Finland,WE,1891,1.7609000000000001
Finland,WE,1892,1.7908
Finland,WE,1893,1.8207
Finland,WE,1894,1.8506
Finland,WE,1895,1.8805
Finland,WE,1896,1.9103999999999999
Finland,WE,1897,1.9403
Finland,WE,1898,1.9702
Finland,WE,1899,2.0000999999999998
Finland,WE,1900,2.03
Finland,WE,1901,2.0736
Finland,WE,1902,2.1172
Finland,WE,1903,2.1608
Finland,WE,1904,2.2044
Finland,WE,1905,2.248
Finland,WE,1906,2.2916
Finland,WE,1907,2.3352
Finland,WE,1908,2.3788
Finland,WE,1909,2.4224
Finland,WE,1910,2.466
Finland,WE,1911,2.4628
Finland,WE,1912,2.4596
Finland,WE,1913,2.4564000000000004
Finland,WE,1914,2.4532000000000003
Finland,WE,1915,2.45
Finland,WE,1916,2.4468
Finland,WE,1917,2.4436
Finland,WE,1918,2.4404000000000003
Finland,WE,1919,2.4372000000000003
Finland,WE,1920,2.434
Finland,WE,1921,2.4907000000000004
Finland,WE,1922,2.5474
Finland,WE,1923,2.6041
Finland,WE,1924,2.6608
Finland,WE,1925,2.7175000000000002
Finland,WE,1926,2.7742
Finland,WE,1927,2.8308999999999997
Finland,WE,1928,2.8876
Finland,WE,1929,2.9443
Finland,WE,1930,3.001
Finland,WE,1931,3.1243
Finland,WE,1932,3.2476
Finland,WE,1933,3.3709
Finland,WE,1934,3.4941999999999998
Finland,WE,1935,3.6174999999999997
Finland,WE,1936,3.7408
Finland,WE,1937,3.8641
Finland,WE,1938,3.9874
Finland,WE,1939,4.1107
Finland,WE,1940,4.234
Finland,WE,1941,4.2541
Finland,WE,1942,4.2741999999999996
Finland,WE,1943,4.2943
Finland,WE,1944,4.3144
Finland,WE,1945,4.3345
Finland,WE,1946,4.3546
Finland,WE,1947,4.3747
Finland,WE,1948,4.3948
Finland,WE,1949,4.414899999999999
Finland,WE,1950,4.435
Finland,WE,1951,4.7591
Finland,WE,1952,5.0832
Finland,WE,1953,5.407299999999999
Finland,WE,1954,5.7314
Finland,WE,1955,6.0555
Finland,WE,1956,6.3796
Finland,WE,1957,6.7036999999999995
Finland,WE,1958,7.0278
Finland,WE,1959,7.3519000000000005
Finland,WE,1960,7.676
Finland,WE,1961,8.5417
Finland,WE,1962,9.407399999999999
Finland,WE,1963,10.2731
Finland,WE,1964,11.1388
Finland,WE,1965,12.0045
Finland,WE,1966,12.870199999999999
Finland,WE,1967,13.735899999999999
Finland,WE,1968,14.601599999999998
Finland,WE,1969,15.467299999999998
Finland,WE,1970,16.333
Finland,WE,1971,17.0812
Finland,WE,1972,17.8294
Finland,WE,1973,18.5776
Finland,WE,1974,19.3258
Finland,WE,1975,20.073999999999998
Finland,WE,1976,20.822200000000002
Finland,WE,1977,21.5704
Finland,WE,1978,22.3186
Finland,WE,1979,23.0668
Finland,WE,1980,23.815
Finland,WE,1981,24.544900000000002
Finland,WE,1982,25.274800000000003
Finland,WE,1983,26.0047
Finland,WE,1984,26.7346
Finland,WE,1985,27.4645
Finland,WE,1986,28.1944
Finland,WE,1987,28.924300000000002
Finland,WE,1988,29.654200000000003
Finland,WE,1989,30.3841
Finland,WE,1990,31.114
Finland,WE,1991,31.5673
Finland,WE,1992,32.0206
Finland,WE,1993,32.4739
Finland,WE,1994,32.9272
Finland,WE,1995,33.3805
Finland,WE,1996,33.8338
Finland,WE,1997,34.2871
Finland,WE,1998,34.7404
Finland,WE,1999,35.1937
Finland,WE,2000,35.647
Finland,WE,2001,35.8437
Finland,WE,2002,36.0404
Finland,WE,2003,36.2371
Finland,WE,2004,36.4338
Finland,WE,2005,36.6305
Finland,WE,2006,36.8272
Finland,WE,2007,37.0239
Finland,WE,2008,37.2206
Finland,WE,2009,37.4173
Finland,WE,2010,37.614
Finland,WE,2011,37.205099999999995
Finland,WE,2012,36.7962
Finland,WE,2013,36.387299999999996
Finland,WE,2014,35.9784
Finland,WE,2015,35.5695
Finland,WE,2016,35.160599999999995
Finland,WE,2017,34.7517
Finland,WE,2018,34.3428
Finland,WE,2019,33.9339
Finland,WE,2020,33.525
France,WE,1820,12.485
France,WE,1821,12.567499999999999
France,WE,1822,12.65
France,WE,1823,12.7325
France,WE,1824,12.815
France,WE,1825,12.8975
France,WE,1826,12.98
France,WE,1827,13.0625
France,WE,1828,13.145
France,WE,1829,13.227500000000001
France,WE,1830,13.31
France,WE,1831,13.544
France,WE,1832,13.778
France,WE,1833,14.012
France,WE,1834,14.246
France,WE,1835,14.48
France,WE,1836,14.714
France,WE,1837,14.948
France,WE,1838,15.182
France,WE,1839,15.416
France,WE,1840,15.65
France,WE,1841,15.8994
France,WE,1842,16.1488
France,WE,1843,16.3982
France,WE,1844,16.6476
France,WE,1845,16.897
France,WE,1846,17.1464
France,WE,1847,17.395799999999998
France,WE,1848,17.6452
France,WE,1849,17.894599999999997
France,WE,1850,18.144
France,WE,1851,18.617099999999997
France,WE,1852,19.0902
France,WE,1853,19.563299999999998
France,WE,1854,20.0364
France,WE,1855,20.5095
France,WE,1856,20.982599999999998
France,WE,1857,21.4557
France,WE,1858,21.9288
France,WE,1859,22.4019
France,WE,1860,22.875
France,WE,1861,23.1796
France,WE,1862,23.4842
France,WE,1863,23.7888
France,WE,1864,24.0934
France,WE,1865,24.398
France,WE,1866,24.7026
France,WE,1867,25.0072
France,WE,1868,25.311799999999998
France,WE,1869,25.6164
France,WE,1870,25.921
France,WE,1871,26.5397
France,WE,1872,27.1584
France,WE,1873,27.777099999999997
France,WE,1874,28.395799999999998
France,WE,1875,29.014499999999998
France,WE,1876,29.6332
France,WE,1877,30.2519
France,WE,1878,30.870599999999996
France,WE,1879,31.489299999999997
France,WE,1880,32.108
France,WE,1881,32.732699999999994
France,WE,1882,33.3574
France,WE,1883,33.982099999999996
France,WE,1884,34.6068
France,WE,1885,35.2315
France,WE,1886,35.856199999999994
France,WE,1887,36.4809
France,WE,1888,37.105599999999995
France,WE,1889,37.7303
France,WE,1890,38.355
France,WE,1891,39.133199999999995
France,WE,1892,39.9114
France,WE,1893,40.6896
France,WE,1894,41.4678
France,WE,1895,42.245999999999995
France,WE,1896,43.0242
France,WE,1897,43.8024
France,WE,1898,44.5806
France,WE,1899,45.3588
France,WE,1900,46.137
France,WE,1901,46.7132
France,WE,1902,47.2894
France,WE,1903,47.8656
France,WE,1904,48.4418
France,WE,1905,49.018
France,WE,1906,49.5942
France,WE,1907,50.1704
France,WE,1908,50.7466
France,WE,1909,51.3228
France,WE,1910,51.899
France,WE,1911,51.9477
France,WE,1912,51.9964
France,WE,1913,52.045100000000005
France,WE,1914,52.0938
France,WE,1915,52.1425
France,WE,1916,52.1912
France,WE,1917,52.239900000000006
France,WE,1918,52.2886
France,WE,1919,52.3373
France,WE,1920,52.386
France,WE,1921,54.941700000000004
France,WE,1922,57.4974
France,WE,1923,60.0531
France,WE,1924,62.6088
France,WE,1925,65.1645
France,WE,1926,67.7202
France,WE,1927,70.27590000000001
France,WE,1928,72.8316
France,WE,1929,75.3873
France,WE,1930,77.943
France,WE,1931,75.1223
France,WE,1932,72.3016
France,WE,1933,69.48089999999999
France,WE,1934,66.6602
France,WE,1935,63.8395
France,WE,1936,61.0188
France,WE,1937,58.1981
France,WE,1938,55.377399999999994
France,WE,1939,52.5567
France,WE,1940,49.736
France,WE,1941,51.516999999999996
France,WE,1942,53.298
France,WE,1943,55.079
France,WE,1944,56.86
France,WE,1945,58.641000000000005
France,WE,1946,60.422000000000004
France,WE,1947,62.203
France,WE,1948,63.98400000000001
France,WE,1949,65.76500000000001
France,WE,1950,67.546
France,WE,1951,69.99640000000001
France,WE,1952,72.44680000000001
France,WE,1953,74.8972
France,WE,1954,77.3476
France,WE,1955,79.798
France,WE,1956,82.2484
France,WE,1957,84.6988
France,WE,1958,87.14920000000001
France,WE,1959,89.5996
France,WE,1960,92.05
France,WE,1961,99.1661
France,WE,1962,106.2822
France,WE,1963,113.3983
France,WE,1964,120.5144
France,WE,1965,127.63050000000001
France,WE,1966,134.7466
France,WE,1967,141.86270000000002
France,WE,1968,148.9788
France,WE,1969,156.0949
France,WE,1970,163.211
France,WE,1971,167.1578
France,WE,1972,171.1046
France,WE,1973,175.0514
France,WE,1974,178.9982
France,WE,1975,182.945
France,WE,1976,186.8918
France,WE,1977,190.8386
France,WE,1978,194.7854
France,WE,1979,198.7322
France,WE,1980,202.679
France,WE,1981,206.835
France,WE,1982,210.991
France,WE,1983,215.147
France,WE,1984,219.303
France,WE,1985,223.459
France,WE,1986,227.615
France,WE,1987,231.77100000000002
France,WE,1988,235.92700000000002
France,WE,1989,240.083
France,WE,1990,244.239
France,WE,1991,248.234
France,WE,1992,252.229
France,WE,1993,256.224
France,WE,1994,260.219
France,WE,1995,264.214
France,WE,1996,268.209
France,WE,1997,272.204
France,WE,1998,276.199
France,WE,1999,280.194
France,WE,2000,284.189
France,WE,2001,284.4178
France,WE,2002,284.64660000000003
France,WE,2003,284.8754
France,WE,2004,285.1042
France,WE,2005,285.33299999999997
France,WE,2006,285.5618
France,WE,2007,285.7906
France,WE,2008,286.01939999999996
France,WE,2009,286.2482
France,WE,2010,286.477
France,WE,2011,282.2722
France,WE,2012,278.06739999999996
France,WE,2013,273.8626
France,WE,2014,269.6578
France,WE,2015,265.453
France,WE,2016,261.2482
France,WE,2017,257.0434
France,WE,2018,252.83859999999999
France,WE,2019,248.6338
France,WE,2020,244.429
Germany,WE,1820,9.834
Germany,WE,1821,9.9317
Germany,WE,1822,10.029399999999999
Germany,WE,1823,10.1271
Germany,WE,1824,10.2248
Germany,WE,1825,10.3225
Germany,WE,1826,10.4202
Germany,WE,1827,10.5179
Germany,WE,1828,10.6156
Germany,WE,1829,10.7133
Germany,WE,1830,10.811
Germany,WE,1831,11.0333
Germany,WE,1832,11.2556
Germany,WE,1833,11.4779
Germany,WE,1834,11.7002
Germany,WE,1835,11.9225
Germany,WE,1836,12.1448
Germany,WE,1837,12.3671
Germany,WE,1838,12.589400000000001
Germany,WE,1839,12.8117
Germany,WE,1840,13.034
Germany,WE,1841,13.2245
Germany,WE,1842,13.415000000000001
Germany,WE,1843,13.605500000000001
Germany,WE,1844,13.796000000000001
Germany,WE,1845,13.9865
Germany,WE,1846,14.177
Germany,WE,1847,14.3675
Germany,WE,1848,14.558
Germany,WE,1849,14.7485
Germany,WE,1850,14.939
Germany,WE,1851,15.6301
Germany,WE,1852,16.3212
Germany,WE,1853,17.0123
Germany,WE,1854,17.703400000000002
Germany,WE,1855,18.3945
Germany,WE,1856,19.0856
Germany,WE,1857,19.7767
Germany,WE,1858,20.4678
Germany,WE,1859,21.158900000000003
Germany,WE,1860,21.85
Germany,WE,1861,22.901500000000002
Germany,WE,1862,23.953000000000003
Germany,WE,1863,25.0045
Germany,WE,1864,26.056
Germany,WE,1865,27.1075
Germany,WE,1866,28.159000000000002
Germany,WE,1867,29.210500000000003
Germany,WE,1868,30.262
Germany,WE,1869,31.313500000000005
Germany,WE,1870,32.365
Germany,WE,1871,33.7533
Germany,WE,1872,35.141600000000004
Germany,WE,1873,36.5299
Germany,WE,1874,37.9182
Germany,WE,1875,39.3065
Germany,WE,1876,40.6948
Germany,WE,1877,42.0831
Germany,WE,1878,43.4714
Germany,WE,1879,44.8597
Germany,WE,1880,46.248
Germany,WE,1881,48.3345
Germany,WE,1882,50.421
Germany,WE,1883,52.5075
Germany,WE,1884,54.593999999999994
Germany,WE,1885,56.680499999999995
Germany,WE,1886,58.766999999999996
Germany,WE,1887,60.8535
Germany,WE,1888,62.94
Germany,WE,1889,65.0265
Germany,WE,1890,67.113
Germany,WE,1891,70.3393
Germany,WE,1892,73.5656
Germany,WE,1893,76.7919
Germany,WE,1894,80.01820000000001
Germany,WE,1895,83.2445
Germany,WE,1896,86.4708
Germany,WE,1897,89.6971
Germany,WE,1898,92.9234
Germany,WE,1899,96.14970000000001
Germany,WE,1900,99.376
Germany,WE,1901,102.72500000000001
Germany,WE,1902,106.07400000000001
Germany,WE,1903,109.423
Germany,WE,1904,112.772
Germany,WE,1905,116.12100000000001
Germany,WE,1906,119.47000000000001
Germany,WE,1907,122.81900000000002
Germany,WE,1908,126.168
Germany,WE,1909,129.51700000000002
Germany,WE,1910,132.866
Germany,WE,1911,132.0061
Germany,WE,1912,131.14620000000002
Germany,WE,1913,130.2863
Germany,WE,1914,129.4264
Germany,WE,1915,128.56650000000002
Germany,WE,1916,127.70660000000001
Germany,WE,1917,126.8467
Germany,WE,1918,125.9868
Germany,WE,1919,125.12689999999999
Germany,WE,1920,124.267
Germany,WE,1921,127.4908
Germany,WE,1922,130.7146
Germany,WE,1923,133.9384
Germany,WE,1924,137.16219999999998
Germany,WE,1925,140.386
Germany,WE,1926,143.6098
Germany,WE,1927,146.8336
Germany,WE,1928,150.0574
Germany,WE,1929,153.28119999999998
Germany,WE,1930,156.505
Germany,WE,1931,158.8863
Germany,WE,1932,161.2676
Germany,WE,1933,163.6489
Germany,WE,1934,166.0302
Germany,WE,1935,168.4115
Germany,WE,1936,170.7928
Germany,WE,1937,173.1741
Germany,WE,1938,175.55540000000002
Germany,WE,1939,177.9367
Germany,WE,1940,180.318
Germany,WE,1941,176.818
Germany,WE,1942,173.318
Germany,WE,1943,169.818
Germany,WE,1944,166.318
Germany,WE,1945,162.818
Germany,WE,1946,159.318
Germany,WE,1947,155.818
Germany,WE,1948,152.318
Germany,WE,1949,148.818
Germany,WE,1950,145.318
Germany,WE,1951,151.3564
Germany,WE,1952,157.3948
Germany,WE,1953,163.4332
Germany,WE,1954,169.4716
Germany,WE,1955,175.51
Germany,WE,1956,181.54840000000002
Germany,WE,1957,187.5868
Germany,WE,1958,193.6252
Germany,WE,1959,199.6636
Germany,WE,1960,205.702
Germany,WE,1961,215.065
Germany,WE,1962,224.428
Germany,WE,1963,233.791
Germany,WE,1964,243.154
Germany,WE,1965,252.517
Germany,WE,1966,261.88
Germany,WE,1967,271.243
Germany,WE,1968,280.606
Germany,WE,1969,289.969
Germany,WE,1970,299.332
Germany,WE,1971,306.18309999999997
Germany,WE,1972,313.0342
Germany,WE,1973,319.88530000000003
Germany,WE,1974,326.7364
Germany,WE,1975,333.5875
Germany,WE,1976,340.4386
Germany,WE,1977,347.28970000000004
Germany,WE,1978,354.1408
Germany,WE,1979,360.9919
Germany,WE,1980,367.843
Germany,WE,1981,367.8804
Germany,WE,1982,367.9178
Germany,WE,1983,367.9552
Germany,WE,1984,367.9926
Germany,WE,1985,368.03
Germany,WE,1986,368.0674
Germany,WE,1987,368.1048
Germany,WE,1988,368.1422
Germany,WE,1989,368.1796
Germany,WE,1990,368.217
Germany,WE,1991,366.7872
Germany,WE,1992,365.3574
Germany,WE,1993,363.9276
Germany,WE,1994,362.4978
Germany,WE,1995,361.068
Germany,WE,1996,359.6382
Germany,WE,1997,358.2084
Germany,WE,1998,356.7786
Germany,WE,1999,355.3488
Germany,WE,2000,353.919
Germany,WE,2001,354.09619999999995
Germany,WE,2002,354.2734
Germany,WE,2003,354.4506
Germany,WE,2004,354.6278
Germany,WE,2005,354.80499999999995
Germany,WE,2006,354.9822
Germany,WE,2007,355.1594
Germany,WE,2008,355.3366
Germany,WE,2009,355.51379999999995
Germany,WE,2010,355.691
Germany,WE,2011,353.57039999999995
Germany,WE,2012,351.4498
Germany,WE,2013,349.3292
Germany,WE,2014,347.2086
Germany,WE,2015,345.08799999999997
Germany,WE,2016,342.9674
Germany,WE,2017,340.84680000000003
Germany,WE,2018,338.7262
Germany,WE,2019,336.6056
Germany,WE,2020,334.485
Greece,WE,1820,0.859
Greece,WE,1821,0.8632
Greece,WE,1822,0.8674
Greece,WE,1823,0.8716
Greece,WE,1824,0.8758
Greece,WE,1825,0.88
Greece,WE,1826,0.8842
Greece,WE,1827,0.8884
Greece,WE,1828,0.8926000000000001
Greece,WE,1829,0.8968
Greece,WE,1830,0.901
Greece,WE,1831,0.9108
Greece,WE,1832,0.9206
Greece,WE,1833,0.9304
Greece,WE,1834,0.9402
Greece,WE,1835,0.95
Greece,WE,1836,0.9598
Greece,WE,1837,0.9696
Greece,WE,1838,0.9794
Greece,WE,1839,0.9892
Greece,WE,1840,0.999
Greece,WE,1841,1.005
Greece,WE,1842,1.011
Greece,WE,1843,1.017
Greece,WE,1844,1.023
Greece,WE,1845,1.029
Greece,WE,1846,1.035
Greece,WE,1847,1.041
Greece,WE,1848,1.047
Greece,WE,1849,1.053
Greece,WE,1850,1.059
Greece,WE,1851,1.0662
Greece,WE,1852,1.0734
Greece,WE,1853,1.0806
Greece,WE,1854,1.0877999999999999
Greece,WE,1855,1.095
Greece,WE,1856,1.1022
Greece,WE,1857,1.1094
Greece,WE,1858,1.1166
Greece,WE,1859,1.1238
Greece,WE,1860,1.131
Greece,WE,1861,1.1392
Greece,WE,1862,1.1474
Greece,WE,1863,1.1556
Greece,WE,1864,1.1638
Greece,WE,1865,1.1720000000000002
Greece,WE,1866,1.1802000000000001
Greece,WE,1867,1.1884000000000001
Greece,WE,1868,1.1966
Greece,WE,1869,1.2048
Greece,WE,1870,1.213
Greece,WE,1871,1.2175
Greece,WE,1872,1.222
Greece,WE,1873,1.2265000000000001
Greece,WE,1874,1.231
Greece,WE,1875,1.2355
Greece,WE,1876,1.24
Greece,WE,1877,1.2445
Greece,WE,1878,1.249
Greece,WE,1879,1.2535
Greece,WE,1880,1.258
Greece,WE,1881,1.2672
Greece,WE,1882,1.2764
Greece,WE,1883,1.2856
Greece,WE,1884,1.2948
Greece,WE,1885,1.304
Greece,WE,1886,1.3132000000000001
Greece,WE,1887,1.3224
Greece,WE,1888,1.3316000000000001
Greece,WE,1889,1.3408
Greece,WE,1890,1.35
Greece,WE,1891,1.3598000000000001
Greece,WE,1892,1.3696000000000002
Greece,WE,1893,1.3794
Greece,WE,1894,1.3892
Greece,WE,1895,1.399
Greece,WE,1896,1.4088
Greece,WE,1897,1.4186
Greece,WE,1898,1.4284
Greece,WE,1899,1.4382
Greece,WE,1900,1.448
Greece,WE,1901,1.4586999999999999
Greece,WE,1902,1.4694
Greece,WE,1903,1.4801
Greece,WE,1904,1.4908
Greece,WE,1905,1.5015
Greece,WE,1906,1.5122
Greece,WE,1907,1.5229
Greece,WE,1908,1.5335999999999999
Greece,WE,1909,1.5443
Greece,WE,1910,1.555
Greece,WE,1911,1.5737999999999999
Greece,WE,1912,1.5926
Greece,WE,1913,1.6114
Greece,WE,1914,1.6302
Greece,WE,1915,1.649
Greece,WE,1916,1.6678
Greece,WE,1917,1.6866
Greece,WE,1918,1.7054
Greece,WE,1919,1.7242000000000002
Greece,WE,1920,1.743
Greece,WE,1921,1.7976
Greece,WE,1922,1.8522
Greece,WE,1923,1.9068
Greece,WE,1924,1.9614
Greece,WE,1925,2.016
Greece,WE,1926,2.0706
Greece,WE,1927,2.1252
Greece,WE,1928,2.1798
Greece,WE,1929,2.2344
Greece,WE,1930,2.289
Greece,WE,1931,2.2786
Greece,WE,1932,2.2682
Greece,WE,1933,2.2578
Greece,WE,1934,2.2474000000000003
Greece,WE,1935,2.237
Greece,WE,1936,2.2266
Greece,WE,1937,2.2162
Greece,WE,1938,2.2058
Greece,WE,1939,2.1954000000000002
Greece,WE,1940,2.185
Greece,WE,1941,2.2658
Greece,WE,1942,2.3466
Greece,WE,1943,2.4274
Greece,WE,1944,2.5082
Greece,WE,1945,2.589
Greece,WE,1946,2.6698
Greece,WE,1947,2.7506
Greece,WE,1948,2.8314
Greece,WE,1949,2.9122
Greece,WE,1950,2.993
Greece,WE,1951,3.2973999999999997
Greece,WE,1952,3.6018
Greece,WE,1953,3.9062
Greece,WE,1954,4.2105999999999995
Greece,WE,1955,4.515
Greece,WE,1956,4.8194
Greece,WE,1957,5.123799999999999
Greece,WE,1958,5.4282
Greece,WE,1959,5.7326
Greece,WE,1960,6.037
Greece,WE,1961,6.5628
Greece,WE,1962,7.0886
Greece,WE,1963,7.6144
Greece,WE,1964,8.1402
Greece,WE,1965,8.666
Greece,WE,1966,9.1918
Greece,WE,1967,9.717600000000001
Greece,WE,1968,10.243400000000001
Greece,WE,1969,10.769200000000001
Greece,WE,1970,11.295
Greece,WE,1971,12.026299999999999
Greece,WE,1972,12.7576
Greece,WE,1973,13.488900000000001
Greece,WE,1974,14.2202
Greece,WE,1975,14.9515
Greece,WE,1976,15.6828
Greece,WE,1977,16.4141
Greece,WE,1978,17.145400000000002
Greece,WE,1979,17.8767
Greece,WE,1980,18.608
Greece,WE,1981,19.2356
Greece,WE,1982,19.8632
Greece,WE,1983,20.4908
Greece,WE,1984,21.1184
Greece,WE,1985,21.746000000000002
Greece,WE,1986,22.3736
Greece,WE,1987,23.0012
Greece,WE,1988,23.6288
Greece,WE,1989,24.2564
Greece,WE,1990,24.884
Greece,WE,1991,25.6019
Greece,WE,1992,26.3198
Greece,WE,1993,27.0377
Greece,WE,1994,27.7556
Greece,WE,1995,28.4735
Greece,WE,1996,29.1914
Greece,WE,1997,29.9093
Greece,WE,1998,30.627200000000002
Greece,WE,1999,31.345100000000002
Greece,WE,2000,32.063
Greece,WE,2001,32.1775
Greece,WE,2002,32.292
Greece,WE,2003,32.4065
Greece,WE,2004,32.521
Greece,WE,2005,32.6355
Greece,WE,2006,32.75
Greece,WE,2007,32.8645
Greece,WE,2008,32.979
Greece,WE,2009,33.0935
Greece,WE,2010,33.208
Greece,WE,2011,32.585899999999995
Greece,WE,2012,31.9638
Greece,WE,2013,31.3417
Greece,WE,2014,30.7196
Greece,WE,2015,30.097499999999997
Greece,WE,2016,29.4754
Greece,WE,2017,28.853299999999997
Greece,WE,2018,28.231199999999998
Greece,WE,2019,27.609099999999998
Greece,WE,2020,26.987
Ireland,WE,1820,3.078
Ireland,WE,1821,3.1223
Ireland,WE,1822,3.1666
Ireland,WE,1823,3.2108999999999996
Ireland,WE,1824,3.2552
Ireland,WE,1825,3.2995
Ireland,WE,1826,3.3438
Ireland,WE,1827,3.3880999999999997
Ireland,WE,1828,3.4324
Ireland,WE,1829,3.4767
Ireland,WE,1830,3.521
Ireland,WE,1831,3.5863
Ireland,WE,1832,3.6516
Ireland,WE,1833,3.7169
Ireland,WE,1834,3.7822
Ireland,WE,1835,3.8475
Ireland,WE,1836,3.9128000000000003
Ireland,WE,1837,3.9781000000000004
Ireland,WE,1838,4.0434
Ireland,WE,1839,4.108700000000001
Ireland,WE,1840,4.174
Ireland,WE,1841,4.134600000000001
Ireland,WE,1842,4.0952
Ireland,WE,1843,4.0558000000000005
Ireland,WE,1844,4.0164
Ireland,WE,1845,3.9770000000000003
Ireland,WE,1846,3.9376
Ireland,WE,1847,3.8982
Ireland,WE,1848,3.8588
Ireland,WE,1849,3.8194
Ireland,WE,1850,3.78
Ireland,WE,1851,3.7887
Ireland,WE,1852,3.7973999999999997
Ireland,WE,1853,3.8061
Ireland,WE,1854,3.8148
Ireland,WE,1855,3.8235
Ireland,WE,1856,3.8322
Ireland,WE,1857,3.8409
Ireland,WE,1858,3.8496
Ireland,WE,1859,3.8583
Ireland,WE,1860,3.867
Ireland,WE,1861,3.8822
Ireland,WE,1862,3.8974
Ireland,WE,1863,3.9126
Ireland,WE,1864,3.9278
Ireland,WE,1865,3.943
Ireland,WE,1866,3.9582
Ireland,WE,1867,3.9734000000000003
Ireland,WE,1868,3.9886
Ireland,WE,1869,4.0038
Ireland,WE,1870,4.019
Ireland,WE,1871,4.0228
Ireland,WE,1872,4.0266
Ireland,WE,1873,4.0304
Ireland,WE,1874,4.0342
Ireland,WE,1875,4.038
Ireland,WE,1876,4.0418
Ireland,WE,1877,4.0456
Ireland,WE,1878,4.0494
Ireland,WE,1879,4.0532
Ireland,WE,1880,4.057
Ireland,WE,1881,4.0577000000000005
Ireland,WE,1882,4.058400000000001
Ireland,WE,1883,4.0591
Ireland,WE,1884,4.0598
Ireland,WE,1885,4.0605
Ireland,WE,1886,4.0612
Ireland,WE,1887,4.0619000000000005
Ireland,WE,1888,4.0626
Ireland,WE,1889,4.0633
Ireland,WE,1890,4.064
Ireland,WE,1891,4.0744
Ireland,WE,1892,4.0848
Ireland,WE,1893,4.0952
Ireland,WE,1894,4.1056
Ireland,WE,1895,4.116
Ireland,WE,1896,4.1264
Ireland,WE,1897,4.1368
Ireland,WE,1898,4.1472
Ireland,WE,1899,4.1576
Ireland,WE,1900,4.168
Ireland,WE,1901,4.1869000000000005
Ireland,WE,1902,4.2058
Ireland,WE,1903,4.2247
Ireland,WE,1904,4.2436
Ireland,WE,1905,4.2625
Ireland,WE,1906,4.2814000000000005
Ireland,WE,1907,4.3003
Ireland,WE,1908,4.3192
Ireland,WE,1909,4.3381
Ireland,WE,1910,4.357
Ireland,WE,1911,4.3782000000000005
Ireland,WE,1912,4.3994
Ireland,WE,1913,4.4206
Ireland,WE,1914,4.4418
Ireland,WE,1915,4.463
Ireland,WE,1916,4.4842
Ireland,WE,1917,4.5054
Ireland,WE,1918,4.5266
Ireland,WE,1919,4.5478
Ireland,WE,1920,4.569
Ireland,WE,1921,4.4955
Ireland,WE,1922,4.422
Ireland,WE,1923,4.3485
Ireland,WE,1924,4.275
Ireland,WE,1925,4.2015
Ireland,WE,1926,4.128
Ireland,WE,1927,4.0545
Ireland,WE,1928,3.981
Ireland,WE,1929,3.9075
Ireland,WE,1930,3.834
Ireland,WE,1931,3.8234
Ireland,WE,1932,3.8128
Ireland,WE,1933,3.8022
Ireland,WE,1934,3.7916000000000003
Ireland,WE,1935,3.781
Ireland,WE,1936,3.7704
Ireland,WE,1937,3.7598000000000003
Ireland,WE,1938,3.7492
Ireland,WE,1939,3.7386000000000004
Ireland,WE,1940,3.728
Ireland,WE,1941,3.7165000000000004
Ireland,WE,1942,3.705
Ireland,WE,1943,3.6935000000000002
Ireland,WE,1944,3.682
Ireland,WE,1945,3.6705
Ireland,WE,1946,3.6590000000000003
Ireland,WE,1947,3.6475
Ireland,WE,1948,3.636
Ireland,WE,1949,3.6245
Ireland,WE,1950,3.613
Ireland,WE,1951,3.6867
Ireland,WE,1952,3.7603999999999997
Ireland,WE,1953,3.8341
Ireland,WE,1954,3.9078
Ireland,WE,1955,3.9814999999999996
Ireland,WE,1956,4.0552
Ireland,WE,1957,4.1289
Ireland,WE,1958,4.2025999999999994
Ireland,WE,1959,4.2763
Ireland,WE,1960,4.35
Ireland,WE,1961,4.5855999999999995
Ireland,WE,1962,4.8212
Ireland,WE,1963,5.0568
Ireland,WE,1964,5.2924
Ireland,WE,1965,5.5280000000000005
Ireland,WE,1966,5.7636
Ireland,WE,1967,5.9992
Ireland,WE,1968,6.2348
Ireland,WE,1969,6.470400000000001
Ireland,WE,1970,6.706
Ireland,WE,1971,6.919700000000001
Ireland,WE,1972,7.1334
Ireland,WE,1973,7.3471
Ireland,WE,1974,7.5608
Ireland,WE,1975,7.7745
Ireland,WE,1976,7.9882
Ireland,WE,1977,8.2019
Ireland,WE,1978,8.4156
Ireland,WE,1979,8.6293
Ireland,WE,1980,8.843
Ireland,WE,1981,8.9848
Ireland,WE,1982,9.1266
Ireland,WE,1983,9.2684
Ireland,WE,1984,9.4102
Ireland,WE,1985,9.552
Ireland,WE,1986,9.6938
Ireland,WE,1987,9.8356
Ireland,WE,1988,9.9774
Ireland,WE,1989,10.1192
Ireland,WE,1990,10.261
Ireland,WE,1991,10.7356
Ireland,WE,1992,11.210199999999999
Ireland,WE,1993,11.6848
Ireland,WE,1994,12.1594
Ireland,WE,1995,12.634
Ireland,WE,1996,13.1086
Ireland,WE,1997,13.5832
Ireland,WE,1998,14.0578
Ireland,WE,1999,14.532399999999999
Ireland,WE,2000,15.007
Ireland,WE,2001,15.1457
Ireland,WE,2002,15.2844
Ireland,WE,2003,15.4231
Ireland,WE,2004,15.5618
Ireland,WE,2005,15.700499999999998
Ireland,WE,2006,15.839199999999998
Ireland,WE,2007,15.977899999999998
Ireland,WE,2008,16.1166
Ireland,WE,2009,16.2553
Ireland,WE,2010,16.394
Ireland,WE,2011,16.4321
Ireland,WE,2012,16.4702
Ireland,WE,2013,16.5083
Ireland,WE,2014,16.5464
Ireland,WE,2015,16.5845
Ireland,WE,2016,16.6226
Ireland,WE,2017,16.6607
Ireland,WE,2018,16.6988
Ireland,WE,2019,16.7369
Ireland,WE,2020,16.775
Italy,WE,1820,8.342
Italy,WE,1821,8.434700000000001
Italy,WE,1822,8.5274
Italy,WE,1823,8.6201
Italy,WE,1824,8.7128
Italy,WE,1825,8.8055
Italy,WE,1826,8.898200000000001
Italy,WE,1827,8.9909
Italy,WE,1828,9.0836
Italy,WE,1829,9.1763
Italy,WE,1830,9.269
Italy,WE,1831,9.3556
Italy,WE,1832,9.4422
Italy,WE,1833,9.5288
Italy,WE,1834,9.6154
Italy,WE,1835,9.702
Italy,WE,1836,9.7886
Italy,WE,1837,9.8752
Italy,WE,1838,9.9618
Italy,WE,1839,10.048399999999999
Italy,WE,1840,10.135
Italy,WE,1841,10.1611
Italy,WE,1842,10.1872
Italy,WE,1843,10.2133
Italy,WE,1844,10.2394
Italy,WE,1845,10.2655
Italy,WE,1846,10.2916
Italy,WE,1847,10.3177
Italy,WE,1848,10.3438
Italy,WE,1849,10.369900000000001
Italy,WE,1850,10.396
Italy,WE,1851,10.473600000000001
Italy,WE,1852,10.551200000000001
Italy,WE,1853,10.6288
Italy,WE,1854,10.7064
Italy,WE,1855,10.784
Italy,WE,1856,10.861600000000001
Italy,WE,1857,10.939200000000001
Italy,WE,1858,11.0168
Italy,WE,1859,11.0944
Italy,WE,1860,11.172
Italy,WE,1861,11.1341
Italy,WE,1862,11.0962
Italy,WE,1863,11.058300000000001
Italy,WE,1864,11.0204
Italy,WE,1865,10.9825
Italy,WE,1866,10.9446
Italy,WE,1867,10.906699999999999
Italy,WE,1868,10.8688
Italy,WE,1869,10.8309
Italy,WE,1870,10.793
Italy,WE,1871,10.9367
Italy,WE,1872,11.0804
Italy,WE,1873,11.2241
Italy,WE,1874,11.367799999999999
Italy,WE,1875,11.5115
Italy,WE,1876,11.6552
Italy,WE,1877,11.7989
Italy,WE,1878,11.9426
Italy,WE,1879,12.0863
Italy,WE,1880,12.23
Italy,WE,1881,12.444700000000001
Italy,WE,1882,12.6594
Italy,WE,1883,12.8741
Italy,WE,1884,13.0888
Italy,WE,1885,13.3035
Italy,WE,1886,13.5182
Italy,WE,1887,13.7329
Italy,WE,1888,13.947600000000001
Italy,WE,1889,14.1623
Italy,WE,1890,14.377
Italy,WE,1891,14.427200000000001
Italy,WE,1892,14.477400000000001
Italy,WE,1893,14.5276
Italy,WE,1894,14.5778
Italy,WE,1895,14.628
Italy,WE,1896,14.6782
Italy,WE,1897,14.7284
Italy,WE,1898,14.778599999999999
Italy,WE,1899,14.8288
Italy,WE,1900,14.879
Italy,WE,1901,15.2773
Italy,WE,1902,15.6756
Italy,WE,1903,16.0739
Italy,WE,1904,16.4722
Italy,WE,1905,16.8705
Italy,WE,1906,17.2688
Italy,WE,1907,17.667099999999998
Italy,WE,1908,18.065399999999997
Italy,WE,1909,18.4637
Italy,WE,1910,18.862
Italy,WE,1911,18.6865
Italy,WE,1912,18.511
Italy,WE,1913,18.3355
Italy,WE,1914,18.16
Italy,WE,1915,17.984499999999997
Italy,WE,1916,17.808999999999997
Italy,WE,1917,17.633499999999998
Italy,WE,1918,17.458
Italy,WE,1919,17.2825
Italy,WE,1920,17.107
Italy,WE,1921,17.7781
Italy,WE,1922,18.4492
Italy,WE,1923,19.1203
Italy,WE,1924,19.7914
Italy,WE,1925,20.4625
Italy,WE,1926,21.1336
Italy,WE,1927,21.8047
Italy,WE,1928,22.4758
Italy,WE,1929,23.146900000000002
Italy,WE,1930,23.818
Italy,WE,1931,24.1642
Italy,WE,1932,24.5104
Italy,WE,1933,24.8566
Italy,WE,1934,25.2028
Italy,WE,1935,25.549
Italy,WE,1936,25.895200000000003
Italy,WE,1937,26.241400000000002
Italy,WE,1938,26.587600000000002
Italy,WE,1939,26.9338
Italy,WE,1940,27.28
Italy,WE,1941,27.3932
Italy,WE,1942,27.5064
Italy,WE,1943,27.619600000000002
Italy,WE,1944,27.7328
Italy,WE,1945,27.846
Italy,WE,1946,27.9592
Italy,WE,1947,28.0724
Italy,WE,1948,28.1856
Italy,WE,1949,28.2988
Italy,WE,1950,28.412
Italy,WE,1951,30.9135
Italy,WE,1952,33.415
Italy,WE,1953,35.9165
Italy,WE,1954,38.418
Italy,WE,1955,40.9195
Italy,WE,1956,43.421
Italy,WE,1957,45.9225
Italy,WE,1958,48.424
Italy,WE,1959,50.9255
Italy,WE,1960,53.427
Italy,WE,1961,60.827999999999996
Italy,WE,1962,68.229
Italy,WE,1963,75.63
Italy,WE,1964,83.03099999999999
Italy,WE,1965,90.43199999999999
Italy,WE,1966,97.833
Italy,WE,1967,105.234
Italy,WE,1968,112.63499999999999
Italy,WE,1969,120.036
Italy,WE,1970,127.437
Italy,WE,1971,130.3405
Italy,WE,1972,133.244
Italy,WE,1973,136.1475
Italy,WE,1974,139.051
Italy,WE,1975,141.9545
Italy,WE,1976,144.858
Italy,WE,1977,147.7615
Italy,WE,1978,150.66500000000002
Italy,WE,1979,153.5685
Italy,WE,1980,156.472
Italy,WE,1981,156.3321
Italy,WE,1982,156.1922
Italy,WE,1983,156.0523
Italy,WE,1984,155.91240000000002
Italy,WE,1985,155.7725
Italy,WE,1986,155.6326
Italy,WE,1987,155.4927
Italy,WE,1988,155.3528
Italy,WE,1989,155.21290000000002
Italy,WE,1990,155.073
Italy,WE,1991,156.7904
Italy,WE,1992,158.5078
Italy,WE,1993,160.2252
Italy,WE,1994,161.9426
Italy,WE,1995,163.66000000000003
Italy,WE,1996,165.37740000000002
Italy,WE,1997,167.09480000000002
Italy,WE,1998,168.81220000000002
Italy,WE,1999,170.52960000000002
Italy,WE,2000,172.247
Italy,WE,2001,173.4915
Italy,WE,2002,174.73600000000002
Italy,WE,2003,175.9805
Italy,WE,2004,177.22500000000002
Italy,WE,2005,178.4695
Italy,WE,2006,179.714
Italy,WE,2007,180.95850000000002
Italy,WE,2008,182.203
Italy,WE,2009,183.44750000000002
Italy,WE,2010,184.692
Italy,WE,2011,181.65390000000002
Italy,WE,2012,178.6158
Italy,WE,2013,175.5777
Italy,WE,2014,172.5396
Italy,WE,2015,169.50150000000002
Italy,WE,2016,166.4634
Italy,WE,2017,163.4253
Italy,WE,2018,160.3872
Italy,WE,2019,157.34910000000002
Italy,WE,2020,154.311
Netherlands,WE,1820,1.015
Netherlands,WE,1821,1.0332999999999999
Netherlands,WE,1822,1.0515999999999999
Netherlands,WE,1823,1.0698999999999999
Netherlands,WE,1824,1.0881999999999998
Netherlands,WE,1825,1.1065
Netherlands,WE,1826,1.1248
Netherlands,WE,1827,1.1431
Netherlands,WE,1828,1.1614
Netherlands,WE,1829,1.1797
Netherlands,WE,1830,1.198
Netherlands,WE,1831,1.2288999999999999
Netherlands,WE,1832,1.2598
Netherlands,WE,1833,1.2907
Netherlands,WE,1834,1.3215999999999999
Netherlands,WE,1835,1.3525
Netherlands,WE,1836,1.3834
Netherlands,WE,1837,1.4143
Netherlands,WE,1838,1.4451999999999998
Netherlands,WE,1839,1.4761
Netherlands,WE,1840,1.507
Netherlands,WE,1841,1.519
Netherlands,WE,1842,1.531
Netherlands,WE,1843,1.543
Netherlands,WE,1844,1.555
Netherlands,WE,1845,1.567
Netherlands,WE,1846,1.579
Netherlands,WE,1847,1.591
Netherlands,WE,1848,1.603
Netherlands,WE,1849,1.615
Netherlands,WE,1850,1.627
Netherlands,WE,1851,1.6681
Netherlands,WE,1852,1.7092
Netherlands,WE,1853,1.7503
Netherlands,WE,1854,1.7913999999999999
Netherlands,WE,1855,1.8325
Netherlands,WE,1856,1.8736
Netherlands,WE,1857,1.9146999999999998
Netherlands,WE,1858,1.9558
Netherlands,WE,1859,1.9969
Netherlands,WE,1860,2.038
Netherlands,WE,1861,2.1197999999999997
Netherlands,WE,1862,2.2016
Netherlands,WE,1863,2.2834
Netherlands,WE,1864,2.3651999999999997
Netherlands,WE,1865,2.447
Netherlands,WE,1866,2.5288
Netherlands,WE,1867,2.6106
Netherlands,WE,1868,2.6924
Netherlands,WE,1869,2.7742
Netherlands,WE,1870,2.856
Netherlands,WE,1871,2.9339999999999997
Netherlands,WE,1872,3.012
Netherlands,WE,1873,3.09
Netherlands,WE,1874,3.168
Netherlands,WE,1875,3.246
Netherlands,WE,1876,3.324
Netherlands,WE,1877,3.402
Netherlands,WE,1878,3.48
Netherlands,WE,1879,3.5580000000000003
Netherlands,WE,1880,3.636
Netherlands,WE,1881,3.6870000000000003
Netherlands,WE,1882,3.738
Netherlands,WE,1883,3.789
Netherlands,WE,1884,3.84
Netherlands,WE,1885,3.891
Netherlands,WE,1886,3.942
Netherlands,WE,1887,3.993
Netherlands,WE,1888,4.044
Netherlands,WE,1889,4.095
Netherlands,WE,1890,4.146
Netherlands,WE,1891,4.2636
Netherlands,WE,1892,4.3812
Netherlands,WE,1893,4.4988
Netherlands,WE,1894,4.6164
Netherlands,WE,1895,4.734
Netherlands,WE,1896,4.8515999999999995
Netherlands,WE,1897,4.9692
Netherlands,WE,1898,5.0868
Netherlands,WE,1899,5.2044
Netherlands,WE,1900,5.322
Netherlands,WE,1901,5.4696
Netherlands,WE,1902,5.6172
Netherlands,WE,1903,5.7648
Netherlands,WE,1904,5.9124
Netherlands,WE,1905,6.0600000000000005
Netherlands,WE,1906,6.2076
Netherlands,WE,1907,6.3552
Netherlands,WE,1908,6.502800000000001
Netherlands,WE,1909,6.6504
Netherlands,WE,1910,6.798
Netherlands,WE,1911,6.861
Netherlands,WE,1912,6.924
Netherlands,WE,1913,6.987
Netherlands,WE,1914,7.05
Netherlands,WE,1915,7.1129999999999995
Netherlands,WE,1916,7.176
Netherlands,WE,1917,7.239
Netherlands,WE,1918,7.302
Netherlands,WE,1919,7.365
Netherlands,WE,1920,7.428
Netherlands,WE,1921,7.9063
Netherlands,WE,1922,8.3846
Netherlands,WE,1923,8.8629
Netherlands,WE,1924,9.3412
Netherlands,WE,1925,9.8195
Netherlands,WE,1926,10.2978
Netherlands,WE,1927,10.7761
Netherlands,WE,1928,11.2544
Netherlands,WE,1929,11.732700000000001
Netherlands,WE,1930,12.211
Netherlands,WE,1931,12.075000000000001
Netherlands,WE,1932,11.939
Netherlands,WE,1933,11.803
Netherlands,WE,1934,11.667
Netherlands,WE,1935,11.531
Netherlands,WE,1936,11.395000000000001
Netherlands,WE,1937,11.259
Netherlands,WE,1938,11.123000000000001
Netherlands,WE,1939,10.987
Netherlands,WE,1940,10.851
Netherlands,WE,1941,11.2636
Netherlands,WE,1942,11.676200000000001
Netherlands,WE,1943,12.0888
Netherlands,WE,1944,12.5014
Netherlands,WE,1945,12.914000000000001
Netherlands,WE,1946,13.326600000000001
Netherlands,WE,1947,13.7392
Netherlands,WE,1948,14.151800000000001
Netherlands,WE,1949,14.564400000000001
Netherlands,WE,1950,14.977
Netherlands,WE,1951,15.5998
Netherlands,WE,1952,16.2226
Netherlands,WE,1953,16.845399999999998
Netherlands,WE,1954,17.4682
Netherlands,WE,1955,18.091
Netherlands,WE,1956,18.7138
Netherlands,WE,1957,19.336599999999997
Netherlands,WE,1958,19.9594
Netherlands,WE,1959,20.5822
Netherlands,WE,1960,21.205
Netherlands,WE,1961,23.430999999999997
Netherlands,WE,1962,25.657
Netherlands,WE,1963,27.883
Netherlands,WE,1964,30.109
Netherlands,WE,1965,32.335
Netherlands,WE,1966,34.561
Netherlands,WE,1967,36.787
Netherlands,WE,1968,39.013000000000005
Netherlands,WE,1969,41.239000000000004
Netherlands,WE,1970,43.465
Netherlands,WE,1971,45.677
Netherlands,WE,1972,47.889
Netherlands,WE,1973,50.101
Netherlands,WE,1974,52.313
Netherlands,WE,1975,54.525
Netherlands,WE,1976,56.736999999999995
Netherlands,WE,1977,58.949
Netherlands,WE,1978,61.160999999999994
Netherlands,WE,1979,63.37299999999999
Netherlands,WE,1980,65.585
Netherlands,WE,1981,65.6515
Netherlands,WE,1982,65.71799999999999
Netherlands,WE,1983,65.7845
Netherlands,WE,1984,65.851
Netherlands,WE,1985,65.91749999999999
Netherlands,WE,1986,65.984
Netherlands,WE,1987,66.0505
Netherlands,WE,1988,66.117
Netherlands,WE,1989,66.1835
Netherlands,WE,1990,66.25
Netherlands,WE,1991,66.8857
Netherlands,WE,1992,67.5214
Netherlands,WE,1993,68.1571
Netherlands,WE,1994,68.7928
Netherlands,WE,1995,69.4285
Netherlands,WE,1996,70.0642
Netherlands,WE,1997,70.6999
Netherlands,WE,1998,71.3356
Netherlands,WE,1999,71.9713
Netherlands,WE,2000,72.607
Netherlands,WE,2001,73.246
Netherlands,WE,2002,73.885
Netherlands,WE,2003,74.524
Netherlands,WE,2004,75.163
Netherlands,WE,2005,75.80199999999999
Netherlands,WE,2006,76.441
Netherlands,WE,2007,77.08
Netherlands,WE,2008,77.719
Netherlands,WE,2009,78.358
Netherlands,WE,2010,78.997
Netherlands,WE,2011,78.4938
Netherlands,WE,2012,77.9906
Netherlands,WE,2013,77.48740000000001
Netherlands,WE,2014,76.9842
Netherlands,WE,2015,76.481
Netherlands,WE,2016,75.9778
Netherlands,WE,2017,75.47460000000001
Netherlands,WE,2018,74.9714
Netherlands,WE,2019,74.4682
Netherlands,WE,2020,73.965
Norway,WE,1820,0.941
Norway,WE,1821,0.9473999999999999
Norway,WE,1822,0.9538
Norway,WE,1823,0.9601999999999999
Norway,WE,1824,0.9665999999999999
Norway,WE,1825,0.9729999999999999
Norway,WE,1826,0.9793999999999999
Norway,WE,1827,0.9857999999999999
Norway,WE,1828,0.9921999999999999
Norway,WE,1829,0.9985999999999999
Norway,WE,1830,1.005
Norway,WE,1831,1.0108
Norway,WE,1832,1.0166
Norway,WE,1833,1.0224
Norway,WE,1834,1.0282
Norway,WE,1835,1.0339999999999998
Norway,WE,1836,1.0397999999999998
Norway,WE,1837,1.0455999999999999
Norway,WE,1838,1.0514
Norway,WE,1839,1.0572
Norway,WE,1840,1.063
Norway,WE,1841,1.0704
Norway,WE,1842,1.0777999999999999
Norway,WE,1843,1.0852
Norway,WE,1844,1.0926
Norway,WE,1845,1.1
Norway,WE,1846,1.1074
Norway,WE,1847,1.1148
Norway,WE,1848,1.1222
Norway,WE,1849,1.1296
Norway,WE,1850,1.137
Norway,WE,1851,1.1562000000000001
Norway,WE,1852,1.1754
Norway,WE,1853,1.1945999999999999
Norway,WE,1854,1.2138
Norway,WE,1855,1.233
Norway,WE,1856,1.2522
Norway,WE,1857,1.2713999999999999
Norway,WE,1858,1.2906
Norway,WE,1859,1.3098
Norway,WE,1860,1.329
Norway,WE,1861,1.346
Norway,WE,1862,1.363
Norway,WE,1863,1.38
Norway,WE,1864,1.397
Norway,WE,1865,1.4140000000000001
Norway,WE,1866,1.431
Norway,WE,1867,1.448
Norway,WE,1868,1.465
Norway,WE,1869,1.4820000000000002
Norway,WE,1870,1.499
Norway,WE,1871,1.524
Norway,WE,1872,1.5490000000000002
Norway,WE,1873,1.574
Norway,WE,1874,1.5990000000000002
Norway,WE,1875,1.624
Norway,WE,1876,1.649
Norway,WE,1877,1.6740000000000002
Norway,WE,1878,1.699
Norway,WE,1879,1.7240000000000002
Norway,WE,1880,1.749
Norway,WE,1881,1.7706000000000002
Norway,WE,1882,1.7922
Norway,WE,1883,1.8138
Norway,WE,1884,1.8354000000000001
Norway,WE,1885,1.8570000000000002
Norway,WE,1886,1.8786
Norway,WE,1887,1.9002000000000001
Norway,WE,1888,1.9218000000000002
Norway,WE,1889,1.9434
Norway,WE,1890,1.965
Norway,WE,1891,2.0364
Norway,WE,1892,2.1078
Norway,WE,1893,2.1792
Norway,WE,1894,2.2506
Norway,WE,1895,2.322
Norway,WE,1896,2.3933999999999997
Norway,WE,1897,2.4648
Norway,WE,1898,2.5362
Norway,WE,1899,2.6075999999999997
Norway,WE,1900,2.679
Norway,WE,1901,2.7462
Norway,WE,1902,2.8133999999999997
Norway,WE,1903,2.8806
Norway,WE,1904,2.9478
Norway,WE,1905,3.0149999999999997
Norway,WE,1906,3.0822
Norway,WE,1907,3.1494
Norway,WE,1908,3.2165999999999997
Norway,WE,1909,3.2838
Norway,WE,1910,3.351
Norway,WE,1911,3.3577
Norway,WE,1912,3.3644
Norway,WE,1913,3.3711
Norway,WE,1914,3.3778
Norway,WE,1915,3.3845
Norway,WE,1916,3.3912
Norway,WE,1917,3.3979
Norway,WE,1918,3.4046000000000003
Norway,WE,1919,3.4113
Norway,WE,1920,3.418
Norway,WE,1921,3.4909000000000003
Norway,WE,1922,3.5638
Norway,WE,1923,3.6367000000000003
Norway,WE,1924,3.7096
Norway,WE,1925,3.7825
Norway,WE,1926,3.8554000000000004
Norway,WE,1927,3.9283
Norway,WE,1928,4.0012
Norway,WE,1929,4.0741000000000005
Norway,WE,1930,4.147
Norway,WE,1931,4.2728
Norway,WE,1932,4.3986
Norway,WE,1933,4.5244
Norway,WE,1934,4.6502
Norway,WE,1935,4.776
Norway,WE,1936,4.9018
Norway,WE,1937,5.0276000000000005
Norway,WE,1938,5.1534
Norway,WE,1939,5.2792
Norway,WE,1940,5.405
Norway,WE,1941,5.5076
Norway,WE,1942,5.6102
Norway,WE,1943,5.7128000000000005
Norway,WE,1944,5.8154
Norway,WE,1945,5.918
Norway,WE,1946,6.0206
Norway,WE,1947,6.1232
Norway,WE,1948,6.2258000000000004
Norway,WE,1949,6.3284
Norway,WE,1950,6.431
Norway,WE,1951,6.7318999999999996
Norway,WE,1952,7.0328
Norway,WE,1953,7.3337
Norway,WE,1954,7.6346
Norway,WE,1955,7.935499999999999
Norway,WE,1956,8.2364
Norway,WE,1957,8.5373
Norway,WE,1958,8.8382
Norway,WE,1959,9.1391
Norway,WE,1960,9.44
Norway,WE,1961,10.1608
Norway,WE,1962,10.881599999999999
Norway,WE,1963,11.6024
Norway,WE,1964,12.3232
Norway,WE,1965,13.044
Norway,WE,1966,13.7648
Norway,WE,1967,14.4856
Norway,WE,1968,15.206399999999999
Norway,WE,1969,15.9272
Norway,WE,1970,16.648
Norway,WE,1971,17.1247
Norway,WE,1972,17.601399999999998
Norway,WE,1973,18.0781
Norway,WE,1974,18.5548
Norway,WE,1975,19.0315
Norway,WE,1976,19.5082
Norway,WE,1977,19.9849
Norway,WE,1978,20.4616
Norway,WE,1979,20.938299999999998
Norway,WE,1980,21.415
Norway,WE,1981,21.9942
Norway,WE,1982,22.5734
Norway,WE,1983,23.1526
Norway,WE,1984,23.7318
Norway,WE,1985,24.311
Norway,WE,1986,24.8902
Norway,WE,1987,25.4694
Norway,WE,1988,26.0486
Norway,WE,1989,26.6278
Norway,WE,1990,27.207
Norway,WE,1991,27.759700000000002
Norway,WE,1992,28.3124
Norway,WE,1993,28.8651
Norway,WE,1994,29.4178
Norway,WE,1995,29.9705
Norway,WE,1996,30.523200000000003
Norway,WE,1997,31.0759
Norway,WE,1998,31.628600000000002
Norway,WE,1999,32.1813
Norway,WE,2000,32.734
Norway,WE,2001,32.681200000000004
Norway,WE,2002,32.6284
Norway,WE,2003,32.5756
Norway,WE,2004,32.522800000000004
Norway,WE,2005,32.47
Norway,WE,2006,32.4172
Norway,WE,2007,32.3644
Norway,WE,2008,32.311600000000006
Norway,WE,2009,32.2588
Norway,WE,2010,32.206
Norway,WE,2011,32.558800000000005
Norway,WE,2012,32.9116
Norway,WE,2013,33.2644
Norway,WE,2014,33.617200000000004
Norway,WE,2015,33.97
Norway,WE,2016,34.3228
Norway,WE,2017,34.6756
Norway,WE,2018,35.028400000000005
Norway,WE,2019,35.3812
Norway,WE,2020,35.734
Portugal,WE,1820,1.423
Portugal,WE,1821,1.4323000000000001
Portugal,WE,1822,1.4416
Portugal,WE,1823,1.4509
Portugal,WE,1824,1.4602
Portugal,WE,1825,1.4695
Portugal,WE,1826,1.4788000000000001
Portugal,WE,1827,1.4881
Portugal,WE,1828,1.4974
Portugal,WE,1829,1.5067
Portugal,WE,1830,1.516
Portugal,WE,1831,1.5263
Portugal,WE,1832,1.5366
Portugal,WE,1833,1.5469
Portugal,WE,1834,1.5572
Portugal,WE,1835,1.5675
Portugal,WE,1836,1.5778
Portugal,WE,1837,1.5881
Portugal,WE,1838,1.5984
Portugal,WE,1839,1.6087
Portugal,WE,1840,1.619
Portugal,WE,1841,1.6313
Portugal,WE,1842,1.6436
Portugal,WE,1843,1.6559
Portugal,WE,1844,1.6682
Portugal,WE,1845,1.6804999999999999
Portugal,WE,1846,1.6928
Portugal,WE,1847,1.7051
Portugal,WE,1848,1.7174
Portugal,WE,1849,1.7297
Portugal,WE,1850,1.742
Portugal,WE,1851,1.7626
Portugal,WE,1852,1.7832
Portugal,WE,1853,1.8038
Portugal,WE,1854,1.8244
Portugal,WE,1855,1.845
Portugal,WE,1856,1.8656
Portugal,WE,1857,1.8861999999999999
Portugal,WE,1858,1.9068
Portugal,WE,1859,1.9274
Portugal,WE,1860,1.948
Portugal,WE,1861,1.9702
Portugal,WE,1862,1.9924
Portugal,WE,1863,2.0145999999999997
Portugal,WE,1864,2.0368
Portugal,WE,1865,2.059
Portugal,WE,1866,2.0812
Portugal,WE,1867,2.1033999999999997
Portugal,WE,1868,2.1256
Portugal,WE,1869,2.1478
Portugal,WE,1870,2.17
Portugal,WE,1871,2.1895
Portugal,WE,1872,2.209
Portugal,WE,1873,2.2285
Portugal,WE,1874,2.248
Portugal,WE,1875,2.2675
Portugal,WE,1876,2.287
Portugal,WE,1877,2.3065
Portugal,WE,1878,2.326
Portugal,WE,1879,2.3455000000000004
Portugal,WE,1880,2.365
Portugal,WE,1881,2.4096
Portugal,WE,1882,2.4542
Portugal,WE,1883,2.4988
Portugal,WE,1884,2.5434
Portugal,WE,1885,2.588
Portugal,WE,1886,2.6326
Portugal,WE,1887,2.6772
Portugal,WE,1888,2.7218
Portugal,WE,1889,2.7664
Portugal,WE,1890,2.811
Portugal,WE,1891,2.8317
Portugal,WE,1892,2.8524
Portugal,WE,1893,2.8731
Portugal,WE,1894,2.8937999999999997
Portugal,WE,1895,2.9145
Portugal,WE,1896,2.9352
Portugal,WE,1897,2.9558999999999997
Portugal,WE,1898,2.9766
Portugal,WE,1899,2.9972999999999996
Portugal,WE,1900,3.018
Portugal,WE,1901,3.0707999999999998
Portugal,WE,1902,3.1235999999999997
Portugal,WE,1903,3.1763999999999997
Portugal,WE,1904,3.2291999999999996
Portugal,WE,1905,3.282
Portugal,WE,1906,3.3347999999999995
Portugal,WE,1907,3.3876
Portugal,WE,1908,3.4404
Portugal,WE,1909,3.4932
Portugal,WE,1910,3.546
Portugal,WE,1911,3.5362
Portugal,WE,1912,3.5263999999999998
Portugal,WE,1913,3.5166
Portugal,WE,1914,3.5067999999999997
Portugal,WE,1915,3.497
Portugal,WE,1916,3.4872
Portugal,WE,1917,3.4774
Portugal,WE,1918,3.4676
Portugal,WE,1919,3.4577999999999998
Portugal,WE,1920,3.448
Portugal,WE,1921,3.5232
Portugal,WE,1922,3.5984
Portugal,WE,1923,3.6736
Portugal,WE,1924,3.7488
Portugal,WE,1925,3.824
Portugal,WE,1926,3.8992
Portugal,WE,1927,3.9744
Portugal,WE,1928,4.0496
Portugal,WE,1929,4.1248000000000005
Portugal,WE,1930,4.2
Portugal,WE,1931,4.2522
Portugal,WE,1932,4.3044
Portugal,WE,1933,4.3566
Portugal,WE,1934,4.4088
Portugal,WE,1935,4.461
Portugal,WE,1936,4.5132
Portugal,WE,1937,4.5654
Portugal,WE,1938,4.6176
Portugal,WE,1939,4.6698
Portugal,WE,1940,4.722
Portugal,WE,1941,4.8105
Portugal,WE,1942,4.899
Portugal,WE,1943,4.987500000000001
Portugal,WE,1944,5.0760000000000005
Portugal,WE,1945,5.1645
Portugal,WE,1946,5.253
Portugal,WE,1947,5.3415
Portugal,WE,1948,5.430000000000001
Portugal,WE,1949,5.5185
Portugal,WE,1950,5.607
Portugal,WE,1951,5.7045
Portugal,WE,1952,5.8020000000000005
Portugal,WE,1953,5.8995
Portugal,WE,1954,5.997
Portugal,WE,1955,6.0945
Portugal,WE,1956,6.192
Portugal,WE,1957,6.2895
Portugal,WE,1958,6.387
Portugal,WE,1959,6.4845
Portugal,WE,1960,6.582
Portugal,WE,1961,6.8419
Portugal,WE,1962,7.1018
Portugal,WE,1963,7.3617
Portugal,WE,1964,7.621599999999999
Portugal,WE,1965,7.881499999999999
Portugal,WE,1966,8.141399999999999
Portugal,WE,1967,8.401299999999999
Portugal,WE,1968,8.6612
Portugal,WE,1969,8.9211
Portugal,WE,1970,9.181
Portugal,WE,1971,9.569099999999999
Portugal,WE,1972,9.957199999999998
Portugal,WE,1973,10.345299999999998
Portugal,WE,1974,10.7334
Portugal,WE,1975,11.1215
Portugal,WE,1976,11.509599999999999
Portugal,WE,1977,11.897699999999999
Portugal,WE,1978,12.285799999999998
Portugal,WE,1979,12.6739
Portugal,WE,1980,13.062
Portugal,WE,1981,13.617899999999999
Portugal,WE,1982,14.1738
Portugal,WE,1983,14.7297
Portugal,WE,1984,15.285599999999999
Portugal,WE,1985,15.8415
Portugal,WE,1986,16.397399999999998
Portugal,WE,1987,16.9533
Portugal,WE,1988,17.5092
Portugal,WE,1989,18.0651
Portugal,WE,1990,18.621
Portugal,WE,1991,19.4286
Portugal,WE,1992,20.2362
Portugal,WE,1993,21.043799999999997
Portugal,WE,1994,21.851399999999998
Portugal,WE,1995,22.659
Portugal,WE,1996,23.4666
Portugal,WE,1997,24.2742
Portugal,WE,1998,25.0818
Portugal,WE,1999,25.8894
Portugal,WE,2000,26.697
Portugal,WE,2001,26.8823
Portugal,WE,2002,27.0676
Portugal,WE,2003,27.2529
Portugal,WE,2004,27.4382
Portugal,WE,2005,27.6235
Portugal,WE,2006,27.8088
Portugal,WE,2007,27.9941
Portugal,WE,2008,28.1794
Portugal,WE,2009,28.3647
Portugal,WE,2010,28.55
Portugal,WE,2011,28.3364
Portugal,WE,2012,28.1228
Portugal,WE,2013,27.909200000000002
Portugal,WE,2014,27.695600000000002
Portugal,WE,2015,27.482
Portugal,WE,2016,27.2684
Portugal,WE,2017,27.0548
Portugal,WE,2018,26.8412
Portugal,WE,2019,26.6276
Portugal,WE,2020,26.414
Spain,WE,1820,5.668
Spain,WE,1821,5.7075000000000005
Spain,WE,1822,5.747
Spain,WE,1823,5.7865
Spain,WE,1824,5.826
Spain,WE,1825,5.8655
Spain,WE,1826,5.905
Spain,WE,1827,5.9445
Spain,WE,1828,5.984
Spain,WE,1829,6.023499999999999
Spain,WE,1830,6.063
Spain,WE,1831,6.1067
Spain,WE,1832,6.150399999999999
Spain,WE,1833,6.1941
Spain,WE,1834,6.2378
Spain,WE,1835,6.281499999999999
Spain,WE,1836,6.3252
Spain,WE,1837,6.3689
Spain,WE,1838,6.4126
Spain,WE,1839,6.4563
Spain,WE,1840,6.5
Spain,WE,1841,6.5531
Spain,WE,1842,6.6062
Spain,WE,1843,6.6593
Spain,WE,1844,6.7124
Spain,WE,1845,6.765499999999999
Spain,WE,1846,6.8186
Spain,WE,1847,6.8717
Spain,WE,1848,6.924799999999999
Spain,WE,1849,6.9779
Spain,WE,1850,7.031
Spain,WE,1851,7.0272
Spain,WE,1852,7.0234
Spain,WE,1853,7.0196
Spain,WE,1854,7.0158
Spain,WE,1855,7.0120000000000005
Spain,WE,1856,7.0082
Spain,WE,1857,7.0044
Spain,WE,1858,7.0006
Spain,WE,1859,6.9968
Spain,WE,1860,6.993
Spain,WE,1861,7.008900000000001
Spain,WE,1862,7.0248
Spain,WE,1863,7.0407
Spain,WE,1864,7.0566
Spain,WE,1865,7.0725
Spain,WE,1866,7.0884
Spain,WE,1867,7.1043
Spain,WE,1868,7.1202000000000005
Spain,WE,1869,7.1361
Spain,WE,1870,7.152
Spain,WE,1871,7.1652000000000005
Spain,WE,1872,7.1784
Spain,WE,1873,7.1916
Spain,WE,1874,7.2048
Spain,WE,1875,7.218
Spain,WE,1876,7.2312
Spain,WE,1877,7.2444
Spain,WE,1878,7.2576
Spain,WE,1879,7.2707999999999995
Spain,WE,1880,7.284
Spain,WE,1881,7.3492
Spain,WE,1882,7.4144
Spain,WE,1883,7.4796
Spain,WE,1884,7.5447999999999995
Spain,WE,1885,7.609999999999999
Spain,WE,1886,7.6752
Spain,WE,1887,7.7404
Spain,WE,1888,7.8056
Spain,WE,1889,7.8708
Spain,WE,1890,7.936
Spain,WE,1891,8.0678
Spain,WE,1892,8.1996
Spain,WE,1893,8.3314
Spain,WE,1894,8.4632
Spain,WE,1895,8.594999999999999
Spain,WE,1896,8.726799999999999
Spain,WE,1897,8.8586
Spain,WE,1898,8.9904
Spain,WE,1899,9.1222
Spain,WE,1900,9.254
Spain,WE,1901,9.402999999999999
Spain,WE,1902,9.552
Spain,WE,1903,9.701
Spain,WE,1904,9.85
Spain,WE,1905,9.998999999999999
Spain,WE,1906,10.148
Spain,WE,1907,10.297
Spain,WE,1908,10.446
Spain,WE,1909,10.594999999999999
Spain,WE,1910,10.744
Spain,WE,1911,10.7869
Spain,WE,1912,10.8298
Spain,WE,1913,10.8727
Spain,WE,1914,10.9156
Spain,WE,1915,10.9585
Spain,WE,1916,11.0014
Spain,WE,1917,11.0443
Spain,WE,1918,11.0872
Spain,WE,1919,11.1301
Spain,WE,1920,11.173
Spain,WE,1921,11.4455
Spain,WE,1922,11.718
Spain,WE,1923,11.9905
Spain,WE,1924,12.263
Spain,WE,1925,12.535499999999999
Spain,WE,1926,12.808
Spain,WE,1927,13.0805
Spain,WE,1928,13.353
Spain,WE,1929,13.625499999999999
Spain,WE,1930,13.898
Spain,WE,1931,14.0726
Spain,WE,1932,14.2472
Spain,WE,1933,14.4218
Spain,WE,1934,14.5964
Spain,WE,1935,14.771
Spain,WE,1936,14.945599999999999
Spain,WE,1937,15.1202
Spain,WE,1938,15.2948
Spain,WE,1939,15.4694
Spain,WE,1940,15.644
Spain,WE,1941,15.8638
Spain,WE,1942,16.0836
Spain,WE,1943,16.3034
Spain,WE,1944,16.5232
Spain,WE,1945,16.743
Spain,WE,1946,16.962799999999998
Spain,WE,1947,17.1826
Spain,WE,1948,17.4024
Spain,WE,1949,17.6222
Spain,WE,1950,17.842
Spain,WE,1951,18.592
Spain,WE,1952,19.342
Spain,WE,1953,20.092
Spain,WE,1954,20.842
Spain,WE,1955,21.592
Spain,WE,1956,22.342
Spain,WE,1957,23.092
Spain,WE,1958,23.842
Spain,WE,1959,24.592
Spain,WE,1960,25.342
Spain,WE,1961,27.363999999999997
Spain,WE,1962,29.386
Spain,WE,1963,31.407999999999998
Spain,WE,1964,33.43
Spain,WE,1965,35.452
Spain,WE,1966,37.474
Spain,WE,1967,39.495999999999995
Spain,WE,1968,41.518
Spain,WE,1969,43.53999999999999
Spain,WE,1970,45.562
Spain,WE,1971,48.3532
Spain,WE,1972,51.1444
Spain,WE,1973,53.9356
Spain,WE,1974,56.7268
Spain,WE,1975,59.518
Spain,WE,1976,62.309200000000004
Spain,WE,1977,65.10040000000001
Spain,WE,1978,67.89160000000001
Spain,WE,1979,70.6828
Spain,WE,1980,73.474
Spain,WE,1981,75.32300000000001
Spain,WE,1982,77.172
Spain,WE,1983,79.021
Spain,WE,1984,80.87
Spain,WE,1985,82.719
Spain,WE,1986,84.568
Spain,WE,1987,86.417
Spain,WE,1988,88.266
Spain,WE,1989,90.115
Spain,WE,1990,91.964
Spain,WE,1991,95.2501
Spain,WE,1992,98.5362
Spain,WE,1993,101.8223
Spain,WE,1994,105.1084
Spain,WE,1995,108.3945
Spain,WE,1996,111.6806
Spain,WE,1997,114.9667
Spain,WE,1998,118.25280000000001
Spain,WE,1999,121.5389
Spain,WE,2000,124.825
Spain,WE,2001,126.4066
Spain,WE,2002,127.9882
Spain,WE,2003,129.5698
Spain,WE,2004,131.1514
Spain,WE,2005,132.733
Spain,WE,2006,134.31459999999998
Spain,WE,2007,135.8962
Spain,WE,2008,137.4778
Spain,WE,2009,139.05939999999998
Spain,WE,2010,140.641
Spain,WE,2011,139.5566
Spain,WE,2012,138.4722
Spain,WE,2013,137.3878
Spain,WE,2014,136.30339999999998
Spain,WE,2015,135.219
Spain,WE,2016,134.1346
Spain,WE,2017,133.0502
Spain,WE,2018,131.9658
Spain,WE,2019,130.88139999999999
Spain,WE,2020,129.797
Sweden,WE,1820,2.676
Sweden,WE,1821,2.6831
Sweden,WE,1822,2.6902
Sweden,WE,1823,2.6973000000000003
Sweden,WE,1824,2.7044
Sweden,WE,1825,2.7115
Sweden,WE,1826,2.7186
Sweden,WE,1827,2.7257
Sweden,WE,1828,2.7328
Sweden,WE,1829,2.7399
Sweden,WE,1830,2.747
Sweden,WE,1831,2.7544
Sweden,WE,1832,2.7618
Sweden,WE,1833,2.7692
Sweden,WE,1834,2.7766
Sweden,WE,1835,2.784
Sweden,WE,1836,2.7914
Sweden,WE,1837,2.7988
Sweden,WE,1838,2.8062
Sweden,WE,1839,2.8136
Sweden,WE,1840,2.821
Sweden,WE,1841,2.833
Sweden,WE,1842,2.845
Sweden,WE,1843,2.857
Sweden,WE,1844,2.869
Sweden,WE,1845,2.8810000000000002
Sweden,WE,1846,2.893
Sweden,WE,1847,2.905
Sweden,WE,1848,2.917
Sweden,WE,1849,2.929
Sweden,WE,1850,2.941
Sweden,WE,1851,2.979
Sweden,WE,1852,3.017
Sweden,WE,1853,3.0549999999999997
Sweden,WE,1854,3.093
Sweden,WE,1855,3.1310000000000002
Sweden,WE,1856,3.169
Sweden,WE,1857,3.207
Sweden,WE,1858,3.245
Sweden,WE,1859,3.2830000000000004
Sweden,WE,1860,3.321
Sweden,WE,1861,3.3545000000000003
Sweden,WE,1862,3.3880000000000003
Sweden,WE,1863,3.4215
Sweden,WE,1864,3.455
Sweden,WE,1865,3.4885
Sweden,WE,1866,3.5220000000000002
Sweden,WE,1867,3.5555000000000003
Sweden,WE,1868,3.589
Sweden,WE,1869,3.6225
Sweden,WE,1870,3.656
Sweden,WE,1871,3.7159
Sweden,WE,1872,3.7758000000000003
Sweden,WE,1873,3.8357
Sweden,WE,1874,3.8956
Sweden,WE,1875,3.9555
Sweden,WE,1876,4.0154
Sweden,WE,1877,4.0753
Sweden,WE,1878,4.1352
Sweden,WE,1879,4.1951
Sweden,WE,1880,4.255
Sweden,WE,1881,4.3073999999999995
Sweden,WE,1882,4.3598
Sweden,WE,1883,4.4122
Sweden,WE,1884,4.4646
Sweden,WE,1885,4.5169999999999995
Sweden,WE,1886,4.5694
Sweden,WE,1887,4.6218
Sweden,WE,1888,4.6742
Sweden,WE,1889,4.7265999999999995
Sweden,WE,1890,4.779
Sweden,WE,1891,4.9222
Sweden,WE,1892,5.0654
Sweden,WE,1893,5.2086
Sweden,WE,1894,5.3518
Sweden,WE,1895,5.495
Sweden,WE,1896,5.6382
Sweden,WE,1897,5.7814000000000005
Sweden,WE,1898,5.9246
Sweden,WE,1899,6.0678
Sweden,WE,1900,6.211
Sweden,WE,1901,6.3582
Sweden,WE,1902,6.5054
Sweden,WE,1903,6.6526000000000005
Sweden,WE,1904,6.7998
Sweden,WE,1905,6.947
Sweden,WE,1906,7.0942
Sweden,WE,1907,7.2414
Sweden,WE,1908,7.3886
Sweden,WE,1909,7.5358
Sweden,WE,1910,7.683
Sweden,WE,1911,7.662
Sweden,WE,1912,7.641
Sweden,WE,1913,7.62
Sweden,WE,1914,7.599
Sweden,WE,1915,7.577999999999999
Sweden,WE,1916,7.5569999999999995
Sweden,WE,1917,7.536
Sweden,WE,1918,7.515
Sweden,WE,1919,7.494
Sweden,WE,1920,7.473
Sweden,WE,1921,7.6668
Sweden,WE,1922,7.8606
Sweden,WE,1923,8.0544
Sweden,WE,1924,8.2482
Sweden,WE,1925,8.442
Sweden,WE,1926,8.6358
Sweden,WE,1927,8.8296
Sweden,WE,1928,9.023399999999999
Sweden,WE,1929,9.2172
Sweden,WE,1930,9.411
Sweden,WE,1931,9.6281
Sweden,WE,1932,9.8452
Sweden,WE,1933,10.0623
Sweden,WE,1934,10.2794
Sweden,WE,1935,10.496500000000001
Sweden,WE,1936,10.7136
Sweden,WE,1937,10.9307
Sweden,WE,1938,11.1478
Sweden,WE,1939,11.3649
Sweden,WE,1940,11.582
Sweden,WE,1941,11.814200000000001
Sweden,WE,1942,12.0464
Sweden,WE,1943,12.2786
Sweden,WE,1944,12.5108
Sweden,WE,1945,12.743
Sweden,WE,1946,12.975200000000001
Sweden,WE,1947,13.2074
Sweden,WE,1948,13.4396
Sweden,WE,1949,13.6718
Sweden,WE,1950,13.904
Sweden,WE,1951,14.5625
Sweden,WE,1952,15.221
Sweden,WE,1953,15.8795
Sweden,WE,1954,16.538
Sweden,WE,1955,17.1965
Sweden,WE,1956,17.855
Sweden,WE,1957,18.5135
Sweden,WE,1958,19.172
Sweden,WE,1959,19.8305
Sweden,WE,1960,20.489
Sweden,WE,1961,21.9206
Sweden,WE,1962,23.3522
Sweden,WE,1963,24.7838
Sweden,WE,1964,26.215400000000002
Sweden,WE,1965,27.647
Sweden,WE,1966,29.0786
Sweden,WE,1967,30.5102
Sweden,WE,1968,31.9418
Sweden,WE,1969,33.373400000000004
Sweden,WE,1970,34.805
Sweden,WE,1971,35.4127
Sweden,WE,1972,36.0204
Sweden,WE,1973,36.628099999999996
Sweden,WE,1974,37.2358
Sweden,WE,1975,37.8435
Sweden,WE,1976,38.4512
Sweden,WE,1977,39.0589
Sweden,WE,1978,39.666599999999995
Sweden,WE,1979,40.2743
Sweden,WE,1980,40.882
Sweden,WE,1981,41.8026
Sweden,WE,1982,42.7232
Sweden,WE,1983,43.6438
Sweden,WE,1984,44.5644
Sweden,WE,1985,45.485
Sweden,WE,1986,46.4056
Sweden,WE,1987,47.3262
Sweden,WE,1988,48.2468
Sweden,WE,1989,49.1674
Sweden,WE,1990,50.088
Sweden,WE,1991,50.0402
Sweden,WE,1992,49.9924
Sweden,WE,1993,49.9446
Sweden,WE,1994,49.8968
Sweden,WE,1995,49.849000000000004
Sweden,WE,1996,49.8012
Sweden,WE,1997,49.7534
Sweden,WE,1998,49.7056
Sweden,WE,1999,49.6578
Sweden,WE,2000,49.61
Sweden,WE,2001,50.0787
Sweden,WE,2002,50.547399999999996
Sweden,WE,2003,51.0161
Sweden,WE,2004,51.4848
Sweden,WE,2005,51.9535
Sweden,WE,2006,52.4222
Sweden,WE,2007,52.890899999999995
Sweden,WE,2008,53.3596
Sweden,WE,2009,53.8283
Sweden,WE,2010,54.297
Sweden,WE,2011,54.944199999999995
Sweden,WE,2012,55.5914
Sweden,WE,2013,56.2386
Sweden,WE,2014,56.885799999999996
Sweden,WE,2015,57.533
Sweden,WE,2016,58.1802
Sweden,WE,2017,58.8274
Sweden,WE,2018,59.474599999999995
Sweden,WE,2019,60.1218
Sweden,WE,2020,60.769
Switzerland,WE,1820,0.738
Switzerland,WE,1821,0.7389
Switzerland,WE,1822,0.7398
Switzerland,WE,1823,0.7407
Switzerland,WE,1824,0.7416
Switzerland,WE,1825,0.7424999999999999
Switzerland,WE,1826,0.7434
Switzerland,WE,1827,0.7443
Switzerland,WE,1828,0.7452
Switzerland,WE,1829,0.7461
Switzerland,WE,1830,0.747
Switzerland,WE,1831,0.7522
Switzerland,WE,1832,0.7574
Switzerland,WE,1833,0.7626000000000001
Switzerland,WE,1834,0.7678
Switzerland,WE,1835,0.773
Switzerland,WE,1836,0.7782
Switzerland,WE,1837,0.7834
Switzerland,WE,1838,0.7886000000000001
Switzerland,WE,1839,0.7938000000000001
Switzerland,WE,1840,0.799
Switzerland,WE,1841,0.8018000000000001
Switzerland,WE,1842,0.8046
Switzerland,WE,1843,0.8074
Switzerland,WE,1844,0.8102
Switzerland,WE,1845,0.813
Switzerland,WE,1846,0.8158
Switzerland,WE,1847,0.8186
Switzerland,WE,1848,0.8214
Switzerland,WE,1849,0.8241999999999999
Switzerland,WE,1850,0.827
Switzerland,WE,1851,0.8373999999999999
Switzerland,WE,1852,0.8478
Switzerland,WE,1853,0.8582
Switzerland,WE,1854,0.8686
Switzerland,WE,1855,0.879
Switzerland,WE,1856,0.8894
Switzerland,WE,1857,0.8998
Switzerland,WE,1858,0.9102
Switzerland,WE,1859,0.9206000000000001
Switzerland,WE,1860,0.931
Switzerland,WE,1861,0.9461
Switzerland,WE,1862,0.9612
Switzerland,WE,1863,0.9763000000000001
Switzerland,WE,1864,0.9914000000000001
Switzerland,WE,1865,1.0065
Switzerland,WE,1866,1.0216
Switzerland,WE,1867,1.0367000000000002
Switzerland,WE,1868,1.0518
Switzerland,WE,1869,1.0669
Switzerland,WE,1870,1.082
Switzerland,WE,1871,1.1027
Switzerland,WE,1872,1.1234
Switzerland,WE,1873,1.1441000000000001
Switzerland,WE,1874,1.1648
Switzerland,WE,1875,1.1855
Switzerland,WE,1876,1.2062
Switzerland,WE,1877,1.2268999999999999
Switzerland,WE,1878,1.2476
Switzerland,WE,1879,1.2683
Switzerland,WE,1880,1.289
Switzerland,WE,1881,1.3169
Switzerland,WE,1882,1.3448
Switzerland,WE,1883,1.3727
Switzerland,WE,1884,1.4006
Switzerland,WE,1885,1.4285
Switzerland,WE,1886,1.4564
Switzerland,WE,1887,1.4843
Switzerland,WE,1888,1.5122
Switzerland,WE,1889,1.5401
Switzerland,WE,1890,1.568
Switzerland,WE,1891,1.6512
Switzerland,WE,1892,1.7344
Switzerland,WE,1893,1.8176
Switzerland,WE,1894,1.9008
Switzerland,WE,1895,1.984
Switzerland,WE,1896,2.0671999999999997
Switzerland,WE,1897,2.1504
Switzerland,WE,1898,2.2336
Switzerland,WE,1899,2.3167999999999997
Switzerland,WE,1900,2.4
Switzerland,WE,1901,2.463
Switzerland,WE,1902,2.526
Switzerland,WE,1903,2.589
Switzerland,WE,1904,2.6519999999999997
Switzerland,WE,1905,2.715
Switzerland,WE,1906,2.7779999999999996
Switzerland,WE,1907,2.8409999999999997
Switzerland,WE,1908,2.904
Switzerland,WE,1909,2.9669999999999996
Switzerland,WE,1910,3.03
Switzerland,WE,1911,3.018
Switzerland,WE,1912,3.006
Switzerland,WE,1913,2.9939999999999998
Switzerland,WE,1914,2.9819999999999998
Switzerland,WE,1915,2.9699999999999998
Switzerland,WE,1916,2.958
Switzerland,WE,1917,2.946
Switzerland,WE,1918,2.934
Switzerland,WE,1919,2.922
Switzerland,WE,1920,2.91
Switzerland,WE,1921,3.0082
Switzerland,WE,1922,3.1064000000000003
Switzerland,WE,1923,3.2046
Switzerland,WE,1924,3.3028
Switzerland,WE,1925,3.401
Switzerland,WE,1926,3.4992
Switzerland,WE,1927,3.5974
Switzerland,WE,1928,3.6955999999999998
Switzerland,WE,1929,3.7938
Switzerland,WE,1930,3.892
Switzerland,WE,1931,3.8881
Switzerland,WE,1932,3.8842
Switzerland,WE,1933,3.8803
Switzerland,WE,1934,3.8764
Switzerland,WE,1935,3.8725
Switzerland,WE,1936,3.8686000000000003
Switzerland,WE,1937,3.8647
Switzerland,WE,1938,3.8608000000000002
Switzerland,WE,1939,3.8569
Switzerland,WE,1940,3.853
Switzerland,WE,1941,3.9695
Switzerland,WE,1942,4.086
Switzerland,WE,1943,4.202500000000001
Switzerland,WE,1944,4.319
Switzerland,WE,1945,4.4355
Switzerland,WE,1946,4.552
Switzerland,WE,1947,4.6685
Switzerland,WE,1948,4.785
Switzerland,WE,1949,4.9015
Switzerland,WE,1950,5.018
Switzerland,WE,1951,5.4257
Switzerland,WE,1952,5.8334
Switzerland,WE,1953,6.241099999999999
Switzerland,WE,1954,6.6488
Switzerland,WE,1955,7.0565
Switzerland,WE,1956,7.4642
Switzerland,WE,1957,7.8719
Switzerland,WE,1958,8.2796
Switzerland,WE,1959,8.6873
Switzerland,WE,1960,9.095
Switzerland,WE,1961,9.9885
Switzerland,WE,1962,10.882000000000001
Switzerland,WE,1963,11.775500000000001
Switzerland,WE,1964,12.669
Switzerland,WE,1965,13.5625
Switzerland,WE,1966,14.456000000000001
Switzerland,WE,1967,15.3495
Switzerland,WE,1968,16.243000000000002
Switzerland,WE,1969,17.1365
Switzerland,WE,1970,18.03
Switzerland,WE,1971,18.465600000000002
Switzerland,WE,1972,18.9012
Switzerland,WE,1973,19.3368
Switzerland,WE,1974,19.7724
Switzerland,WE,1975,20.208
Switzerland,WE,1976,20.6436
Switzerland,WE,1977,21.0792
Switzerland,WE,1978,21.5148
Switzerland,WE,1979,21.9504
Switzerland,WE,1980,22.386
Switzerland,WE,1981,22.703699999999998
Switzerland,WE,1982,23.0214
Switzerland,WE,1983,23.3391
Switzerland,WE,1984,23.6568
Switzerland,WE,1985,23.9745
Switzerland,WE,1986,24.292199999999998
Switzerland,WE,1987,24.6099
Switzerland,WE,1988,24.927599999999998
Switzerland,WE,1989,25.2453
Switzerland,WE,1990,25.563
Switzerland,WE,1991,25.7308
Switzerland,WE,1992,25.8986
Switzerland,WE,1993,26.066399999999998
Switzerland,WE,1994,26.234199999999998
Switzerland,WE,1995,26.402
Switzerland,WE,1996,26.5698
Switzerland,WE,1997,26.7376
Switzerland,WE,1998,26.9054
Switzerland,WE,1999,27.0732
Switzerland,WE,2000,27.241
Switzerland,WE,2001,27.2564
Switzerland,WE,2002,27.2718
Switzerland,WE,2003,27.2872
Switzerland,WE,2004,27.302599999999998
Switzerland,WE,2005,27.317999999999998
Switzerland,WE,2006,27.3334
Switzerland,WE,2007,27.3488
Switzerland,WE,2008,27.3642
Switzerland,WE,2009,27.3796
Switzerland,WE,2010,27.395
Switzerland,WE,2011,27.114
Switzerland,WE,2012,26.833
Switzerland,WE,2013,26.552
Switzerland,WE,2014,26.271
Switzerland,WE,2015,25.990000000000002
Switzerland,WE,2016,25.709
Switzerland,WE,2017,25.428
Switzerland,WE,2018,25.147000000000002
Switzerland,WE,2019,24.866
Switzerland,WE,2020,24.585
UK,WE,1820,21.368
UK,WE,1821,21.772599999999997
UK,WE,1822,22.1772
UK,WE,1823,22.5818
UK,WE,1824,22.9864
UK,WE,1825,23.391
UK,WE,1826,23.7956
UK,WE,1827,24.200200000000002
UK,WE,1828,24.6048
UK,WE,1829,25.0094
UK,WE,1830,25.414
UK,WE,1831,26.2075
UK,WE,1832,27.001
UK,WE,1833,27.7945
UK,WE,1834,28.588
UK,WE,1835,29.3815
UK,WE,1836,30.174999999999997
UK,WE,1837,30.9685
UK,WE,1838,31.761999999999997
UK,WE,1839,32.555499999999995
UK,WE,1840,33.349
UK,WE,1841,34.605799999999995
UK,WE,1842,35.8626
UK,WE,1843,37.1194
UK,WE,1844,38.3762
UK,WE,1845,39.632999999999996
UK,WE,1846,40.8898
UK,WE,1847,42.1466
UK,WE,1848,43.403400000000005
UK,WE,1849,44.6602
UK,WE,1850,45.917
UK,WE,1851,47.4502
UK,WE,1852,48.9834
UK,WE,1853,50.516600000000004
UK,WE,1854,52.049800000000005
UK,WE,1855,53.583
UK,WE,1856,55.116200000000006
UK,WE,1857,56.6494
UK,WE,1858,58.1826
UK,WE,1859,59.7158
UK,WE,1860,61.249
UK,WE,1861,62.8654
UK,WE,1862,64.4818
UK,WE,1863,66.0982
UK,WE,1864,67.7146
UK,WE,1865,69.331
UK,WE,1866,70.9474
UK,WE,1867,72.5638
UK,WE,1868,74.1802
UK,WE,1869,75.7966
UK,WE,1870,77.413
UK,WE,1871,79.357
UK,WE,1872,81.301
UK,WE,1873,83.24499999999999
UK,WE,1874,85.189
UK,WE,1875,87.133
UK,WE,1876,89.077
UK,WE,1877,91.021
UK,WE,1878,92.96499999999999
UK,WE,1879,94.90899999999999
UK,WE,1880,96.853
UK,WE,1881,98.64909999999999
UK,WE,1882,100.4452
UK,WE,1883,102.2413
UK,WE,1884,104.03739999999999
UK,WE,1885,105.83349999999999
UK,WE,1886,107.6296
UK,WE,1887,109.42569999999999
UK,WE,1888,111.22179999999999
UK,WE,1889,113.0179
UK,WE,1890,114.814
UK,WE,1891,116.93369999999999
UK,WE,1892,119.0534
UK,WE,1893,121.17309999999999
UK,WE,1894,123.2928
UK,WE,1895,125.4125
UK,WE,1896,127.53219999999999
UK,WE,1897,129.65189999999998
UK,WE,1898,131.7716
UK,WE,1899,133.8913
UK,WE,1900,136.011
UK,WE,1901,137.65789999999998
UK,WE,1902,139.3048
UK,WE,1903,140.9517
UK,WE,1904,142.5986
UK,WE,1905,144.2455
UK,WE,1906,145.89239999999998
UK,WE,1907,147.5393
UK,WE,1908,149.18619999999999
UK,WE,1909,150.8331
UK,WE,1910,152.48
UK,WE,1911,152.76209999999998
UK,WE,1912,153.0442
UK,WE,1913,153.3263
UK,WE,1914,153.6084
UK,WE,1915,153.89049999999997
UK,WE,1916,154.1726
UK,WE,1917,154.4547
UK,WE,1918,154.7368
UK,WE,1919,155.01889999999997
UK,WE,1920,155.301
UK,WE,1921,154.68769999999998
UK,WE,1922,154.0744
UK,WE,1923,153.4611
UK,WE,1924,152.8478
UK,WE,1925,152.2345
UK,WE,1926,151.6212
UK,WE,1927,151.0079
UK,WE,1928,150.3946
UK,WE,1929,149.78130000000002
UK,WE,1930,149.168
UK,WE,1931,150.63150000000002
UK,WE,1932,152.095
UK,WE,1933,153.5585
UK,WE,1934,155.022
UK,WE,1935,156.4855
UK,WE,1936,157.949
UK,WE,1937,159.4125
UK,WE,1938,160.876
UK,WE,1939,162.3395
UK,WE,1940,163.803
UK,WE,1941,164.391
UK,WE,1942,164.97899999999998
UK,WE,1943,165.567
UK,WE,1944,166.155
UK,WE,1945,166.743
UK,WE,1946,167.331
UK,WE,1947,167.91899999999998
UK,WE,1948,168.507
UK,WE,1949,169.095
UK,WE,1950,169.683
UK,WE,1951,172.0088
UK,WE,1952,174.3346
UK,WE,1953,176.66039999999998
UK,WE,1954,178.9862
UK,WE,1955,181.312
UK,WE,1956,183.6378
UK,WE,1957,185.96359999999999
UK,WE,1958,188.2894
UK,WE,1959,190.61520000000002
UK,WE,1960,192.941
UK,WE,1961,196.8588
UK,WE,1962,200.7766
UK,WE,1963,204.6944
UK,WE,1964,208.6122
UK,WE,1965,212.53
UK,WE,1966,216.4478
UK,WE,1967,220.3656
UK,WE,1968,224.2834
UK,WE,1969,228.2012
UK,WE,1970,232.119
UK,WE,1971,232.3817
UK,WE,1972,232.6444
UK,WE,1973,232.9071
UK,WE,1974,233.1698
UK,WE,1975,233.4325
UK,WE,1976,233.6952
UK,WE,1977,233.9579
UK,WE,1978,234.22060000000002
UK,WE,1979,234.4833
UK,WE,1980,234.746
UK,WE,1981,233.684
UK,WE,1982,232.622
UK,WE,1983,231.56
UK,WE,1984,230.49800000000002
UK,WE,1985,229.436
UK,WE,1986,228.374
UK,WE,1987,227.312
UK,WE,1988,226.25
UK,WE,1989,225.18800000000002
UK,WE,1990,224.126
UK,WE,1991,225.7228
UK,WE,1992,227.3196
UK,WE,1993,228.9164
UK,WE,1994,230.5132
UK,WE,1995,232.11
UK,WE,1996,233.7068
UK,WE,1997,235.3036
UK,WE,1998,236.9004
UK,WE,1999,238.4972
UK,WE,2000,240.094
UK,WE,2001,239.15179999999998
UK,WE,2002,238.2096
UK,WE,2003,237.2674
UK,WE,2004,236.3252
UK,WE,2005,235.38299999999998
UK,WE,2006,234.4408
UK,WE,2007,233.4986
UK,WE,2008,232.5564
UK,WE,2009,231.61419999999998
UK,WE,2010,230.672
UK,WE,2011,227.0746
UK,WE,2012,223.4772
UK,WE,2013,219.8798
UK,WE,2014,216.2824
UK,WE,2015,212.685
UK,WE,2016,209.0876
UK,WE,2017,205.49020000000002
UK,WE,2018,201.8928
UK,WE,2019,198.2954
UK,WE,2020,194.698
Bulgaria,EE,1820,0.939
Bulgaria,EE,1821,0.9432999999999999
Bulgaria,EE,1822,0.9476
Bulgaria,EE,1823,0.9519
Bulgaria,EE,1824,0.9561999999999999
Bulgaria,EE,1825,0.9604999999999999
Bulgaria,EE,1826,0.9648
Bulgaria,EE,1827,0.9691
Bulgaria,EE,1828,0.9733999999999999
Bulgaria,EE,1829,0.9777
Bulgaria,EE,1830,0.982
Bulgaria,EE,1831,0.9864999999999999
Bulgaria,EE,1832,0.991
Bulgaria,EE,1833,0.9954999999999999
Bulgaria,EE,1834,1.0
Bulgaria,EE,1835,1.0045
Bulgaria,EE,1836,1.009
Bulgaria,EE,1837,1.0134999999999998
Bulgaria,EE,1838,1.018
Bulgaria,EE,1839,1.0225
Bulgaria,EE,1840,1.027
Bulgaria,EE,1841,1.0315999999999999
Bulgaria,EE,1842,1.0362
Bulgaria,EE,1843,1.0408
Bulgaria,EE,1844,1.0453999999999999
Bulgaria,EE,1845,1.0499999999999998
Bulgaria,EE,1846,1.0546
Bulgaria,EE,1847,1.0592
Bulgaria,EE,1848,1.0637999999999999
Bulgaria,EE,1849,1.0684
Bulgaria,EE,1850,1.073
Bulgaria,EE,1851,1.0723
Bulgaria,EE,1852,1.0715999999999999
Bulgaria,EE,1853,1.0709
Bulgaria,EE,1854,1.0702
Bulgaria,EE,1855,1.0695000000000001
Bulgaria,EE,1856,1.0688
Bulgaria,EE,1857,1.0681
Bulgaria,EE,1858,1.0674000000000001
Bulgaria,EE,1859,1.0667
Bulgaria,EE,1860,1.066
Bulgaria,EE,1861,1.0684
Bulgaria,EE,1862,1.0708
Bulgaria,EE,1863,1.0732000000000002
Bulgaria,EE,1864,1.0756000000000001
Bulgaria,EE,1865,1.078
Bulgaria,EE,1866,1.0804
Bulgaria,EE,1867,1.0828
Bulgaria,EE,1868,1.0852000000000002
Bulgaria,EE,1869,1.0876000000000001
Bulgaria,EE,1870,1.09
Bulgaria,EE,1871,1.1054000000000002
Bulgaria,EE,1872,1.1208
Bulgaria,EE,1873,1.1362
Bulgaria,EE,1874,1.1516
Bulgaria,EE,1875,1.167
Bulgaria,EE,1876,1.1824000000000001
Bulgaria,EE,1877,1.1978
Bulgaria,EE,1878,1.2132
Bulgaria,EE,1879,1.2286
Bulgaria,EE,1880,1.244
Bulgaria,EE,1881,1.2604
Bulgaria,EE,1882,1.2768
Bulgaria,EE,1883,1.2932
Bulgaria,EE,1884,1.3095999999999999
Bulgaria,EE,1885,1.326
Bulgaria,EE,1886,1.3424
Bulgaria,EE,1887,1.3588
Bulgaria,EE,1888,1.3752
Bulgaria,EE,1889,1.3916
Bulgaria,EE,1890,1.408
Bulgaria,EE,1891,1.4309999999999998
Bulgaria,EE,1892,1.454
Bulgaria,EE,1893,1.4769999999999999
Bulgaria,EE,1894,1.5
Bulgaria,EE,1895,1.523
Bulgaria,EE,1896,1.5459999999999998
Bulgaria,EE,1897,1.569
Bulgaria,EE,1898,1.5919999999999999
Bulgaria,EE,1899,1.615
Bulgaria,EE,1900,1.638
Bulgaria,EE,1901,1.6615
Bulgaria,EE,1902,1.6849999999999998
Bulgaria,EE,1903,1.7085
Bulgaria,EE,1904,1.732
Bulgaria,EE,1905,1.7555
Bulgaria,EE,1906,1.779
Bulgaria,EE,1907,1.8025
Bulgaria,EE,1908,1.826
Bulgaria,EE,1909,1.8495
Bulgaria,EE,1910,1.873
Bulgaria,EE,1911,1.8877
Bulgaria,EE,1912,1.9024
Bulgaria,EE,1913,1.9171
Bulgaria,EE,1914,1.9318
Bulgaria,EE,1915,1.9465
Bulgaria,EE,1916,1.9612
Bulgaria,EE,1917,1.9759
Bulgaria,EE,1918,1.9906
Bulgaria,EE,1919,2.0053
Bulgaria,EE,1920,2.02
Bulgaria,EE,1921,2.087
Bulgaria,EE,1922,2.154
Bulgaria,EE,1923,2.221
Bulgaria,EE,1924,2.288
Bulgaria,EE,1925,2.355
Bulgaria,EE,1926,2.4219999999999997
Bulgaria,EE,1927,2.489
Bulgaria,EE,1928,2.556
Bulgaria,EE,1929,2.6229999999999998
Bulgaria,EE,1930,2.69
Bulgaria,EE,1931,2.749
Bulgaria,EE,1932,2.808
Bulgaria,EE,1933,2.867
Bulgaria,EE,1934,2.9259999999999997
Bulgaria,EE,1935,2.985
Bulgaria,EE,1936,3.0439999999999996
Bulgaria,EE,1937,3.1029999999999998
Bulgaria,EE,1938,3.162
Bulgaria,EE,1939,3.2209999999999996
Bulgaria,EE,1940,3.28
Bulgaria,EE,1941,3.385
Bulgaria,EE,1942,3.4899999999999998
Bulgaria,EE,1943,3.5949999999999998
Bulgaria,EE,1944,3.6999999999999997
Bulgaria,EE,1945,3.8049999999999997
Bulgaria,EE,1946,3.91
Bulgaria,EE,1947,4.015
Bulgaria,EE,1948,4.12
Bulgaria,EE,1949,4.225
Bulgaria,EE,1950,4.33
Bulgaria,EE,1951,4.7045
Bulgaria,EE,1952,5.079
Bulgaria,EE,1953,5.4535
Bulgaria,EE,1954,5.827999999999999
Bulgaria,EE,1955,6.2025
Bulgaria,EE,1956,6.577
Bulgaria,EE,1957,6.951499999999999
Bulgaria,EE,1958,7.326
Bulgaria,EE,1959,7.7005
Bulgaria,EE,1960,8.075
Bulgaria,EE,1961,9.234499999999999
Bulgaria,EE,1962,10.394
Bulgaria,EE,1963,11.5535
Bulgaria,EE,1964,12.713000000000001
Bulgaria,EE,1965,13.8725
Bulgaria,EE,1966,15.032
Bulgaria,EE,1967,16.1915
Bulgaria,EE,1968,17.351
Bulgaria,EE,1969,18.5105
Bulgaria,EE,1970,19.67
Bulgaria,EE,1971,20.753100000000003
Bulgaria,EE,1972,21.8362
Bulgaria,EE,1973,22.9193
Bulgaria,EE,1974,24.0024
Bulgaria,EE,1975,25.085500000000003
Bulgaria,EE,1976,26.1686
Bulgaria,EE,1977,27.2517
Bulgaria,EE,1978,28.3348
Bulgaria,EE,1979,29.417900000000003
Bulgaria,EE,1980,30.501
Bulgaria,EE,1981,30.4414
Bulgaria,EE,1982,30.381800000000002
Bulgaria,EE,1983,30.322200000000002
Bulgaria,EE,1984,30.262600000000003
Bulgaria,EE,1985,30.203000000000003
Bulgaria,EE,1986,30.1434
Bulgaria,EE,1987,30.0838
Bulgaria,EE,1988,30.0242
Bulgaria,EE,1989,29.9646
Bulgaria,EE,1990,29.905
Bulgaria,EE,1991,28.951500000000003
Bulgaria,EE,1992,27.998
Bulgaria,EE,1993,27.0445
Bulgaria,EE,1994,26.091
Bulgaria,EE,1995,25.137500000000003
Bulgaria,EE,1996,24.184
Bulgaria,EE,1997,23.2305
Bulgaria,EE,1998,22.277
Bulgaria,EE,1999,21.323500000000003
Bulgaria,EE,2000,20.37
Bulgaria,EE,2001,20.293100000000003
Bulgaria,EE,2002,20.2162
Bulgaria,EE,2003,20.1393
Bulgaria,EE,2004,20.0624
Bulgaria,EE,2005,19.985500000000002
Bulgaria,EE,2006,19.9086
Bulgaria,EE,2007,19.831699999999998
Bulgaria,EE,2008,19.7548
Bulgaria,EE,2009,19.6779
Bulgaria,EE,2010,19.601
Bulgaria,EE,2011,19.5332
Bulgaria,EE,2012,19.4654
Bulgaria,EE,2013,19.397599999999997
Bulgaria,EE,2014,19.3298
Bulgaria,EE,2015,19.262
Bulgaria,EE,2016,19.1942
Bulgaria,EE,2017,19.126399999999997
Bulgaria,EE,2018,19.0586
Bulgaria,EE,2019,18.9908
Bulgaria,EE,2020,18.923
Czechoslovakia,EE,1820,3.289
Czechoslovakia,EE,1821,3.3202000000000003
Czechoslovakia,EE,1822,3.3514
Czechoslovakia,EE,1823,3.3826
Czechoslovakia,EE,1824,3.4138
Czechoslovakia,EE,1825,3.4450000000000003
Czechoslovakia,EE,1826,3.4762
Czechoslovakia,EE,1827,3.5074
Czechoslovakia,EE,1828,3.5386
Czechoslovakia,EE,1829,3.5698
Czechoslovakia,EE,1830,3.601
Czechoslovakia,EE,1831,3.637
Czechoslovakia,EE,1832,3.673
Czechoslovakia,EE,1833,3.709
Czechoslovakia,EE,1834,3.745
Czechoslovakia,EE,1835,3.7809999999999997
Czechoslovakia,EE,1836,3.8169999999999997
Czechoslovakia,EE,1837,3.8529999999999998
Czechoslovakia,EE,1838,3.889
Czechoslovakia,EE,1839,3.925
Czechoslovakia,EE,1840,3.961
Czechoslovakia,EE,1841,3.9985999999999997
Czechoslovakia,EE,1842,4.0362
Czechoslovakia,EE,1843,4.073799999999999
Czechoslovakia,EE,1844,4.1114
Czechoslovakia,EE,1845,4.149
Czechoslovakia,EE,1846,4.186599999999999
Czechoslovakia,EE,1847,4.2242
Czechoslovakia,EE,1848,4.2618
Czechoslovakia,EE,1849,4.2993999999999994
Czechoslovakia,EE,1850,4.337
Czechoslovakia,EE,1851,4.4016
Czechoslovakia,EE,1852,4.4662
Czechoslovakia,EE,1853,4.530799999999999
Czechoslovakia,EE,1854,4.5954
Czechoslovakia,EE,1855,4.66
Czechoslovakia,EE,1856,4.7246
Czechoslovakia,EE,1857,4.789199999999999
Czechoslovakia,EE,1858,4.8538
Czechoslovakia,EE,1859,4.9184
Czechoslovakia,EE,1860,4.983
Czechoslovakia,EE,1861,5.1376
Czechoslovakia,EE,1862,5.292199999999999
Czechoslovakia,EE,1863,5.4468
Czechoslovakia,EE,1864,5.6014
Czechoslovakia,EE,1865,5.756
Czechoslovakia,EE,1866,5.9106
Czechoslovakia,EE,1867,6.0652
Czechoslovakia,EE,1868,6.219799999999999
Czechoslovakia,EE,1869,6.3744
Czechoslovakia,EE,1870,6.529
Czechoslovakia,EE,1871,6.7177
Czechoslovakia,EE,1872,6.9064
Czechoslovakia,EE,1873,7.0951
Czechoslovakia,EE,1874,7.2838
Czechoslovakia,EE,1875,7.4725
Czechoslovakia,EE,1876,7.6612
Czechoslovakia,EE,1877,7.8499
Czechoslovakia,EE,1878,8.0386
Czechoslovakia,EE,1879,8.2273
Czechoslovakia,EE,1880,8.416
Czechoslovakia,EE,1881,8.6143
Czechoslovakia,EE,1882,8.8126
Czechoslovakia,EE,1883,9.0109
Czechoslovakia,EE,1884,9.2092
Czechoslovakia,EE,1885,9.407499999999999
Czechoslovakia,EE,1886,9.605799999999999
Czechoslovakia,EE,1887,9.8041
Czechoslovakia,EE,1888,10.0024
Czechoslovakia,EE,1889,10.2007
Czechoslovakia,EE,1890,10.399
Czechoslovakia,EE,1891,10.5399
Czechoslovakia,EE,1892,10.6808
Czechoslovakia,EE,1893,10.8217
Czechoslovakia,EE,1894,10.9626
Czechoslovakia,EE,1895,11.1035
Czechoslovakia,EE,1896,11.244399999999999
Czechoslovakia,EE,1897,11.385299999999999
Czechoslovakia,EE,1898,11.5262
Czechoslovakia,EE,1899,11.6671
Czechoslovakia,EE,1900,11.808
Czechoslovakia,EE,1901,11.9675
Czechoslovakia,EE,1902,12.127
Czechoslovakia,EE,1903,12.2865
Czechoslovakia,EE,1904,12.446
Czechoslovakia,EE,1905,12.6055
Czechoslovakia,EE,1906,12.765
Czechoslovakia,EE,1907,12.9245
Czechoslovakia,EE,1908,13.084
Czechoslovakia,EE,1909,13.243500000000001
Czechoslovakia,EE,1910,13.403
Czechoslovakia,EE,1911,13.8862
Czechoslovakia,EE,1912,14.3694
Czechoslovakia,EE,1913,14.8526
Czechoslovakia,EE,1914,15.3358
Czechoslovakia,EE,1915,15.818999999999999
Czechoslovakia,EE,1916,16.3022
Czechoslovakia,EE,1917,16.7854
Czechoslovakia,EE,1918,17.2686
Czechoslovakia,EE,1919,17.7518
Czechoslovakia,EE,1920,18.235
Czechoslovakia,EE,1921,18.4535
Czechoslovakia,EE,1922,18.672
Czechoslovakia,EE,1923,18.8905
Czechoslovakia,EE,1924,19.109
Czechoslovakia,EE,1925,19.3275
Czechoslovakia,EE,1926,19.546
Czechoslovakia,EE,1927,19.7645
Czechoslovakia,EE,1928,19.983
Czechoslovakia,EE,1929,20.201500000000003
Czechoslovakia,EE,1930,20.42
Czechoslovakia,EE,1931,19.8415
Czechoslovakia,EE,1932,19.263
Czechoslovakia,EE,1933,18.6845
Czechoslovakia,EE,1934,18.106
Czechoslovakia,EE,1935,17.5275
Czechoslovakia,EE,1936,16.949
Czechoslovakia,EE,1937,16.3705
Czechoslovakia,EE,1938,15.792
Czechoslovakia,EE,1939,15.2135
Czechoslovakia,EE,1940,14.635
Czechoslovakia,EE,1941,15.7068
Czechoslovakia,EE,1942,16.7786
Czechoslovakia,EE,1943,17.8504
Czechoslovakia,EE,1944,18.9222
Czechoslovakia,EE,1945,19.994
Czechoslovakia,EE,1946,21.0658
Czechoslovakia,EE,1947,22.1376
Czechoslovakia,EE,1948,23.209400000000002
Czechoslovakia,EE,1949,24.2812
Czechoslovakia,EE,1950,25.353
Czechoslovakia,EE,1951,27.1411
Czechoslovakia,EE,1952,28.9292
Czechoslovakia,EE,1953,30.7173
Czechoslovakia,EE,1954,32.5054
Czechoslovakia,EE,1955,34.2935
Czechoslovakia,EE,1956,36.0816
Czechoslovakia,EE,1957,37.8697
Czechoslovakia,EE,1958,39.6578
Czechoslovakia,EE,1959,41.4459
Czechoslovakia,EE,1960,43.234
Czechoslovakia,EE,1961,45.1677
Czechoslovakia,EE,1962,47.1014
Czechoslovakia,EE,1963,49.0351
Czechoslovakia,EE,1964,50.9688
Czechoslovakia,EE,1965,52.9025
Czechoslovakia,EE,1966,54.8362
Czechoslovakia,EE,1967,56.7699
Czechoslovakia,EE,1968,58.703599999999994
Czechoslovakia,EE,1969,60.637299999999996
Czechoslovakia,EE,1970,62.571
Czechoslovakia,EE,1971,64.9439
Czechoslovakia,EE,1972,67.3168
Czechoslovakia,EE,1973,69.6897
Czechoslovakia,EE,1974,72.0626
Czechoslovakia,EE,1975,74.43549999999999
Czechoslovakia,EE,1976,76.8084
Czechoslovakia,EE,1977,79.1813
Czechoslovakia,EE,1978,81.5542
Czechoslovakia,EE,1979,83.9271
Czechoslovakia,EE,1980,86.3
Czechoslovakia,EE,1981,85.7732
Czechoslovakia,EE,1982,85.2464
Czechoslovakia,EE,1983,84.7196
Czechoslovakia,EE,1984,84.19279999999999
Czechoslovakia,EE,1985,83.666
Czechoslovakia,EE,1986,83.1392
Czechoslovakia,EE,1987,82.6124
Czechoslovakia,EE,1988,82.0856
Czechoslovakia,EE,1989,81.55879999999999
Czechoslovakia,EE,1990,81.032
Czechoslovakia,EE,1991,79.74549999999999
Czechoslovakia,EE,1992,78.459
Czechoslovakia,EE,1993,77.1725
Czechoslovakia,EE,1994,75.886
Czechoslovakia,EE,1995,74.5995
Czechoslovakia,EE,1996,73.313
Czechoslovakia,EE,1997,72.0265
Czechoslovakia,EE,1998,70.74
Czechoslovakia,EE,1999,69.4535
Czechoslovakia,EE,2000,68.167
Czechoslovakia,EE,2001,67.9351
Czechoslovakia,EE,2002,67.7032
Czechoslovakia,EE,2003,67.4713
Czechoslovakia,EE,2004,67.2394
Czechoslovakia,EE,2005,67.0075
Czechoslovakia,EE,2006,66.7756
Czechoslovakia,EE,2007,66.5437
Czechoslovakia,EE,2008,66.3118
Czechoslovakia,EE,2009,66.0799
Czechoslovakia,EE,2010,65.848
Czechoslovakia,EE,2011,65.0119
Czechoslovakia,EE,2012,64.1758
Czechoslovakia,EE,2013,63.3397
Czechoslovakia,EE,2014,62.5036
Czechoslovakia,EE,2015,61.667500000000004
Czechoslovakia,EE,2016,60.8314
Czechoslovakia,EE,2017,59.9953
Czechoslovakia,EE,2018,59.1592
Czechoslovakia,EE,2019,58.323100000000004
Czechoslovakia,EE,2020,57.487
Hungary,EE,1820,1.781
Hungary,EE,1821,1.7945
Hungary,EE,1822,1.8079999999999998
Hungary,EE,1823,1.8215
Hungary,EE,1824,1.835
Hungary,EE,1825,1.8485
Hungary,EE,1826,1.8619999999999999
Hungary,EE,1827,1.8755
Hungary,EE,1828,1.889
Hungary,EE,1829,1.9024999999999999
Hungary,EE,1830,1.916
Hungary,EE,1831,1.9304
Hungary,EE,1832,1.9447999999999999
Hungary,EE,1833,1.9592
Hungary,EE,1834,1.9736
Hungary,EE,1835,1.988
Hungary,EE,1836,2.0024
Hungary,EE,1837,2.0168
Hungary,EE,1838,2.0312
Hungary,EE,1839,2.0456
Hungary,EE,1840,2.06
Hungary,EE,1841,2.0755
Hungary,EE,1842,2.091
Hungary,EE,1843,2.1065
Hungary,EE,1844,2.122
Hungary,EE,1845,2.1375
Hungary,EE,1846,2.153
Hungary,EE,1847,2.1685
Hungary,EE,1848,2.1839999999999997
Hungary,EE,1849,2.1995
Hungary,EE,1850,2.215
Hungary,EE,1851,2.2460999999999998
Hungary,EE,1852,2.2771999999999997
Hungary,EE,1853,2.3083
Hungary,EE,1854,2.3394
Hungary,EE,1855,2.3705
Hungary,EE,1856,2.4015999999999997
Hungary,EE,1857,2.4326999999999996
Hungary,EE,1858,2.4638
Hungary,EE,1859,2.4949
Hungary,EE,1860,2.526
Hungary,EE,1861,2.5789
Hungary,EE,1862,2.6317999999999997
Hungary,EE,1863,2.6847
Hungary,EE,1864,2.7376
Hungary,EE,1865,2.7904999999999998
Hungary,EE,1866,2.8434
Hungary,EE,1867,2.8963
Hungary,EE,1868,2.9492000000000003
Hungary,EE,1869,3.0021
Hungary,EE,1870,3.055
Hungary,EE,1871,3.1013
Hungary,EE,1872,3.1476
Hungary,EE,1873,3.1939
Hungary,EE,1874,3.2402
Hungary,EE,1875,3.2865
Hungary,EE,1876,3.3327999999999998
Hungary,EE,1877,3.3790999999999998
Hungary,EE,1878,3.4254
Hungary,EE,1879,3.4717
Hungary,EE,1880,3.518
Hungary,EE,1881,3.5848
Hungary,EE,1882,3.6515999999999997
Hungary,EE,1883,3.7184
Hungary,EE,1884,3.7851999999999997
Hungary,EE,1885,3.852
Hungary,EE,1886,3.9188
Hungary,EE,1887,3.9856
Hungary,EE,1888,4.0524
Hungary,EE,1889,4.1192
Hungary,EE,1890,4.186
Hungary,EE,1891,4.3247
Hungary,EE,1892,4.4634
Hungary,EE,1893,4.6021
Hungary,EE,1894,4.7408
Hungary,EE,1895,4.8795
Hungary,EE,1896,5.0182
Hungary,EE,1897,5.1569
Hungary,EE,1898,5.2956
Hungary,EE,1899,5.4343
Hungary,EE,1900,5.573
Hungary,EE,1901,5.6642
Hungary,EE,1902,5.755400000000001
Hungary,EE,1903,5.8466000000000005
Hungary,EE,1904,5.9378
Hungary,EE,1905,6.029
Hungary,EE,1906,6.1202000000000005
Hungary,EE,1907,6.2114
Hungary,EE,1908,6.3026
Hungary,EE,1909,6.393800000000001
Hungary,EE,1910,6.485
Hungary,EE,1911,6.3394
Hungary,EE,1912,6.1938
Hungary,EE,1913,6.0482000000000005
Hungary,EE,1914,5.9026000000000005
Hungary,EE,1915,5.757
Hungary,EE,1916,5.6114
Hungary,EE,1917,5.4658
Hungary,EE,1918,5.3202
Hungary,EE,1919,5.1746
Hungary,EE,1920,5.029
Hungary,EE,1921,5.1721
Hungary,EE,1922,5.3152
Hungary,EE,1923,5.4582999999999995
Hungary,EE,1924,5.6014
Hungary,EE,1925,5.7445
Hungary,EE,1926,5.8876
Hungary,EE,1927,6.0306999999999995
Hungary,EE,1928,6.1738
Hungary,EE,1929,6.3169
Hungary,EE,1930,6.46
Hungary,EE,1931,6.5744
Hungary,EE,1932,6.6888
Hungary,EE,1933,6.8032
Hungary,EE,1934,6.9176
Hungary,EE,1935,7.032
Hungary,EE,1936,7.1464
Hungary,EE,1937,7.2608
Hungary,EE,1938,7.3752
Hungary,EE,1939,7.4896
Hungary,EE,1940,7.604
Hungary,EE,1941,7.7836
Hungary,EE,1942,7.9632000000000005
Hungary,EE,1943,8.142800000000001
Hungary,EE,1944,8.3224
Hungary,EE,1945,8.502
Hungary,EE,1946,8.6816
Hungary,EE,1947,8.8612
Hungary,EE,1948,9.0408
Hungary,EE,1949,9.2204
Hungary,EE,1950,9.4
Hungary,EE,1951,10.051400000000001
Hungary,EE,1952,10.7028
Hungary,EE,1953,11.3542
Hungary,EE,1954,12.005600000000001
Hungary,EE,1955,12.657
Hungary,EE,1956,13.3084
Hungary,EE,1957,13.959800000000001
Hungary,EE,1958,14.6112
Hungary,EE,1959,15.262599999999999
Hungary,EE,1960,15.914
Hungary,EE,1961,16.3847
Hungary,EE,1962,16.8554
Hungary,EE,1963,17.3261
Hungary,EE,1964,17.796799999999998
Hungary,EE,1965,18.2675
Hungary,EE,1966,18.7382
Hungary,EE,1967,19.2089
Hungary,EE,1968,19.6796
Hungary,EE,1969,20.150299999999998
Hungary,EE,1970,20.621
Hungary,EE,1971,21.5185
Hungary,EE,1972,22.416
Hungary,EE,1973,23.313499999999998
Hungary,EE,1974,24.211
Hungary,EE,1975,25.1085
Hungary,EE,1976,26.006
Hungary,EE,1977,26.9035
Hungary,EE,1978,27.801000000000002
Hungary,EE,1979,28.698500000000003
Hungary,EE,1980,29.596
Hungary,EE,1981,29.6791
Hungary,EE,1982,29.7622
Hungary,EE,1983,29.8453
Hungary,EE,1984,29.9284
Hungary,EE,1985,30.011499999999998
Hungary,EE,1986,30.0946
Hungary,EE,1987,30.1777
Hungary,EE,1988,30.2608
Hungary,EE,1989,30.343899999999998
Hungary,EE,1990,30.427
Hungary,EE,1991,30.0046
Hungary,EE,1992,29.5822
Hungary,EE,1993,29.1598
Hungary,EE,1994,28.7374
Hungary,EE,1995,28.314999999999998
Hungary,EE,1996,27.8926
Hungary,EE,1997,27.4702
Hungary,EE,1998,27.0478
Hungary,EE,1999,26.6254
Hungary,EE,2000,26.203
Hungary,EE,2001,26.2575
Hungary,EE,2002,26.312
Hungary,EE,2003,26.3665
Hungary,EE,2004,26.421
Hungary,EE,2005,26.4755
Hungary,EE,2006,26.53
Hungary,EE,2007,26.584500000000002
Hungary,EE,2008,26.639
Hungary,EE,2009,26.6935
Hungary,EE,2010,26.748
Hungary,EE,2011,26.704800000000002
Hungary,EE,2012,26.6616
Hungary,EE,2013,26.6184
Hungary,EE,2014,26.5752
Hungary,EE,2015,26.532
Hungary,EE,2016,26.4888
Hungary,EE,2017,26.4456
Hungary,EE,2018,26.4024
Hungary,EE,2019,26.359199999999998
Hungary,EE,2020,26.316
Poland,EE,1820,4.722
Poland,EE,1821,4.7641
Poland,EE,1822,4.8062000000000005
Poland,EE,1823,4.8483
Poland,EE,1824,4.8904000000000005
Poland,EE,1825,4.9325
Poland,EE,1826,4.9746
Poland,EE,1827,5.0167
Poland,EE,1828,5.0588
Poland,EE,1829,5.1009
Poland,EE,1830,5.143
Poland,EE,1831,5.211399999999999
Poland,EE,1832,5.2798
Poland,EE,1833,5.3482
Poland,EE,1834,5.4166
Poland,EE,1835,5.484999999999999
Poland,EE,1836,5.5534
Poland,EE,1837,5.6218
Poland,EE,1838,5.6902
Poland,EE,1839,5.7585999999999995
Poland,EE,1840,5.827
Poland,EE,1841,5.9066
Poland,EE,1842,5.9862
Poland,EE,1843,6.0658
Poland,EE,1844,6.1454
Poland,EE,1845,6.225
Poland,EE,1846,6.3046
Poland,EE,1847,6.3842
Poland,EE,1848,6.4638
Poland,EE,1849,6.5434
Poland,EE,1850,6.623
Poland,EE,1851,6.8266
Poland,EE,1852,7.030200000000001
Poland,EE,1853,7.2338000000000005
Poland,EE,1854,7.4374
Poland,EE,1855,7.641
Poland,EE,1856,7.844600000000001
Poland,EE,1857,8.048200000000001
Poland,EE,1858,8.251800000000001
Poland,EE,1859,8.455400000000001
Poland,EE,1860,8.659
Poland,EE,1861,9.0469
Poland,EE,1862,9.434800000000001
Poland,EE,1863,9.822700000000001
Poland,EE,1864,10.210600000000001
Poland,EE,1865,10.598500000000001
Poland,EE,1866,10.9864
Poland,EE,1867,11.3743
Poland,EE,1868,11.7622
Poland,EE,1869,12.1501
Poland,EE,1870,12.538
Poland,EE,1871,12.960700000000001
Poland,EE,1872,13.3834
Poland,EE,1873,13.8061
Poland,EE,1874,14.2288
Poland,EE,1875,14.6515
Poland,EE,1876,15.074200000000001
Poland,EE,1877,15.4969
Poland,EE,1878,15.9196
Poland,EE,1879,16.3423
Poland,EE,1880,16.765
Poland,EE,1881,17.3778
Poland,EE,1882,17.9906
Poland,EE,1883,18.6034
Poland,EE,1884,19.2162
Poland,EE,1885,19.829
Poland,EE,1886,20.4418
Poland,EE,1887,21.0546
Poland,EE,1888,21.6674
Poland,EE,1889,22.2802
Poland,EE,1890,22.893
Poland,EE,1891,23.6408
Poland,EE,1892,24.3886
Poland,EE,1893,25.136400000000002
Poland,EE,1894,25.8842
Poland,EE,1895,26.631999999999998
Poland,EE,1896,27.3798
Poland,EE,1897,28.1276
Poland,EE,1898,28.8754
Poland,EE,1899,29.623199999999997
Poland,EE,1900,30.371
Poland,EE,1901,31.4179
Poland,EE,1902,32.4648
Poland,EE,1903,33.5117
Poland,EE,1904,34.5586
Poland,EE,1905,35.6055
Poland,EE,1906,36.6524
Poland,EE,1907,37.6993
Poland,EE,1908,38.7462
Poland,EE,1909,39.7931
Poland,EE,1910,40.84
Poland,EE,1911,40.0379
Poland,EE,1912,39.235800000000005
Poland,EE,1913,38.4337
Poland,EE,1914,37.631600000000006
Poland,EE,1915,36.8295
Poland,EE,1916,36.0274
Poland,EE,1917,35.225300000000004
Poland,EE,1918,34.4232
Poland,EE,1919,33.621100000000006
Poland,EE,1920,32.819
Poland,EE,1921,32.342800000000004
Poland,EE,1922,31.866600000000002
Poland,EE,1923,31.3904
Poland,EE,1924,30.9142
Poland,EE,1925,30.438000000000002
Poland,EE,1926,29.9618
Poland,EE,1927,29.485599999999998
Poland,EE,1928,29.0094
Poland,EE,1929,28.5332
Poland,EE,1930,28.057
Poland,EE,1931,31.679799999999997
Poland,EE,1932,35.3026
Poland,EE,1933,38.925399999999996
Poland,EE,1934,42.548199999999994
Poland,EE,1935,46.17099999999999
Poland,EE,1936,49.79379999999999
Poland,EE,1937,53.416599999999995
Poland,EE,1938,57.03939999999999
Poland,EE,1939,60.6622
Poland,EE,1940,64.285
Poland,EE,1941,62.046699999999994
Poland,EE,1942,59.8084
Poland,EE,1943,57.5701
Poland,EE,1944,55.3318
Poland,EE,1945,53.0935
Poland,EE,1946,50.855199999999996
Poland,EE,1947,48.6169
Poland,EE,1948,46.3786
Poland,EE,1949,44.140299999999996
Poland,EE,1950,41.902
Poland,EE,1951,43.7128
Poland,EE,1952,45.5236
Poland,EE,1953,47.3344
Poland,EE,1954,49.1452
Poland,EE,1955,50.956
Poland,EE,1956,52.7668
Poland,EE,1957,54.5776
Poland,EE,1958,56.3884
Poland,EE,1959,58.1992
Poland,EE,1960,60.01
Poland,EE,1961,63.2226
Poland,EE,1962,66.4352
Poland,EE,1963,69.64779999999999
Poland,EE,1964,72.8604
Poland,EE,1965,76.073
Poland,EE,1966,79.28559999999999
Poland,EE,1967,82.4982
Poland,EE,1968,85.71079999999999
Poland,EE,1969,88.92339999999999
Poland,EE,1970,92.136
Poland,EE,1971,96.4968
Poland,EE,1972,100.85759999999999
Poland,EE,1973,105.2184
Poland,EE,1974,109.5792
Poland,EE,1975,113.94
Poland,EE,1976,118.3008
Poland,EE,1977,122.66159999999999
Poland,EE,1978,127.0224
Poland,EE,1979,131.3832
Poland,EE,1980,135.744
Poland,EE,1981,133.2994
Poland,EE,1982,130.8548
Poland,EE,1983,128.4102
Poland,EE,1984,125.9656
Poland,EE,1985,123.521
Poland,EE,1986,121.0764
Poland,EE,1987,118.6318
Poland,EE,1988,116.1872
Poland,EE,1989,113.7426
Poland,EE,1990,111.298
Poland,EE,1991,109.5762
Poland,EE,1992,107.8544
Poland,EE,1993,106.1326
Poland,EE,1994,104.4108
Poland,EE,1995,102.689
Poland,EE,1996,100.96719999999999
Poland,EE,1997,99.2454
Poland,EE,1998,97.5236
Poland,EE,1999,95.8018
Poland,EE,2000,94.08
Poland,EE,2001,95.3403
Poland,EE,2002,96.6006
Poland,EE,2003,97.8609
Poland,EE,2004,99.1212
Poland,EE,2005,100.3815
Poland,EE,2006,101.6418
Poland,EE,2007,102.9021
Poland,EE,2008,104.1624
Poland,EE,2009,105.4227
Poland,EE,2010,106.683
Poland,EE,2011,106.5687
Poland,EE,2012,106.4544
Poland,EE,2013,106.3401
Poland,EE,2014,106.2258
Poland,EE,2015,106.1115
Poland,EE,2016,105.9972
Poland,EE,2017,105.8829
Poland,EE,2018,105.7686
Poland,EE,2019,105.6543
Poland,EE,2020,105.54
Romania,EE,1820,2.744
Romania,EE,1821,2.7654
Romania,EE,1822,2.7868000000000004
Romania,EE,1823,2.8082000000000003
Romania,EE,1824,2.8296
Romania,EE,1825,2.851
Romania,EE,1826,2.8724000000000003
Romania,EE,1827,2.8938
Romania,EE,1828,2.9152
Romania,EE,1829,2.9366000000000003
Romania,EE,1830,2.958
Romania,EE,1831,2.9809
Romania,EE,1832,3.0038
Romania,EE,1833,3.0267
Romania,EE,1834,3.0496
Romania,EE,1835,3.0725
Romania,EE,1836,3.0954
Romania,EE,1837,3.1183
Romania,EE,1838,3.1412
Romania,EE,1839,3.1641
Romania,EE,1840,3.187
Romania,EE,1841,3.2117
Romania,EE,1842,3.2363999999999997
Romania,EE,1843,3.2611
Romania,EE,1844,3.2858
Romania,EE,1845,3.3105
Romania,EE,1846,3.3352
Romania,EE,1847,3.3599
Romania,EE,1848,3.3846000000000003
Romania,EE,1849,3.4093
Romania,EE,1850,3.434
Romania,EE,1851,3.4498
Romania,EE,1852,3.4656000000000002
Romania,EE,1853,3.4814000000000003
Romania,EE,1854,3.4972000000000003
Romania,EE,1855,3.513
Romania,EE,1856,3.5288
Romania,EE,1857,3.5446
Romania,EE,1858,3.5604
Romania,EE,1859,3.5762
Romania,EE,1860,3.592
Romania,EE,1861,3.6198
Romania,EE,1862,3.6476
Romania,EE,1863,3.6754000000000002
Romania,EE,1864,3.7032000000000003
Romania,EE,1865,3.731
Romania,EE,1866,3.7588
Romania,EE,1867,3.7866
Romania,EE,1868,3.8144
Romania,EE,1869,3.8422
Romania,EE,1870,3.87
Romania,EE,1871,3.8896
Romania,EE,1872,3.9092000000000002
Romania,EE,1873,3.9288
Romania,EE,1874,3.9484
Romania,EE,1875,3.968
Romania,EE,1876,3.9876
Romania,EE,1877,4.0072
Romania,EE,1878,4.0268
Romania,EE,1879,4.0464
Romania,EE,1880,4.066
Romania,EE,1881,4.0950999999999995
Romania,EE,1882,4.1242
Romania,EE,1883,4.1533
Romania,EE,1884,4.1824
Romania,EE,1885,4.2115
Romania,EE,1886,4.2406
Romania,EE,1887,4.2697
Romania,EE,1888,4.2988
Romania,EE,1889,4.3279000000000005
Romania,EE,1890,4.357
Romania,EE,1891,4.3924
Romania,EE,1892,4.4278
Romania,EE,1893,4.4632000000000005
Romania,EE,1894,4.498600000000001
Romania,EE,1895,4.534000000000001
Romania,EE,1896,4.5694
Romania,EE,1897,4.6048
Romania,EE,1898,4.6402
Romania,EE,1899,4.6756
Romania,EE,1900,4.711
Romania,EE,1901,4.7813
Romania,EE,1902,4.8516
Romania,EE,1903,4.9219
Romania,EE,1904,4.9922
Romania,EE,1905,5.0625
Romania,EE,1906,5.1328
Romania,EE,1907,5.2031
Romania,EE,1908,5.2734
Romania,EE,1909,5.3437
Romania,EE,1910,5.414
Romania,EE,1911,5.4521999999999995
Romania,EE,1912,5.4904
Romania,EE,1913,5.5286
Romania,EE,1914,5.5668
Romania,EE,1915,5.605
Romania,EE,1916,5.6432
Romania,EE,1917,5.6814
Romania,EE,1918,5.7196
Romania,EE,1919,5.7578000000000005
Romania,EE,1920,5.796
Romania,EE,1921,6.0846
Romania,EE,1922,6.373200000000001
Romania,EE,1923,6.6618
Romania,EE,1924,6.9504
Romania,EE,1925,7.239000000000001
Romania,EE,1926,7.5276000000000005
Romania,EE,1927,7.8162
Romania,EE,1928,8.104800000000001
Romania,EE,1929,8.3934
Romania,EE,1930,8.682
Romania,EE,1931,9.1753
Romania,EE,1932,9.6686
Romania,EE,1933,10.1619
Romania,EE,1934,10.6552
Romania,EE,1935,11.1485
Romania,EE,1936,11.6418
Romania,EE,1937,12.1351
Romania,EE,1938,12.6284
Romania,EE,1939,13.1217
Romania,EE,1940,13.615
Romania,EE,1941,13.505
Romania,EE,1942,13.395
Romania,EE,1943,13.285
Romania,EE,1944,13.175
Romania,EE,1945,13.065000000000001
Romania,EE,1946,12.955
Romania,EE,1947,12.845
Romania,EE,1948,12.735000000000001
Romania,EE,1949,12.625
Romania,EE,1950,12.515
Romania,EE,1951,13.728
Romania,EE,1952,14.941
Romania,EE,1953,16.154
Romania,EE,1954,17.367
Romania,EE,1955,18.58
Romania,EE,1956,19.793
Romania,EE,1957,21.006
Romania,EE,1958,22.219
Romania,EE,1959,23.432
Romania,EE,1960,24.645
Romania,EE,1961,26.5379
Romania,EE,1962,28.430799999999998
Romania,EE,1963,30.3237
Romania,EE,1964,32.2166
Romania,EE,1965,34.1095
Romania,EE,1966,36.002399999999994
Romania,EE,1967,37.8953
Romania,EE,1968,39.788199999999996
Romania,EE,1969,41.6811
Romania,EE,1970,43.574
Romania,EE,1971,46.155899999999995
Romania,EE,1972,48.7378
Romania,EE,1973,51.3197
Romania,EE,1974,53.9016
Romania,EE,1975,56.4835
Romania,EE,1976,59.0654
Romania,EE,1977,61.6473
Romania,EE,1978,64.22919999999999
Romania,EE,1979,66.8111
Romania,EE,1980,69.393
Romania,EE,1981,69.0463
Romania,EE,1982,68.6996
Romania,EE,1983,68.3529
Romania,EE,1984,68.0062
Romania,EE,1985,67.65950000000001
Romania,EE,1986,67.3128
Romania,EE,1987,66.9661
Romania,EE,1988,66.6194
Romania,EE,1989,66.2727
Romania,EE,1990,65.926
Romania,EE,1991,63.1353
Romania,EE,1992,60.3446
Romania,EE,1993,57.5539
Romania,EE,1994,54.7632
Romania,EE,1995,51.9725
Romania,EE,1996,49.1818
Romania,EE,1997,46.3911
Romania,EE,1998,43.6004
Romania,EE,1999,40.8097
Romania,EE,2000,38.019
Romania,EE,2001,37.7885
Romania,EE,2002,37.558
Romania,EE,2003,37.3275
Romania,EE,2004,37.097
Romania,EE,2005,36.8665
Romania,EE,2006,36.635999999999996
Romania,EE,2007,36.405499999999996
Romania,EE,2008,36.175
Romania,EE,2009,35.9445
Romania,EE,2010,35.714
Romania,EE,2011,35.6829
Romania,EE,2012,35.6518
Romania,EE,2013,35.6207
Romania,EE,2014,35.5896
Romania,EE,2015,35.558499999999995
Romania,EE,2016,35.5274
Romania,EE,2017,35.4963
Romania,EE,2018,35.465199999999996
Romania,EE,2019,35.4341
Romania,EE,2020,35.403
Yugoslavia,EE,1820,2.24
Yugoslavia,EE,1821,2.2507
Yugoslavia,EE,1822,2.2614
Yugoslavia,EE,1823,2.2721
Yugoslavia,EE,1824,2.2828
Yugoslavia,EE,1825,2.2935
Yugoslavia,EE,1826,2.3042000000000002
Yugoslavia,EE,1827,2.3149
Yugoslavia,EE,1828,2.3256
Yugoslavia,EE,1829,2.3363
Yugoslavia,EE,1830,2.347
Yugoslavia,EE,1831,2.3582
Yugoslavia,EE,1832,2.3694
Yugoslavia,EE,1833,2.3806
Yugoslavia,EE,1834,2.3918
Yugoslavia,EE,1835,2.403
Yugoslavia,EE,1836,2.4142
Yugoslavia,EE,1837,2.4254000000000002
Yugoslavia,EE,1838,2.4366
Yugoslavia,EE,1839,2.4478
Yugoslavia,EE,1840,2.459
Yugoslavia,EE,1841,2.4706
Yugoslavia,EE,1842,2.4822
Yugoslavia,EE,1843,2.4938000000000002
Yugoslavia,EE,1844,2.5054000000000003
Yugoslavia,EE,1845,2.5170000000000003
Yugoslavia,EE,1846,2.5286
Yugoslavia,EE,1847,2.5402
Yugoslavia,EE,1848,2.5518
Yugoslavia,EE,1849,2.5634
Yugoslavia,EE,1850,2.575
Yugoslavia,EE,1851,2.6124
Yugoslavia,EE,1852,2.6498
Yugoslavia,EE,1853,2.6872000000000003
Yugoslavia,EE,1854,2.7246
Yugoslavia,EE,1855,2.762
Yugoslavia,EE,1856,2.7994
Yugoslavia,EE,1857,2.8367999999999998
Yugoslavia,EE,1858,2.8742
Yugoslavia,EE,1859,2.9116
Yugoslavia,EE,1860,2.949
Yugoslavia,EE,1861,3.002
Yugoslavia,EE,1862,3.0549999999999997
Yugoslavia,EE,1863,3.108
Yugoslavia,EE,1864,3.161
Yugoslavia,EE,1865,3.214
Yugoslavia,EE,1866,3.267
Yugoslavia,EE,1867,3.32
Yugoslavia,EE,1868,3.373
Yugoslavia,EE,1869,3.426
Yugoslavia,EE,1870,3.479
Yugoslavia,EE,1871,3.5037000000000003
Yugoslavia,EE,1872,3.5284
Yugoslavia,EE,1873,3.5531
Yugoslavia,EE,1874,3.5778
Yugoslavia,EE,1875,3.6025
Yugoslavia,EE,1876,3.6272
Yugoslavia,EE,1877,3.6519
Yugoslavia,EE,1878,3.6766
Yugoslavia,EE,1879,3.7013
Yugoslavia,EE,1880,3.726
Yugoslavia,EE,1881,3.7458
Yugoslavia,EE,1882,3.7656
Yugoslavia,EE,1883,3.7854
Yugoslavia,EE,1884,3.8052
Yugoslavia,EE,1885,3.825
Yugoslavia,EE,1886,3.8447999999999998
Yugoslavia,EE,1887,3.8646
Yugoslavia,EE,1888,3.8844
Yugoslavia,EE,1889,3.9042
Yugoslavia,EE,1890,3.924
Yugoslavia,EE,1891,3.9978
Yugoslavia,EE,1892,4.0716
Yugoslavia,EE,1893,4.1453999999999995
Yugoslavia,EE,1894,4.2192
Yugoslavia,EE,1895,4.293
Yugoslavia,EE,1896,4.3668
Yugoslavia,EE,1897,4.4406
Yugoslavia,EE,1898,4.5144
Yugoslavia,EE,1899,4.5882
Yugoslavia,EE,1900,4.662
Yugoslavia,EE,1901,4.7044999999999995
Yugoslavia,EE,1902,4.747
Yugoslavia,EE,1903,4.7895
Yugoslavia,EE,1904,4.832
Yugoslavia,EE,1905,4.874499999999999
Yugoslavia,EE,1906,4.917
Yugoslavia,EE,1907,4.9595
Yugoslavia,EE,1908,5.002
Yugoslavia,EE,1909,5.044499999999999
Yugoslavia,EE,1910,5.087
Yugoslavia,EE,1911,5.0916
Yugoslavia,EE,1912,5.0962
Yugoslavia,EE,1913,5.1008
Yugoslavia,EE,1914,5.1053999999999995
Yugoslavia,EE,1915,5.109999999999999
Yugoslavia,EE,1916,5.1146
Yugoslavia,EE,1917,5.1192
Yugoslavia,EE,1918,5.1238
Yugoslavia,EE,1919,5.1284
Yugoslavia,EE,1920,5.133
Yugoslavia,EE,1921,5.2744
Yugoslavia,EE,1922,5.4158
Yugoslavia,EE,1923,5.5572
Yugoslavia,EE,1924,5.6986
Yugoslavia,EE,1925,5.84
Yugoslavia,EE,1926,5.9814
Yugoslavia,EE,1927,6.1228
Yugoslavia,EE,1928,6.2642
Yugoslavia,EE,1929,6.4056
Yugoslavia,EE,1930,6.547
Yugoslavia,EE,1931,6.594799999999999
Yugoslavia,EE,1932,6.6426
Yugoslavia,EE,1933,6.6904
Yugoslavia,EE,1934,6.7382
Yugoslavia,EE,1935,6.786
Yugoslavia,EE,1936,6.8338
Yugoslavia,EE,1937,6.881600000000001
Yugoslavia,EE,1938,6.9294
Yugoslavia,EE,1939,6.9772
Yugoslavia,EE,1940,7.025
Yugoslavia,EE,1941,7.2489
Yugoslavia,EE,1942,7.4728
Yugoslavia,EE,1943,7.6967
Yugoslavia,EE,1944,7.9206
Yugoslavia,EE,1945,8.1445
Yugoslavia,EE,1946,8.3684
Yugoslavia,EE,1947,8.5923
Yugoslavia,EE,1948,8.8162
Yugoslavia,EE,1949,9.040099999999999
Yugoslavia,EE,1950,9.264
Yugoslavia,EE,1951,9.6763
Yugoslavia,EE,1952,10.0886
Yugoslavia,EE,1953,10.5009
Yugoslavia,EE,1954,10.9132
Yugoslavia,EE,1955,11.3255
Yugoslavia,EE,1956,11.7378
Yugoslavia,EE,1957,12.1501
Yugoslavia,EE,1958,12.5624
Yugoslavia,EE,1959,12.9747
Yugoslavia,EE,1960,13.387
Yugoslavia,EE,1961,14.330400000000001
Yugoslavia,EE,1962,15.273800000000001
Yugoslavia,EE,1963,16.217200000000002
Yugoslavia,EE,1964,17.160600000000002
Yugoslavia,EE,1965,18.104
Yugoslavia,EE,1966,19.047400000000003
Yugoslavia,EE,1967,19.9908
Yugoslavia,EE,1968,20.9342
Yugoslavia,EE,1969,21.8776
Yugoslavia,EE,1970,22.821
Yugoslavia,EE,1971,24.335900000000002
Yugoslavia,EE,1972,25.8508
Yugoslavia,EE,1973,27.3657
Yugoslavia,EE,1974,28.8806
Yugoslavia,EE,1975,30.3955
Yugoslavia,EE,1976,31.9104
Yugoslavia,EE,1977,33.4253
Yugoslavia,EE,1978,34.9402
Yugoslavia,EE,1979,36.4551
Yugoslavia,EE,1980,37.97
Yugoslavia,EE,1981,39.0741
Yugoslavia,EE,1982,40.1782
Yugoslavia,EE,1983,41.2823
Yugoslavia,EE,1984,42.3864
Yugoslavia,EE,1985,43.4905
Yugoslavia,EE,1986,44.5946
Yugoslavia,EE,1987,45.6987
Yugoslavia,EE,1988,46.802800000000005
Yugoslavia,EE,1989,47.9069
Yugoslavia,EE,1990,49.011
Yugoslavia,EE,1991,48.0901
Yugoslavia,EE,1992,47.169200000000004
Yugoslavia,EE,1993,46.2483
Yugoslavia,EE,1994,45.327400000000004
Yugoslavia,EE,1995,44.4065
Yugoslavia,EE,1996,43.485600000000005
Yugoslavia,EE,1997,42.5647
Yugoslavia,EE,1998,41.6438
Yugoslavia,EE,1999,40.7229
Yugoslavia,EE,2000,39.802
Yugoslavia,EE,2001,40.3553
Yugoslavia,EE,2002,40.9086
Yugoslavia,EE,2003,41.4619
Yugoslavia,EE,2004,42.0152
Yugoslavia,EE,2005,42.5685
Yugoslavia,EE,2006,43.1218
Yugoslavia,EE,2007,43.6751
Yugoslavia,EE,2008,44.2284
Yugoslavia,EE,2009,44.7817
Yugoslavia,EE,2010,45.335
Yugoslavia,EE,2011,45.2539
Yugoslavia,EE,2012,45.1728
Yugoslavia,EE,2013,45.0917
Yugoslavia,EE,2014,45.010600000000004
Yugoslavia,EE,2015,44.929500000000004
Yugoslavia,EE,2016,44.8484
Yugoslavia,EE,2017,44.7673
Yugoslavia,EE,2018,44.6862
Yugoslavia,EE,2019,44.6051
Yugoslavia,EE,2020,44.524
F. USSR,EE,1820,23.524
F. USSR,EE,1821,23.7701
F. USSR,EE,1822,24.0162
F. USSR,EE,1823,24.2623
F. USSR,EE,1824,24.5084
F. USSR,EE,1825,24.7545
F. USSR,EE,1826,25.0006
F. USSR,EE,1827,25.2467
F. USSR,EE,1828,25.4928
F. USSR,EE,1829,25.7389
F. USSR,EE,1830,25.985
F. USSR,EE,1831,26.2551
F. USSR,EE,1832,26.525199999999998
F. USSR,EE,1833,26.7953
F. USSR,EE,1834,27.0654
F. USSR,EE,1835,27.3355
F. USSR,EE,1836,27.6056
F. USSR,EE,1837,27.8757
F. USSR,EE,1838,28.1458
F. USSR,EE,1839,28.4159
F. USSR,EE,1840,28.686
F. USSR,EE,1841,28.9865
F. USSR,EE,1842,29.287
F. USSR,EE,1843,29.5875
F. USSR,EE,1844,29.887999999999998
F. USSR,EE,1845,30.188499999999998
F. USSR,EE,1846,30.489
F. USSR,EE,1847,30.7895
F. USSR,EE,1848,31.09
F. USSR,EE,1849,31.3905
F. USSR,EE,1850,31.691
F. USSR,EE,1851,31.933
F. USSR,EE,1852,32.175
F. USSR,EE,1853,32.417
F. USSR,EE,1854,32.659
F. USSR,EE,1855,32.900999999999996
F. USSR,EE,1856,33.143
F. USSR,EE,1857,33.385
F. USSR,EE,1858,33.626999999999995
F. USSR,EE,1859,33.869
F. USSR,EE,1860,34.111
F. USSR,EE,1861,34.549099999999996
F. USSR,EE,1862,34.987199999999994
F. USSR,EE,1863,35.4253
F. USSR,EE,1864,35.8634
F. USSR,EE,1865,36.3015
F. USSR,EE,1866,36.739599999999996
F. USSR,EE,1867,37.177699999999994
F. USSR,EE,1868,37.6158
F. USSR,EE,1869,38.0539
F. USSR,EE,1870,38.492
F. USSR,EE,1871,39.1877
F. USSR,EE,1872,39.883399999999995
F. USSR,EE,1873,40.5791
F. USSR,EE,1874,41.2748
F. USSR,EE,1875,41.9705
F. USSR,EE,1876,42.666199999999996
F. USSR,EE,1877,43.3619
F. USSR,EE,1878,44.0576
F. USSR,EE,1879,44.753299999999996
F. USSR,EE,1880,45.449
F. USSR,EE,1881,46.2249
F. USSR,EE,1882,47.0008
F. USSR,EE,1883,47.7767
F. USSR,EE,1884,48.5526
F. USSR,EE,1885,49.3285
F. USSR,EE,1886,50.1044
F. USSR,EE,1887,50.8803
F. USSR,EE,1888,51.6562
F. USSR,EE,1889,52.4321
F. USSR,EE,1890,53.208
F. USSR,EE,1891,55.2253
F. USSR,EE,1892,57.242599999999996
F. USSR,EE,1893,59.2599
F. USSR,EE,1894,61.2772
F. USSR,EE,1895,63.2945
F. USSR,EE,1896,65.3118
F. USSR,EE,1897,67.3291
F. USSR,EE,1898,69.3464
F. USSR,EE,1899,71.3637
F. USSR,EE,1900,73.381
F. USSR,EE,1901,74.5888
F. USSR,EE,1902,75.7966
F. USSR,EE,1903,77.0044
F. USSR,EE,1904,78.2122
F. USSR,EE,1905,79.42
F. USSR,EE,1906,80.62780000000001
F. USSR,EE,1907,81.8356
F. USSR,EE,1908,83.0434
F. USSR,EE,1909,84.2512
F. USSR,EE,1910,85.459
F. USSR,EE,1911,83.2392
F. USSR,EE,1912,81.0194
F. USSR,EE,1913,78.7996
F. USSR,EE,1914,76.5798
F. USSR,EE,1915,74.36
F. USSR,EE,1916,72.14020000000001
F. USSR,EE,1917,69.9204
F. USSR,EE,1918,67.70060000000001
F. USSR,EE,1919,65.4808
F. USSR,EE,1920,63.261
F. USSR,EE,1921,67.379
F. USSR,EE,1922,71.497
F. USSR,EE,1923,75.61500000000001
F. USSR,EE,1924,79.733
F. USSR,EE,1925,83.851
F. USSR,EE,1926,87.96900000000001
F. USSR,EE,1927,92.087
F. USSR,EE,1928,96.20500000000001
F. USSR,EE,1929,100.32300000000001
F. USSR,EE,1930,104.441
F. USSR,EE,1931,114.2167
F. USSR,EE,1932,123.9924
F. USSR,EE,1933,133.7681
F. USSR,EE,1934,143.5438
F. USSR,EE,1935,153.3195
F. USSR,EE,1936,163.0952
F. USSR,EE,1937,172.8709
F. USSR,EE,1938,182.6466
F. USSR,EE,1939,192.4223
F. USSR,EE,1940,202.198
F. USSR,EE,1941,207.1193
F. USSR,EE,1942,212.0406
F. USSR,EE,1943,216.9619
F. USSR,EE,1944,221.88320000000002
F. USSR,EE,1945,226.80450000000002
F. USSR,EE,1946,231.7258
F. USSR,EE,1947,236.6471
F. USSR,EE,1948,241.5684
F. USSR,EE,1949,246.4897
F. USSR,EE,1950,251.411
F. USSR,EE,1951,278.8583
F. USSR,EE,1952,306.3056
F. USSR,EE,1953,333.7529
F. USSR,EE,1954,361.2002
F. USSR,EE,1955,388.64750000000004
F. USSR,EE,1956,416.0948
F. USSR,EE,1957,443.5421
F. USSR,EE,1958,470.98940000000005
F. USSR,EE,1959,498.43670000000003
F. USSR,EE,1960,525.884
F. USSR,EE,1961,552.2532
F. USSR,EE,1962,578.6224
F. USSR,EE,1963,604.9916000000001
F. USSR,EE,1964,631.3608
F. USSR,EE,1965,657.73
F. USSR,EE,1966,684.0992
F. USSR,EE,1967,710.4684
F. USSR,EE,1968,736.8376000000001
F. USSR,EE,1969,763.2068
F. USSR,EE,1970,789.576
F. USSR,EE,1971,828.1189
F. USSR,EE,1972,866.6618000000001
F. USSR,EE,1973,905.2047
F. USSR,EE,1974,943.7476
F. USSR,EE,1975,982.2905000000001
F. USSR,EE,1976,1020.8334000000001
F. USSR,EE,1977,1059.3763000000001
F. USSR,EE,1978,1097.9192
F. USSR,EE,1979,1136.4621000000002
F. USSR,EE,1980,1175.005
F. USSR,EE,1981,1198.3744000000002
F. USSR,EE,1982,1221.7438000000002
F. USSR,EE,1983,1245.1132
F. USSR,EE,1984,1268.4826
F. USSR,EE,1985,1291.852
F. USSR,EE,1986,1315.2214000000001
F. USSR,EE,1987,1338.5908000000002
F. USSR,EE,1988,1361.9602
F. USSR,EE,1989,1385.3296
F. USSR,EE,1990,1408.699
F. USSR,EE,1991,1359.4022
F. USSR,EE,1992,1310.1054000000001
F. USSR,EE,1993,1260.8086
F. USSR,EE,1994,1211.5118
F. USSR,EE,1995,1162.2150000000001
F. USSR,EE,1996,1112.9182
F. USSR,EE,1997,1063.6214
F. USSR,EE,1998,1014.3246
F. USSR,EE,1999,965.0278000000001
F. USSR,EE,2000,915.731
F. USSR,EE,2001,923.1194
F. USSR,EE,2002,930.5078
F. USSR,EE,2003,937.8962
F. USSR,EE,2004,945.2846
F. USSR,EE,2005,952.673
F. USSR,EE,2006,960.0614
F. USSR,EE,2007,967.4498
F. USSR,EE,2008,974.8382
F. USSR,EE,2009,982.2266
F. USSR,EE,2010,989.615
F. USSR,EE,2011,989.6178
F. USSR,EE,2012,989.6206
F. USSR,EE,2013,989.6234000000001
F. USSR,EE,2014,989.6262
F. USSR,EE,2015,989.629
F. USSR,EE,2016,989.6318
F. USSR,EE,2017,989.6346
F. USSR,EE,2018,989.6374000000001
F. USSR,EE,2019,989.6402
F. USSR,EE,2020,989.643
Canada,,1820,1.791
Canada,,1821,1.9272
Canada,,1822,2.0634
Canada,,1823,2.1996
Canada,,1824,2.3358
Canada,,1825,2.472
Canada,,1826,2.6082
Canada,,1827,2.7444
Canada,,1828,2.8806000000000003
Canada,,1829,3.0168
Canada,,1830,3.153
Canada,,1831,3.2437
Canada,,1832,3.3344
Canada,,1833,3.4251
Canada,,1834,3.5158
Canada,,1835,3.6064999999999996
Canada,,1836,3.6971999999999996
Canada,,1837,3.7878999999999996
Canada,,1838,3.8785999999999996
Canada,,1839,3.9692999999999996
Canada,,1840,4.06
Canada,,1841,4.320399999999999
Canada,,1842,4.5808
Canada,,1843,4.8412
Canada,,1844,5.1015999999999995
Canada,,1845,5.362
Canada,,1846,5.6224
Canada,,1847,5.8828
Canada,,1848,6.1432
Canada,,1849,6.4036
Canada,,1850,6.664
Canada,,1851,6.9028
Canada,,1852,7.1415999999999995
Canada,,1853,7.3804
Canada,,1854,7.619199999999999
Canada,,1855,7.858
Canada,,1856,8.0968
Canada,,1857,8.3356
Canada,,1858,8.574399999999999
Canada,,1859,8.8132
Canada,,1860,9.052
Canada,,1861,9.2025
Canada,,1862,9.353
Canada,,1863,9.503499999999999
Canada,,1864,9.654
Canada,,1865,9.8045
Canada,,1866,9.955
Canada,,1867,10.1055
Canada,,1868,10.256
Canada,,1869,10.406500000000001
Canada,,1870,10.557
Canada,,1871,10.7218
Canada,,1872,10.8866
Canada,,1873,11.051400000000001
Canada,,1874,11.2162
Canada,,1875,11.381
Canada,,1876,11.5458
Canada,,1877,11.7106
Canada,,1878,11.8754
Canada,,1879,12.0402
Canada,,1880,12.205
Canada,,1881,12.3865
Canada,,1882,12.568
Canada,,1883,12.7495
Canada,,1884,12.931
Canada,,1885,13.1125
Canada,,1886,13.294
Canada,,1887,13.4755
Canada,,1888,13.657
Canada,,1889,13.8385
Canada,,1890,14.02
Canada,,1891,14.1227
Canada,,1892,14.2254
Canada,,1893,14.3281
Canada,,1894,14.4308
Canada,,1895,14.5335
Canada,,1896,14.6362
Canada,,1897,14.738900000000001
Canada,,1898,14.8416
Canada,,1899,14.9443
Canada,,1900,15.047
Canada,,1901,15.9427
Canada,,1902,16.8384
Canada,,1903,17.7341
Canada,,1904,18.6298
Canada,,1905,19.5255
Canada,,1906,20.4212
Canada,,1907,21.3169
Canada,,1908,22.212600000000002
Canada,,1909,23.1083
Canada,,1910,24.004
Canada,,1911,24.8973
Canada,,1912,25.7906
Canada,,1913,26.6839
Canada,,1914,27.5772
Canada,,1915,28.4705
Canada,,1916,29.363799999999998
Canada,,1917,30.257099999999998
Canada,,1918,31.150399999999998
Canada,,1919,32.0437
Canada,,1920,32.937
Canada,,1921,33.462399999999995
Canada,,1922,33.9878
Canada,,1923,34.5132
Canada,,1924,35.0386
Canada,,1925,35.564
Canada,,1926,36.0894
Canada,,1927,36.6148
Canada,,1928,37.1402
Canada,,1929,37.665600000000005
Canada,,1930,38.191
Canada,,1931,38.492000000000004
Canada,,1932,38.793
Canada,,1933,39.094
Canada,,1934,39.395
Canada,,1935,39.696
Canada,,1936,39.997
Canada,,1937,40.298
Canada,,1938,40.599000000000004
Canada,,1939,40.9
Canada,,1940,41.201
Canada,,1941,43.021
Canada,,1942,44.841
Canada,,1943,46.661
Canada,,1944,48.481
Canada,,1945,50.301
Canada,,1946,52.121
Canada,,1947,53.941
Canada,,1948,55.761
Canada,,1949,57.581
Canada,,1950,59.401
Canada,,1951,61.211400000000005
Canada,,1952,63.0218
Canada,,1953,64.8322
Canada,,1954,66.6426
Canada,,1955,68.453
Canada,,1956,70.26339999999999
Canada,,1957,72.07379999999999
Canada,,1958,73.88419999999999
Canada,,1959,75.6946
Canada,,1960,77.505
Canada,,1961,82.2599
Canada,,1962,87.0148
Canada,,1963,91.7697
Canada,,1964,96.52459999999999
Canada,,1965,101.2795
Canada,,1966,106.0344
Canada,,1967,110.7893
Canada,,1968,115.5442
Canada,,1969,120.29910000000001
Canada,,1970,125.054
Canada,,1971,132.0182
Canada,,1972,138.9824
Canada,,1973,145.9466
Canada,,1974,152.9108
Canada,,1975,159.875
Canada,,1976,166.8392
Canada,,1977,173.8034
Canada,,1978,180.76760000000002
Canada,,1979,187.7318
Canada,,1980,194.696
Canada,,1981,197.904
Canada,,1982,201.112
Canada,,1983,204.32
Canada,,1984,207.528
Canada,,1985,210.736
Canada,,1986,213.94400000000002
Canada,,1987,217.15200000000002
Canada,,1988,220.36
Canada,,1989,223.568
Canada,,1990,226.776
Canada,,1991,229.8538
Canada,,1992,232.9316
Canada,,1993,236.0094
Canada,,1994,239.0872
Canada,,1995,242.165
Canada,,1996,245.2428
Canada,,1997,248.32059999999998
Canada,,1998,251.39839999999998
Canada,,1999,254.47619999999998
Canada,,2000,257.554
Canada,,2001,259.938
Canada,,2002,262.322
Canada,,2003,264.70599999999996
Canada,,2004,267.09
Canada,,2005,269.474
Canada,,2006,271.858
Canada,,2007,274.242
Canada,,2008,276.626
Canada,,2009,279.01
Canada,,2010,281.394
Canada,,2011,282.7043
Canada,,2012,284.01460000000003
Canada,,2013,285.3249
Canada,,2014,286.6352
Canada,,2015,287.94550000000004
Canada,,2016,289.2558
Canada,,2017,290.5661
Canada,,2018,291.8764
Canada,,2019,293.18670000000003
Canada,,2020,294.497
USA,,1820,25.563
USA,,1821,26.496
USA,,1822,27.429
USA,,1823,28.362
USA,,1824,29.294999999999998
USA,,1825,30.228
USA,,1826,31.161
USA,,1827,32.094
USA,,1828,33.027
USA,,1829,33.96
USA,,1830,34.893
USA,,1831,36.192
USA,,1832,37.491
USA,,1833,38.79
USA,,1834,40.089
USA,,1835,41.388000000000005
USA,,1836,42.687
USA,,1837,43.986000000000004
USA,,1838,45.285000000000004
USA,,1839,46.584
USA,,1840,47.883
USA,,1841,49.7379
USA,,1842,51.592800000000004
USA,,1843,53.447700000000005
USA,,1844,55.302600000000005
USA,,1845,57.1575
USA,,1846,59.0124
USA,,1847,60.8673
USA,,1848,62.7222
USA,,1849,64.5771
USA,,1850,66.432
USA,,1851,68.9895
USA,,1852,71.547
USA,,1853,74.1045
USA,,1854,76.662
USA,,1855,79.21950000000001
USA,,1856,81.777
USA,,1857,84.3345
USA,,1858,86.892
USA,,1859,89.4495
USA,,1860,92.007
USA,,1861,93.983
USA,,1862,95.959
USA,,1863,97.935
USA,,1864,99.911
USA,,1865,101.887
USA,,1866,103.863
USA,,1867,105.839
USA,,1868,107.815
USA,,1869,109.791
USA,,1870,111.767
USA,,1871,115.071
USA,,1872,118.375
USA,,1873,121.679
USA,,1874,124.98299999999999
USA,,1875,128.28699999999998
USA,,1876,131.591
USA,,1877,134.89499999999998
USA,,1878,138.19899999999998
USA,,1879,141.503
USA,,1880,144.807
USA,,1881,150.48809999999997
USA,,1882,156.1692
USA,,1883,161.8503
USA,,1884,167.5314
USA,,1885,173.21249999999998
USA,,1886,178.8936
USA,,1887,184.5747
USA,,1888,190.2558
USA,,1889,195.93689999999998
USA,,1890,201.618
USA,,1891,208.3311
USA,,1892,215.0442
USA,,1893,221.7573
USA,,1894,228.4704
USA,,1895,235.1835
USA,,1896,241.8966
USA,,1897,248.6097
USA,,1898,255.32280000000003
USA,,1899,262.0359
USA,,1900,268.749
USA,,1901,286.7196
USA,,1902,304.6902
USA,,1903,322.6608
USA,,1904,340.6314
USA,,1905,358.602
USA,,1906,376.5726
USA,,1907,394.5432
USA,,1908,412.5138
USA,,1909,430.4844
USA,,1910,448.455
USA,,1911,460.6458
USA,,1912,472.8366
USA,,1913,485.0274
USA,,1914,497.2182
USA,,1915,509.409
USA,,1916,521.5998
USA,,1917,533.7906
USA,,1918,545.9814
USA,,1919,558.1722000000001
USA,,1920,570.363
USA,,1921,575.8062
USA,,1922,581.2494
USA,,1923,586.6926000000001
USA,,1924,592.1358
USA,,1925,597.579
USA,,1926,603.0222
USA,,1927,608.4654
USA,,1928,613.9086
USA,,1929,619.3517999999999
USA,,1930,624.795
USA,,1931,628.3452
USA,,1932,631.8954
USA,,1933,635.4456
USA,,1934,638.9958
USA,,1935,642.546
USA,,1936,646.0962
USA,,1937,649.6464
USA,,1938,653.1966
USA,,1939,656.7468
USA,,1940,660.297
USA,,1941,683.7178
USA,,1942,707.1386
USA,,1943,730.5594
USA,,1944,753.9802
USA,,1945,777.4010000000001
USA,,1946,800.8217999999999
USA,,1947,824.2426
USA,,1948,847.6634
USA,,1949,871.0842
USA,,1950,894.505
USA,,1951,920.8519
USA,,1952,947.1988
USA,,1953,973.5457
USA,,1954,999.8926
USA,,1955,1026.2395
USA,,1956,1052.5864
USA,,1957,1078.9333
USA,,1958,1105.2802
USA,,1959,1131.6271
USA,,1960,1157.974
USA,,1961,1215.7323
USA,,1962,1273.4905999999999
USA,,1963,1331.2489
USA,,1964,1389.0072
USA,,1965,1446.7655
USA,,1966,1504.5238
USA,,1967,1562.2821
USA,,1968,1620.0403999999999
USA,,1969,1677.7986999999998
USA,,1970,1735.557
USA,,1971,1756.868
USA,,1972,1778.179
USA,,1973,1799.49
USA,,1974,1820.801
USA,,1975,1842.112
USA,,1976,1863.423
USA,,1977,1884.734
USA,,1978,1906.045
USA,,1979,1927.356
USA,,1980,1948.667
USA,,1981,1969.978
USA,,1982,1991.289
USA,,1983,2012.6
USA,,1984,2033.911
USA,,1985,2055.222
USA,,1986,2076.533
USA,,1987,2097.844
USA,,1988,2119.155
USA,,1989,2140.466
USA,,1990,2161.777
USA,,1991,2198.2906000000003
USA,,1992,2234.8042
USA,,1993,2271.3178
USA,,1994,2307.8314
USA,,1995,2344.3450000000003
USA,,1996,2380.8586
USA,,1997,2417.3722
USA,,1998,2453.8858
USA,,1999,2490.3994000000002
USA,,2000,2526.913
USA,,2001,2527.6878
USA,,2002,2528.4626
USA,,2003,2529.2374
USA,,2004,2530.0122
USA,,2005,2530.7870000000003
USA,,2006,2531.5618
USA,,2007,2532.3366
USA,,2008,2533.1114000000002
USA,,2009,2533.8862
USA,,2010,2534.661
USA,,2011,2547.0986000000003
USA,,2012,2559.5362
USA,,2013,2571.9737999999998
USA,,2014,2584.4114
USA,,2015,2596.849
USA,,2016,2609.2866
USA,,2017,2621.7241999999997
USA,,2018,2634.1618
USA,,2019,2646.5994
USA,,2020,2659.037
Argentina,LA,1820,0.201
Argentina,LA,1821,0.20650000000000002
Argentina,LA,1822,0.21200000000000002
Argentina,LA,1823,0.21750000000000003
Argentina,LA,1824,0.223
Argentina,LA,1825,0.2285
Argentina,LA,1826,0.234
Argentina,LA,1827,0.23950000000000002
Argentina,LA,1828,0.245
Argentina,LA,1829,0.2505
Argentina,LA,1830,0.256
Argentina,LA,1831,0.2632
Argentina,LA,1832,0.27040000000000003
Argentina,LA,1833,0.2776
Argentina,LA,1834,0.2848
Argentina,LA,1835,0.29200000000000004
Argentina,LA,1836,0.2992
Argentina,LA,1837,0.3064
Argentina,LA,1838,0.3136
Argentina,LA,1839,0.32080000000000003
Argentina,LA,1840,0.328
Argentina,LA,1841,0.338
Argentina,LA,1842,0.34800000000000003
Argentina,LA,1843,0.358
Argentina,LA,1844,0.368
Argentina,LA,1845,0.378
Argentina,LA,1846,0.388
Argentina,LA,1847,0.398
Argentina,LA,1848,0.40800000000000003
Argentina,LA,1849,0.418
Argentina,LA,1850,0.428
Argentina,LA,1851,0.4437
Argentina,LA,1852,0.4594
Argentina,LA,1853,0.47509999999999997
Argentina,LA,1854,0.4908
Argentina,LA,1855,0.5065
Argentina,LA,1856,0.5222
Argentina,LA,1857,0.5379
Argentina,LA,1858,0.5536
Argentina,LA,1859,0.5692999999999999
Argentina,LA,1860,0.585
Argentina,LA,1861,0.5937
Argentina,LA,1862,0.6023999999999999
Argentina,LA,1863,0.6111
Argentina,LA,1864,0.6198
Argentina,LA,1865,0.6285000000000001
Argentina,LA,1866,0.6372
Argentina,LA,1867,0.6459
Argentina,LA,1868,0.6546000000000001
Argentina,LA,1869,0.6633
Argentina,LA,1870,0.672
Argentina,LA,1871,0.6900000000000001
Argentina,LA,1872,0.7080000000000001
Argentina,LA,1873,0.726
Argentina,LA,1874,0.744
Argentina,LA,1875,0.762
Argentina,LA,1876,0.78
Argentina,LA,1877,0.798
Argentina,LA,1878,0.8160000000000001
Argentina,LA,1879,0.834
Argentina,LA,1880,0.852
Argentina,LA,1881,0.9173
Argentina,LA,1882,0.9825999999999999
Argentina,LA,1883,1.0479
Argentina,LA,1884,1.1132
Argentina,LA,1885,1.1785
Argentina,LA,1886,1.2438
Argentina,LA,1887,1.3091
Argentina,LA,1888,1.3744
Argentina,LA,1889,1.4397
Argentina,LA,1890,1.505
Argentina,LA,1891,1.5727
Argentina,LA,1892,1.6403999999999999
Argentina,LA,1893,1.7081
Argentina,LA,1894,1.7757999999999998
Argentina,LA,1895,1.8435
Argentina,LA,1896,1.9112
Argentina,LA,1897,1.9788999999999999
Argentina,LA,1898,2.0465999999999998
Argentina,LA,1899,2.1143
Argentina,LA,1900,2.182
Argentina,LA,1901,2.4446
Argentina,LA,1902,2.7072
Argentina,LA,1903,2.9698
Argentina,LA,1904,3.2324
Argentina,LA,1905,3.495
Argentina,LA,1906,3.7576
Argentina,LA,1907,4.0202
Argentina,LA,1908,4.2828
Argentina,LA,1909,4.5454
Argentina,LA,1910,4.808
Argentina,LA,1911,4.8945
Argentina,LA,1912,4.981
Argentina,LA,1913,5.0675
Argentina,LA,1914,5.154
Argentina,LA,1915,5.2405
Argentina,LA,1916,5.327
Argentina,LA,1917,5.4135
Argentina,LA,1918,5.5
Argentina,LA,1919,5.5865
Argentina,LA,1920,5.673
Argentina,LA,1921,6.07
Argentina,LA,1922,6.4670000000000005
Argentina,LA,1923,6.864000000000001
Argentina,LA,1924,7.261
Argentina,LA,1925,7.658
Argentina,LA,1926,8.055
Argentina,LA,1927,8.452
Argentina,LA,1928,8.849
Argentina,LA,1929,9.246
Argentina,LA,1930,9.643
Argentina,LA,1931,9.714400000000001
Argentina,LA,1932,9.7858
Argentina,LA,1933,9.8572
Argentina,LA,1934,9.9286
Argentina,LA,1935,10.0
Argentina,LA,1936,10.0714
Argentina,LA,1937,10.1428
Argentina,LA,1938,10.2142
Argentina,LA,1939,10.285599999999999
Argentina,LA,1940,10.357
Argentina,LA,1941,10.697199999999999
Argentina,LA,1942,11.0374
Argentina,LA,1943,11.3776
Argentina,LA,1944,11.7178
Argentina,LA,1945,12.058
Argentina,LA,1946,12.3982
Argentina,LA,1947,12.7384
Argentina,LA,1948,13.0786
Argentina,LA,1949,13.418800000000001
Argentina,LA,1950,13.759
Argentina,LA,1951,14.856300000000001
Argentina,LA,1952,15.9536
Argentina,LA,1953,17.0509
Argentina,LA,1954,18.1482
Argentina,LA,1955,19.2455
Argentina,LA,1956,20.3428
Argentina,LA,1957,21.4401
Argentina,LA,1958,22.537399999999998
Argentina,LA,1959,23.634700000000002
Argentina,LA,1960,24.732
Argentina,LA,1961,25.8222
Argentina,LA,1962,26.912399999999998
Argentina,LA,1963,28.0026
Argentina,LA,1964,29.0928
Argentina,LA,1965,30.183
Argentina,LA,1966,31.2732
Argentina,LA,1967,32.3634
Argentina,LA,1968,33.4536
Argentina,LA,1969,34.5438
Argentina,LA,1970,35.634
Argentina,LA,1971,36.5431
Argentina,LA,1972,37.4522
Argentina,LA,1973,38.3613
Argentina,LA,1974,39.2704
Argentina,LA,1975,40.179500000000004
Argentina,LA,1976,41.0886
Argentina,LA,1977,41.9977
Argentina,LA,1978,42.906800000000004
Argentina,LA,1979,43.8159
Argentina,LA,1980,44.725
Argentina,LA,1981,45.0308
Argentina,LA,1982,45.336600000000004
Argentina,LA,1983,45.6424
Argentina,LA,1984,45.9482
Argentina,LA,1985,46.254000000000005
Argentina,LA,1986,46.5598
Argentina,LA,1987,46.8656
Argentina,LA,1988,47.1714
Argentina,LA,1989,47.4772
Argentina,LA,1990,47.783
Argentina,LA,1991,49.3496
Argentina,LA,1992,50.9162
Argentina,LA,1993,52.4828
Argentina,LA,1994,54.0494
Argentina,LA,1995,55.616
Argentina,LA,1996,57.1826
Argentina,LA,1997,58.7492
Argentina,LA,1998,60.315799999999996
Argentina,LA,1999,61.8824
Argentina,LA,2000,63.449
Argentina,LA,2001,65.08579999999999
Argentina,LA,2002,66.7226
Argentina,LA,2003,68.3594
Argentina,LA,2004,69.9962
Argentina,LA,2005,71.633
Argentina,LA,2006,73.2698
Argentina,LA,2007,74.9066
Argentina,LA,2008,76.54339999999999
Argentina,LA,2009,78.1802
Argentina,LA,2010,79.817
Argentina,LA,2011,80.08539999999999
Argentina,LA,2012,80.35379999999999
Argentina,LA,2013,80.62219999999999
Argentina,LA,2014,80.89059999999999
Argentina,LA,2015,81.15899999999999
Argentina,LA,2016,81.4274
Argentina,LA,2017,81.6958
Argentina,LA,2018,81.9642
Argentina,LA,2019,82.2326
Argentina,LA,2020,82.501
Bolivia,LA,1820,0.409
Bolivia,LA,1821,0.41209999999999997
Bolivia,LA,1822,0.41519999999999996
Bolivia,LA,1823,0.4183
Bolivia,LA,1824,0.4214
Bolivia,LA,1825,0.4245
Bolivia,LA,1826,0.4276
Bolivia,LA,1827,0.43069999999999997
Bolivia,LA,1828,0.4338
Bolivia,LA,1829,0.4369
Bolivia,LA,1830,0.44
Bolivia,LA,1831,0.4438
Bolivia,LA,1832,0.4476
Bolivia,LA,1833,0.4514
Bolivia,LA,1834,0.4552
Bolivia,LA,1835,0.45899999999999996
Bolivia,LA,1836,0.4628
Bolivia,LA,1837,0.4666
Bolivia,LA,1838,0.4704
Bolivia,LA,1839,0.47419999999999995
Bolivia,LA,1840,0.478
Bolivia,LA,1841,0.4829
Bolivia,LA,1842,0.4878
Bolivia,LA,1843,0.49269999999999997
Bolivia,LA,1844,0.4976
Bolivia,LA,1845,0.5025
Bolivia,LA,1846,0.5074
Bolivia,LA,1847,0.5123
Bolivia,LA,1848,0.5172
Bolivia,LA,1849,0.5221
Bolivia,LA,1850,0.527
Bolivia,LA,1851,0.5319
Bolivia,LA,1852,0.5368
Bolivia,LA,1853,0.5417
Bolivia,LA,1854,0.5466
Bolivia,LA,1855,0.5515
Bolivia,LA,1856,0.5564
Bolivia,LA,1857,0.5613
Bolivia,LA,1858,0.5661999999999999
Bolivia,LA,1859,0.5710999999999999
Bolivia,LA,1860,0.576
Bolivia,LA,1861,0.5698
Bolivia,LA,1862,0.5636
Bolivia,LA,1863,0.5574
Bolivia,LA,1864,0.5512
Bolivia,LA,1865,0.5449999999999999
Bolivia,LA,1866,0.5388
Bolivia,LA,1867,0.5326
Bolivia,LA,1868,0.5264
Bolivia,LA,1869,0.5202
Bolivia,LA,1870,0.514
Bolivia,LA,1871,0.512
Bolivia,LA,1872,0.51
Bolivia,LA,1873,0.508
Bolivia,LA,1874,0.506
Bolivia,LA,1875,0.504
Bolivia,LA,1876,0.502
Bolivia,LA,1877,0.5
Bolivia,LA,1878,0.498
Bolivia,LA,1879,0.496
Bolivia,LA,1880,0.494
Bolivia,LA,1881,0.4946
Bolivia,LA,1882,0.4952
Bolivia,LA,1883,0.4958
Bolivia,LA,1884,0.4964
Bolivia,LA,1885,0.497
Bolivia,LA,1886,0.4976
Bolivia,LA,1887,0.4982
Bolivia,LA,1888,0.4988
Bolivia,LA,1889,0.4994
Bolivia,LA,1890,0.5
Bolivia,LA,1891,0.5046
Bolivia,LA,1892,0.5092
Bolivia,LA,1893,0.5138
Bolivia,LA,1894,0.5184
Bolivia,LA,1895,0.523
Bolivia,LA,1896,0.5276000000000001
Bolivia,LA,1897,0.5322
Bolivia,LA,1898,0.5368
Bolivia,LA,1899,0.5414
Bolivia,LA,1900,0.546
Bolivia,LA,1901,0.5644
Bolivia,LA,1902,0.5828
Bolivia,LA,1903,0.6012000000000001
Bolivia,LA,1904,0.6196
Bolivia,LA,1905,0.638
Bolivia,LA,1906,0.6564
Bolivia,LA,1907,0.6748
Bolivia,LA,1908,0.6932
Bolivia,LA,1909,0.7116
Bolivia,LA,1910,0.73
Bolivia,LA,1911,0.7403
Bolivia,LA,1912,0.7505999999999999
Bolivia,LA,1913,0.7609
Bolivia,LA,1914,0.7712
Bolivia,LA,1915,0.7815
Bolivia,LA,1916,0.7918
Bolivia,LA,1917,0.8020999999999999
Bolivia,LA,1918,0.8124
Bolivia,LA,1919,0.8227
Bolivia,LA,1920,0.833
Bolivia,LA,1921,0.849
Bolivia,LA,1922,0.865
Bolivia,LA,1923,0.881
Bolivia,LA,1924,0.897
Bolivia,LA,1925,0.913
Bolivia,LA,1926,0.929
Bolivia,LA,1927,0.945
Bolivia,LA,1928,0.961
Bolivia,LA,1929,0.977
Bolivia,LA,1930,0.993
Bolivia,LA,1931,1.002
Bolivia,LA,1932,1.011
Bolivia,LA,1933,1.02
Bolivia,LA,1934,1.029
Bolivia,LA,1935,1.038
Bolivia,LA,1936,1.047
Bolivia,LA,1937,1.056
Bolivia,LA,1938,1.065
Bolivia,LA,1939,1.074
Bolivia,LA,1940,1.083
Bolivia,LA,1941,1.0947
Bolivia,LA,1942,1.1064
Bolivia,LA,1943,1.1180999999999999
Bolivia,LA,1944,1.1298
Bolivia,LA,1945,1.1415
Bolivia,LA,1946,1.1532
Bolivia,LA,1947,1.1649
Bolivia,LA,1948,1.1765999999999999
Bolivia,LA,1949,1.1883
Bolivia,LA,1950,1.2
Bolivia,LA,1951,1.2342
Bolivia,LA,1952,1.2684
Bolivia,LA,1953,1.3026
Bolivia,LA,1954,1.3368
Bolivia,LA,1955,1.371
Bolivia,LA,1956,1.4052
Bolivia,LA,1957,1.4394
Bolivia,LA,1958,1.4736
Bolivia,LA,1959,1.5078
Bolivia,LA,1960,1.542
Bolivia,LA,1961,1.5627
Bolivia,LA,1962,1.5834000000000001
Bolivia,LA,1963,1.6041
Bolivia,LA,1964,1.6248
Bolivia,LA,1965,1.6455000000000002
Bolivia,LA,1966,1.6662000000000001
Bolivia,LA,1967,1.6869
Bolivia,LA,1968,1.7076
Bolivia,LA,1969,1.7283000000000002
Bolivia,LA,1970,1.749
Bolivia,LA,1971,1.8316000000000001
Bolivia,LA,1972,1.9142000000000001
Bolivia,LA,1973,1.9968000000000001
Bolivia,LA,1974,2.0794
Bolivia,LA,1975,2.162
Bolivia,LA,1976,2.2446
Bolivia,LA,1977,2.3272000000000004
Bolivia,LA,1978,2.4098
Bolivia,LA,1979,2.4924
Bolivia,LA,1980,2.575
Bolivia,LA,1981,2.641
Bolivia,LA,1982,2.7070000000000003
Bolivia,LA,1983,2.773
Bolivia,LA,1984,2.839
Bolivia,LA,1985,2.9050000000000002
Bolivia,LA,1986,2.971
Bolivia,LA,1987,3.037
Bolivia,LA,1988,3.1029999999999998
Bolivia,LA,1989,3.169
Bolivia,LA,1990,3.235
Bolivia,LA,1991,3.4066
Bolivia,LA,1992,3.5782
Bolivia,LA,1993,3.7497999999999996
Bolivia,LA,1994,3.9213999999999998
Bolivia,LA,1995,4.093
Bolivia,LA,1996,4.2646
Bolivia,LA,1997,4.4361999999999995
Bolivia,LA,1998,4.607799999999999
Bolivia,LA,1999,4.7794
Bolivia,LA,2000,4.951
Bolivia,LA,2001,5.194699999999999
Bolivia,LA,2002,5.4384
Bolivia,LA,2003,5.6821
Bolivia,LA,2004,5.9258
Bolivia,LA,2005,6.169499999999999
Bolivia,LA,2006,6.4132
Bolivia,LA,2007,6.6569
Bolivia,LA,2008,6.9006
Bolivia,LA,2009,7.144299999999999
Bolivia,LA,2010,7.388
Bolivia,LA,2011,7.5807
Bolivia,LA,2012,7.7734
Bolivia,LA,2013,7.9661
Bolivia,LA,2014,8.1588
Bolivia,LA,2015,8.3515
Bolivia,LA,2016,8.5442
Bolivia,LA,2017,8.7369
Bolivia,LA,2018,8.929599999999999
Bolivia,LA,2019,9.1223
Bolivia,LA,2020,9.315
Brazil,LA,1820,1.693
Brazil,LA,1821,1.7221
Brazil,LA,1822,1.7512
Brazil,LA,1823,1.7803
Brazil,LA,1824,1.8094000000000001
Brazil,LA,1825,1.8385
Brazil,LA,1826,1.8676
Brazil,LA,1827,1.8967
Brazil,LA,1828,1.9258
Brazil,LA,1829,1.9549
Brazil,LA,1830,1.984
Brazil,LA,1831,2.0202
Brazil,LA,1832,2.0564
Brazil,LA,1833,2.0926
Brazil,LA,1834,2.1288
Brazil,LA,1835,2.165
Brazil,LA,1836,2.2012
Brazil,LA,1837,2.2374
Brazil,LA,1838,2.2736
Brazil,LA,1839,2.3098
Brazil,LA,1840,2.346
Brazil,LA,1841,2.3928000000000003
Brazil,LA,1842,2.4396
Brazil,LA,1843,2.4864
Brazil,LA,1844,2.5332
Brazil,LA,1845,2.58
Brazil,LA,1846,2.6268000000000002
Brazil,LA,1847,2.6736
Brazil,LA,1848,2.7204
Brazil,LA,1849,2.7672
Brazil,LA,1850,2.814
Brazil,LA,1851,2.8878
Brazil,LA,1852,2.9616000000000002
Brazil,LA,1853,3.0354
Brazil,LA,1854,3.1092
Brazil,LA,1855,3.183
Brazil,LA,1856,3.2568
Brazil,LA,1857,3.3306
Brazil,LA,1858,3.4044
Brazil,LA,1859,3.4782
Brazil,LA,1860,3.552
Brazil,LA,1861,3.5585
Brazil,LA,1862,3.565
Brazil,LA,1863,3.5715
Brazil,LA,1864,3.578
Brazil,LA,1865,3.5845000000000002
Brazil,LA,1866,3.591
Brazil,LA,1867,3.5975
Brazil,LA,1868,3.604
Brazil,LA,1869,3.6105
Brazil,LA,1870,3.617
Brazil,LA,1871,3.6739
Brazil,LA,1872,3.7308
Brazil,LA,1873,3.7877
Brazil,LA,1874,3.8446
Brazil,LA,1875,3.9015
Brazil,LA,1876,3.9584
Brazil,LA,1877,4.0153
Brazil,LA,1878,4.0722
Brazil,LA,1879,4.1291
Brazil,LA,1880,4.186
Brazil,LA,1881,4.3071
Brazil,LA,1882,4.4282
Brazil,LA,1883,4.5493
Brazil,LA,1884,4.6704
Brazil,LA,1885,4.7915
Brazil,LA,1886,4.9126
Brazil,LA,1887,5.0337000000000005
Brazil,LA,1888,5.1548
Brazil,LA,1889,5.2759
Brazil,LA,1890,5.397
Brazil,LA,1891,5.5738
Brazil,LA,1892,5.7506
Brazil,LA,1893,5.9274000000000004
Brazil,LA,1894,6.1042000000000005
Brazil,LA,1895,6.281000000000001
Brazil,LA,1896,6.457800000000001
Brazil,LA,1897,6.6346
Brazil,LA,1898,6.8114
Brazil,LA,1899,6.9882
Brazil,LA,1900,7.165
Brazil,LA,1901,7.5665
Brazil,LA,1902,7.968
Brazil,LA,1903,8.3695
Brazil,LA,1904,8.771
Brazil,LA,1905,9.1725
Brazil,LA,1906,9.574
Brazil,LA,1907,9.9755
Brazil,LA,1908,10.376999999999999
Brazil,LA,1909,10.7785
Brazil,LA,1910,11.18
Brazil,LA,1911,11.4282
Brazil,LA,1912,11.6764
Brazil,LA,1913,11.9246
Brazil,LA,1914,12.1728
Brazil,LA,1915,12.421
Brazil,LA,1916,12.6692
Brazil,LA,1917,12.9174
Brazil,LA,1918,13.165600000000001
Brazil,LA,1919,13.4138
Brazil,LA,1920,13.662
Brazil,LA,1921,14.0647
Brazil,LA,1922,14.467400000000001
Brazil,LA,1923,14.8701
Brazil,LA,1924,15.2728
Brazil,LA,1925,15.6755
Brazil,LA,1926,16.078200000000002
Brazil,LA,1927,16.480900000000002
Brazil,LA,1928,16.8836
Brazil,LA,1929,17.2863
Brazil,LA,1930,17.689
Brazil,LA,1931,17.995
Brazil,LA,1932,18.301
Brazil,LA,1933,18.607
Brazil,LA,1934,18.913
Brazil,LA,1935,19.219
Brazil,LA,1936,19.525
Brazil,LA,1937,19.831
Brazil,LA,1938,20.137
Brazil,LA,1939,20.442999999999998
Brazil,LA,1940,20.749
Brazil,LA,1941,21.4665
Brazil,LA,1942,22.183999999999997
Brazil,LA,1943,22.9015
Brazil,LA,1944,23.619
Brazil,LA,1945,24.3365
Brazil,LA,1946,25.054
Brazil,LA,1947,25.7715
Brazil,LA,1948,26.488999999999997
Brazil,LA,1949,27.2065
Brazil,LA,1950,27.924
Brazil,LA,1951,29.4686
Brazil,LA,1952,31.013199999999998
Brazil,LA,1953,32.5578
Brazil,LA,1954,34.102399999999996
Brazil,LA,1955,35.647
Brazil,LA,1956,37.191599999999994
Brazil,LA,1957,38.7362
Brazil,LA,1958,40.2808
Brazil,LA,1959,41.825399999999995
Brazil,LA,1960,43.37
Brazil,LA,1961,44.9456
Brazil,LA,1962,46.5212
Brazil,LA,1963,48.0968
Brazil,LA,1964,49.672399999999996
Brazil,LA,1965,51.248
Brazil,LA,1966,52.8236
Brazil,LA,1967,54.3992
Brazil,LA,1968,55.9748
Brazil,LA,1969,57.550399999999996
Brazil,LA,1970,59.126
Brazil,LA,1971,64.1575
Brazil,LA,1972,69.189
Brazil,LA,1973,74.2205
Brazil,LA,1974,79.252
Brazil,LA,1975,84.2835
Brazil,LA,1976,89.315
Brazil,LA,1977,94.34649999999999
Brazil,LA,1978,99.378
Brazil,LA,1979,104.40950000000001
Brazil,LA,1980,109.441
Brazil,LA,1981,114.0855
Brazil,LA,1982,118.73
Brazil,LA,1983,123.3745
Brazil,LA,1984,128.019
Brazil,LA,1985,132.6635
Brazil,LA,1986,137.308
Brazil,LA,1987,141.9525
Brazil,LA,1988,146.59699999999998
Brazil,LA,1989,151.2415
Brazil,LA,1990,155.886
Brazil,LA,1991,161.3264
Brazil,LA,1992,166.7668
Brazil,LA,1993,172.2072
Brazil,LA,1994,177.64759999999998
Brazil,LA,1995,183.088
Brazil,LA,1996,188.52839999999998
Brazil,LA,1997,193.9688
Brazil,LA,1998,199.4092
Brazil,LA,1999,204.84959999999998
Brazil,LA,2000,210.29
Brazil,LA,2001,219.2158
Brazil,LA,2002,228.14159999999998
Brazil,LA,2003,237.0674
Brazil,LA,2004,245.9932
Brazil,LA,2005,254.91899999999998
Brazil,LA,2006,263.84479999999996
Brazil,LA,2007,272.7706
Brazil,LA,2008,281.6964
Brazil,LA,2009,290.6222
Brazil,LA,2010,299.548
Brazil,LA,2011,305.3974
Brazil,LA,2012,311.2468
Brazil,LA,2013,317.0962
Brazil,LA,2014,322.9456
Brazil,LA,2015,328.79499999999996
Brazil,LA,2016,334.6444
Brazil,LA,2017,340.49379999999996
Brazil,LA,2018,346.34319999999997
Brazil,LA,2019,352.19259999999997
Brazil,LA,2020,358.042
Chile,LA,1820,0.29
Chile,LA,1821,0.2973
Chile,LA,1822,0.3046
Chile,LA,1823,0.31189999999999996
Chile,LA,1824,0.3192
Chile,LA,1825,0.3265
Chile,LA,1826,0.3338
Chile,LA,1827,0.34109999999999996
Chile,LA,1828,0.3484
Chile,LA,1829,0.3557
Chile,LA,1830,0.363
Chile,LA,1831,0.3715
Chile,LA,1832,0.38
Chile,LA,1833,0.3885
Chile,LA,1834,0.397
Chile,LA,1835,0.40549999999999997
Chile,LA,1836,0.41400000000000003
Chile,LA,1837,0.4225
Chile,LA,1838,0.431
Chile,LA,1839,0.4395
Chile,LA,1840,0.448
Chile,LA,1841,0.4581
Chile,LA,1842,0.4682
Chile,LA,1843,0.4783
Chile,LA,1844,0.4884
Chile,LA,1845,0.49850000000000005
Chile,LA,1846,0.5086
Chile,LA,1847,0.5187
Chile,LA,1848,0.5288
Chile,LA,1849,0.5389
Chile,LA,1850,0.549
Chile,LA,1851,0.5733
Chile,LA,1852,0.5976
Chile,LA,1853,0.6219
Chile,LA,1854,0.6462
Chile,LA,1855,0.6705000000000001
Chile,LA,1856,0.6948000000000001
Chile,LA,1857,0.7191000000000001
Chile,LA,1858,0.7434000000000001
Chile,LA,1859,0.7677
Chile,LA,1860,0.792
Chile,LA,1861,0.7987000000000001
Chile,LA,1862,0.8054
Chile,LA,1863,0.8121
Chile,LA,1864,0.8188
Chile,LA,1865,0.8255
Chile,LA,1866,0.8322
Chile,LA,1867,0.8389
Chile,LA,1868,0.8456
Chile,LA,1869,0.8523
Chile,LA,1870,0.859
Chile,LA,1871,0.8945
Chile,LA,1872,0.9299999999999999
Chile,LA,1873,0.9655
Chile,LA,1874,1.001
Chile,LA,1875,1.0365
Chile,LA,1876,1.072
Chile,LA,1877,1.1075
Chile,LA,1878,1.143
Chile,LA,1879,1.1784999999999999
Chile,LA,1880,1.214
Chile,LA,1881,1.2356
Chile,LA,1882,1.2571999999999999
Chile,LA,1883,1.2788
Chile,LA,1884,1.3004
Chile,LA,1885,1.322
Chile,LA,1886,1.3436
Chile,LA,1887,1.3652
Chile,LA,1888,1.3868
Chile,LA,1889,1.4083999999999999
Chile,LA,1890,1.43
Chile,LA,1891,1.4730999999999999
Chile,LA,1892,1.5162
Chile,LA,1893,1.5593
Chile,LA,1894,1.6024
Chile,LA,1895,1.6455
Chile,LA,1896,1.6886
Chile,LA,1897,1.7317
Chile,LA,1898,1.7748
Chile,LA,1899,1.8179
Chile,LA,1900,1.861
Chile,LA,1901,1.9554
Chile,LA,1902,2.0498
Chile,LA,1903,2.1442
Chile,LA,1904,2.2386
Chile,LA,1905,2.333
Chile,LA,1906,2.4274
Chile,LA,1907,2.5218
Chile,LA,1908,2.6162
Chile,LA,1909,2.7106000000000003
Chile,LA,1910,2.805
Chile,LA,1911,2.7685
Chile,LA,1912,2.732
Chile,LA,1913,2.6955
Chile,LA,1914,2.6590000000000003
Chile,LA,1915,2.6225
Chile,LA,1916,2.586
Chile,LA,1917,2.5495
Chile,LA,1918,2.513
Chile,LA,1919,2.4765
Chile,LA,1920,2.44
Chile,LA,1921,2.5833
Chile,LA,1922,2.7266
Chile,LA,1923,2.8699
Chile,LA,1924,3.0132000000000003
Chile,LA,1925,3.1565000000000003
Chile,LA,1926,3.2998000000000003
Chile,LA,1927,3.4431000000000003
Chile,LA,1928,3.5864000000000003
Chile,LA,1929,3.7297000000000002
Chile,LA,1930,3.873
Chile,LA,1931,3.9250000000000003
Chile,LA,1932,3.9770000000000003
Chile,LA,1933,4.029
Chile,LA,1934,4.081
Chile,LA,1935,4.133
Chile,LA,1936,4.185
Chile,LA,1937,4.237
Chile,LA,1938,4.289
Chile,LA,1939,4.341
Chile,LA,1940,4.393
Chile,LA,1941,4.5264999999999995
Chile,LA,1942,4.66
Chile,LA,1943,4.7935
Chile,LA,1944,4.927
Chile,LA,1945,5.060499999999999
Chile,LA,1946,5.194
Chile,LA,1947,5.3275
Chile,LA,1948,5.461
Chile,LA,1949,5.5945
Chile,LA,1950,5.728
Chile,LA,1951,5.9147
Chile,LA,1952,6.1014
Chile,LA,1953,6.2881
Chile,LA,1954,6.4748
Chile,LA,1955,6.6615
Chile,LA,1956,6.8482
Chile,LA,1957,7.0348999999999995
Chile,LA,1958,7.2216
Chile,LA,1959,7.4083
Chile,LA,1960,7.595
Chile,LA,1961,7.8708
Chile,LA,1962,8.1466
Chile,LA,1963,8.4224
Chile,LA,1964,8.6982
Chile,LA,1965,8.974
Chile,LA,1966,9.2498
Chile,LA,1967,9.525599999999999
Chile,LA,1968,9.8014
Chile,LA,1969,10.0772
Chile,LA,1970,10.353
Chile,LA,1971,10.3639
Chile,LA,1972,10.3748
Chile,LA,1973,10.3857
Chile,LA,1974,10.3966
Chile,LA,1975,10.407499999999999
Chile,LA,1976,10.4184
Chile,LA,1977,10.4293
Chile,LA,1978,10.440199999999999
Chile,LA,1979,10.4511
Chile,LA,1980,10.462
Chile,LA,1981,10.8774
Chile,LA,1982,11.2928
Chile,LA,1983,11.7082
Chile,LA,1984,12.1236
Chile,LA,1985,12.539
Chile,LA,1986,12.9544
Chile,LA,1987,13.3698
Chile,LA,1988,13.7852
Chile,LA,1989,14.2006
Chile,LA,1990,14.616
Chile,LA,1991,15.7417
Chile,LA,1992,16.8674
Chile,LA,1993,17.9931
Chile,LA,1994,19.1188
Chile,LA,1995,20.244500000000002
Chile,LA,1996,21.3702
Chile,LA,1997,22.4959
Chile,LA,1998,23.6216
Chile,LA,1999,24.747300000000003
Chile,LA,2000,25.873
Chile,LA,2001,26.4308
Chile,LA,2002,26.9886
Chile,LA,2003,27.546400000000002
Chile,LA,2004,28.104200000000002
Chile,LA,2005,28.662
Chile,LA,2006,29.2198
Chile,LA,2007,29.7776
Chile,LA,2008,30.3354
Chile,LA,2009,30.8932
Chile,LA,2010,31.451
Chile,LA,2011,32.4184
Chile,LA,2012,33.3858
Chile,LA,2013,34.3532
Chile,LA,2014,35.3206
Chile,LA,2015,36.288
Chile,LA,2016,37.2554
Chile,LA,2017,38.2228
Chile,LA,2018,39.1902
Chile,LA,2019,40.1576
Chile,LA,2020,41.125
Colombia,LA,1820,0.448
Colombia,LA,1821,0.4568
Colombia,LA,1822,0.4656
Colombia,LA,1823,0.47440000000000004
Colombia,LA,1824,0.4832
Colombia,LA,1825,0.492
Colombia,LA,1826,0.5008
Colombia,LA,1827,0.5096
Colombia,LA,1828,0.5184
Colombia,LA,1829,0.5272
Colombia,LA,1830,0.536
Colombia,LA,1831,0.5471
Colombia,LA,1832,0.5582
Colombia,LA,1833,0.5693
Colombia,LA,1834,0.5804
Colombia,LA,1835,0.5915
Colombia,LA,1836,0.6026
Colombia,LA,1837,0.6137
Colombia,LA,1838,0.6248
Colombia,LA,1839,0.6359
Colombia,LA,1840,0.647
Colombia,LA,1841,0.6615
Colombia,LA,1842,0.676
Colombia,LA,1843,0.6905
Colombia,LA,1844,0.7050000000000001
Colombia,LA,1845,0.7195
Colombia,LA,1846,0.734
Colombia,LA,1847,0.7485
Colombia,LA,1848,0.763
Colombia,LA,1849,0.7775000000000001
Colombia,LA,1850,0.792
Colombia,LA,1851,0.8024
Colombia,LA,1852,0.8128000000000001
Colombia,LA,1853,0.8232
Colombia,LA,1854,0.8336
Colombia,LA,1855,0.8440000000000001
Colombia,LA,1856,0.8544
Colombia,LA,1857,0.8648
Colombia,LA,1858,0.8752
Colombia,LA,1859,0.8856
Colombia,LA,1860,0.896
Colombia,LA,1861,0.8901
Colombia,LA,1862,0.8842
Colombia,LA,1863,0.8783
Colombia,LA,1864,0.8724
Colombia,LA,1865,0.8665
Colombia,LA,1866,0.8606
Colombia,LA,1867,0.8547
Colombia,LA,1868,0.8488
Colombia,LA,1869,0.8429
Colombia,LA,1870,0.837
Colombia,LA,1871,0.8462
Colombia,LA,1872,0.8553999999999999
Colombia,LA,1873,0.8646
Colombia,LA,1874,0.8738
Colombia,LA,1875,0.883
Colombia,LA,1876,0.8922
Colombia,LA,1877,0.9014
Colombia,LA,1878,0.9106000000000001
Colombia,LA,1879,0.9198000000000001
Colombia,LA,1880,0.929
Colombia,LA,1881,0.9490000000000001
Colombia,LA,1882,0.9690000000000001
Colombia,LA,1883,0.989
Colombia,LA,1884,1.0090000000000001
Colombia,LA,1885,1.029
Colombia,LA,1886,1.049
Colombia,LA,1887,1.069
Colombia,LA,1888,1.089
Colombia,LA,1889,1.109
Colombia,LA,1890,1.129
Colombia,LA,1891,1.1597
Colombia,LA,1892,1.1904
Colombia,LA,1893,1.2211
Colombia,LA,1894,1.2518
Colombia,LA,1895,1.2825
Colombia,LA,1896,1.3132
Colombia,LA,1897,1.3438999999999999
Colombia,LA,1898,1.3746
Colombia,LA,1899,1.4053
Colombia,LA,1900,1.436
Colombia,LA,1901,1.5042
Colombia,LA,1902,1.5724
Colombia,LA,1903,1.6406
Colombia,LA,1904,1.7087999999999999
Colombia,LA,1905,1.777
Colombia,LA,1906,1.8452
Colombia,LA,1907,1.9134
Colombia,LA,1908,1.9815999999999998
Colombia,LA,1909,2.0498
Colombia,LA,1910,2.118
Colombia,LA,1911,2.1778999999999997
Colombia,LA,1912,2.2378
Colombia,LA,1913,2.2977
Colombia,LA,1914,2.3576
Colombia,LA,1915,2.4175
Colombia,LA,1916,2.4774000000000003
Colombia,LA,1917,2.5373
Colombia,LA,1918,2.5972
Colombia,LA,1919,2.6571000000000002
Colombia,LA,1920,2.717
Colombia,LA,1921,2.7972
Colombia,LA,1922,2.8774
Colombia,LA,1923,2.9576000000000002
Colombia,LA,1924,3.0378000000000003
Colombia,LA,1925,3.1180000000000003
Colombia,LA,1926,3.1982
Colombia,LA,1927,3.2784
Colombia,LA,1928,3.3586
Colombia,LA,1929,3.4388
Colombia,LA,1930,3.519
Colombia,LA,1931,3.6766
Colombia,LA,1932,3.8342
Colombia,LA,1933,3.9918
Colombia,LA,1934,4.1494
Colombia,LA,1935,4.307
Colombia,LA,1936,4.4646
Colombia,LA,1937,4.622199999999999
Colombia,LA,1938,4.7798
Colombia,LA,1939,4.9374
Colombia,LA,1940,5.095
Colombia,LA,1941,5.201499999999999
Colombia,LA,1942,5.308
Colombia,LA,1943,5.4145
Colombia,LA,1944,5.521
Colombia,LA,1945,5.6274999999999995
Colombia,LA,1946,5.734
Colombia,LA,1947,5.8405000000000005
Colombia,LA,1948,5.947
Colombia,LA,1949,6.0535
Colombia,LA,1950,6.16
Colombia,LA,1951,6.5452
Colombia,LA,1952,6.930400000000001
Colombia,LA,1953,7.3156
Colombia,LA,1954,7.7008
Colombia,LA,1955,8.086
Colombia,LA,1956,8.4712
Colombia,LA,1957,8.8564
Colombia,LA,1958,9.2416
Colombia,LA,1959,9.626800000000001
Colombia,LA,1960,10.012
Colombia,LA,1961,10.5116
Colombia,LA,1962,11.0112
Colombia,LA,1963,11.5108
Colombia,LA,1964,12.0104
Colombia,LA,1965,12.51
Colombia,LA,1966,13.009599999999999
Colombia,LA,1967,13.5092
Colombia,LA,1968,14.008799999999999
Colombia,LA,1969,14.508399999999998
Colombia,LA,1970,15.008
Colombia,LA,1971,15.4978
Colombia,LA,1972,15.987599999999999
Colombia,LA,1973,16.4774
Colombia,LA,1974,16.9672
Colombia,LA,1975,17.457
Colombia,LA,1976,17.9468
Colombia,LA,1977,18.4366
Colombia,LA,1978,18.926399999999997
Colombia,LA,1979,19.4162
Colombia,LA,1980,19.906
Colombia,LA,1981,20.2698
Colombia,LA,1982,20.633599999999998
Colombia,LA,1983,20.9974
Colombia,LA,1984,21.3612
Colombia,LA,1985,21.725
Colombia,LA,1986,22.0888
Colombia,LA,1987,22.4526
Colombia,LA,1988,22.8164
Colombia,LA,1989,23.1802
Colombia,LA,1990,23.544
Colombia,LA,1991,24.0776
Colombia,LA,1992,24.6112
Colombia,LA,1993,25.1448
Colombia,LA,1994,25.6784
Colombia,LA,1995,26.212
Colombia,LA,1996,26.7456
Colombia,LA,1997,27.2792
Colombia,LA,1998,27.8128
Colombia,LA,1999,28.3464
Colombia,LA,2000,28.88
Colombia,LA,2001,29.6574
Colombia,LA,2002,30.4348
Colombia,LA,2003,31.2122
Colombia,LA,2004,31.9896
Colombia,LA,2005,32.767
Colombia,LA,2006,33.5444
Colombia,LA,2007,34.3218
Colombia,LA,2008,35.0992
Colombia,LA,2009,35.8766
Colombia,LA,2010,36.654
Colombia,LA,2011,37.664500000000004
Colombia,LA,2012,38.675000000000004
Colombia,LA,2013,39.685500000000005
Colombia,LA,2014,40.696000000000005
Colombia,LA,2015,41.706500000000005
Colombia,LA,2016,42.717
Colombia,LA,2017,43.7275
Colombia,LA,2018,44.738
Colombia,LA,2019,45.7485
Colombia,LA,2020,46.759
Costa Rica,LA,1820,0.023
Costa Rica,LA,1821,0.0234
Costa Rica,LA,1822,0.023799999999999998
Costa Rica,LA,1823,0.0242
Costa Rica,LA,1824,0.0246
Costa Rica,LA,1825,0.025
Costa Rica,LA,1826,0.0254
Costa Rica,LA,1827,0.0258
Costa Rica,LA,1828,0.0262
Costa Rica,LA,1829,0.0266
Costa Rica,LA,1830,0.027
Costa Rica,LA,1831,0.0275
Costa Rica,LA,1832,0.028
Costa Rica,LA,1833,0.0285
Costa Rica,LA,1834,0.029
Costa Rica,LA,1835,0.0295
Costa Rica,LA,1836,0.03
Costa Rica,LA,1837,0.0305
Costa Rica,LA,1838,0.031
Costa Rica,LA,1839,0.0315
Costa Rica,LA,1840,0.032
Costa Rica,LA,1841,0.0327
Costa Rica,LA,1842,0.0334
Costa Rica,LA,1843,0.0341
Costa Rica,LA,1844,0.0348
Costa Rica,LA,1845,0.035500000000000004
Costa Rica,LA,1846,0.036199999999999996
Costa Rica,LA,1847,0.0369
Costa Rica,LA,1848,0.0376
Costa Rica,LA,1849,0.0383
Costa Rica,LA,1850,0.039
Costa Rica,LA,1851,0.0398
Costa Rica,LA,1852,0.0406
Costa Rica,LA,1853,0.0414
Costa Rica,LA,1854,0.0422
Costa Rica,LA,1855,0.043
Costa Rica,LA,1856,0.0438
Costa Rica,LA,1857,0.0446
Costa Rica,LA,1858,0.0454
Costa Rica,LA,1859,0.0462
Costa Rica,LA,1860,0.047
Costa Rica,LA,1861,0.047
Costa Rica,LA,1862,0.047
Costa Rica,LA,1863,0.047
Costa Rica,LA,1864,0.047
Costa Rica,LA,1865,0.047
Costa Rica,LA,1866,0.047
Costa Rica,LA,1867,0.047
Costa Rica,LA,1868,0.047
Costa Rica,LA,1869,0.047
Costa Rica,LA,1870,0.047
Costa Rica,LA,1871,0.0484
Costa Rica,LA,1872,0.0498
Costa Rica,LA,1873,0.051199999999999996
Costa Rica,LA,1874,0.0526
Costa Rica,LA,1875,0.054
Costa Rica,LA,1876,0.0554
Costa Rica,LA,1877,0.056799999999999996
Costa Rica,LA,1878,0.0582
Costa Rica,LA,1879,0.0596
Costa Rica,LA,1880,0.061
Costa Rica,LA,1881,0.0639
Costa Rica,LA,1882,0.0668
Costa Rica,LA,1883,0.0697
Costa Rica,LA,1884,0.0726
Costa Rica,LA,1885,0.0755
Costa Rica,LA,1886,0.0784
Costa Rica,LA,1887,0.0813
Costa Rica,LA,1888,0.0842
Costa Rica,LA,1889,0.0871
Costa Rica,LA,1890,0.09
Costa Rica,LA,1891,0.09469999999999999
Costa Rica,LA,1892,0.0994
Costa Rica,LA,1893,0.1041
Costa Rica,LA,1894,0.10880000000000001
Costa Rica,LA,1895,0.1135
Costa Rica,LA,1896,0.1182
Costa Rica,LA,1897,0.12290000000000001
Costa Rica,LA,1898,0.1276
Costa Rica,LA,1899,0.1323
Costa Rica,LA,1900,0.137
Costa Rica,LA,1901,0.1441
Costa Rica,LA,1902,0.1512
Costa Rica,LA,1903,0.1583
Costa Rica,LA,1904,0.1654
Costa Rica,LA,1905,0.1725
Costa Rica,LA,1906,0.17959999999999998
Costa Rica,LA,1907,0.1867
Costa Rica,LA,1908,0.1938
Costa Rica,LA,1909,0.2009
Costa Rica,LA,1910,0.208
Costa Rica,LA,1911,0.2094
Costa Rica,LA,1912,0.2108
Costa Rica,LA,1913,0.2122
Costa Rica,LA,1914,0.21359999999999998
Costa Rica,LA,1915,0.215
Costa Rica,LA,1916,0.2164
Costa Rica,LA,1917,0.2178
Costa Rica,LA,1918,0.2192
Costa Rica,LA,1919,0.2206
Costa Rica,LA,1920,0.222
Costa Rica,LA,1921,0.2279
Costa Rica,LA,1922,0.2338
Costa Rica,LA,1923,0.23970000000000002
Costa Rica,LA,1924,0.2456
Costa Rica,LA,1925,0.2515
Costa Rica,LA,1926,0.2574
Costa Rica,LA,1927,0.26330000000000003
Costa Rica,LA,1928,0.2692
Costa Rica,LA,1929,0.2751
Costa Rica,LA,1930,0.281
Costa Rica,LA,1931,0.28640000000000004
Costa Rica,LA,1932,0.2918
Costa Rica,LA,1933,0.2972
Costa Rica,LA,1934,0.30260000000000004
Costa Rica,LA,1935,0.30800000000000005
Costa Rica,LA,1936,0.3134
Costa Rica,LA,1937,0.31880000000000003
Costa Rica,LA,1938,0.32420000000000004
Costa Rica,LA,1939,0.3296
Costa Rica,LA,1940,0.335
Costa Rica,LA,1941,0.3492
Costa Rica,LA,1942,0.3634
Costa Rica,LA,1943,0.3776
Costa Rica,LA,1944,0.3918
Costa Rica,LA,1945,0.406
Costa Rica,LA,1946,0.4202
Costa Rica,LA,1947,0.4344
Costa Rica,LA,1948,0.4486
Costa Rica,LA,1949,0.4628
Costa Rica,LA,1950,0.477
Costa Rica,LA,1951,0.4979
Costa Rica,LA,1952,0.5188
Costa Rica,LA,1953,0.5397000000000001
Costa Rica,LA,1954,0.5606
Costa Rica,LA,1955,0.5815
Costa Rica,LA,1956,0.6024
Costa Rica,LA,1957,0.6233000000000001
Costa Rica,LA,1958,0.6442000000000001
Costa Rica,LA,1959,0.6651
Costa Rica,LA,1960,0.686
Costa Rica,LA,1961,0.7101000000000001
Costa Rica,LA,1962,0.7342000000000001
Costa Rica,LA,1963,0.7583000000000001
Costa Rica,LA,1964,0.7824000000000001
Costa Rica,LA,1965,0.8065
Costa Rica,LA,1966,0.8306
Costa Rica,LA,1967,0.8547
Costa Rica,LA,1968,0.8788
Costa Rica,LA,1969,0.9029
Costa Rica,LA,1970,0.927
Costa Rica,LA,1971,0.9670000000000001
Costa Rica,LA,1972,1.0070000000000001
Costa Rica,LA,1973,1.047
Costa Rica,LA,1974,1.087
Costa Rica,LA,1975,1.127
Costa Rica,LA,1976,1.167
Costa Rica,LA,1977,1.207
Costa Rica,LA,1978,1.2469999999999999
Costa Rica,LA,1979,1.287
Costa Rica,LA,1980,1.327
Costa Rica,LA,1981,1.3837
Costa Rica,LA,1982,1.4404
Costa Rica,LA,1983,1.4970999999999999
Costa Rica,LA,1984,1.5537999999999998
Costa Rica,LA,1985,1.6105
Costa Rica,LA,1986,1.6671999999999998
Costa Rica,LA,1987,1.7239
Costa Rica,LA,1988,1.7806
Costa Rica,LA,1989,1.8373
Costa Rica,LA,1990,1.894
Costa Rica,LA,1991,2.0597
Costa Rica,LA,1992,2.2254
Costa Rica,LA,1993,2.3911
Costa Rica,LA,1994,2.5568
Costa Rica,LA,1995,2.7225
Costa Rica,LA,1996,2.8882
Costa Rica,LA,1997,3.0539
Costa Rica,LA,1998,3.2196
Costa Rica,LA,1999,3.3853
Costa Rica,LA,2000,3.551
Costa Rica,LA,2001,3.648
Costa Rica,LA,2002,3.745
Costa Rica,LA,2003,3.842
Costa Rica,LA,2004,3.939
Costa Rica,LA,2005,4.036
Costa Rica,LA,2006,4.133
Costa Rica,LA,2007,4.23
Costa Rica,LA,2008,4.327
Costa Rica,LA,2009,4.4239999999999995
Costa Rica,LA,2010,4.521
Costa Rica,LA,2011,4.5968
Costa Rica,LA,2012,4.6726
Costa Rica,LA,2013,4.7484
Costa Rica,LA,2014,4.8242
Costa Rica,LA,2015,4.9
Costa Rica,LA,2016,4.9758
Costa Rica,LA,2017,5.0516
Costa Rica,LA,2018,5.1274
Costa Rica,LA,2019,5.2032
Costa Rica,LA,2020,5.279
Cuba,LA,1820,0.227
Cuba,LA,1821,0.2328
Cuba,LA,1822,0.2386
Cuba,LA,1823,0.2444
Cuba,LA,1824,0.2502
Cuba,LA,1825,0.256
Cuba,LA,1826,0.2618
Cuba,LA,1827,0.2676
Cuba,LA,1828,0.2734
Cuba,LA,1829,0.2792
Cuba,LA,1830,0.285
Cuba,LA,1831,0.2925
Cuba,LA,1832,0.3
Cuba,LA,1833,0.3075
Cuba,LA,1834,0.315
Cuba,LA,1835,0.3225
Cuba,LA,1836,0.32999999999999996
Cuba,LA,1837,0.33749999999999997
Cuba,LA,1838,0.345
Cuba,LA,1839,0.3525
Cuba,LA,1840,0.36
Cuba,LA,1841,0.3744
Cuba,LA,1842,0.3888
Cuba,LA,1843,0.4032
Cuba,LA,1844,0.41759999999999997
Cuba,LA,1845,0.432
Cuba,LA,1846,0.4464
Cuba,LA,1847,0.4608
Cuba,LA,1848,0.4752
Cuba,LA,1849,0.48960000000000004
Cuba,LA,1850,0.504
Cuba,LA,1851,0.513
Cuba,LA,1852,0.522
Cuba,LA,1853,0.531
Cuba,LA,1854,0.54
Cuba,LA,1855,0.5489999999999999
Cuba,LA,1856,0.5579999999999999
Cuba,LA,1857,0.567
Cuba,LA,1858,0.576
Cuba,LA,1859,0.585
Cuba,LA,1860,0.594
Cuba,LA,1861,0.5982
Cuba,LA,1862,0.6023999999999999
Cuba,LA,1863,0.6066
Cuba,LA,1864,0.6108
Cuba,LA,1865,0.615
Cuba,LA,1866,0.6192
Cuba,LA,1867,0.6234
Cuba,LA,1868,0.6276
Cuba,LA,1869,0.6318
Cuba,LA,1870,0.636
Cuba,LA,1871,0.6355
Cuba,LA,1872,0.635
Cuba,LA,1873,0.6345000000000001
Cuba,LA,1874,0.634
Cuba,LA,1875,0.6335
Cuba,LA,1876,0.633
Cuba,LA,1877,0.6325000000000001
Cuba,LA,1878,0.632
Cuba,LA,1879,0.6315
Cuba,LA,1880,0.631
Cuba,LA,1881,0.6408
Cuba,LA,1882,0.6506
Cuba,LA,1883,0.6604
Cuba,LA,1884,0.6702
Cuba,LA,1885,0.6799999999999999
Cuba,LA,1886,0.6898
Cuba,LA,1887,0.6996
Cuba,LA,1888,0.7094
Cuba,LA,1889,0.7192
Cuba,LA,1890,0.729
Cuba,LA,1891,0.7423
Cuba,LA,1892,0.7555999999999999
Cuba,LA,1893,0.7689
Cuba,LA,1894,0.7822
Cuba,LA,1895,0.7955
Cuba,LA,1896,0.8088
Cuba,LA,1897,0.8220999999999999
Cuba,LA,1898,0.8354
Cuba,LA,1899,0.8487
Cuba,LA,1900,0.862
Cuba,LA,1901,0.9427
Cuba,LA,1902,1.0234
Cuba,LA,1903,1.1041
Cuba,LA,1904,1.1848
Cuba,LA,1905,1.2655
Cuba,LA,1906,1.3462
Cuba,LA,1907,1.4269
Cuba,LA,1908,1.5076
Cuba,LA,1909,1.5883
Cuba,LA,1910,1.669
Cuba,LA,1911,1.7396
Cuba,LA,1912,1.8102
Cuba,LA,1913,1.8808
Cuba,LA,1914,1.9514
Cuba,LA,1915,2.0220000000000002
Cuba,LA,1916,2.0926
Cuba,LA,1917,2.1632
Cuba,LA,1918,2.2338
Cuba,LA,1919,2.3044000000000002
Cuba,LA,1920,2.375
Cuba,LA,1921,2.3853
Cuba,LA,1922,2.3956
Cuba,LA,1923,2.4059
Cuba,LA,1924,2.4162
Cuba,LA,1925,2.4265
Cuba,LA,1926,2.4368000000000003
Cuba,LA,1927,2.4471000000000003
Cuba,LA,1928,2.4574000000000003
Cuba,LA,1929,2.4677000000000002
Cuba,LA,1930,2.478
Cuba,LA,1931,2.5216000000000003
Cuba,LA,1932,2.5652000000000004
Cuba,LA,1933,2.6088
Cuba,LA,1934,2.6524
Cuba,LA,1935,2.696
Cuba,LA,1936,2.7396000000000003
Cuba,LA,1937,2.7832000000000003
Cuba,LA,1938,2.8268
Cuba,LA,1939,2.8704
Cuba,LA,1940,2.914
Cuba,LA,1941,3.1188000000000002
Cuba,LA,1942,3.3236
Cuba,LA,1943,3.5284
Cuba,LA,1944,3.7332
Cuba,LA,1945,3.9379999999999997
Cuba,LA,1946,4.142799999999999
Cuba,LA,1947,4.3476
Cuba,LA,1948,4.5524
Cuba,LA,1949,4.757199999999999
Cuba,LA,1950,4.962
Cuba,LA,1951,5.143
Cuba,LA,1952,5.324
Cuba,LA,1953,5.505
Cuba,LA,1954,5.686
Cuba,LA,1955,5.867
Cuba,LA,1956,6.048
Cuba,LA,1957,6.229
Cuba,LA,1958,6.41
Cuba,LA,1959,6.591
Cuba,LA,1960,6.772
Cuba,LA,1961,6.982200000000001
Cuba,LA,1962,7.1924
Cuba,LA,1963,7.4026000000000005
Cuba,LA,1964,7.6128
Cuba,LA,1965,7.823
Cuba,LA,1966,8.0332
Cuba,LA,1967,8.243400000000001
Cuba,LA,1968,8.4536
Cuba,LA,1969,8.6638
Cuba,LA,1970,8.874
Cuba,LA,1971,9.291
Cuba,LA,1972,9.708
Cuba,LA,1973,10.125
Cuba,LA,1974,10.542
Cuba,LA,1975,10.959
Cuba,LA,1976,11.376000000000001
Cuba,LA,1977,11.793000000000001
Cuba,LA,1978,12.21
Cuba,LA,1979,12.627
Cuba,LA,1980,13.044
Cuba,LA,1981,13.218
Cuba,LA,1982,13.392000000000001
Cuba,LA,1983,13.566
Cuba,LA,1984,13.74
Cuba,LA,1985,13.914000000000001
Cuba,LA,1986,14.088000000000001
Cuba,LA,1987,14.262
Cuba,LA,1988,14.436
Cuba,LA,1989,14.610000000000001
Cuba,LA,1990,14.784
Cuba,LA,1991,14.4716
Cuba,LA,1992,14.1592
Cuba,LA,1993,13.8468
Cuba,LA,1994,13.5344
Cuba,LA,1995,13.222000000000001
Cuba,LA,1996,12.909600000000001
Cuba,LA,1997,12.5972
Cuba,LA,1998,12.2848
Cuba,LA,1999,11.9724
Cuba,LA,2000,11.66
Cuba,LA,2001,11.8815
Cuba,LA,2002,12.103
Cuba,LA,2003,12.3245
Cuba,LA,2004,12.546
Cuba,LA,2005,12.7675
Cuba,LA,2006,12.989
Cuba,LA,2007,13.2105
Cuba,LA,2008,13.432
Cuba,LA,2009,13.6535
Cuba,LA,2010,13.875
Cuba,LA,2011,13.5562
Cuba,LA,2012,13.2374
Cuba,LA,2013,12.9186
Cuba,LA,2014,12.5998
Cuba,LA,2015,12.280999999999999
Cuba,LA,2016,11.9622
Cuba,LA,2017,11.6434
Cuba,LA,2018,11.3246
Cuba,LA,2019,11.005799999999999
Cuba,LA,2020,10.687
Dominican Rep.,LA,1820,0.033
Dominican Rep.,LA,1821,0.033600000000000005
Dominican Rep.,LA,1822,0.0342
Dominican Rep.,LA,1823,0.0348
Dominican Rep.,LA,1824,0.0354
Dominican Rep.,LA,1825,0.036000000000000004
Dominican Rep.,LA,1826,0.0366
Dominican Rep.,LA,1827,0.0372
Dominican Rep.,LA,1828,0.0378
Dominican Rep.,LA,1829,0.038400000000000004
Dominican Rep.,LA,1830,0.039
Dominican Rep.,LA,1831,0.0397
Dominican Rep.,LA,1832,0.0404
Dominican Rep.,LA,1833,0.0411
Dominican Rep.,LA,1834,0.0418
Dominican Rep.,LA,1835,0.042499999999999996
Dominican Rep.,LA,1836,0.0432
Dominican Rep.,LA,1837,0.0439
Dominican Rep.,LA,1838,0.0446
Dominican Rep.,LA,1839,0.0453
Dominican Rep.,LA,1840,0.046
Dominican Rep.,LA,1841,0.047
Dominican Rep.,LA,1842,0.048
Dominican Rep.,LA,1843,0.049
Dominican Rep.,LA,1844,0.05
Dominican Rep.,LA,1845,0.051000000000000004
Dominican Rep.,LA,1846,0.052000000000000005
Dominican Rep.,LA,1847,0.053
Dominican Rep.,LA,1848,0.054
Dominican Rep.,LA,1849,0.055
Dominican Rep.,LA,1850,0.056
Dominican Rep.,LA,1851,0.058
Dominican Rep.,LA,1852,0.06
Dominican Rep.,LA,1853,0.062
Dominican Rep.,LA,1854,0.064
Dominican Rep.,LA,1855,0.066
Dominican Rep.,LA,1856,0.068
Dominican Rep.,LA,1857,0.06999999999999999
Dominican Rep.,LA,1858,0.072
Dominican Rep.,LA,1859,0.074
Dominican Rep.,LA,1860,0.076
Dominican Rep.,LA,1861,0.0771
Dominican Rep.,LA,1862,0.07819999999999999
Dominican Rep.,LA,1863,0.0793
Dominican Rep.,LA,1864,0.0804
Dominican Rep.,LA,1865,0.08149999999999999
Dominican Rep.,LA,1866,0.08259999999999999
Dominican Rep.,LA,1867,0.0837
Dominican Rep.,LA,1868,0.0848
Dominican Rep.,LA,1869,0.08589999999999999
Dominican Rep.,LA,1870,0.087
Dominican Rep.,LA,1871,0.089
Dominican Rep.,LA,1872,0.091
Dominican Rep.,LA,1873,0.093
Dominican Rep.,LA,1874,0.095
Dominican Rep.,LA,1875,0.097
Dominican Rep.,LA,1876,0.099
Dominican Rep.,LA,1877,0.10099999999999999
Dominican Rep.,LA,1878,0.103
Dominican Rep.,LA,1879,0.105
Dominican Rep.,LA,1880,0.107
Dominican Rep.,LA,1881,0.1112
Dominican Rep.,LA,1882,0.1154
Dominican Rep.,LA,1883,0.1196
Dominican Rep.,LA,1884,0.1238
Dominican Rep.,LA,1885,0.128
Dominican Rep.,LA,1886,0.13219999999999998
Dominican Rep.,LA,1887,0.1364
Dominican Rep.,LA,1888,0.1406
Dominican Rep.,LA,1889,0.14479999999999998
Dominican Rep.,LA,1890,0.149
Dominican Rep.,LA,1891,0.1562
Dominican Rep.,LA,1892,0.1634
Dominican Rep.,LA,1893,0.1706
Dominican Rep.,LA,1894,0.17779999999999999
Dominican Rep.,LA,1895,0.185
Dominican Rep.,LA,1896,0.19219999999999998
Dominican Rep.,LA,1897,0.1994
Dominican Rep.,LA,1898,0.2066
Dominican Rep.,LA,1899,0.2138
Dominican Rep.,LA,1900,0.221
Dominican Rep.,LA,1901,0.2323
Dominican Rep.,LA,1902,0.2436
Dominican Rep.,LA,1903,0.2549
Dominican Rep.,LA,1904,0.2662
Dominican Rep.,LA,1905,0.2775
Dominican Rep.,LA,1906,0.2888
Dominican Rep.,LA,1907,0.30010000000000003
Dominican Rep.,LA,1908,0.3114
Dominican Rep.,LA,1909,0.3227
Dominican Rep.,LA,1910,0.334
Dominican Rep.,LA,1911,0.3406
Dominican Rep.,LA,1912,0.3472
Dominican Rep.,LA,1913,0.3538
Dominican Rep.,LA,1914,0.3604
Dominican Rep.,LA,1915,0.367
Dominican Rep.,LA,1916,0.37360000000000004
Dominican Rep.,LA,1917,0.38020000000000004
Dominican Rep.,LA,1918,0.38680000000000003
Dominican Rep.,LA,1919,0.3934
Dominican Rep.,LA,1920,0.4
Dominican Rep.,LA,1921,0.4169
Dominican Rep.,LA,1922,0.4338
Dominican Rep.,LA,1923,0.4507
Dominican Rep.,LA,1924,0.4676
Dominican Rep.,LA,1925,0.4845
Dominican Rep.,LA,1926,0.5014
Dominican Rep.,LA,1927,0.5183
Dominican Rep.,LA,1928,0.5351999999999999
Dominican Rep.,LA,1929,0.5520999999999999
Dominican Rep.,LA,1930,0.569
Dominican Rep.,LA,1931,0.5928
Dominican Rep.,LA,1932,0.6165999999999999
Dominican Rep.,LA,1933,0.6404
Dominican Rep.,LA,1934,0.6642
Dominican Rep.,LA,1935,0.688
Dominican Rep.,LA,1936,0.7118
Dominican Rep.,LA,1937,0.7356
Dominican Rep.,LA,1938,0.7594000000000001
Dominican Rep.,LA,1939,0.7832
Dominican Rep.,LA,1940,0.807
Dominican Rep.,LA,1941,0.8263
Dominican Rep.,LA,1942,0.8456
Dominican Rep.,LA,1943,0.8649
Dominican Rep.,LA,1944,0.8842
Dominican Rep.,LA,1945,0.9035
Dominican Rep.,LA,1946,0.9228000000000001
Dominican Rep.,LA,1947,0.9421
Dominican Rep.,LA,1948,0.9614
Dominican Rep.,LA,1949,0.9807
Dominican Rep.,LA,1950,1.0
Dominican Rep.,LA,1951,1.0524
Dominican Rep.,LA,1952,1.1048
Dominican Rep.,LA,1953,1.1572
Dominican Rep.,LA,1954,1.2096
Dominican Rep.,LA,1955,1.262
Dominican Rep.,LA,1956,1.3144
Dominican Rep.,LA,1957,1.3668
Dominican Rep.,LA,1958,1.4192
Dominican Rep.,LA,1959,1.4716
Dominican Rep.,LA,1960,1.524
Dominican Rep.,LA,1961,1.578
Dominican Rep.,LA,1962,1.6320000000000001
Dominican Rep.,LA,1963,1.686
Dominican Rep.,LA,1964,1.74
Dominican Rep.,LA,1965,1.794
Dominican Rep.,LA,1966,1.848
Dominican Rep.,LA,1967,1.9020000000000001
Dominican Rep.,LA,1968,1.956
Dominican Rep.,LA,1969,2.0100000000000002
Dominican Rep.,LA,1970,2.064
Dominican Rep.,LA,1971,2.1797
Dominican Rep.,LA,1972,2.2954
Dominican Rep.,LA,1973,2.4111000000000002
Dominican Rep.,LA,1974,2.5268
Dominican Rep.,LA,1975,2.6425
Dominican Rep.,LA,1976,2.7582
Dominican Rep.,LA,1977,2.8739
Dominican Rep.,LA,1978,2.9896000000000003
Dominican Rep.,LA,1979,3.1052999999999997
Dominican Rep.,LA,1980,3.221
Dominican Rep.,LA,1981,3.3633
Dominican Rep.,LA,1982,3.5056000000000003
Dominican Rep.,LA,1983,3.6479
Dominican Rep.,LA,1984,3.7902
Dominican Rep.,LA,1985,3.9325
Dominican Rep.,LA,1986,4.0748
Dominican Rep.,LA,1987,4.2171
Dominican Rep.,LA,1988,4.3594
Dominican Rep.,LA,1989,4.5017000000000005
Dominican Rep.,LA,1990,4.644
Dominican Rep.,LA,1991,5.0517
Dominican Rep.,LA,1992,5.4594000000000005
Dominican Rep.,LA,1993,5.867100000000001
Dominican Rep.,LA,1994,6.2748
Dominican Rep.,LA,1995,6.6825
Dominican Rep.,LA,1996,7.0902
Dominican Rep.,LA,1997,7.4979
Dominican Rep.,LA,1998,7.9056
Dominican Rep.,LA,1999,8.3133
Dominican Rep.,LA,2000,8.721
Dominican Rep.,LA,2001,8.7546
Dominican Rep.,LA,2002,8.7882
Dominican Rep.,LA,2003,8.8218
Dominican Rep.,LA,2004,8.8554
Dominican Rep.,LA,2005,8.889
Dominican Rep.,LA,2006,8.922600000000001
Dominican Rep.,LA,2007,8.9562
Dominican Rep.,LA,2008,8.9898
Dominican Rep.,LA,2009,9.0234
Dominican Rep.,LA,2010,9.057
Dominican Rep.,LA,2011,9.367700000000001
Dominican Rep.,LA,2012,9.6784
Dominican Rep.,LA,2013,9.9891
Dominican Rep.,LA,2014,10.2998
Dominican Rep.,LA,2015,10.6105
Dominican Rep.,LA,2016,10.921199999999999
Dominican Rep.,LA,2017,11.2319
Dominican Rep.,LA,2018,11.5426
Dominican Rep.,LA,2019,11.853299999999999
Dominican Rep.,LA,2020,12.164
Ecuador,LA,1820,0.186
Ecuador,LA,1821,0.1893
Ecuador,LA,1822,0.1926
Ecuador,LA,1823,0.1959
Ecuador,LA,1824,0.1992
Ecuador,LA,1825,0.2025
Ecuador,LA,1826,0.20579999999999998
Ecuador,LA,1827,0.2091
Ecuador,LA,1828,0.2124
Ecuador,LA,1829,0.2157
Ecuador,LA,1830,0.219
Ecuador,LA,1831,0.2231
Ecuador,LA,1832,0.2272
Ecuador,LA,1833,0.2313
Ecuador,LA,1834,0.2354
Ecuador,LA,1835,0.2395
Ecuador,LA,1836,0.2436
Ecuador,LA,1837,0.2477
Ecuador,LA,1838,0.2518
Ecuador,LA,1839,0.2559
Ecuador,LA,1840,0.26
Ecuador,LA,1841,0.2653
Ecuador,LA,1842,0.2706
Ecuador,LA,1843,0.27590000000000003
Ecuador,LA,1844,0.2812
Ecuador,LA,1845,0.2865
Ecuador,LA,1846,0.2918
Ecuador,LA,1847,0.29710000000000003
Ecuador,LA,1848,0.3024
Ecuador,LA,1849,0.3077
Ecuador,LA,1850,0.313
Ecuador,LA,1851,0.3183
Ecuador,LA,1852,0.3236
Ecuador,LA,1853,0.32889999999999997
Ecuador,LA,1854,0.3342
Ecuador,LA,1855,0.3395
Ecuador,LA,1856,0.3448
Ecuador,LA,1857,0.35009999999999997
Ecuador,LA,1858,0.3554
Ecuador,LA,1859,0.3607
Ecuador,LA,1860,0.366
Ecuador,LA,1861,0.36419999999999997
Ecuador,LA,1862,0.3624
Ecuador,LA,1863,0.3606
Ecuador,LA,1864,0.3588
Ecuador,LA,1865,0.357
Ecuador,LA,1866,0.35519999999999996
Ecuador,LA,1867,0.3534
Ecuador,LA,1868,0.35159999999999997
Ecuador,LA,1869,0.3498
Ecuador,LA,1870,0.348
Ecuador,LA,1871,0.3488
Ecuador,LA,1872,0.34959999999999997
Ecuador,LA,1873,0.3504
Ecuador,LA,1874,0.35119999999999996
Ecuador,LA,1875,0.352
Ecuador,LA,1876,0.3528
Ecuador,LA,1877,0.35359999999999997
Ecuador,LA,1878,0.3544
Ecuador,LA,1879,0.35519999999999996
Ecuador,LA,1880,0.356
Ecuador,LA,1881,0.3601
Ecuador,LA,1882,0.36419999999999997
Ecuador,LA,1883,0.3683
Ecuador,LA,1884,0.3724
Ecuador,LA,1885,0.3765
Ecuador,LA,1886,0.3806
Ecuador,LA,1887,0.3847
Ecuador,LA,1888,0.38880000000000003
Ecuador,LA,1889,0.3929
Ecuador,LA,1890,0.397
Ecuador,LA,1891,0.40440000000000004
Ecuador,LA,1892,0.4118
Ecuador,LA,1893,0.4192
Ecuador,LA,1894,0.4266
Ecuador,LA,1895,0.434
Ecuador,LA,1896,0.4414
Ecuador,LA,1897,0.4488
Ecuador,LA,1898,0.4562
Ecuador,LA,1899,0.46359999999999996
Ecuador,LA,1900,0.471
Ecuador,LA,1901,0.48779999999999996
Ecuador,LA,1902,0.5045999999999999
Ecuador,LA,1903,0.5214
Ecuador,LA,1904,0.5382
Ecuador,LA,1905,0.5549999999999999
Ecuador,LA,1906,0.5718
Ecuador,LA,1907,0.5886
Ecuador,LA,1908,0.6053999999999999
Ecuador,LA,1909,0.6222
Ecuador,LA,1910,0.639
Ecuador,LA,1911,0.6445
Ecuador,LA,1912,0.65
Ecuador,LA,1913,0.6555
Ecuador,LA,1914,0.661
Ecuador,LA,1915,0.6665
Ecuador,LA,1916,0.6719999999999999
Ecuador,LA,1917,0.6775
Ecuador,LA,1918,0.6829999999999999
Ecuador,LA,1919,0.6885
Ecuador,LA,1920,0.694
Ecuador,LA,1921,0.7186999999999999
Ecuador,LA,1922,0.7434
Ecuador,LA,1923,0.7681
Ecuador,LA,1924,0.7928
Ecuador,LA,1925,0.8174999999999999
Ecuador,LA,1926,0.8422
Ecuador,LA,1927,0.8669
Ecuador,LA,1928,0.8916
Ecuador,LA,1929,0.9162999999999999
Ecuador,LA,1930,0.941
Ecuador,LA,1931,0.9694999999999999
Ecuador,LA,1932,0.998
Ecuador,LA,1933,1.0265
Ecuador,LA,1934,1.055
Ecuador,LA,1935,1.0835
Ecuador,LA,1936,1.112
Ecuador,LA,1937,1.1405
Ecuador,LA,1938,1.169
Ecuador,LA,1939,1.1975
Ecuador,LA,1940,1.226
Ecuador,LA,1941,1.2713
Ecuador,LA,1942,1.3166
Ecuador,LA,1943,1.3618999999999999
Ecuador,LA,1944,1.4072
Ecuador,LA,1945,1.4525000000000001
Ecuador,LA,1946,1.4978
Ecuador,LA,1947,1.5431
Ecuador,LA,1948,1.5884
Ecuador,LA,1949,1.6337000000000002
Ecuador,LA,1950,1.679
Ecuador,LA,1951,1.7391
Ecuador,LA,1952,1.7992
Ecuador,LA,1953,1.8593
Ecuador,LA,1954,1.9194
Ecuador,LA,1955,1.9794999999999998
Ecuador,LA,1956,2.0396
Ecuador,LA,1957,2.0997
Ecuador,LA,1958,2.1597999999999997
Ecuador,LA,1959,2.2199
Ecuador,LA,1960,2.28
Ecuador,LA,1961,2.3305
Ecuador,LA,1962,2.381
Ecuador,LA,1963,2.4314999999999998
Ecuador,LA,1964,2.4819999999999998
Ecuador,LA,1965,2.5324999999999998
Ecuador,LA,1966,2.583
Ecuador,LA,1967,2.6335
Ecuador,LA,1968,2.684
Ecuador,LA,1969,2.7345
Ecuador,LA,1970,2.785
Ecuador,LA,1971,2.9906
Ecuador,LA,1972,3.1962
Ecuador,LA,1973,3.4018
Ecuador,LA,1974,3.6074
Ecuador,LA,1975,3.813
Ecuador,LA,1976,4.0186
Ecuador,LA,1977,4.2242
Ecuador,LA,1978,4.4298
Ecuador,LA,1979,4.635400000000001
Ecuador,LA,1980,4.841
Ecuador,LA,1981,5.141
Ecuador,LA,1982,5.441
Ecuador,LA,1983,5.741
Ecuador,LA,1984,6.041
Ecuador,LA,1985,6.341
Ecuador,LA,1986,6.641
Ecuador,LA,1987,6.941000000000001
Ecuador,LA,1988,7.241
Ecuador,LA,1989,7.541
Ecuador,LA,1990,7.841
Ecuador,LA,1991,8.0102
Ecuador,LA,1992,8.1794
Ecuador,LA,1993,8.3486
Ecuador,LA,1994,8.5178
Ecuador,LA,1995,8.687
Ecuador,LA,1996,8.8562
Ecuador,LA,1997,9.0254
Ecuador,LA,1998,9.1946
Ecuador,LA,1999,9.3638
Ecuador,LA,2000,9.533
Ecuador,LA,2001,9.9902
Ecuador,LA,2002,10.4474
Ecuador,LA,2003,10.9046
Ecuador,LA,2004,11.3618
Ecuador,LA,2005,11.818999999999999
Ecuador,LA,2006,12.2762
Ecuador,LA,2007,12.7334
Ecuador,LA,2008,13.1906
Ecuador,LA,2009,13.6478
Ecuador,LA,2010,14.105
Ecuador,LA,2011,14.1851
Ecuador,LA,2012,14.2652
Ecuador,LA,2013,14.3453
Ecuador,LA,2014,14.4254
Ecuador,LA,2015,14.505500000000001
Ecuador,LA,2016,14.585600000000001
Ecuador,LA,2017,14.665700000000001
Ecuador,LA,2018,14.745800000000001
Ecuador,LA,2019,14.8259
Ecuador,LA,2020,14.906
El Salvador,LA,1820,0.092
El Salvador,LA,1821,0.0933
El Salvador,LA,1822,0.0946
El Salvador,LA,1823,0.0959
El Salvador,LA,1824,0.0972
El Salvador,LA,1825,0.0985
El Salvador,LA,1826,0.0998
El Salvador,LA,1827,0.1011
El Salvador,LA,1828,0.10239999999999999
El Salvador,LA,1829,0.1037
El Salvador,LA,1830,0.105
El Salvador,LA,1831,0.1065
El Salvador,LA,1832,0.108
El Salvador,LA,1833,0.1095
El Salvador,LA,1834,0.111
El Salvador,LA,1835,0.11249999999999999
El Salvador,LA,1836,0.11399999999999999
El Salvador,LA,1837,0.11549999999999999
El Salvador,LA,1838,0.11699999999999999
El Salvador,LA,1839,0.1185
El Salvador,LA,1840,0.12
El Salvador,LA,1841,0.122
El Salvador,LA,1842,0.124
El Salvador,LA,1843,0.126
El Salvador,LA,1844,0.128
El Salvador,LA,1845,0.13
El Salvador,LA,1846,0.132
El Salvador,LA,1847,0.134
El Salvador,LA,1848,0.136
El Salvador,LA,1849,0.138
El Salvador,LA,1850,0.14
El Salvador,LA,1851,0.1431
El Salvador,LA,1852,0.14620000000000002
El Salvador,LA,1853,0.14930000000000002
El Salvador,LA,1854,0.1524
El Salvador,LA,1855,0.15550000000000003
El Salvador,LA,1856,0.15860000000000002
El Salvador,LA,1857,0.1617
El Salvador,LA,1858,0.1648
El Salvador,LA,1859,0.16790000000000002
El Salvador,LA,1860,0.171
El Salvador,LA,1861,0.1708
El Salvador,LA,1862,0.1706
El Salvador,LA,1863,0.17040000000000002
El Salvador,LA,1864,0.17020000000000002
El Salvador,LA,1865,0.17
El Salvador,LA,1866,0.1698
El Salvador,LA,1867,0.1696
El Salvador,LA,1868,0.16940000000000002
El Salvador,LA,1869,0.16920000000000002
El Salvador,LA,1870,0.169
El Salvador,LA,1871,0.1715
El Salvador,LA,1872,0.17400000000000002
El Salvador,LA,1873,0.17650000000000002
El Salvador,LA,1874,0.17900000000000002
El Salvador,LA,1875,0.1815
El Salvador,LA,1876,0.184
El Salvador,LA,1877,0.1865
El Salvador,LA,1878,0.189
El Salvador,LA,1879,0.1915
El Salvador,LA,1880,0.194
El Salvador,LA,1881,0.1989
El Salvador,LA,1882,0.2038
El Salvador,LA,1883,0.2087
El Salvador,LA,1884,0.2136
El Salvador,LA,1885,0.2185
El Salvador,LA,1886,0.2234
El Salvador,LA,1887,0.2283
El Salvador,LA,1888,0.2332
El Salvador,LA,1889,0.2381
El Salvador,LA,1890,0.243
El Salvador,LA,1891,0.2511
El Salvador,LA,1892,0.2592
El Salvador,LA,1893,0.2673
El Salvador,LA,1894,0.2754
El Salvador,LA,1895,0.2835
El Salvador,LA,1896,0.29159999999999997
El Salvador,LA,1897,0.2997
El Salvador,LA,1898,0.3078
El Salvador,LA,1899,0.3159
El Salvador,LA,1900,0.324
El Salvador,LA,1901,0.3402
El Salvador,LA,1902,0.3564
El Salvador,LA,1903,0.3726
El Salvador,LA,1904,0.38880000000000003
El Salvador,LA,1905,0.405
El Salvador,LA,1906,0.4212
El Salvador,LA,1907,0.4374
El Salvador,LA,1908,0.4536
El Salvador,LA,1909,0.4698
El Salvador,LA,1910,0.486
El Salvador,LA,1911,0.49529999999999996
El Salvador,LA,1912,0.5045999999999999
El Salvador,LA,1913,0.5139
El Salvador,LA,1914,0.5232
El Salvador,LA,1915,0.5325
El Salvador,LA,1916,0.5418
El Salvador,LA,1917,0.5510999999999999
El Salvador,LA,1918,0.5604
El Salvador,LA,1919,0.5697
El Salvador,LA,1920,0.579
El Salvador,LA,1921,0.596
El Salvador,LA,1922,0.613
El Salvador,LA,1923,0.63
El Salvador,LA,1924,0.647
El Salvador,LA,1925,0.6639999999999999
El Salvador,LA,1926,0.681
El Salvador,LA,1927,0.698
El Salvador,LA,1928,0.715
El Salvador,LA,1929,0.732
El Salvador,LA,1930,0.749
El Salvador,LA,1931,0.7554
El Salvador,LA,1932,0.7618
El Salvador,LA,1933,0.7682
El Salvador,LA,1934,0.7746
El Salvador,LA,1935,0.7809999999999999
El Salvador,LA,1936,0.7874
El Salvador,LA,1937,0.7938
El Salvador,LA,1938,0.8001999999999999
El Salvador,LA,1939,0.8066
El Salvador,LA,1940,0.813
El Salvador,LA,1941,0.8241999999999999
El Salvador,LA,1942,0.8353999999999999
El Salvador,LA,1943,0.8466
El Salvador,LA,1944,0.8578
El Salvador,LA,1945,0.869
El Salvador,LA,1946,0.8802
El Salvador,LA,1947,0.8914
El Salvador,LA,1948,0.9026000000000001
El Salvador,LA,1949,0.9138000000000001
El Salvador,LA,1950,0.925
El Salvador,LA,1951,0.9484
El Salvador,LA,1952,0.9718
El Salvador,LA,1953,0.9952000000000001
El Salvador,LA,1954,1.0186
El Salvador,LA,1955,1.042
El Salvador,LA,1956,1.0654
El Salvador,LA,1957,1.0888
El Salvador,LA,1958,1.1122
El Salvador,LA,1959,1.1356
El Salvador,LA,1960,1.159
El Salvador,LA,1961,1.1826
El Salvador,LA,1962,1.2062
El Salvador,LA,1963,1.2298
El Salvador,LA,1964,1.2534
El Salvador,LA,1965,1.2770000000000001
El Salvador,LA,1966,1.3006
El Salvador,LA,1967,1.3242
El Salvador,LA,1968,1.3478
El Salvador,LA,1969,1.3714
El Salvador,LA,1970,1.395
El Salvador,LA,1971,1.4501
El Salvador,LA,1972,1.5052
El Salvador,LA,1973,1.5603
El Salvador,LA,1974,1.6154
El Salvador,LA,1975,1.6705
El Salvador,LA,1976,1.7256
El Salvador,LA,1977,1.7807
El Salvador,LA,1978,1.8357999999999999
El Salvador,LA,1979,1.8909
El Salvador,LA,1980,1.946
El Salvador,LA,1981,1.9577
El Salvador,LA,1982,1.9694
El Salvador,LA,1983,1.9811
El Salvador,LA,1984,1.9928000000000001
El Salvador,LA,1985,2.0045
El Salvador,LA,1986,2.0162
El Salvador,LA,1987,2.0279000000000003
El Salvador,LA,1988,2.0396
El Salvador,LA,1989,2.0513000000000003
El Salvador,LA,1990,2.063
El Salvador,LA,1991,2.1947
El Salvador,LA,1992,2.3264
El Salvador,LA,1993,2.4581
El Salvador,LA,1994,2.5898000000000003
El Salvador,LA,1995,2.7215
El Salvador,LA,1996,2.8532
El Salvador,LA,1997,2.9849
El Salvador,LA,1998,3.1166
El Salvador,LA,1999,3.2483
El Salvador,LA,2000,3.38
El Salvador,LA,2001,3.4478
El Salvador,LA,2002,3.5156
El Salvador,LA,2003,3.5833999999999997
El Salvador,LA,2004,3.6512
El Salvador,LA,2005,3.719
El Salvador,LA,2006,3.7868
El Salvador,LA,2007,3.8546
El Salvador,LA,2008,3.9223999999999997
El Salvador,LA,2009,3.9901999999999997
El Salvador,LA,2010,4.058
El Salvador,LA,2011,4.0899
El Salvador,LA,2012,4.1217999999999995
El Salvador,LA,2013,4.1537
El Salvador,LA,2014,4.1856
El Salvador,LA,2015,4.217499999999999
El Salvador,LA,2016,4.2494
El Salvador,LA,2017,4.2813
El Salvador,LA,2018,4.3132
El Salvador,LA,2019,4.3450999999999995
El Salvador,LA,2020,4.377
Guatemala,LA,1820,0.219
Guatemala,LA,1821,0.2217
Guatemala,LA,1822,0.2244
Guatemala,LA,1823,0.2271
Guatemala,LA,1824,0.2298
Guatemala,LA,1825,0.23249999999999998
Guatemala,LA,1826,0.2352
Guatemala,LA,1827,0.2379
Guatemala,LA,1828,0.2406
Guatemala,LA,1829,0.2433
Guatemala,LA,1830,0.246
Guatemala,LA,1831,0.2494
Guatemala,LA,1832,0.2528
Guatemala,LA,1833,0.2562
Guatemala,LA,1834,0.2596
Guatemala,LA,1835,0.263
Guatemala,LA,1836,0.2664
Guatemala,LA,1837,0.26980000000000004
Guatemala,LA,1838,0.2732
Guatemala,LA,1839,0.2766
Guatemala,LA,1840,0.28
Guatemala,LA,1841,0.2843
Guatemala,LA,1842,0.2886
Guatemala,LA,1843,0.29290000000000005
Guatemala,LA,1844,0.2972
Guatemala,LA,1845,0.3015
Guatemala,LA,1846,0.3058
Guatemala,LA,1847,0.31010000000000004
Guatemala,LA,1848,0.3144
Guatemala,LA,1849,0.3187
Guatemala,LA,1850,0.323
Guatemala,LA,1851,0.3289
Guatemala,LA,1852,0.3348
Guatemala,LA,1853,0.3407
Guatemala,LA,1854,0.3466
Guatemala,LA,1855,0.35250000000000004
Guatemala,LA,1856,0.3584
Guatemala,LA,1857,0.3643
Guatemala,LA,1858,0.37020000000000003
Guatemala,LA,1859,0.3761
Guatemala,LA,1860,0.382
Guatemala,LA,1861,0.3805
Guatemala,LA,1862,0.379
Guatemala,LA,1863,0.3775
Guatemala,LA,1864,0.376
Guatemala,LA,1865,0.3745
Guatemala,LA,1866,0.373
Guatemala,LA,1867,0.3715
Guatemala,LA,1868,0.37
Guatemala,LA,1869,0.3685
Guatemala,LA,1870,0.367
Guatemala,LA,1871,0.3633
Guatemala,LA,1872,0.3596
Guatemala,LA,1873,0.3559
Guatemala,LA,1874,0.3522
Guatemala,LA,1875,0.34850000000000003
Guatemala,LA,1876,0.3448
Guatemala,LA,1877,0.3411
Guatemala,LA,1878,0.33740000000000003
Guatemala,LA,1879,0.3337
Guatemala,LA,1880,0.33
Guatemala,LA,1881,0.3294
Guatemala,LA,1882,0.32880000000000004
Guatemala,LA,1883,0.3282
Guatemala,LA,1884,0.3276
Guatemala,LA,1885,0.327
Guatemala,LA,1886,0.3264
Guatemala,LA,1887,0.32580000000000003
Guatemala,LA,1888,0.3252
Guatemala,LA,1889,0.3246
Guatemala,LA,1890,0.324
Guatemala,LA,1891,0.3255
Guatemala,LA,1892,0.327
Guatemala,LA,1893,0.3285
Guatemala,LA,1894,0.33
Guatemala,LA,1895,0.3315
Guatemala,LA,1896,0.333
Guatemala,LA,1897,0.3345
Guatemala,LA,1898,0.336
Guatemala,LA,1899,0.3375
Guatemala,LA,1900,0.339
Guatemala,LA,1901,0.3568
Guatemala,LA,1902,0.37460000000000004
Guatemala,LA,1903,0.3924
Guatemala,LA,1904,0.4102
Guatemala,LA,1905,0.42800000000000005
Guatemala,LA,1906,0.44580000000000003
Guatemala,LA,1907,0.4636
Guatemala,LA,1908,0.48140000000000005
Guatemala,LA,1909,0.49920000000000003
Guatemala,LA,1910,0.517
Guatemala,LA,1911,0.5242
Guatemala,LA,1912,0.5314
Guatemala,LA,1913,0.5386
Guatemala,LA,1914,0.5458
Guatemala,LA,1915,0.5529999999999999
Guatemala,LA,1916,0.5602
Guatemala,LA,1917,0.5674
Guatemala,LA,1918,0.5746
Guatemala,LA,1919,0.5818
Guatemala,LA,1920,0.589
Guatemala,LA,1921,0.6164999999999999
Guatemala,LA,1922,0.644
Guatemala,LA,1923,0.6715
Guatemala,LA,1924,0.699
Guatemala,LA,1925,0.7264999999999999
Guatemala,LA,1926,0.754
Guatemala,LA,1927,0.7815
Guatemala,LA,1928,0.8089999999999999
Guatemala,LA,1929,0.8365
Guatemala,LA,1930,0.864
Guatemala,LA,1931,0.893
Guatemala,LA,1932,0.9219999999999999
Guatemala,LA,1933,0.951
Guatemala,LA,1934,0.98
Guatemala,LA,1935,1.009
Guatemala,LA,1936,1.0379999999999998
Guatemala,LA,1937,1.067
Guatemala,LA,1938,1.0959999999999999
Guatemala,LA,1939,1.125
Guatemala,LA,1940,1.154
Guatemala,LA,1941,1.1839
Guatemala,LA,1942,1.2138
Guatemala,LA,1943,1.2437
Guatemala,LA,1944,1.2736
Guatemala,LA,1945,1.3035
Guatemala,LA,1946,1.3334000000000001
Guatemala,LA,1947,1.3633
Guatemala,LA,1948,1.3932
Guatemala,LA,1949,1.4231
Guatemala,LA,1950,1.453
Guatemala,LA,1951,1.4786000000000001
Guatemala,LA,1952,1.5042
Guatemala,LA,1953,1.5298
Guatemala,LA,1954,1.5554000000000001
Guatemala,LA,1955,1.581
Guatemala,LA,1956,1.6066
Guatemala,LA,1957,1.6322
Guatemala,LA,1958,1.6578000000000002
Guatemala,LA,1959,1.6834
Guatemala,LA,1960,1.709
Guatemala,LA,1961,1.746
Guatemala,LA,1962,1.7830000000000001
Guatemala,LA,1963,1.82
Guatemala,LA,1964,1.8570000000000002
Guatemala,LA,1965,1.8940000000000001
Guatemala,LA,1966,1.931
Guatemala,LA,1967,1.9680000000000002
Guatemala,LA,1968,2.0050000000000003
Guatemala,LA,1969,2.0420000000000003
Guatemala,LA,1970,2.079
Guatemala,LA,1971,2.1691000000000003
Guatemala,LA,1972,2.2592000000000003
Guatemala,LA,1973,2.3493000000000004
Guatemala,LA,1974,2.4394
Guatemala,LA,1975,2.5295
Guatemala,LA,1976,2.6196
Guatemala,LA,1977,2.7097
Guatemala,LA,1978,2.7998000000000003
Guatemala,LA,1979,2.8899
Guatemala,LA,1980,2.98
Guatemala,LA,1981,3.005
Guatemala,LA,1982,3.03
Guatemala,LA,1983,3.055
Guatemala,LA,1984,3.08
Guatemala,LA,1985,3.105
Guatemala,LA,1986,3.13
Guatemala,LA,1987,3.155
Guatemala,LA,1988,3.18
Guatemala,LA,1989,3.205
Guatemala,LA,1990,3.23
Guatemala,LA,1991,3.4545
Guatemala,LA,1992,3.679
Guatemala,LA,1993,3.9035
Guatemala,LA,1994,4.128
Guatemala,LA,1995,4.3525
Guatemala,LA,1996,4.577
Guatemala,LA,1997,4.8015
Guatemala,LA,1998,5.026
Guatemala,LA,1999,5.2505
Guatemala,LA,2000,5.475
Guatemala,LA,2001,5.6323
Guatemala,LA,2002,5.7896
Guatemala,LA,2003,5.946899999999999
Guatemala,LA,2004,6.1042
Guatemala,LA,2005,6.2615
Guatemala,LA,2006,6.4188
Guatemala,LA,2007,6.5761
Guatemala,LA,2008,6.7334
Guatemala,LA,2009,6.8907
Guatemala,LA,2010,7.048
Guatemala,LA,2011,7.343
Guatemala,LA,2012,7.638
Guatemala,LA,2013,7.933
Guatemala,LA,2014,8.228
Guatemala,LA,2015,8.523
Guatemala,LA,2016,8.818
Guatemala,LA,2017,9.113
Guatemala,LA,2018,9.408
Guatemala,LA,2019,9.703
Guatemala,LA,2020,9.998
Haïti,LA,1820,0.263
Haïti,LA,1821,0.2654
Haïti,LA,1822,0.2678
Haïti,LA,1823,0.2702
Haïti,LA,1824,0.2726
Haïti,LA,1825,0.275
Haïti,LA,1826,0.2774
Haïti,LA,1827,0.2798
Haïti,LA,1828,0.2822
Haïti,LA,1829,0.28459999999999996
Haïti,LA,1830,0.287
Haïti,LA,1831,0.2899
Haïti,LA,1832,0.2928
Haïti,LA,1833,0.29569999999999996
Haïti,LA,1834,0.2986
Haïti,LA,1835,0.3015
Haïti,LA,1836,0.3044
Haïti,LA,1837,0.3073
Haïti,LA,1838,0.3102
Haïti,LA,1839,0.3131
Haïti,LA,1840,0.316
Haïti,LA,1841,0.3197
Haïti,LA,1842,0.3234
Haïti,LA,1843,0.3271
Haïti,LA,1844,0.3308
Haïti,LA,1845,0.3345
Haïti,LA,1846,0.3382
Haïti,LA,1847,0.3419
Haïti,LA,1848,0.34559999999999996
Haïti,LA,1849,0.3493
Haïti,LA,1850,0.353
Haïti,LA,1851,0.35869999999999996
Haïti,LA,1852,0.3644
Haïti,LA,1853,0.3701
Haïti,LA,1854,0.37579999999999997
Haïti,LA,1855,0.38149999999999995
Haïti,LA,1856,0.3872
Haïti,LA,1857,0.39289999999999997
Haïti,LA,1858,0.39859999999999995
Haïti,LA,1859,0.4043
Haïti,LA,1860,0.41
Haïti,LA,1861,0.40769999999999995
Haïti,LA,1862,0.4054
Haïti,LA,1863,0.4031
Haïti,LA,1864,0.4008
Haïti,LA,1865,0.39849999999999997
Haïti,LA,1866,0.3962
Haïti,LA,1867,0.39390000000000003
Haïti,LA,1868,0.3916
Haïti,LA,1869,0.3893
Haïti,LA,1870,0.387
Haïti,LA,1871,0.3844
Haïti,LA,1872,0.38180000000000003
Haïti,LA,1873,0.3792
Haïti,LA,1874,0.3766
Haïti,LA,1875,0.374
Haïti,LA,1876,0.3714
Haïti,LA,1877,0.3688
Haïti,LA,1878,0.36619999999999997
Haïti,LA,1879,0.3636
Haïti,LA,1880,0.361
Haïti,LA,1881,0.362
Haïti,LA,1882,0.363
Haïti,LA,1883,0.364
Haïti,LA,1884,0.365
Haïti,LA,1885,0.366
Haïti,LA,1886,0.367
Haïti,LA,1887,0.368
Haïti,LA,1888,0.369
Haïti,LA,1889,0.37
Haïti,LA,1890,0.371
Haïti,LA,1891,0.3739
Haïti,LA,1892,0.3768
Haïti,LA,1893,0.3797
Haïti,LA,1894,0.3826
Haïti,LA,1895,0.3855
Haïti,LA,1896,0.3884
Haïti,LA,1897,0.39130000000000004
Haïti,LA,1898,0.3942
Haïti,LA,1899,0.3971
Haïti,LA,1900,0.4
Haïti,LA,1901,0.4258
Haïti,LA,1902,0.4516
Haïti,LA,1903,0.47740000000000005
Haïti,LA,1904,0.5032
Haïti,LA,1905,0.529
Haïti,LA,1906,0.5548
Haïti,LA,1907,0.5806
Haïti,LA,1908,0.6064
Haïti,LA,1909,0.6322
Haïti,LA,1910,0.658
Haïti,LA,1911,0.6746
Haïti,LA,1912,0.6912
Haïti,LA,1913,0.7078
Haïti,LA,1914,0.7244
Haïti,LA,1915,0.741
Haïti,LA,1916,0.7576
Haïti,LA,1917,0.7742
Haïti,LA,1918,0.7908
Haïti,LA,1919,0.8074
Haïti,LA,1920,0.824
Haïti,LA,1921,0.8373999999999999
Haïti,LA,1922,0.8508
Haïti,LA,1923,0.8642
Haïti,LA,1924,0.8775999999999999
Haïti,LA,1925,0.891
Haïti,LA,1926,0.9044
Haïti,LA,1927,0.9178
Haïti,LA,1928,0.9311999999999999
Haïti,LA,1929,0.9446
Haïti,LA,1930,0.958
Haïti,LA,1931,0.9702
Haïti,LA,1932,0.9823999999999999
Haïti,LA,1933,0.9946
Haïti,LA,1934,1.0068
Haïti,LA,1935,1.0190000000000001
Haïti,LA,1936,1.0312000000000001
Haïti,LA,1937,1.0434
Haïti,LA,1938,1.0556
Haïti,LA,1939,1.0678
Haïti,LA,1940,1.08
Haïti,LA,1941,1.0949
Haïti,LA,1942,1.1098000000000001
Haïti,LA,1943,1.1247
Haïti,LA,1944,1.1396000000000002
Haïti,LA,1945,1.1545
Haïti,LA,1946,1.1694
Haïti,LA,1947,1.1843000000000001
Haïti,LA,1948,1.1992
Haïti,LA,1949,1.2141000000000002
Haïti,LA,1950,1.229
Haïti,LA,1951,1.2408000000000001
Haïti,LA,1952,1.2526000000000002
Haïti,LA,1953,1.2644
Haïti,LA,1954,1.2762
Haïti,LA,1955,1.288
Haïti,LA,1956,1.2998
Haïti,LA,1957,1.3116
Haïti,LA,1958,1.3234
Haïti,LA,1959,1.3352
Haïti,LA,1960,1.347
Haïti,LA,1961,1.3457
Haïti,LA,1962,1.3444
Haïti,LA,1963,1.3431
Haïti,LA,1964,1.3418
Haïti,LA,1965,1.3405
Haïti,LA,1966,1.3392
Haïti,LA,1967,1.3379
Haïti,LA,1968,1.3366
Haïti,LA,1969,1.3353000000000002
Haïti,LA,1970,1.334
Haïti,LA,1971,1.3491
Haïti,LA,1972,1.3642
Haïti,LA,1973,1.3793000000000002
Haïti,LA,1974,1.3944
Haïti,LA,1975,1.4095
Haïti,LA,1976,1.4246
Haïti,LA,1977,1.4397000000000002
Haïti,LA,1978,1.4548
Haïti,LA,1979,1.4699
Haïti,LA,1980,1.485
Haïti,LA,1981,1.4779
Haïti,LA,1982,1.4708
Haïti,LA,1983,1.4637
Haïti,LA,1984,1.4566000000000001
Haïti,LA,1985,1.4495
Haïti,LA,1986,1.4424
Haïti,LA,1987,1.4353
Haïti,LA,1988,1.4282
Haïti,LA,1989,1.4211
Haïti,LA,1990,1.414
Haïti,LA,1991,1.4581
Haïti,LA,1992,1.5022
Haïti,LA,1993,1.5463
Haïti,LA,1994,1.5904
Haïti,LA,1995,1.6345
Haïti,LA,1996,1.6785999999999999
Haïti,LA,1997,1.7227
Haïti,LA,1998,1.7668
Haïti,LA,1999,1.8109
Haïti,LA,2000,1.855
Haïti,LA,2001,1.8972
Haïti,LA,2002,1.9394
Haïti,LA,2003,1.9816
Haïti,LA,2004,2.0238
Haïti,LA,2005,2.066
Haïti,LA,2006,2.1082
Haïti,LA,2007,2.1504000000000003
Haïti,LA,2008,2.1926
Haïti,LA,2009,2.2348
Haïti,LA,2010,2.277
Haïti,LA,2011,2.306
Haïti,LA,2012,2.335
Haïti,LA,2013,2.3640000000000003
Haïti,LA,2014,2.3930000000000002
Haïti,LA,2015,2.422
Haïti,LA,2016,2.451
Haïti,LA,2017,2.48
Haïti,LA,2018,2.5090000000000003
Haïti,LA,2019,2.5380000000000003
Haïti,LA,2020,2.567
Honduras,LA,1820,0.05
Honduras,LA,1821,0.051800000000000006
Honduras,LA,1822,0.0536
Honduras,LA,1823,0.055400000000000005
Honduras,LA,1824,0.0572
Honduras,LA,1825,0.059000000000000004
Honduras,LA,1826,0.06080000000000001
Honduras,LA,1827,0.0626
Honduras,LA,1828,0.0644
Honduras,LA,1829,0.06620000000000001
Honduras,LA,1830,0.068
Honduras,LA,1831,0.0707
Honduras,LA,1832,0.0734
Honduras,LA,1833,0.0761
Honduras,LA,1834,0.07880000000000001
Honduras,LA,1835,0.0815
Honduras,LA,1836,0.0842
Honduras,LA,1837,0.0869
Honduras,LA,1838,0.0896
Honduras,LA,1839,0.09230000000000001
Honduras,LA,1840,0.095
Honduras,LA,1841,0.0988
Honduras,LA,1842,0.1026
Honduras,LA,1843,0.1064
Honduras,LA,1844,0.1102
Honduras,LA,1845,0.114
Honduras,LA,1846,0.1178
Honduras,LA,1847,0.1216
Honduras,LA,1848,0.1254
Honduras,LA,1849,0.1292
Honduras,LA,1850,0.133
Honduras,LA,1851,0.13470000000000001
Honduras,LA,1852,0.1364
Honduras,LA,1853,0.1381
Honduras,LA,1854,0.1398
Honduras,LA,1855,0.14150000000000001
Honduras,LA,1856,0.1432
Honduras,LA,1857,0.1449
Honduras,LA,1858,0.1466
Honduras,LA,1859,0.1483
Honduras,LA,1860,0.15
Honduras,LA,1861,0.1487
Honduras,LA,1862,0.1474
Honduras,LA,1863,0.1461
Honduras,LA,1864,0.1448
Honduras,LA,1865,0.14350000000000002
Honduras,LA,1866,0.1422
Honduras,LA,1867,0.1409
Honduras,LA,1868,0.1396
Honduras,LA,1869,0.1383
Honduras,LA,1870,0.137
Honduras,LA,1871,0.1363
Honduras,LA,1872,0.1356
Honduras,LA,1873,0.13490000000000002
Honduras,LA,1874,0.1342
Honduras,LA,1875,0.1335
Honduras,LA,1876,0.1328
Honduras,LA,1877,0.1321
Honduras,LA,1878,0.13140000000000002
Honduras,LA,1879,0.1307
Honduras,LA,1880,0.13
Honduras,LA,1881,0.1305
Honduras,LA,1882,0.131
Honduras,LA,1883,0.1315
Honduras,LA,1884,0.132
Honduras,LA,1885,0.1325
Honduras,LA,1886,0.133
Honduras,LA,1887,0.1335
Honduras,LA,1888,0.134
Honduras,LA,1889,0.1345
Honduras,LA,1890,0.135
Honduras,LA,1891,0.13640000000000002
Honduras,LA,1892,0.1378
Honduras,LA,1893,0.1392
Honduras,LA,1894,0.1406
Honduras,LA,1895,0.14200000000000002
Honduras,LA,1896,0.1434
Honduras,LA,1897,0.14479999999999998
Honduras,LA,1898,0.1462
Honduras,LA,1899,0.1476
Honduras,LA,1900,0.149
Honduras,LA,1901,0.15789999999999998
Honduras,LA,1902,0.1668
Honduras,LA,1903,0.1757
Honduras,LA,1904,0.1846
Honduras,LA,1905,0.1935
Honduras,LA,1906,0.2024
Honduras,LA,1907,0.2113
Honduras,LA,1908,0.2202
Honduras,LA,1909,0.2291
Honduras,LA,1910,0.238
Honduras,LA,1911,0.2462
Honduras,LA,1912,0.2544
Honduras,LA,1913,0.2626
Honduras,LA,1914,0.2708
Honduras,LA,1915,0.279
Honduras,LA,1916,0.2872
Honduras,LA,1917,0.2954
Honduras,LA,1918,0.3036
Honduras,LA,1919,0.3118
Honduras,LA,1920,0.32
Honduras,LA,1921,0.3297
Honduras,LA,1922,0.3394
Honduras,LA,1923,0.3491
Honduras,LA,1924,0.3588
Honduras,LA,1925,0.3685
Honduras,LA,1926,0.3782
Honduras,LA,1927,0.38789999999999997
Honduras,LA,1928,0.39759999999999995
Honduras,LA,1929,0.4073
Honduras,LA,1930,0.417
Honduras,LA,1931,0.43329999999999996
Honduras,LA,1932,0.4496
Honduras,LA,1933,0.4659
Honduras,LA,1934,0.48219999999999996
Honduras,LA,1935,0.49849999999999994
Honduras,LA,1936,0.5147999999999999
Honduras,LA,1937,0.5311
Honduras,LA,1938,0.5474
Honduras,LA,1939,0.5637
Honduras,LA,1940,0.58
Honduras,LA,1941,0.5922
Honduras,LA,1942,0.6043999999999999
Honduras,LA,1943,0.6165999999999999
Honduras,LA,1944,0.6287999999999999
Honduras,LA,1945,0.641
Honduras,LA,1946,0.6532
Honduras,LA,1947,0.6654
Honduras,LA,1948,0.6776
Honduras,LA,1949,0.6898
Honduras,LA,1950,0.702
Honduras,LA,1951,0.7213999999999999
Honduras,LA,1952,0.7408
Honduras,LA,1953,0.7602
Honduras,LA,1954,0.7796
Honduras,LA,1955,0.7989999999999999
Honduras,LA,1956,0.8184
Honduras,LA,1957,0.8378
Honduras,LA,1958,0.8572
Honduras,LA,1959,0.8766
Honduras,LA,1960,0.896
Honduras,LA,1961,0.915
Honduras,LA,1962,0.934
Honduras,LA,1963,0.9530000000000001
Honduras,LA,1964,0.9720000000000001
Honduras,LA,1965,0.9910000000000001
Honduras,LA,1966,1.01
Honduras,LA,1967,1.0290000000000001
Honduras,LA,1968,1.048
Honduras,LA,1969,1.0670000000000002
Honduras,LA,1970,1.086
Honduras,LA,1971,1.1215000000000002
Honduras,LA,1972,1.157
Honduras,LA,1973,1.1925000000000001
Honduras,LA,1974,1.228
Honduras,LA,1975,1.2635
Honduras,LA,1976,1.299
Honduras,LA,1977,1.3345
Honduras,LA,1978,1.37
Honduras,LA,1979,1.4055
Honduras,LA,1980,1.441
Honduras,LA,1981,1.4963
Honduras,LA,1982,1.5516
Honduras,LA,1983,1.6069
Honduras,LA,1984,1.6622000000000001
Honduras,LA,1985,1.7175
Honduras,LA,1986,1.7728000000000002
Honduras,LA,1987,1.8281
Honduras,LA,1988,1.8834
Honduras,LA,1989,1.9387
Honduras,LA,1990,1.994
Honduras,LA,1991,2.0772
Honduras,LA,1992,2.1604
Honduras,LA,1993,2.2436
Honduras,LA,1994,2.3268
Honduras,LA,1995,2.41
Honduras,LA,1996,2.4932
Honduras,LA,1997,2.5764
Honduras,LA,1998,2.6596
Honduras,LA,1999,2.7428
Honduras,LA,2000,2.826
Honduras,LA,2001,2.9419
Honduras,LA,2002,3.0578
Honduras,LA,2003,3.1737
Honduras,LA,2004,3.2896
Honduras,LA,2005,3.4055
Honduras,LA,2006,3.5214
Honduras,LA,2007,3.6372999999999998
Honduras,LA,2008,3.7531999999999996
Honduras,LA,2009,3.8690999999999995
Honduras,LA,2010,3.985
Honduras,LA,2011,4.069
Honduras,LA,2012,4.153
Honduras,LA,2013,4.237
Honduras,LA,2014,4.321
Honduras,LA,2015,4.405
Honduras,LA,2016,4.489
Honduras,LA,2017,4.573
Honduras,LA,2018,4.657
Honduras,LA,2019,4.7410000000000005
Honduras,LA,2020,4.825
Mexico,LA,1820,2.495
Mexico,LA,1821,2.5079000000000002
Mexico,LA,1822,2.5208
Mexico,LA,1823,2.5337
Mexico,LA,1824,2.5466
Mexico,LA,1825,2.5595
Mexico,LA,1826,2.5724
Mexico,LA,1827,2.5853
Mexico,LA,1828,2.5982000000000003
Mexico,LA,1829,2.6111
Mexico,LA,1830,2.624
Mexico,LA,1831,2.6399
Mexico,LA,1832,2.6558
Mexico,LA,1833,2.6717
Mexico,LA,1834,2.6876
Mexico,LA,1835,2.7035
Mexico,LA,1836,2.7194
Mexico,LA,1837,2.7353
Mexico,LA,1838,2.7512
Mexico,LA,1839,2.7671
Mexico,LA,1840,2.783
Mexico,LA,1841,2.8043
Mexico,LA,1842,2.8256
Mexico,LA,1843,2.8468999999999998
Mexico,LA,1844,2.8682
Mexico,LA,1845,2.8895
Mexico,LA,1846,2.9108
Mexico,LA,1847,2.9321
Mexico,LA,1848,2.9534
Mexico,LA,1849,2.9747
Mexico,LA,1850,2.996
Mexico,LA,1851,3.0407
Mexico,LA,1852,3.0854
Mexico,LA,1853,3.1301
Mexico,LA,1854,3.1748
Mexico,LA,1855,3.2195
Mexico,LA,1856,3.2641999999999998
Mexico,LA,1857,3.3089
Mexico,LA,1858,3.3536
Mexico,LA,1859,3.3983
Mexico,LA,1860,3.443
Mexico,LA,1861,3.4225
Mexico,LA,1862,3.402
Mexico,LA,1863,3.3815
Mexico,LA,1864,3.361
Mexico,LA,1865,3.3405
Mexico,LA,1866,3.32
Mexico,LA,1867,3.2995
Mexico,LA,1868,3.279
Mexico,LA,1869,3.2585
Mexico,LA,1870,3.238
Mexico,LA,1871,3.2655
Mexico,LA,1872,3.293
Mexico,LA,1873,3.3205
Mexico,LA,1874,3.348
Mexico,LA,1875,3.3754999999999997
Mexico,LA,1876,3.403
Mexico,LA,1877,3.4305
Mexico,LA,1878,3.4579999999999997
Mexico,LA,1879,3.4855
Mexico,LA,1880,3.513
Mexico,LA,1881,3.5846999999999998
Mexico,LA,1882,3.6564
Mexico,LA,1883,3.7281
Mexico,LA,1884,3.7998000000000003
Mexico,LA,1885,3.8715
Mexico,LA,1886,3.9432
Mexico,LA,1887,4.0149
Mexico,LA,1888,4.086600000000001
Mexico,LA,1889,4.1583000000000006
Mexico,LA,1890,4.23
Mexico,LA,1891,4.4145
Mexico,LA,1892,4.599
Mexico,LA,1893,4.7835
Mexico,LA,1894,4.968
Mexico,LA,1895,5.1525
Mexico,LA,1896,5.337
Mexico,LA,1897,5.5215000000000005
Mexico,LA,1898,5.706
Mexico,LA,1899,5.8905
Mexico,LA,1900,6.075
Mexico,LA,1901,6.3707
Mexico,LA,1902,6.6664
Mexico,LA,1903,6.9621
Mexico,LA,1904,7.2578
Mexico,LA,1905,7.5535
Mexico,LA,1906,7.8492
Mexico,LA,1907,8.1449
Mexico,LA,1908,8.4406
Mexico,LA,1909,8.7363
Mexico,LA,1910,9.032
Mexico,LA,1911,9.0409
Mexico,LA,1912,9.0498
Mexico,LA,1913,9.0587
Mexico,LA,1914,9.0676
Mexico,LA,1915,9.0765
Mexico,LA,1916,9.0854
Mexico,LA,1917,9.0943
Mexico,LA,1918,9.103200000000001
Mexico,LA,1919,9.1121
Mexico,LA,1920,9.121
Mexico,LA,1921,9.2471
Mexico,LA,1922,9.3732
Mexico,LA,1923,9.4993
Mexico,LA,1924,9.6254
Mexico,LA,1925,9.7515
Mexico,LA,1926,9.8776
Mexico,LA,1927,10.0037
Mexico,LA,1928,10.1298
Mexico,LA,1929,10.2559
Mexico,LA,1930,10.382
Mexico,LA,1931,10.841
Mexico,LA,1932,11.299999999999999
Mexico,LA,1933,11.759
Mexico,LA,1934,12.218
Mexico,LA,1935,12.677
Mexico,LA,1936,13.136
Mexico,LA,1937,13.594999999999999
Mexico,LA,1938,14.053999999999998
Mexico,LA,1939,14.512999999999998
Mexico,LA,1940,14.972
Mexico,LA,1941,15.6476
Mexico,LA,1942,16.3232
Mexico,LA,1943,16.9988
Mexico,LA,1944,17.6744
Mexico,LA,1945,18.35
Mexico,LA,1946,19.0256
Mexico,LA,1947,19.7012
Mexico,LA,1948,20.376800000000003
Mexico,LA,1949,21.052400000000002
Mexico,LA,1950,21.728
Mexico,LA,1951,22.788700000000002
Mexico,LA,1952,23.849400000000003
Mexico,LA,1953,24.9101
Mexico,LA,1954,25.9708
Mexico,LA,1955,27.0315
Mexico,LA,1956,28.092200000000002
Mexico,LA,1957,29.152900000000002
Mexico,LA,1958,30.2136
Mexico,LA,1959,31.274300000000004
Mexico,LA,1960,32.335
Mexico,LA,1961,33.8292
Mexico,LA,1962,35.3234
Mexico,LA,1963,36.8176
Mexico,LA,1964,38.3118
Mexico,LA,1965,39.806
Mexico,LA,1966,41.300200000000004
Mexico,LA,1967,42.7944
Mexico,LA,1968,44.2886
Mexico,LA,1969,45.7828
Mexico,LA,1970,47.277
Mexico,LA,1971,51.752700000000004
Mexico,LA,1972,56.2284
Mexico,LA,1973,60.704100000000004
Mexico,LA,1974,65.1798
Mexico,LA,1975,69.6555
Mexico,LA,1976,74.1312
Mexico,LA,1977,78.60690000000001
Mexico,LA,1978,83.08260000000001
Mexico,LA,1979,87.5583
Mexico,LA,1980,92.034
Mexico,LA,1981,94.9662
Mexico,LA,1982,97.89840000000001
Mexico,LA,1983,100.8306
Mexico,LA,1984,103.7628
Mexico,LA,1985,106.695
Mexico,LA,1986,109.6272
Mexico,LA,1987,112.5594
Mexico,LA,1988,115.4916
Mexico,LA,1989,118.4238
Mexico,LA,1990,121.356
Mexico,LA,1991,124.3665
Mexico,LA,1992,127.377
Mexico,LA,1993,130.3875
Mexico,LA,1994,133.398
Mexico,LA,1995,136.4085
Mexico,LA,1996,139.419
Mexico,LA,1997,142.42950000000002
Mexico,LA,1998,145.44
Mexico,LA,1999,148.4505
Mexico,LA,2000,151.461
Mexico,LA,2001,155.0804
Mexico,LA,2002,158.6998
Mexico,LA,2003,162.31920000000002
Mexico,LA,2004,165.9386
Mexico,LA,2005,169.558
Mexico,LA,2006,173.1774
Mexico,LA,2007,176.79680000000002
Mexico,LA,2008,180.4162
Mexico,LA,2009,184.0356
Mexico,LA,2010,187.655
Mexico,LA,2011,186.5773
Mexico,LA,2012,185.4996
Mexico,LA,2013,184.4219
Mexico,LA,2014,183.3442
Mexico,LA,2015,182.2665
Mexico,LA,2016,181.1888
Mexico,LA,2017,180.1111
Mexico,LA,2018,179.0334
Mexico,LA,2019,177.95569999999998
Mexico,LA,2020,176.878
Nicaragua,LA,1820,0.068
Nicaragua,LA,1821,0.06920000000000001
Nicaragua,LA,1822,0.0704
Nicaragua,LA,1823,0.0716
Nicaragua,LA,1824,0.0728
Nicaragua,LA,1825,0.07400000000000001
Nicaragua,LA,1826,0.0752
Nicaragua,LA,1827,0.0764
Nicaragua,LA,1828,0.0776
Nicaragua,LA,1829,0.07880000000000001
Nicaragua,LA,1830,0.08
Nicaragua,LA,1831,0.0815
Nicaragua,LA,1832,0.083
Nicaragua,LA,1833,0.0845
Nicaragua,LA,1834,0.08600000000000001
Nicaragua,LA,1835,0.0875
Nicaragua,LA,1836,0.089
Nicaragua,LA,1837,0.0905
Nicaragua,LA,1838,0.092
Nicaragua,LA,1839,0.0935
Nicaragua,LA,1840,0.095
Nicaragua,LA,1841,0.0969
Nicaragua,LA,1842,0.0988
Nicaragua,LA,1843,0.1007
Nicaragua,LA,1844,0.1026
Nicaragua,LA,1845,0.10450000000000001
Nicaragua,LA,1846,0.1064
Nicaragua,LA,1847,0.10830000000000001
Nicaragua,LA,1848,0.1102
Nicaragua,LA,1849,0.1121
Nicaragua,LA,1850,0.114
Nicaragua,LA,1851,0.1153
Nicaragua,LA,1852,0.11660000000000001
Nicaragua,LA,1853,0.1179
Nicaragua,LA,1854,0.1192
Nicaragua,LA,1855,0.1205
Nicaragua,LA,1856,0.1218
Nicaragua,LA,1857,0.1231
Nicaragua,LA,1858,0.1244
Nicaragua,LA,1859,0.1257
Nicaragua,LA,1860,0.127
Nicaragua,LA,1861,0.1258
Nicaragua,LA,1862,0.1246
Nicaragua,LA,1863,0.12340000000000001
Nicaragua,LA,1864,0.1222
Nicaragua,LA,1865,0.121
Nicaragua,LA,1866,0.1198
Nicaragua,LA,1867,0.11860000000000001
Nicaragua,LA,1868,0.1174
Nicaragua,LA,1869,0.1162
Nicaragua,LA,1870,0.115
Nicaragua,LA,1871,0.1157
Nicaragua,LA,1872,0.1164
Nicaragua,LA,1873,0.11710000000000001
Nicaragua,LA,1874,0.1178
Nicaragua,LA,1875,0.1185
Nicaragua,LA,1876,0.1192
Nicaragua,LA,1877,0.1199
Nicaragua,LA,1878,0.1206
Nicaragua,LA,1879,0.12129999999999999
Nicaragua,LA,1880,0.122
Nicaragua,LA,1881,0.1244
Nicaragua,LA,1882,0.1268
Nicaragua,LA,1883,0.12919999999999998
Nicaragua,LA,1884,0.1316
Nicaragua,LA,1885,0.134
Nicaragua,LA,1886,0.1364
Nicaragua,LA,1887,0.13879999999999998
Nicaragua,LA,1888,0.1412
Nicaragua,LA,1889,0.1436
Nicaragua,LA,1890,0.146
Nicaragua,LA,1891,0.149
Nicaragua,LA,1892,0.152
Nicaragua,LA,1893,0.155
Nicaragua,LA,1894,0.158
Nicaragua,LA,1895,0.16099999999999998
Nicaragua,LA,1896,0.16399999999999998
Nicaragua,LA,1897,0.16699999999999998
Nicaragua,LA,1898,0.16999999999999998
Nicaragua,LA,1899,0.173
Nicaragua,LA,1900,0.176
Nicaragua,LA,1901,0.1857
Nicaragua,LA,1902,0.1954
Nicaragua,LA,1903,0.2051
Nicaragua,LA,1904,0.2148
Nicaragua,LA,1905,0.2245
Nicaragua,LA,1906,0.23420000000000002
Nicaragua,LA,1907,0.2439
Nicaragua,LA,1908,0.25360000000000005
Nicaragua,LA,1909,0.26330000000000003
Nicaragua,LA,1910,0.273
Nicaragua,LA,1911,0.2781
Nicaragua,LA,1912,0.2832
Nicaragua,LA,1913,0.2883
Nicaragua,LA,1914,0.2934
Nicaragua,LA,1915,0.2985
Nicaragua,LA,1916,0.30360000000000004
Nicaragua,LA,1917,0.30870000000000003
Nicaragua,LA,1918,0.3138
Nicaragua,LA,1919,0.3189
Nicaragua,LA,1920,0.324
Nicaragua,LA,1921,0.3264
Nicaragua,LA,1922,0.3288
Nicaragua,LA,1923,0.3312
Nicaragua,LA,1924,0.3336
Nicaragua,LA,1925,0.33599999999999997
Nicaragua,LA,1926,0.3384
Nicaragua,LA,1927,0.3408
Nicaragua,LA,1928,0.3432
Nicaragua,LA,1929,0.34559999999999996
Nicaragua,LA,1930,0.348
Nicaragua,LA,1931,0.3579
Nicaragua,LA,1932,0.36779999999999996
Nicaragua,LA,1933,0.3777
Nicaragua,LA,1934,0.3876
Nicaragua,LA,1935,0.39749999999999996
Nicaragua,LA,1936,0.4074
Nicaragua,LA,1937,0.4173
Nicaragua,LA,1938,0.4272
Nicaragua,LA,1939,0.4371
Nicaragua,LA,1940,0.447
Nicaragua,LA,1941,0.4575
Nicaragua,LA,1942,0.468
Nicaragua,LA,1943,0.47850000000000004
Nicaragua,LA,1944,0.48900000000000005
Nicaragua,LA,1945,0.49950000000000006
Nicaragua,LA,1946,0.51
Nicaragua,LA,1947,0.5205000000000001
Nicaragua,LA,1948,0.531
Nicaragua,LA,1949,0.5415000000000001
Nicaragua,LA,1950,0.552
Nicaragua,LA,1951,0.5725
Nicaragua,LA,1952,0.5930000000000001
Nicaragua,LA,1953,0.6135
Nicaragua,LA,1954,0.634
Nicaragua,LA,1955,0.6545000000000001
Nicaragua,LA,1956,0.675
Nicaragua,LA,1957,0.6955
Nicaragua,LA,1958,0.716
Nicaragua,LA,1959,0.7365
Nicaragua,LA,1960,0.757
Nicaragua,LA,1961,0.7793
Nicaragua,LA,1962,0.8016
Nicaragua,LA,1963,0.8239
Nicaragua,LA,1964,0.8462
Nicaragua,LA,1965,0.8685
Nicaragua,LA,1966,0.8908
Nicaragua,LA,1967,0.9131
Nicaragua,LA,1968,0.9354
Nicaragua,LA,1969,0.9577
Nicaragua,LA,1970,0.98
Nicaragua,LA,1971,1.0229
Nicaragua,LA,1972,1.0658
Nicaragua,LA,1973,1.1087
Nicaragua,LA,1974,1.1516
Nicaragua,LA,1975,1.1945000000000001
Nicaragua,LA,1976,1.2374
Nicaragua,LA,1977,1.2803
Nicaragua,LA,1978,1.3232
Nicaragua,LA,1979,1.3661
Nicaragua,LA,1980,1.409
Nicaragua,LA,1981,1.4242
Nicaragua,LA,1982,1.4394
Nicaragua,LA,1983,1.4546000000000001
Nicaragua,LA,1984,1.4698
Nicaragua,LA,1985,1.4849999999999999
Nicaragua,LA,1986,1.5002
Nicaragua,LA,1987,1.5154
Nicaragua,LA,1988,1.5306
Nicaragua,LA,1989,1.5457999999999998
Nicaragua,LA,1990,1.561
Nicaragua,LA,1991,1.6273
Nicaragua,LA,1992,1.6936
Nicaragua,LA,1993,1.7599
Nicaragua,LA,1994,1.8262
Nicaragua,LA,1995,1.8925
Nicaragua,LA,1996,1.9588
Nicaragua,LA,1997,2.0251
Nicaragua,LA,1998,2.0914
Nicaragua,LA,1999,2.1577
Nicaragua,LA,2000,2.224
Nicaragua,LA,2001,2.2887000000000004
Nicaragua,LA,2002,2.3534
Nicaragua,LA,2003,2.4181
Nicaragua,LA,2004,2.4828
Nicaragua,LA,2005,2.5475000000000003
Nicaragua,LA,2006,2.6122
Nicaragua,LA,2007,2.6769
Nicaragua,LA,2008,2.7416
Nicaragua,LA,2009,2.8063000000000002
Nicaragua,LA,2010,2.871
Nicaragua,LA,2011,2.9604
Nicaragua,LA,2012,3.0498
Nicaragua,LA,2013,3.1391999999999998
Nicaragua,LA,2014,3.2286
Nicaragua,LA,2015,3.318
Nicaragua,LA,2016,3.4074
Nicaragua,LA,2017,3.4968
Nicaragua,LA,2018,3.5862
Nicaragua,LA,2019,3.6756
Nicaragua,LA,2020,3.765
Panama,LA,1820,0.0
Panama,LA,1821,0.0002
Panama,LA,1822,0.0004
Panama,LA,1823,0.0006000000000000001
Panama,LA,1824,0.0008
Panama,LA,1825,0.001
Panama,LA,1826,0.0012000000000000001
Panama,LA,1827,0.0014
Panama,LA,1828,0.0016
Panama,LA,1829,0.0018000000000000002
Panama,LA,1830,0.002
Panama,LA,1831,0.0028
Panama,LA,1832,0.0036
Panama,LA,1833,0.0044
Panama,LA,1834,0.0052
Panama,LA,1835,0.006
Panama,LA,1836,0.0068000000000000005
Panama,LA,1837,0.0076
Panama,LA,1838,0.008400000000000001
Panama,LA,1839,0.0092
Panama,LA,1840,0.01
Panama,LA,1841,0.0142
Panama,LA,1842,0.0184
Panama,LA,1843,0.022600000000000002
Panama,LA,1844,0.026799999999999997
Panama,LA,1845,0.031
Panama,LA,1846,0.0352
Panama,LA,1847,0.0394
Panama,LA,1848,0.0436
Panama,LA,1849,0.0478
Panama,LA,1850,0.052
Panama,LA,1851,0.053
Panama,LA,1852,0.054
Panama,LA,1853,0.055
Panama,LA,1854,0.056
Panama,LA,1855,0.056999999999999995
Panama,LA,1856,0.057999999999999996
Panama,LA,1857,0.059
Panama,LA,1858,0.06
Panama,LA,1859,0.061
Panama,LA,1860,0.062
Panama,LA,1861,0.0618
Panama,LA,1862,0.0616
Panama,LA,1863,0.061399999999999996
Panama,LA,1864,0.0612
Panama,LA,1865,0.061
Panama,LA,1866,0.0608
Panama,LA,1867,0.0606
Panama,LA,1868,0.060399999999999995
Panama,LA,1869,0.0602
Panama,LA,1870,0.06
Panama,LA,1871,0.0605
Panama,LA,1872,0.061
Panama,LA,1873,0.0615
Panama,LA,1874,0.062
Panama,LA,1875,0.0625
Panama,LA,1876,0.063
Panama,LA,1877,0.0635
Panama,LA,1878,0.064
Panama,LA,1879,0.0645
Panama,LA,1880,0.065
Panama,LA,1881,0.06620000000000001
Panama,LA,1882,0.0674
Panama,LA,1883,0.0686
Panama,LA,1884,0.0698
Panama,LA,1885,0.07100000000000001
Panama,LA,1886,0.0722
Panama,LA,1887,0.07339999999999999
Panama,LA,1888,0.0746
Panama,LA,1889,0.0758
Panama,LA,1890,0.077
Panama,LA,1891,0.0789
Panama,LA,1892,0.0808
Panama,LA,1893,0.0827
Panama,LA,1894,0.0846
Panama,LA,1895,0.0865
Panama,LA,1896,0.0884
Panama,LA,1897,0.0903
Panama,LA,1898,0.0922
Panama,LA,1899,0.0941
Panama,LA,1900,0.096
Panama,LA,1901,0.1015
Panama,LA,1902,0.107
Panama,LA,1903,0.1125
Panama,LA,1904,0.118
Panama,LA,1905,0.1235
Panama,LA,1906,0.129
Panama,LA,1907,0.1345
Panama,LA,1908,0.14
Panama,LA,1909,0.1455
Panama,LA,1910,0.151
Panama,LA,1911,0.1562
Panama,LA,1912,0.1614
Panama,LA,1913,0.1666
Panama,LA,1914,0.1718
Panama,LA,1915,0.177
Panama,LA,1916,0.1822
Panama,LA,1917,0.1874
Panama,LA,1918,0.1926
Panama,LA,1919,0.1978
Panama,LA,1920,0.203
Panama,LA,1921,0.20440000000000003
Panama,LA,1922,0.2058
Panama,LA,1923,0.2072
Panama,LA,1924,0.2086
Panama,LA,1925,0.21000000000000002
Panama,LA,1926,0.2114
Panama,LA,1927,0.2128
Panama,LA,1928,0.2142
Panama,LA,1929,0.2156
Panama,LA,1930,0.217
Panama,LA,1931,0.2243
Panama,LA,1932,0.2316
Panama,LA,1933,0.2389
Panama,LA,1934,0.2462
Panama,LA,1935,0.2535
Panama,LA,1936,0.2608
Panama,LA,1937,0.2681
Panama,LA,1938,0.2754
Panama,LA,1939,0.28269999999999995
Panama,LA,1940,0.29
Panama,LA,1941,0.3105
Panama,LA,1942,0.33099999999999996
Panama,LA,1943,0.3515
Panama,LA,1944,0.372
Panama,LA,1945,0.39249999999999996
Panama,LA,1946,0.413
Panama,LA,1947,0.4335
Panama,LA,1948,0.45399999999999996
Panama,LA,1949,0.4745
Panama,LA,1950,0.495
Panama,LA,1951,0.5338
Panama,LA,1952,0.5726
Panama,LA,1953,0.6113999999999999
Panama,LA,1954,0.6502
Panama,LA,1955,0.6890000000000001
Panama,LA,1956,0.7278
Panama,LA,1957,0.7666
Panama,LA,1958,0.8054
Panama,LA,1959,0.8442000000000001
Panama,LA,1960,0.883
Panama,LA,1961,0.9853
Panama,LA,1962,1.0876
Panama,LA,1963,1.1899
Panama,LA,1964,1.2922
Panama,LA,1965,1.3944999999999999
Panama,LA,1966,1.4968
Panama,LA,1967,1.5991
Panama,LA,1968,1.7014
Panama,LA,1969,1.8036999999999999
Panama,LA,1970,1.906
Panama,LA,1971,2.1597999999999997
Panama,LA,1972,2.4135999999999997
Panama,LA,1973,2.6673999999999998
Panama,LA,1974,2.9212
Panama,LA,1975,3.175
Panama,LA,1976,3.4288
Panama,LA,1977,3.6826
Panama,LA,1978,3.9364
Panama,LA,1979,4.1902
Panama,LA,1980,4.444
Panama,LA,1981,4.4545
Panama,LA,1982,4.465
Panama,LA,1983,4.4755
Panama,LA,1984,4.486
Panama,LA,1985,4.4965
Panama,LA,1986,4.507000000000001
Panama,LA,1987,4.5175
Panama,LA,1988,4.5280000000000005
Panama,LA,1989,4.5385
Panama,LA,1990,4.549
Panama,LA,1991,4.6554
Panama,LA,1992,4.7618
Panama,LA,1993,4.868200000000001
Panama,LA,1994,4.974600000000001
Panama,LA,1995,5.081
Panama,LA,1996,5.1874
Panama,LA,1997,5.2938
Panama,LA,1998,5.400200000000001
Panama,LA,1999,5.506600000000001
Panama,LA,2000,5.613
Panama,LA,2001,5.8303
Panama,LA,2002,6.0476
Panama,LA,2003,6.2649
Panama,LA,2004,6.4822
Panama,LA,2005,6.6995000000000005
Panama,LA,2006,6.9168
Panama,LA,2007,7.1341
Panama,LA,2008,7.3514
Panama,LA,2009,7.5687
Panama,LA,2010,7.786
Panama,LA,2011,7.892099999999999
Panama,LA,2012,7.9982
Panama,LA,2013,8.1043
Panama,LA,2014,8.2104
Panama,LA,2015,8.3165
Panama,LA,2016,8.4226
Panama,LA,2017,8.528699999999999
Panama,LA,2018,8.6348
Panama,LA,2019,8.7409
Panama,LA,2020,8.847
Paraguay,LA,1820,0.053
Paraguay,LA,1821,0.0549
Paraguay,LA,1822,0.056799999999999996
Paraguay,LA,1823,0.058699999999999995
Paraguay,LA,1824,0.060599999999999994
Paraguay,LA,1825,0.0625
Paraguay,LA,1826,0.0644
Paraguay,LA,1827,0.0663
Paraguay,LA,1828,0.0682
Paraguay,LA,1829,0.0701
Paraguay,LA,1830,0.072
Paraguay,LA,1831,0.0745
Paraguay,LA,1832,0.077
Paraguay,LA,1833,0.0795
Paraguay,LA,1834,0.082
Paraguay,LA,1835,0.08449999999999999
Paraguay,LA,1836,0.087
Paraguay,LA,1837,0.0895
Paraguay,LA,1838,0.092
Paraguay,LA,1839,0.0945
Paraguay,LA,1840,0.097
Paraguay,LA,1841,0.1007
Paraguay,LA,1842,0.1044
Paraguay,LA,1843,0.1081
Paraguay,LA,1844,0.11180000000000001
Paraguay,LA,1845,0.1155
Paraguay,LA,1846,0.1192
Paraguay,LA,1847,0.12290000000000001
Paraguay,LA,1848,0.12660000000000002
Paraguay,LA,1849,0.1303
Paraguay,LA,1850,0.134
Paraguay,LA,1851,0.1353
Paraguay,LA,1852,0.1366
Paraguay,LA,1853,0.1379
Paraguay,LA,1854,0.1392
Paraguay,LA,1855,0.1405
Paraguay,LA,1856,0.1418
Paraguay,LA,1857,0.1431
Paraguay,LA,1858,0.1444
Paraguay,LA,1859,0.1457
Paraguay,LA,1860,0.147
Paraguay,LA,1861,0.1455
Paraguay,LA,1862,0.144
Paraguay,LA,1863,0.1425
Paraguay,LA,1864,0.141
Paraguay,LA,1865,0.1395
Paraguay,LA,1866,0.138
Paraguay,LA,1867,0.1365
Paraguay,LA,1868,0.135
Paraguay,LA,1869,0.1335
Paraguay,LA,1870,0.132
Paraguay,LA,1871,0.1322
Paraguay,LA,1872,0.13240000000000002
Paraguay,LA,1873,0.1326
Paraguay,LA,1874,0.1328
Paraguay,LA,1875,0.133
Paraguay,LA,1876,0.1332
Paraguay,LA,1877,0.13340000000000002
Paraguay,LA,1878,0.1336
Paraguay,LA,1879,0.1338
Paraguay,LA,1880,0.134
Paraguay,LA,1881,0.1356
Paraguay,LA,1882,0.13720000000000002
Paraguay,LA,1883,0.1388
Paraguay,LA,1884,0.1404
Paraguay,LA,1885,0.14200000000000002
Paraguay,LA,1886,0.1436
Paraguay,LA,1887,0.1452
Paraguay,LA,1888,0.14679999999999999
Paraguay,LA,1889,0.1484
Paraguay,LA,1890,0.15
Paraguay,LA,1891,0.1527
Paraguay,LA,1892,0.15539999999999998
Paraguay,LA,1893,0.1581
Paraguay,LA,1894,0.1608
Paraguay,LA,1895,0.16349999999999998
Paraguay,LA,1896,0.1662
Paraguay,LA,1897,0.1689
Paraguay,LA,1898,0.1716
Paraguay,LA,1899,0.17429999999999998
Paraguay,LA,1900,0.177
Paraguay,LA,1901,0.18639999999999998
Paraguay,LA,1902,0.1958
Paraguay,LA,1903,0.2052
Paraguay,LA,1904,0.2146
Paraguay,LA,1905,0.224
Paraguay,LA,1906,0.2334
Paraguay,LA,1907,0.24280000000000002
Paraguay,LA,1908,0.2522
Paraguay,LA,1909,0.2616
Paraguay,LA,1910,0.271
Paraguay,LA,1911,0.2751
Paraguay,LA,1912,0.2792
Paraguay,LA,1913,0.2833
Paraguay,LA,1914,0.2874
Paraguay,LA,1915,0.2915
Paraguay,LA,1916,0.29560000000000003
Paraguay,LA,1917,0.2997
Paraguay,LA,1918,0.3038
Paraguay,LA,1919,0.3079
Paraguay,LA,1920,0.312
Paraguay,LA,1921,0.3199
Paraguay,LA,1922,0.3278
Paraguay,LA,1923,0.3357
Paraguay,LA,1924,0.3436
Paraguay,LA,1925,0.35150000000000003
Paraguay,LA,1926,0.3594
Paraguay,LA,1927,0.3673
Paraguay,LA,1928,0.3752
Paraguay,LA,1929,0.3831
Paraguay,LA,1930,0.391
Paraguay,LA,1931,0.4003
Paraguay,LA,1932,0.4096
Paraguay,LA,1933,0.4189
Paraguay,LA,1934,0.4282
Paraguay,LA,1935,0.4375
Paraguay,LA,1936,0.4468
Paraguay,LA,1937,0.4561
Paraguay,LA,1938,0.4654
Paraguay,LA,1939,0.4747
Paraguay,LA,1940,0.484
Paraguay,LA,1941,0.4935
Paraguay,LA,1942,0.503
Paraguay,LA,1943,0.5125
Paraguay,LA,1944,0.522
Paraguay,LA,1945,0.5315
Paraguay,LA,1946,0.5409999999999999
Paraguay,LA,1947,0.5505
Paraguay,LA,1948,0.5599999999999999
Paraguay,LA,1949,0.5695
Paraguay,LA,1950,0.579
Paraguay,LA,1951,0.596
Paraguay,LA,1952,0.613
Paraguay,LA,1953,0.63
Paraguay,LA,1954,0.647
Paraguay,LA,1955,0.6639999999999999
Paraguay,LA,1956,0.681
Paraguay,LA,1957,0.698
Paraguay,LA,1958,0.715
Paraguay,LA,1959,0.732
Paraguay,LA,1960,0.749
Paraguay,LA,1961,0.768
Paraguay,LA,1962,0.787
Paraguay,LA,1963,0.8059999999999999
Paraguay,LA,1964,0.825
Paraguay,LA,1965,0.844
Paraguay,LA,1966,0.863
Paraguay,LA,1967,0.882
Paraguay,LA,1968,0.901
Paraguay,LA,1969,0.9199999999999999
Paraguay,LA,1970,0.939
Paraguay,LA,1971,0.974
Paraguay,LA,1972,1.009
Paraguay,LA,1973,1.044
Paraguay,LA,1974,1.079
Paraguay,LA,1975,1.1139999999999999
Paraguay,LA,1976,1.149
Paraguay,LA,1977,1.184
Paraguay,LA,1978,1.2189999999999999
Paraguay,LA,1979,1.254
Paraguay,LA,1980,1.289
Paraguay,LA,1981,1.3434
Paraguay,LA,1982,1.3978
Paraguay,LA,1983,1.4522
Paraguay,LA,1984,1.5066
Paraguay,LA,1985,1.561
Paraguay,LA,1986,1.6154
Paraguay,LA,1987,1.6698
Paraguay,LA,1988,1.7242
Paraguay,LA,1989,1.7786
Paraguay,LA,1990,1.833
Paraguay,LA,1991,1.906
Paraguay,LA,1992,1.979
Paraguay,LA,1993,2.052
Paraguay,LA,1994,2.125
Paraguay,LA,1995,2.198
Paraguay,LA,1996,2.271
Paraguay,LA,1997,2.3440000000000003
Paraguay,LA,1998,2.4170000000000003
Paraguay,LA,1999,2.49
Paraguay,LA,2000,2.563
Paraguay,LA,2001,2.6581
Paraguay,LA,2002,2.7532
Paraguay,LA,2003,2.8483
Paraguay,LA,2004,2.9434
Paraguay,LA,2005,3.0385
Paraguay,LA,2006,3.1336
Paraguay,LA,2007,3.2287
Paraguay,LA,2008,3.3238
Paraguay,LA,2009,3.4189
Paraguay,LA,2010,3.514
Paraguay,LA,2011,3.6706
Paraguay,LA,2012,3.8272
Paraguay,LA,2013,3.9838
Paraguay,LA,2014,4.1404
Paraguay,LA,2015,4.297
Paraguay,LA,2016,4.4536
Paraguay,LA,2017,4.6102
Paraguay,LA,2018,4.7668
Paraguay,LA,2019,4.9234
Paraguay,LA,2020,5.08
Peru,LA,1820,0.494
Peru,LA,1821,0.5014
Peru,LA,1822,0.5088
Peru,LA,1823,0.5162
Peru,LA,1824,0.5236
Peru,LA,1825,0.5309999999999999
Peru,LA,1826,0.5384
Peru,LA,1827,0.5458
Peru,LA,1828,0.5531999999999999
Peru,LA,1829,0.5606
Peru,LA,1830,0.568
Peru,LA,1831,0.5771
Peru,LA,1832,0.5861999999999999
Peru,LA,1833,0.5952999999999999
Peru,LA,1834,0.6043999999999999
Peru,LA,1835,0.6134999999999999
Peru,LA,1836,0.6226
Peru,LA,1837,0.6317
Peru,LA,1838,0.6408
Peru,LA,1839,0.6499
Peru,LA,1840,0.659
Peru,LA,1841,0.6706000000000001
Peru,LA,1842,0.6822
Peru,LA,1843,0.6938
Peru,LA,1844,0.7054
Peru,LA,1845,0.7170000000000001
Peru,LA,1846,0.7286
Peru,LA,1847,0.7402
Peru,LA,1848,0.7518
Peru,LA,1849,0.7634000000000001
Peru,LA,1850,0.775
Peru,LA,1851,0.7917000000000001
Peru,LA,1852,0.8084
Peru,LA,1853,0.8251
Peru,LA,1854,0.8418
Peru,LA,1855,0.8585
Peru,LA,1856,0.8752
Peru,LA,1857,0.8918999999999999
Peru,LA,1858,0.9086
Peru,LA,1859,0.9253
Peru,LA,1860,0.942
Peru,LA,1861,0.945
Peru,LA,1862,0.948
Peru,LA,1863,0.951
Peru,LA,1864,0.954
Peru,LA,1865,0.957
Peru,LA,1866,0.96
Peru,LA,1867,0.963
Peru,LA,1868,0.966
Peru,LA,1869,0.969
Peru,LA,1870,0.972
Peru,LA,1871,0.9646
Peru,LA,1872,0.9571999999999999
Peru,LA,1873,0.9498
Peru,LA,1874,0.9424
Peru,LA,1875,0.935
Peru,LA,1876,0.9276
Peru,LA,1877,0.9202
Peru,LA,1878,0.9128000000000001
Peru,LA,1879,0.9054
Peru,LA,1880,0.898
Peru,LA,1881,0.9044
Peru,LA,1882,0.9108
Peru,LA,1883,0.9172
Peru,LA,1884,0.9236
Peru,LA,1885,0.9299999999999999
Peru,LA,1886,0.9364
Peru,LA,1887,0.9428
Peru,LA,1888,0.9491999999999999
Peru,LA,1889,0.9556
Peru,LA,1890,0.962
Peru,LA,1891,0.9736
Peru,LA,1892,0.9852
Peru,LA,1893,0.9968
Peru,LA,1894,1.0084
Peru,LA,1895,1.02
Peru,LA,1896,1.0316
Peru,LA,1897,1.0432000000000001
Peru,LA,1898,1.0548
Peru,LA,1899,1.0664
Peru,LA,1900,1.078
Peru,LA,1901,1.1652
Peru,LA,1902,1.2524
Peru,LA,1903,1.3396
Peru,LA,1904,1.4268
Peru,LA,1905,1.514
Peru,LA,1906,1.6012
Peru,LA,1907,1.6884000000000001
Peru,LA,1908,1.7755999999999998
Peru,LA,1909,1.8628
Peru,LA,1910,1.95
Peru,LA,1911,1.9998
Peru,LA,1912,2.0496
Peru,LA,1913,2.0994
Peru,LA,1914,2.1492
Peru,LA,1915,2.199
Peru,LA,1916,2.2488
Peru,LA,1917,2.2986
Peru,LA,1918,2.3484
Peru,LA,1919,2.3982
Peru,LA,1920,2.448
Peru,LA,1921,2.503
Peru,LA,1922,2.558
Peru,LA,1923,2.613
Peru,LA,1924,2.668
Peru,LA,1925,2.723
Peru,LA,1926,2.778
Peru,LA,1927,2.833
Peru,LA,1928,2.8880000000000003
Peru,LA,1929,2.943
Peru,LA,1930,2.998
Peru,LA,1931,3.0551000000000004
Peru,LA,1932,3.1122
Peru,LA,1933,3.1693000000000002
Peru,LA,1934,3.2264
Peru,LA,1935,3.2835
Peru,LA,1936,3.3406000000000002
Peru,LA,1937,3.3977
Peru,LA,1938,3.4548
Peru,LA,1939,3.5119
Peru,LA,1940,3.569
Peru,LA,1941,3.6763
Peru,LA,1942,3.7836
Peru,LA,1943,3.8909000000000002
Peru,LA,1944,3.9982
Peru,LA,1945,4.1055
Peru,LA,1946,4.2128
Peru,LA,1947,4.3201
Peru,LA,1948,4.4274000000000004
Peru,LA,1949,4.5347
Peru,LA,1950,4.642
Peru,LA,1951,4.7628
Peru,LA,1952,4.8836
Peru,LA,1953,5.0044
Peru,LA,1954,5.1252
Peru,LA,1955,5.246
Peru,LA,1956,5.3668
Peru,LA,1957,5.4876
Peru,LA,1958,5.6084
Peru,LA,1959,5.7292
Peru,LA,1960,5.85
Peru,LA,1961,6.0423
Peru,LA,1962,6.2345999999999995
Peru,LA,1963,6.4269
Peru,LA,1964,6.619199999999999
Peru,LA,1965,6.8115
Peru,LA,1966,7.0038
Peru,LA,1967,7.1960999999999995
Peru,LA,1968,7.3884
Peru,LA,1969,7.580699999999999
Peru,LA,1970,7.773
Peru,LA,1971,8.1459
Peru,LA,1972,8.5188
Peru,LA,1973,8.8917
Peru,LA,1974,9.2646
Peru,LA,1975,9.6375
Peru,LA,1976,10.0104
Peru,LA,1977,10.3833
Peru,LA,1978,10.7562
Peru,LA,1979,11.129100000000001
Peru,LA,1980,11.502
Peru,LA,1981,11.4869
Peru,LA,1982,11.4718
Peru,LA,1983,11.456700000000001
Peru,LA,1984,11.441600000000001
Peru,LA,1985,11.4265
Peru,LA,1986,11.4114
Peru,LA,1987,11.3963
Peru,LA,1988,11.381200000000002
Peru,LA,1989,11.366100000000001
Peru,LA,1990,11.351
Peru,LA,1991,11.6531
Peru,LA,1992,11.955200000000001
Peru,LA,1993,12.2573
Peru,LA,1994,12.5594
Peru,LA,1995,12.8615
Peru,LA,1996,13.1636
Peru,LA,1997,13.4657
Peru,LA,1998,13.767800000000001
Peru,LA,1999,14.0699
Peru,LA,2000,14.372
Peru,LA,2001,15.0889
Peru,LA,2002,15.8058
Peru,LA,2003,16.5227
Peru,LA,2004,17.2396
Peru,LA,2005,17.9565
Peru,LA,2006,18.6734
Peru,LA,2007,19.3903
Peru,LA,2008,20.1072
Peru,LA,2009,20.8241
Peru,LA,2010,21.541
Peru,LA,2011,21.8317
Peru,LA,2012,22.1224
Peru,LA,2013,22.4131
Peru,LA,2014,22.7038
Peru,LA,2015,22.994500000000002
Peru,LA,2016,23.2852
Peru,LA,2017,23.5759
Peru,LA,2018,23.866600000000002
Peru,LA,2019,24.1573
Peru,LA,2020,24.448
Uruguay,LA,1820,0.021
Uruguay,LA,1821,0.0217
Uruguay,LA,1822,0.0224
Uruguay,LA,1823,0.023100000000000002
Uruguay,LA,1824,0.0238
Uruguay,LA,1825,0.0245
Uruguay,LA,1826,0.0252
Uruguay,LA,1827,0.0259
Uruguay,LA,1828,0.0266
Uruguay,LA,1829,0.0273
Uruguay,LA,1830,0.028
Uruguay,LA,1831,0.028900000000000002
Uruguay,LA,1832,0.0298
Uruguay,LA,1833,0.030699999999999998
Uruguay,LA,1834,0.0316
Uruguay,LA,1835,0.0325
Uruguay,LA,1836,0.0334
Uruguay,LA,1837,0.0343
Uruguay,LA,1838,0.035199999999999995
Uruguay,LA,1839,0.0361
Uruguay,LA,1840,0.037
Uruguay,LA,1841,0.0384
Uruguay,LA,1842,0.039799999999999995
Uruguay,LA,1843,0.0412
Uruguay,LA,1844,0.0426
Uruguay,LA,1845,0.044
Uruguay,LA,1846,0.045399999999999996
Uruguay,LA,1847,0.046799999999999994
Uruguay,LA,1848,0.04819999999999999
Uruguay,LA,1849,0.0496
Uruguay,LA,1850,0.051
Uruguay,LA,1851,0.0564
Uruguay,LA,1852,0.061799999999999994
Uruguay,LA,1853,0.0672
Uruguay,LA,1854,0.0726
Uruguay,LA,1855,0.078
Uruguay,LA,1856,0.0834
Uruguay,LA,1857,0.08879999999999999
Uruguay,LA,1858,0.0942
Uruguay,LA,1859,0.0996
Uruguay,LA,1860,0.105
Uruguay,LA,1861,0.1152
Uruguay,LA,1862,0.12539999999999998
Uruguay,LA,1863,0.1356
Uruguay,LA,1864,0.14579999999999999
Uruguay,LA,1865,0.156
Uruguay,LA,1866,0.1662
Uruguay,LA,1867,0.1764
Uruguay,LA,1868,0.1866
Uruguay,LA,1869,0.19679999999999997
Uruguay,LA,1870,0.207
Uruguay,LA,1871,0.2118
Uruguay,LA,1872,0.2166
Uruguay,LA,1873,0.22139999999999999
Uruguay,LA,1874,0.22619999999999998
Uruguay,LA,1875,0.23099999999999998
Uruguay,LA,1876,0.2358
Uruguay,LA,1877,0.2406
Uruguay,LA,1878,0.2454
Uruguay,LA,1879,0.2502
Uruguay,LA,1880,0.255
Uruguay,LA,1881,0.2718
Uruguay,LA,1882,0.2886
Uruguay,LA,1883,0.3054
Uruguay,LA,1884,0.3222
Uruguay,LA,1885,0.33899999999999997
Uruguay,LA,1886,0.3558
Uruguay,LA,1887,0.3726
Uruguay,LA,1888,0.38939999999999997
Uruguay,LA,1889,0.4062
Uruguay,LA,1890,0.423
Uruguay,LA,1891,0.4492
Uruguay,LA,1892,0.4754
Uruguay,LA,1893,0.5016
Uruguay,LA,1894,0.5278
Uruguay,LA,1895,0.554
Uruguay,LA,1896,0.5802
Uruguay,LA,1897,0.6064
Uruguay,LA,1898,0.6326
Uruguay,LA,1899,0.6588
Uruguay,LA,1900,0.685
Uruguay,LA,1901,0.7384000000000001
Uruguay,LA,1902,0.7918000000000001
Uruguay,LA,1903,0.8452000000000001
Uruguay,LA,1904,0.8986000000000001
Uruguay,LA,1905,0.9520000000000001
Uruguay,LA,1906,1.0054
Uruguay,LA,1907,1.0588000000000002
Uruguay,LA,1908,1.1122
Uruguay,LA,1909,1.1656
Uruguay,LA,1910,1.219
Uruguay,LA,1911,1.1997
Uruguay,LA,1912,1.1804000000000001
Uruguay,LA,1913,1.1611
Uruguay,LA,1914,1.1418000000000001
Uruguay,LA,1915,1.1225
Uruguay,LA,1916,1.1032
Uruguay,LA,1917,1.0839
Uruguay,LA,1918,1.0646
Uruguay,LA,1919,1.0453000000000001
Uruguay,LA,1920,1.026
Uruguay,LA,1921,1.0603
Uruguay,LA,1922,1.0946
Uruguay,LA,1923,1.1289
Uruguay,LA,1924,1.1632
Uruguay,LA,1925,1.1975
Uruguay,LA,1926,1.2318
Uruguay,LA,1927,1.2661
Uruguay,LA,1928,1.3004
Uruguay,LA,1929,1.3347
Uruguay,LA,1930,1.369
Uruguay,LA,1931,1.3814
Uruguay,LA,1932,1.3938
Uruguay,LA,1933,1.4062000000000001
Uruguay,LA,1934,1.4186
Uruguay,LA,1935,1.431
Uruguay,LA,1936,1.4434
Uruguay,LA,1937,1.4558
Uruguay,LA,1938,1.4682000000000002
Uruguay,LA,1939,1.4806000000000001
Uruguay,LA,1940,1.493
Uruguay,LA,1941,1.5189000000000001
Uruguay,LA,1942,1.5448000000000002
Uruguay,LA,1943,1.5707
Uruguay,LA,1944,1.5966
Uruguay,LA,1945,1.6225
Uruguay,LA,1946,1.6484
Uruguay,LA,1947,1.6743000000000001
Uruguay,LA,1948,1.7002
Uruguay,LA,1949,1.7261
Uruguay,LA,1950,1.752
Uruguay,LA,1951,1.7997
Uruguay,LA,1952,1.8474
Uruguay,LA,1953,1.8951
Uruguay,LA,1954,1.9428
Uruguay,LA,1955,1.9905
Uruguay,LA,1956,2.0382
Uruguay,LA,1957,2.0859
Uruguay,LA,1958,2.1336
Uruguay,LA,1959,2.1813000000000002
Uruguay,LA,1960,2.229
Uruguay,LA,1961,2.283
Uruguay,LA,1962,2.337
Uruguay,LA,1963,2.391
Uruguay,LA,1964,2.4450000000000003
Uruguay,LA,1965,2.499
Uruguay,LA,1966,2.553
Uruguay,LA,1967,2.607
Uruguay,LA,1968,2.661
Uruguay,LA,1969,2.7150000000000003
Uruguay,LA,1970,2.769
Uruguay,LA,1971,2.773
Uruguay,LA,1972,2.777
Uruguay,LA,1973,2.781
Uruguay,LA,1974,2.785
Uruguay,LA,1975,2.789
Uruguay,LA,1976,2.793
Uruguay,LA,1977,2.797
Uruguay,LA,1978,2.801
Uruguay,LA,1979,2.805
Uruguay,LA,1980,2.809
Uruguay,LA,1981,2.7895000000000003
Uruguay,LA,1982,2.77
Uruguay,LA,1983,2.7505
Uruguay,LA,1984,2.731
Uruguay,LA,1985,2.7115
Uruguay,LA,1986,2.692
Uruguay,LA,1987,2.6725
Uruguay,LA,1988,2.653
Uruguay,LA,1989,2.6334999999999997
Uruguay,LA,1990,2.614
Uruguay,LA,1991,2.7052
Uruguay,LA,1992,2.7963999999999998
Uruguay,LA,1993,2.8876
Uruguay,LA,1994,2.9787999999999997
Uruguay,LA,1995,3.07
Uruguay,LA,1996,3.1612
Uruguay,LA,1997,3.2523999999999997
Uruguay,LA,1998,3.3436
Uruguay,LA,1999,3.4347999999999996
Uruguay,LA,2000,3.526
Uruguay,LA,2001,3.6292
Uruguay,LA,2002,3.7323999999999997
Uruguay,LA,2003,3.8356
Uruguay,LA,2004,3.9387999999999996
Uruguay,LA,2005,4.042
Uruguay,LA,2006,4.1452
Uruguay,LA,2007,4.2484
Uruguay,LA,2008,4.3515999999999995
Uruguay,LA,2009,4.4548
Uruguay,LA,2010,4.558
Uruguay,LA,2011,4.615
Uruguay,LA,2012,4.672
Uruguay,LA,2013,4.729
Uruguay,LA,2014,4.786
Uruguay,LA,2015,4.843
Uruguay,LA,2016,4.9
Uruguay,LA,2017,4.957
Uruguay,LA,2018,5.014
Uruguay,LA,2019,5.071
Uruguay,LA,2020,5.128
Venezuela,LA,1820,0.267
Venezuela,LA,1821,0.273
Venezuela,LA,1822,0.279
Venezuela,LA,1823,0.28500000000000003
Venezuela,LA,1824,0.29100000000000004
Venezuela,LA,1825,0.29700000000000004
Venezuela,LA,1826,0.30300000000000005
Venezuela,LA,1827,0.309
Venezuela,LA,1828,0.315
Venezuela,LA,1829,0.321
Venezuela,LA,1830,0.327
Venezuela,LA,1831,0.3348
Venezuela,LA,1832,0.3426
Venezuela,LA,1833,0.35040000000000004
Venezuela,LA,1834,0.3582
Venezuela,LA,1835,0.366
Venezuela,LA,1836,0.3738
Venezuela,LA,1837,0.38160000000000005
Venezuela,LA,1838,0.3894
Venezuela,LA,1839,0.3972
Venezuela,LA,1840,0.405
Venezuela,LA,1841,0.4153
Venezuela,LA,1842,0.42560000000000003
Venezuela,LA,1843,0.4359
Venezuela,LA,1844,0.44620000000000004
Venezuela,LA,1845,0.4565
Venezuela,LA,1846,0.4668
Venezuela,LA,1847,0.4771
Venezuela,LA,1848,0.4874
Venezuela,LA,1849,0.49770000000000003
Venezuela,LA,1850,0.508
Venezuela,LA,1851,0.5167
Venezuela,LA,1852,0.5254
Venezuela,LA,1853,0.5341
Venezuela,LA,1854,0.5428
Venezuela,LA,1855,0.5515
Venezuela,LA,1856,0.5602
Venezuela,LA,1857,0.5689
Venezuela,LA,1858,0.5776
Venezuela,LA,1859,0.5862999999999999
Venezuela,LA,1860,0.595
Venezuela,LA,1861,0.5922999999999999
Venezuela,LA,1862,0.5896
Venezuela,LA,1863,0.5869
Venezuela,LA,1864,0.5841999999999999
Venezuela,LA,1865,0.5814999999999999
Venezuela,LA,1866,0.5788
Venezuela,LA,1867,0.5761
Venezuela,LA,1868,0.5733999999999999
Venezuela,LA,1869,0.5707
Venezuela,LA,1870,0.568
Venezuela,LA,1871,0.5714999999999999
Venezuela,LA,1872,0.575
Venezuela,LA,1873,0.5785
Venezuela,LA,1874,0.582
Venezuela,LA,1875,0.5854999999999999
Venezuela,LA,1876,0.589
Venezuela,LA,1877,0.5925
Venezuela,LA,1878,0.596
Venezuela,LA,1879,0.5994999999999999
Venezuela,LA,1880,0.603
Venezuela,LA,1881,0.6151
Venezuela,LA,1882,0.6272
Venezuela,LA,1883,0.6393
Venezuela,LA,1884,0.6514
Venezuela,LA,1885,0.6635
Venezuela,LA,1886,0.6756
Venezuela,LA,1887,0.6877
Venezuela,LA,1888,0.6998
Venezuela,LA,1889,0.7119
Venezuela,LA,1890,0.724
Venezuela,LA,1891,0.7387
Venezuela,LA,1892,0.7534
Venezuela,LA,1893,0.7681
Venezuela,LA,1894,0.7827999999999999
Venezuela,LA,1895,0.7975
Venezuela,LA,1896,0.8122
Venezuela,LA,1897,0.8269
Venezuela,LA,1898,0.8416
Venezuela,LA,1899,0.8563
Venezuela,LA,1900,0.871
Venezuela,LA,1901,0.8955
Venezuela,LA,1902,0.92
Venezuela,LA,1903,0.9445
Venezuela,LA,1904,0.9690000000000001
Venezuela,LA,1905,0.9935
Venezuela,LA,1906,1.018
Venezuela,LA,1907,1.0425
Venezuela,LA,1908,1.0670000000000002
Venezuela,LA,1909,1.0915000000000001
Venezuela,LA,1910,1.116
Venezuela,LA,1911,1.1291000000000002
Venezuela,LA,1912,1.1422
Venezuela,LA,1913,1.1553
Venezuela,LA,1914,1.1684
Venezuela,LA,1915,1.1815000000000002
Venezuela,LA,1916,1.1946
Venezuela,LA,1917,1.2077
Venezuela,LA,1918,1.2208
Venezuela,LA,1919,1.2339000000000002
Venezuela,LA,1920,1.247
Venezuela,LA,1921,1.2994
Venezuela,LA,1922,1.3518000000000001
Venezuela,LA,1923,1.4042000000000001
Venezuela,LA,1924,1.4566000000000001
Venezuela,LA,1925,1.509
Venezuela,LA,1926,1.5614
Venezuela,LA,1927,1.6138
Venezuela,LA,1928,1.6662
Venezuela,LA,1929,1.7186
Venezuela,LA,1930,1.771
Venezuela,LA,1931,1.8979
Venezuela,LA,1932,2.0248
Venezuela,LA,1933,2.1517
Venezuela,LA,1934,2.2786
Venezuela,LA,1935,2.4055
Venezuela,LA,1936,2.5324
Venezuela,LA,1937,2.6593
Venezuela,LA,1938,2.7862
Venezuela,LA,1939,2.9131
Venezuela,LA,1940,3.04
Venezuela,LA,1941,3.5058000000000002
Venezuela,LA,1942,3.9716
Venezuela,LA,1943,4.4374
Venezuela,LA,1944,4.9032
Venezuela,LA,1945,5.369
Venezuela,LA,1946,5.8348
Venezuela,LA,1947,6.3006
Venezuela,LA,1948,6.766400000000001
Venezuela,LA,1949,7.232200000000001
Venezuela,LA,1950,7.698
Venezuela,LA,1951,8.627
Venezuela,LA,1952,9.556000000000001
Venezuela,LA,1953,10.485
Venezuela,LA,1954,11.414
Venezuela,LA,1955,12.343
Venezuela,LA,1956,13.272
Venezuela,LA,1957,14.201
Venezuela,LA,1958,15.129999999999999
Venezuela,LA,1959,16.058999999999997
Venezuela,LA,1960,16.988
Venezuela,LA,1961,17.4271
Venezuela,LA,1962,17.8662
Venezuela,LA,1963,18.3053
Venezuela,LA,1964,18.7444
Venezuela,LA,1965,19.183500000000002
Venezuela,LA,1966,19.6226
Venezuela,LA,1967,20.061700000000002
Venezuela,LA,1968,20.5008
Venezuela,LA,1969,20.9399
Venezuela,LA,1970,21.379
Venezuela,LA,1971,23.2251
Venezuela,LA,1972,25.0712
Venezuela,LA,1973,26.917300000000004
Venezuela,LA,1974,28.763400000000004
Venezuela,LA,1975,30.609500000000004
Venezuela,LA,1976,32.455600000000004
Venezuela,LA,1977,34.301700000000004
Venezuela,LA,1978,36.147800000000004
Venezuela,LA,1979,37.993900000000004
Venezuela,LA,1980,39.84
Venezuela,LA,1981,40.7734
Venezuela,LA,1982,41.7068
Venezuela,LA,1983,42.6402
Venezuela,LA,1984,43.5736
Venezuela,LA,1985,44.507000000000005
Venezuela,LA,1986,45.4404
Venezuela,LA,1987,46.3738
Venezuela,LA,1988,47.3072
Venezuela,LA,1989,48.2406
Venezuela,LA,1990,49.174
Venezuela,LA,1991,50.66
Venezuela,LA,1992,52.146
Venezuela,LA,1993,53.632000000000005
Venezuela,LA,1994,55.118
Venezuela,LA,1995,56.604
Venezuela,LA,1996,58.09
Venezuela,LA,1997,59.57600000000001
Venezuela,LA,1998,61.062000000000005
Venezuela,LA,1999,62.548
Venezuela,LA,2000,64.034
Venezuela,LA,2001,65.08430000000001
Venezuela,LA,2002,66.1346
Venezuela,LA,2003,67.1849
Venezuela,LA,2004,68.2352
Venezuela,LA,2005,69.28550000000001
Venezuela,LA,2006,70.3358
Venezuela,LA,2007,71.3861
Venezuela,LA,2008,72.4364
Venezuela,LA,2009,73.48670000000001
Venezuela,LA,2010,74.537
Venezuela,LA,2011,70.50850000000001
Venezuela,LA,2012,66.48
Venezuela,LA,2013,62.45150000000001
Venezuela,LA,2014,58.423
Venezuela,LA,2015,54.39450000000001
Venezuela,LA,2016,50.36600000000001
Venezuela,LA,2017,46.337500000000006
Venezuela,LA,2018,42.309000000000005
Venezuela,LA,2019,38.2805
Venezuela,LA,2020,34.252
Australia,O,1820,0.235
Australia,O,1821,0.237
Australia,O,1822,0.239
Australia,O,1823,0.241
Australia,O,1824,0.243
Australia,O,1825,0.245
Australia,O,1826,0.247
Australia,O,1827,0.249
Australia,O,1828,0.251
Australia,O,1829,0.253
Australia,O,1830,0.255
Australia,O,1831,0.2665
Australia,O,1832,0.278
Australia,O,1833,0.2895
Australia,O,1834,0.301
Australia,O,1835,0.3125
Australia,O,1836,0.324
Australia,O,1837,0.3355
Australia,O,1838,0.347
Australia,O,1839,0.3585
Australia,O,1840,0.37
Australia,O,1841,0.3976
Australia,O,1842,0.4252
Australia,O,1843,0.4528
Australia,O,1844,0.4804
Australia,O,1845,0.508
Australia,O,1846,0.5356000000000001
Australia,O,1847,0.5632
Australia,O,1848,0.5908
Australia,O,1849,0.6184000000000001
Australia,O,1850,0.646
Australia,O,1851,0.7601
Australia,O,1852,0.8742000000000001
Australia,O,1853,0.9883000000000001
Australia,O,1854,1.1024
Australia,O,1855,1.2165
Australia,O,1856,1.3306
Australia,O,1857,1.4447
Australia,O,1858,1.5588000000000002
Australia,O,1859,1.6729000000000003
Australia,O,1860,1.787
Australia,O,1861,1.883
Australia,O,1862,1.9789999999999999
Australia,O,1863,2.075
Australia,O,1864,2.171
Australia,O,1865,2.267
Australia,O,1866,2.363
Australia,O,1867,2.459
Australia,O,1868,2.5549999999999997
Australia,O,1869,2.651
Australia,O,1870,2.747
Australia,O,1871,2.9083
Australia,O,1872,3.0696
Australia,O,1873,3.2309
Australia,O,1874,3.3922
Australia,O,1875,3.5535
Australia,O,1876,3.7148000000000003
Australia,O,1877,3.8761
Australia,O,1878,4.0374
Australia,O,1879,4.1987000000000005
Australia,O,1880,4.36
Australia,O,1881,4.573
Australia,O,1882,4.7860000000000005
Australia,O,1883,4.9990000000000006
Australia,O,1884,5.212000000000001
Australia,O,1885,5.425000000000001
Australia,O,1886,5.638
Australia,O,1887,5.851
Australia,O,1888,6.064
Australia,O,1889,6.277
Australia,O,1890,6.49
Australia,O,1891,6.713
Australia,O,1892,6.936
Australia,O,1893,7.159000000000001
Australia,O,1894,7.382000000000001
Australia,O,1895,7.605
Australia,O,1896,7.828
Australia,O,1897,8.051
Australia,O,1898,8.274000000000001
Australia,O,1899,8.497
Australia,O,1900,8.72
Australia,O,1901,8.9984
Australia,O,1902,9.2768
Australia,O,1903,9.555200000000001
Australia,O,1904,9.8336
Australia,O,1905,10.112
Australia,O,1906,10.3904
Australia,O,1907,10.6688
Australia,O,1908,10.947199999999999
Australia,O,1909,11.2256
Australia,O,1910,11.504
Australia,O,1911,11.5773
Australia,O,1912,11.650599999999999
Australia,O,1913,11.7239
Australia,O,1914,11.7972
Australia,O,1915,11.8705
Australia,O,1916,11.9438
Australia,O,1917,12.0171
Australia,O,1918,12.0904
Australia,O,1919,12.1637
Australia,O,1920,12.237
Australia,O,1921,12.157
Australia,O,1922,12.077
Australia,O,1923,11.997
Australia,O,1924,11.917
Australia,O,1925,11.837
Australia,O,1926,11.757
Australia,O,1927,11.677
Australia,O,1928,11.597
Australia,O,1929,11.517
Australia,O,1930,11.437
Australia,O,1931,11.7614
Australia,O,1932,12.085799999999999
Australia,O,1933,12.4102
Australia,O,1934,12.734599999999999
Australia,O,1935,13.059
Australia,O,1936,13.383399999999998
Australia,O,1937,13.707799999999999
Australia,O,1938,14.0322
Australia,O,1939,14.356599999999998
Australia,O,1940,14.681
Australia,O,1941,15.288699999999999
Australia,O,1942,15.8964
Australia,O,1943,16.5041
Australia,O,1944,17.1118
Australia,O,1945,17.7195
Australia,O,1946,18.327199999999998
Australia,O,1947,18.9349
Australia,O,1948,19.5426
Australia,O,1949,20.1503
Australia,O,1950,20.758
Australia,O,1951,21.8598
Australia,O,1952,22.9616
Australia,O,1953,24.0634
Australia,O,1954,25.1652
Australia,O,1955,26.267
Australia,O,1956,27.3688
Australia,O,1957,28.4706
Australia,O,1958,29.572400000000002
Australia,O,1959,30.6742
Australia,O,1960,31.776
Australia,O,1961,33.7274
Australia,O,1962,35.6788
Australia,O,1963,37.6302
Australia,O,1964,39.5816
Australia,O,1965,41.533
Australia,O,1966,43.4844
Australia,O,1967,45.4358
Australia,O,1968,47.3872
Australia,O,1969,49.3386
Australia,O,1970,51.29
Australia,O,1971,53.5125
Australia,O,1972,55.735
Australia,O,1973,57.957499999999996
Australia,O,1974,60.18
Australia,O,1975,62.4025
Australia,O,1976,64.625
Australia,O,1977,66.8475
Australia,O,1978,69.07
Australia,O,1979,71.2925
Australia,O,1980,73.515
Australia,O,1981,75.074
Australia,O,1982,76.633
Australia,O,1983,78.19200000000001
Australia,O,1984,79.751
Australia,O,1985,81.31
Australia,O,1986,82.869
Australia,O,1987,84.428
Australia,O,1988,85.98700000000001
Australia,O,1989,87.546
Australia,O,1990,89.105
Australia,O,1991,91.1563
Australia,O,1992,93.2076
Australia,O,1993,95.2589
Australia,O,1994,97.3102
Australia,O,1995,99.3615
Australia,O,1996,101.4128
Australia,O,1997,103.4641
Australia,O,1998,105.5154
Australia,O,1999,107.5667
Australia,O,2000,109.618
Australia,O,2001,111.5645
Australia,O,2002,113.511
Australia,O,2003,115.4575
Australia,O,2004,117.404
Australia,O,2005,119.3505
Australia,O,2006,121.297
Australia,O,2007,123.2435
Australia,O,2008,125.19
Australia,O,2009,127.1365
Australia,O,2010,129.083
Australia,O,2011,130.186
Australia,O,2012,131.289
Australia,O,2013,132.392
Australia,O,2014,133.495
Australia,O,2015,134.598
Australia,O,2016,135.701
Australia,O,2017,136.804
Australia,O,2018,137.907
Australia,O,2019,139.01
Australia,O,2020,140.113
N. Zealand,O,1820,0.07
N. Zealand,O,1821,0.07020000000000001
N. Zealand,O,1822,0.0704
N. Zealand,O,1823,0.0706
N. Zealand,O,1824,0.0708
N. Zealand,O,1825,0.07100000000000001
N. Zealand,O,1826,0.0712
N. Zealand,O,1827,0.07139999999999999
N. Zealand,O,1828,0.0716
N. Zealand,O,1829,0.0718
N. Zealand,O,1830,0.072
N. Zealand,O,1831,0.0703
N. Zealand,O,1832,0.0686
N. Zealand,O,1833,0.0669
N. Zealand,O,1834,0.0652
N. Zealand,O,1835,0.0635
N. Zealand,O,1836,0.061799999999999994
N. Zealand,O,1837,0.0601
N. Zealand,O,1838,0.0584
N. Zealand,O,1839,0.0567
N. Zealand,O,1840,0.055
N. Zealand,O,1841,0.0589
N. Zealand,O,1842,0.0628
N. Zealand,O,1843,0.0667
N. Zealand,O,1844,0.0706
N. Zealand,O,1845,0.0745
N. Zealand,O,1846,0.0784
N. Zealand,O,1847,0.0823
N. Zealand,O,1848,0.0862
N. Zealand,O,1849,0.0901
N. Zealand,O,1850,0.094
N. Zealand,O,1851,0.1015
N. Zealand,O,1852,0.109
N. Zealand,O,1853,0.1165
N. Zealand,O,1854,0.124
N. Zealand,O,1855,0.1315
N. Zealand,O,1856,0.139
N. Zealand,O,1857,0.14650000000000002
N. Zealand,O,1858,0.15400000000000003
N. Zealand,O,1859,0.16150000000000003
N. Zealand,O,1860,0.169
N. Zealand,O,1861,0.19390000000000002
N. Zealand,O,1862,0.2188
N. Zealand,O,1863,0.2437
N. Zealand,O,1864,0.2686
N. Zealand,O,1865,0.2935
N. Zealand,O,1866,0.3184
N. Zealand,O,1867,0.3433
N. Zealand,O,1868,0.36819999999999997
N. Zealand,O,1869,0.3931
N. Zealand,O,1870,0.418
N. Zealand,O,1871,0.4845
N. Zealand,O,1872,0.5509999999999999
N. Zealand,O,1873,0.6174999999999999
N. Zealand,O,1874,0.6839999999999999
N. Zealand,O,1875,0.7505
N. Zealand,O,1876,0.817
N. Zealand,O,1877,0.8835
N. Zealand,O,1878,0.95
N. Zealand,O,1879,1.0165
N. Zealand,O,1880,1.083
N. Zealand,O,1881,1.1340999999999999
N. Zealand,O,1882,1.1852
N. Zealand,O,1883,1.2363
N. Zealand,O,1884,1.2874
N. Zealand,O,1885,1.3385
N. Zealand,O,1886,1.3896000000000002
N. Zealand,O,1887,1.4407
N. Zealand,O,1888,1.4918
N. Zealand,O,1889,1.5429000000000002
N. Zealand,O,1890,1.594
N. Zealand,O,1891,1.6478000000000002
N. Zealand,O,1892,1.7016
N. Zealand,O,1893,1.7554
N. Zealand,O,1894,1.8092000000000001
N. Zealand,O,1895,1.863
N. Zealand,O,1896,1.9168
N. Zealand,O,1897,1.9706000000000001
N. Zealand,O,1898,2.0244
N. Zealand,O,1899,2.0782000000000003
N. Zealand,O,1900,2.132
N. Zealand,O,1901,2.2455000000000003
N. Zealand,O,1902,2.359
N. Zealand,O,1903,2.4725
N. Zealand,O,1904,2.586
N. Zealand,O,1905,2.6995
N. Zealand,O,1906,2.8129999999999997
N. Zealand,O,1907,2.9265
N. Zealand,O,1908,3.04
N. Zealand,O,1909,3.1535
N. Zealand,O,1910,3.267
N. Zealand,O,1911,3.2045
N. Zealand,O,1912,3.142
N. Zealand,O,1913,3.0795
N. Zealand,O,1914,3.017
N. Zealand,O,1915,2.9545
N. Zealand,O,1916,2.892
N. Zealand,O,1917,2.8295
N. Zealand,O,1918,2.767
N. Zealand,O,1919,2.7045
N. Zealand,O,1920,2.642
N. Zealand,O,1921,2.6911
N. Zealand,O,1922,2.7401999999999997
N. Zealand,O,1923,2.7893
N. Zealand,O,1924,2.8384
N. Zealand,O,1925,2.8875
N. Zealand,O,1926,2.9366
N. Zealand,O,1927,2.9857
N. Zealand,O,1928,3.0348
N. Zealand,O,1929,3.0839
N. Zealand,O,1930,3.133
N. Zealand,O,1931,3.1732
N. Zealand,O,1932,3.2134
N. Zealand,O,1933,3.2536
N. Zealand,O,1934,3.2938
N. Zealand,O,1935,3.334
N. Zealand,O,1936,3.3742
N. Zealand,O,1937,3.4144
N. Zealand,O,1938,3.4546
N. Zealand,O,1939,3.4948
N. Zealand,O,1940,3.535
N. Zealand,O,1941,3.5828
N. Zealand,O,1942,3.6306000000000003
N. Zealand,O,1943,3.6784
N. Zealand,O,1944,3.7262
N. Zealand,O,1945,3.774
N. Zealand,O,1946,3.8218
N. Zealand,O,1947,3.8696
N. Zealand,O,1948,3.9173999999999998
N. Zealand,O,1949,3.9652
N. Zealand,O,1950,4.013
N. Zealand,O,1951,4.1677
N. Zealand,O,1952,4.3224
N. Zealand,O,1953,4.4771
N. Zealand,O,1954,4.6318
N. Zealand,O,1955,4.7865
N. Zealand,O,1956,4.9412
N. Zealand,O,1957,5.095899999999999
N. Zealand,O,1958,5.2505999999999995
N. Zealand,O,1959,5.4052999999999995
N. Zealand,O,1960,5.56
N. Zealand,O,1961,5.8046999999999995
N. Zealand,O,1962,6.0493999999999994
N. Zealand,O,1963,6.294099999999999
N. Zealand,O,1964,6.538799999999999
N. Zealand,O,1965,6.7835
N. Zealand,O,1966,7.0282
N. Zealand,O,1967,7.2729
N. Zealand,O,1968,7.5176
N. Zealand,O,1969,7.7623
N. Zealand,O,1970,8.007
N. Zealand,O,1971,8.1724
N. Zealand,O,1972,8.3378
N. Zealand,O,1973,8.5032
N. Zealand,O,1974,8.6686
N. Zealand,O,1975,8.834
N. Zealand,O,1976,8.9994
N. Zealand,O,1977,9.1648
N. Zealand,O,1978,9.3302
N. Zealand,O,1979,9.4956
N. Zealand,O,1980,9.661
N. Zealand,O,1981,10.1162
N. Zealand,O,1982,10.571399999999999
N. Zealand,O,1983,11.026599999999998
N. Zealand,O,1984,11.4818
N. Zealand,O,1985,11.937
N. Zealand,O,1986,12.392199999999999
N. Zealand,O,1987,12.847399999999999
N. Zealand,O,1988,13.302599999999998
N. Zealand,O,1989,13.7578
N. Zealand,O,1990,14.213
N. Zealand,O,1991,14.5474
N. Zealand,O,1992,14.881799999999998
N. Zealand,O,1993,15.216199999999999
N. Zealand,O,1994,15.5506
N. Zealand,O,1995,15.884999999999998
N. Zealand,O,1996,16.2194
N. Zealand,O,1997,16.5538
N. Zealand,O,1998,16.888199999999998
N. Zealand,O,1999,17.2226
N. Zealand,O,2000,17.557
N. Zealand,O,2001,17.6755
N. Zealand,O,2002,17.794
N. Zealand,O,2003,17.912499999999998
N. Zealand,O,2004,18.031
N. Zealand,O,2005,18.1495
N. Zealand,O,2006,18.268
N. Zealand,O,2007,18.3865
N. Zealand,O,2008,18.505
N. Zealand,O,2009,18.6235
N. Zealand,O,2010,18.742
N. Zealand,O,2011,18.826700000000002
N. Zealand,O,2012,18.9114
N. Zealand,O,2013,18.9961
N. Zealand,O,2014,19.0808
N. Zealand,O,2015,19.1655
N. Zealand,O,2016,19.2502
N. Zealand,O,2017,19.334899999999998
N. Zealand,O,2018,19.4196
N. Zealand,O,2019,19.5043
N. Zealand,O,2020,19.589
China,As,1820,112.006
China,As,1821,112.8266
China,As,1822,113.6472
China,As,1823,114.4678
China,As,1824,115.2884
China,As,1825,116.10900000000001
China,As,1826,116.92960000000001
China,As,1827,117.7502
China,As,1828,118.5708
China,As,1829,119.3914
China,As,1830,120.212
China,As,1831,120.2975
China,As,1832,120.383
China,As,1833,120.4685
China,As,1834,120.554
China,As,1835,120.6395
China,As,1836,120.725
China,As,1837,120.81049999999999
China,As,1838,120.896
China,As,1839,120.9815
China,As,1840,121.067
China,As,1841,121.06439999999999
China,As,1842,121.06179999999999
China,As,1843,121.05919999999999
China,As,1844,121.05659999999999
China,As,1845,121.054
China,As,1846,121.0514
China,As,1847,121.0488
China,As,1848,121.0462
China,As,1849,121.0436
China,As,1850,121.041
China,As,1851,119.98649999999999
China,As,1852,118.932
China,As,1853,117.8775
China,As,1854,116.823
China,As,1855,115.76849999999999
China,As,1856,114.714
China,As,1857,113.6595
China,As,1858,112.60499999999999
China,As,1859,111.5505
China,As,1860,110.496
China,As,1861,109.8967
China,As,1862,109.2974
China,As,1863,108.6981
China,As,1864,108.0988
China,As,1865,107.4995
China,As,1866,106.9002
China,As,1867,106.3009
China,As,1868,105.7016
China,As,1869,105.1023
China,As,1870,104.503
China,As,1871,104.8539
China,As,1872,105.2048
China,As,1873,105.5557
China,As,1874,105.9066
China,As,1875,106.2575
China,As,1876,106.6084
China,As,1877,106.9593
China,As,1878,107.3102
China,As,1879,107.6611
China,As,1880,108.012
China,As,1881,108.4201
China,As,1882,108.8282
China,As,1883,109.2363
China,As,1884,109.6444
China,As,1885,110.05250000000001
China,As,1886,110.4606
China,As,1887,110.8687
China,As,1888,111.27680000000001
China,As,1889,111.6849
China,As,1890,112.093
China,As,1891,112.9743
China,As,1892,113.85560000000001
China,As,1893,114.7369
China,As,1894,115.6182
China,As,1895,116.49950000000001
China,As,1896,117.38080000000001
China,As,1897,118.2621
China,As,1898,119.1434
China,As,1899,120.02470000000001
China,As,1900,120.906
China,As,1901,122.0064
China,As,1902,123.1068
China,As,1903,124.2072
China,As,1904,125.30760000000001
China,As,1905,126.408
China,As,1906,127.5084
China,As,1907,128.6088
China,As,1908,129.7092
China,As,1909,130.8096
China,As,1910,131.91
China,As,1911,134.8592
China,As,1912,137.8084
China,As,1913,140.7576
China,As,1914,143.7068
China,As,1915,146.656
China,As,1916,149.6052
China,As,1917,152.5544
China,As,1918,155.50359999999998
China,As,1919,158.4528
China,As,1920,161.402
China,As,1921,162.28189999999998
China,As,1922,163.1618
China,As,1923,164.0417
China,As,1924,164.92159999999998
China,As,1925,165.80149999999998
China,As,1926,166.6814
China,As,1927,167.5613
China,As,1928,168.44119999999998
China,As,1929,169.3211
China,As,1930,170.201
China,As,1931,171.9942
China,As,1932,173.7874
China,As,1933,175.5806
China,As,1934,177.3738
China,As,1935,179.167
China,As,1936,180.96020000000001
China,As,1937,182.7534
China,As,1938,184.5466
China,As,1939,186.3398
China,As,1940,188.133
China,As,1941,189.17110000000002
China,As,1942,190.2092
China,As,1943,191.2473
China,As,1944,192.2854
China,As,1945,193.32350000000002
China,As,1946,194.3616
China,As,1947,195.3997
China,As,1948,196.4378
China,As,1949,197.47590000000002
China,As,1950,198.514
China,As,1951,209.8846
China,As,1952,221.2552
China,As,1953,232.62580000000003
China,As,1954,243.99640000000002
China,As,1955,255.36700000000002
China,As,1956,266.73760000000004
China,As,1957,278.1082
China,As,1958,289.47880000000004
China,As,1959,300.8494
China,As,1960,312.22
China,As,1961,324.5873
China,As,1962,336.9546
China,As,1963,349.3219
China,As,1964,361.6892
China,As,1965,374.0565
China,As,1966,386.4238
China,As,1967,398.7911
China,As,1968,411.1584
China,As,1969,423.5257
China,As,1970,435.893
China,As,1971,459.62669999999997
China,As,1972,483.36039999999997
China,As,1973,507.0941
China,As,1974,530.8278
China,As,1975,554.5615
China,As,1976,578.2952
China,As,1977,602.0289
China,As,1978,625.7626
China,As,1979,649.4963
China,As,1980,673.23
China,As,1981,702.1394
China,As,1982,731.0488
China,As,1983,759.9582
China,As,1984,788.8676
China,As,1985,817.777
China,As,1986,846.6864
China,As,1987,875.5957999999999
China,As,1988,904.5052
China,As,1989,933.4146
China,As,1990,962.324
China,As,1991,996.0619999999999
China,As,1992,1029.8
China,As,1993,1063.538
China,As,1994,1097.2759999999998
China,As,1995,1131.014
China,As,1996,1164.752
China,As,1997,1198.49
China,As,1998,1232.228
China,As,1999,1265.966
China,As,2000,1299.704
China,As,2001,1442.8985
China,As,2002,1586.0929999999998
China,As,2003,1729.2875
China,As,2004,1872.482
China,As,2005,2015.6765
China,As,2006,2158.871
China,As,2007,2302.0654999999997
China,As,2008,2445.26
China,As,2009,2588.4545
China,As,2010,2731.649
China,As,2011,2833.6935
China,As,2012,2935.738
China,As,2013,3037.7825
China,As,2014,3139.8269999999998
China,As,2015,3241.8715
China,As,2016,3343.916
China,As,2017,3445.9605
China,As,2018,3548.005
China,As,2019,3650.0495
China,As,2020,3752.094
India,As,1820,60.374
India,As,1821,60.6203
India,As,1822,60.866600000000005
India,As,1823,61.1129
India,As,1824,61.3592
India,As,1825,61.605500000000006
India,As,1826,61.851800000000004
India,As,1827,62.0981
India,As,1828,62.3444
India,As,1829,62.590700000000005
India,As,1830,62.837
India,As,1831,63.093500000000006
India,As,1832,63.35
India,As,1833,63.606500000000004
India,As,1834,63.863
India,As,1835,64.1195
India,As,1836,64.376
India,As,1837,64.63250000000001
India,As,1838,64.889
India,As,1839,65.1455
India,As,1840,65.402
India,As,1841,65.6688
India,As,1842,65.9356
India,As,1843,66.2024
India,As,1844,66.4692
India,As,1845,66.73599999999999
India,As,1846,67.0028
India,As,1847,67.2696
India,As,1848,67.5364
India,As,1849,67.80319999999999
India,As,1850,68.07
India,As,1851,68.3213
India,As,1852,68.5726
India,As,1853,68.8239
India,As,1854,69.0752
India,As,1855,69.3265
India,As,1856,69.5778
India,As,1857,69.8291
India,As,1858,70.0804
India,As,1859,70.3317
India,As,1860,70.583
India,As,1861,70.8218
India,As,1862,71.0606
India,As,1863,71.2994
India,As,1864,71.5382
India,As,1865,71.777
India,As,1866,72.0158
India,As,1867,72.2546
India,As,1868,72.49340000000001
India,As,1869,72.7322
India,As,1870,72.971
India,As,1871,73.1644
India,As,1872,73.3578
India,As,1873,73.55120000000001
India,As,1874,73.7446
India,As,1875,73.938
India,As,1876,74.1314
India,As,1877,74.3248
India,As,1878,74.51820000000001
India,As,1879,74.7116
India,As,1880,74.905
India,As,1881,75.65350000000001
India,As,1882,76.402
India,As,1883,77.1505
India,As,1884,77.899
India,As,1885,78.64750000000001
India,As,1886,79.396
India,As,1887,80.1445
India,As,1888,80.893
India,As,1889,81.64150000000001
India,As,1890,82.39
India,As,1891,82.9688
India,As,1892,83.5476
India,As,1893,84.1264
India,As,1894,84.7052
India,As,1895,85.28399999999999
India,As,1896,85.8628
India,As,1897,86.4416
India,As,1898,87.0204
India,As,1899,87.5992
India,As,1900,88.178
India,As,1901,89.2616
India,As,1902,90.34519999999999
India,As,1903,91.4288
India,As,1904,92.5124
India,As,1905,93.596
India,As,1906,94.6796
India,As,1907,95.7632
India,As,1908,96.8468
India,As,1909,97.93039999999999
India,As,1910,99.014
India,As,1911,99.7465
India,As,1912,100.479
India,As,1913,101.2115
India,As,1914,101.944
India,As,1915,102.6765
India,As,1916,103.40899999999999
India,As,1917,104.1415
India,As,1918,104.874
India,As,1919,105.6065
India,As,1920,106.339
India,As,1921,107.5412
India,As,1922,108.7434
India,As,1923,109.9456
India,As,1924,111.1478
India,As,1925,112.35
India,As,1926,113.5522
India,As,1927,114.7544
India,As,1928,115.95660000000001
India,As,1929,117.1588
India,As,1930,118.361
India,As,1931,119.849
India,As,1932,121.337
India,As,1933,122.825
India,As,1934,124.313
India,As,1935,125.80100000000002
India,As,1936,127.28900000000002
India,As,1937,128.77700000000002
India,As,1938,130.26500000000001
India,As,1939,131.75300000000001
India,As,1940,133.241
India,As,1941,133.6832
India,As,1942,134.1254
India,As,1943,134.56760000000003
India,As,1944,135.0098
India,As,1945,135.452
India,As,1946,135.8942
India,As,1947,136.33640000000003
India,As,1948,136.7786
India,As,1949,137.2208
India,As,1950,137.663
India,As,1951,141.8221
India,As,1952,145.9812
India,As,1953,150.1403
India,As,1954,154.2994
India,As,1955,158.45850000000002
India,As,1956,162.61759999999998
India,As,1957,166.7767
India,As,1958,170.9358
India,As,1959,175.0949
India,As,1960,179.254
India,As,1961,183.8546
India,As,1962,188.4552
India,As,1963,193.05579999999998
India,As,1964,197.6564
India,As,1965,202.257
India,As,1966,206.8576
India,As,1967,211.45819999999998
India,As,1968,216.0588
India,As,1969,220.6594
India,As,1970,225.26
India,As,1971,231.0493
India,As,1972,236.83859999999999
India,As,1973,242.6279
India,As,1974,248.4172
India,As,1975,254.2065
India,As,1976,259.99580000000003
India,As,1977,265.7851
India,As,1978,271.5744
India,As,1979,277.3637
India,As,1980,283.153
India,As,1981,295.8322
India,As,1982,308.51140000000004
India,As,1983,321.1906
India,As,1984,333.8698
India,As,1985,346.549
India,As,1986,359.2282
India,As,1987,371.9074
India,As,1988,384.5866
India,As,1989,397.2658
India,As,1990,409.945
India,As,1991,425.4685
India,As,1992,440.99199999999996
India,As,1993,456.5155
India,As,1994,472.039
India,As,1995,487.5625
India,As,1996,503.08599999999996
India,As,1997,518.6094999999999
India,As,1998,534.1329999999999
India,As,1999,549.6564999999999
India,As,2000,565.18
India,As,2001,585.3494999999999
India,As,2002,605.519
India,As,2003,625.6885
India,As,2004,645.858
India,As,2005,666.0274999999999
India,As,2006,686.197
India,As,2007,706.3665
India,As,2008,726.5360000000001
India,As,2009,746.7055
India,As,2010,766.875
India,As,2011,790.9555
India,As,2012,815.036
India,As,2013,839.1165
India,As,2014,863.197
India,As,2015,887.2774999999999
India,As,2016,911.358
India,As,2017,935.4385
India,As,2018,959.519
India,As,2019,983.5994999999999
India,As,2020,1007.68
Indonesia,As,1820,5.179
Indonesia,As,1821,5.2235000000000005
Indonesia,As,1822,5.268
Indonesia,As,1823,5.3125
Indonesia,As,1824,5.357
Indonesia,As,1825,5.4015
Indonesia,As,1826,5.446
Indonesia,As,1827,5.4905
Indonesia,As,1828,5.535
Indonesia,As,1829,5.5794999999999995
Indonesia,As,1830,5.624
Indonesia,As,1831,5.6724
Indonesia,As,1832,5.7208
Indonesia,As,1833,5.7692
Indonesia,As,1834,5.8176
Indonesia,As,1835,5.866
Indonesia,As,1836,5.9144
Indonesia,As,1837,5.9628
Indonesia,As,1838,6.0112
Indonesia,As,1839,6.0596
Indonesia,As,1840,6.108
Indonesia,As,1841,6.1605
Indonesia,As,1842,6.213
Indonesia,As,1843,6.265499999999999
Indonesia,As,1844,6.318
Indonesia,As,1845,6.3705
Indonesia,As,1846,6.423
Indonesia,As,1847,6.4755
Indonesia,As,1848,6.528
Indonesia,As,1849,6.5805
Indonesia,As,1850,6.633
Indonesia,As,1851,6.7121
Indonesia,As,1852,6.7912
Indonesia,As,1853,6.8703
Indonesia,As,1854,6.9494
Indonesia,As,1855,7.0285
Indonesia,As,1856,7.107600000000001
Indonesia,As,1857,7.1867
Indonesia,As,1858,7.2658000000000005
Indonesia,As,1859,7.3449
Indonesia,As,1860,7.424
Indonesia,As,1861,7.511100000000001
Indonesia,As,1862,7.5982
Indonesia,As,1863,7.6853
Indonesia,As,1864,7.7724
Indonesia,As,1865,7.859500000000001
Indonesia,As,1866,7.9466
Indonesia,As,1867,8.0337
Indonesia,As,1868,8.1208
Indonesia,As,1869,8.2079
Indonesia,As,1870,8.295
Indonesia,As,1871,8.4137
Indonesia,As,1872,8.532399999999999
Indonesia,As,1873,8.6511
Indonesia,As,1874,8.7698
Indonesia,As,1875,8.8885
Indonesia,As,1876,9.0072
Indonesia,As,1877,9.1259
Indonesia,As,1878,9.2446
Indonesia,As,1879,9.363299999999999
Indonesia,As,1880,9.482
Indonesia,As,1881,9.6235
Indonesia,As,1882,9.764999999999999
Indonesia,As,1883,9.9065
Indonesia,As,1884,10.048
Indonesia,As,1885,10.189499999999999
Indonesia,As,1886,10.331
Indonesia,As,1887,10.4725
Indonesia,As,1888,10.614
Indonesia,As,1889,10.7555
Indonesia,As,1890,10.897
Indonesia,As,1891,11.1228
Indonesia,As,1892,11.3486
Indonesia,As,1893,11.5744
Indonesia,As,1894,11.8002
Indonesia,As,1895,12.026
Indonesia,As,1896,12.2518
Indonesia,As,1897,12.477599999999999
Indonesia,As,1898,12.7034
Indonesia,As,1899,12.9292
Indonesia,As,1900,13.155
Indonesia,As,1901,13.4094
Indonesia,As,1902,13.6638
Indonesia,As,1903,13.918199999999999
Indonesia,As,1904,14.1726
Indonesia,As,1905,14.427
Indonesia,As,1906,14.6814
Indonesia,As,1907,14.9358
Indonesia,As,1908,15.1902
Indonesia,As,1909,15.4446
Indonesia,As,1910,15.699
Indonesia,As,1911,15.9387
Indonesia,As,1912,16.1784
Indonesia,As,1913,16.4181
Indonesia,As,1914,16.6578
Indonesia,As,1915,16.8975
Indonesia,As,1916,17.1372
Indonesia,As,1917,17.3769
Indonesia,As,1918,17.6166
Indonesia,As,1919,17.8563
Indonesia,As,1920,18.096
Indonesia,As,1921,18.3987
Indonesia,As,1922,18.7014
Indonesia,As,1923,19.0041
Indonesia,As,1924,19.3068
Indonesia,As,1925,19.6095
Indonesia,As,1926,19.912200000000002
Indonesia,As,1927,20.2149
Indonesia,As,1928,20.5176
Indonesia,As,1929,20.8203
Indonesia,As,1930,21.123
Indonesia,As,1931,21.5064
Indonesia,As,1932,21.8898
Indonesia,As,1933,22.273200000000003
Indonesia,As,1934,22.6566
Indonesia,As,1935,23.04
Indonesia,As,1936,23.4234
Indonesia,As,1937,23.806800000000003
Indonesia,As,1938,24.1902
Indonesia,As,1939,24.5736
Indonesia,As,1940,24.957
Indonesia,As,1941,25.1625
Indonesia,As,1942,25.368000000000002
Indonesia,As,1943,25.5735
Indonesia,As,1944,25.779
Indonesia,As,1945,25.9845
Indonesia,As,1946,26.19
Indonesia,As,1947,26.395500000000002
Indonesia,As,1948,26.601
Indonesia,As,1949,26.8065
Indonesia,As,1950,27.012
Indonesia,As,1951,27.699
Indonesia,As,1952,28.386
Indonesia,As,1953,29.073
Indonesia,As,1954,29.759999999999998
Indonesia,As,1955,30.447
Indonesia,As,1956,31.134
Indonesia,As,1957,31.820999999999998
Indonesia,As,1958,32.507999999999996
Indonesia,As,1959,33.195
Indonesia,As,1960,33.882
Indonesia,As,1961,34.3174
Indonesia,As,1962,34.7528
Indonesia,As,1963,35.188199999999995
Indonesia,As,1964,35.623599999999996
Indonesia,As,1965,36.059
Indonesia,As,1966,36.4944
Indonesia,As,1967,36.9298
Indonesia,As,1968,37.365199999999994
Indonesia,As,1969,37.800599999999996
Indonesia,As,1970,38.236
Indonesia,As,1971,40.1502
Indonesia,As,1972,42.0644
Indonesia,As,1973,43.9786
Indonesia,As,1974,45.8928
Indonesia,As,1975,47.807
Indonesia,As,1976,49.721199999999996
Indonesia,As,1977,51.6354
Indonesia,As,1978,53.5496
Indonesia,As,1979,55.4638
Indonesia,As,1980,57.378
Indonesia,As,1981,60.1787
Indonesia,As,1982,62.9794
Indonesia,As,1983,65.7801
Indonesia,As,1984,68.5808
Indonesia,As,1985,71.3815
Indonesia,As,1986,74.1822
Indonesia,As,1987,76.9829
Indonesia,As,1988,79.7836
Indonesia,As,1989,82.5843
Indonesia,As,1990,85.385
Indonesia,As,1991,90.3964
Indonesia,As,1992,95.40780000000001
Indonesia,As,1993,100.4192
Indonesia,As,1994,105.4306
Indonesia,As,1995,110.44200000000001
Indonesia,As,1996,115.4534
Indonesia,As,1997,120.4648
Indonesia,As,1998,125.4762
Indonesia,As,1999,130.4876
Indonesia,As,2000,135.499
Indonesia,As,2001,141.15959999999998
Indonesia,As,2002,146.8202
Indonesia,As,2003,152.4808
Indonesia,As,2004,158.1414
Indonesia,As,2005,163.802
Indonesia,As,2006,169.4626
Indonesia,As,2007,175.1232
Indonesia,As,2008,180.78379999999999
Indonesia,As,2009,186.4444
Indonesia,As,2010,192.105
Indonesia,As,2011,198.3609
Indonesia,As,2012,204.61679999999998
Indonesia,As,2013,210.87269999999998
Indonesia,As,2014,217.12859999999998
Indonesia,As,2015,223.3845
Indonesia,As,2016,229.6404
Indonesia,As,2017,235.8963
Indonesia,As,2018,242.1522
Indonesia,As,2019,248.4081
Indonesia,As,2020,254.664
Japan,As,1820,8.955
Japan,As,1821,8.9643
Japan,As,1822,8.9736
Japan,As,1823,8.9829
Japan,As,1824,8.9922
Japan,As,1825,9.0015
Japan,As,1826,9.0108
Japan,As,1827,9.0201
Japan,As,1828,9.0294
Japan,As,1829,9.0387
Japan,As,1830,9.048
Japan,As,1831,9.0574
Japan,As,1832,9.0668
Japan,As,1833,9.0762
Japan,As,1834,9.0856
Japan,As,1835,9.094999999999999
Japan,As,1836,9.1044
Japan,As,1837,9.1138
Japan,As,1838,9.123199999999999
Japan,As,1839,9.1326
Japan,As,1840,9.142
Japan,As,1841,9.1516
Japan,As,1842,9.1612
Japan,As,1843,9.1708
Japan,As,1844,9.180399999999999
Japan,As,1845,9.19
Japan,As,1846,9.1996
Japan,As,1847,9.2092
Japan,As,1848,9.2188
Japan,As,1849,9.228399999999999
Japan,As,1850,9.238
Japan,As,1851,9.270199999999999
Japan,As,1852,9.3024
Japan,As,1853,9.3346
Japan,As,1854,9.3668
Japan,As,1855,9.399000000000001
Japan,As,1856,9.4312
Japan,As,1857,9.4634
Japan,As,1858,9.4956
Japan,As,1859,9.527800000000001
Japan,As,1860,9.56
Japan,As,1861,9.5921
Japan,As,1862,9.6242
Japan,As,1863,9.6563
Japan,As,1864,9.6884
Japan,As,1865,9.720500000000001
Japan,As,1866,9.752600000000001
Japan,As,1867,9.7847
Japan,As,1868,9.8168
Japan,As,1869,9.8489
Japan,As,1870,9.881
Japan,As,1871,10.018
Japan,As,1872,10.155
Japan,As,1873,10.292
Japan,As,1874,10.429
Japan,As,1875,10.565999999999999
Japan,As,1876,10.703
Japan,As,1877,10.84
Japan,As,1878,10.977
Japan,As,1879,11.113999999999999
Japan,As,1880,11.251
Japan,As,1881,11.4717
Japan,As,1882,11.6924
Japan,As,1883,11.9131
Japan,As,1884,12.133799999999999
Japan,As,1885,12.3545
Japan,As,1886,12.575199999999999
Japan,As,1887,12.7959
Japan,As,1888,13.0166
Japan,As,1889,13.2373
Japan,As,1890,13.458
Japan,As,1891,13.9612
Japan,As,1892,14.4644
Japan,As,1893,14.9676
Japan,As,1894,15.4708
Japan,As,1895,15.974
Japan,As,1896,16.4772
Japan,As,1897,16.9804
Japan,As,1898,17.4836
Japan,As,1899,17.9868
Japan,As,1900,18.49
Japan,As,1901,19.3051
Japan,As,1902,20.120199999999997
Japan,As,1903,20.935299999999998
Japan,As,1904,21.7504
Japan,As,1905,22.5655
Japan,As,1906,23.380599999999998
Japan,As,1907,24.1957
Japan,As,1908,25.010799999999996
Japan,As,1909,25.825899999999997
Japan,As,1910,26.641
Japan,As,1911,27.895
Japan,As,1912,29.148999999999997
Japan,As,1913,30.403
Japan,As,1914,31.656999999999996
Japan,As,1915,32.911
Japan,As,1916,34.165
Japan,As,1917,35.419
Japan,As,1918,36.673
Japan,As,1919,37.927
Japan,As,1920,39.181
Japan,As,1921,40.1096
Japan,As,1922,41.038199999999996
Japan,As,1923,41.9668
Japan,As,1924,42.895399999999995
Japan,As,1925,43.824
Japan,As,1926,44.7526
Japan,As,1927,45.6812
Japan,As,1928,46.6098
Japan,As,1929,47.538399999999996
Japan,As,1930,48.467
Japan,As,1931,50.387299999999996
Japan,As,1932,52.3076
Japan,As,1933,54.2279
Japan,As,1934,56.1482
Japan,As,1935,58.0685
Japan,As,1936,59.9888
Japan,As,1937,61.9091
Japan,As,1938,63.8294
Japan,As,1939,65.7497
Japan,As,1940,67.67
Japan,As,1941,66.7219
Japan,As,1942,65.7738
Japan,As,1943,64.8257
Japan,As,1944,63.8776
Japan,As,1945,62.929500000000004
Japan,As,1946,61.9814
Japan,As,1947,61.0333
Japan,As,1948,60.0852
Japan,As,1949,59.137100000000004
Japan,As,1950,58.189
Japan,As,1951,63.494
Japan,As,1952,68.799
Japan,As,1953,74.104
Japan,As,1954,79.409
Japan,As,1955,84.714
Japan,As,1956,90.019
Japan,As,1957,95.32400000000001
Japan,As,1958,100.629
Japan,As,1959,105.934
Japan,As,1960,111.239
Japan,As,1961,130.44480000000001
Japan,As,1962,149.6506
Japan,As,1963,168.8564
Japan,As,1964,188.06220000000002
Japan,As,1965,207.26800000000003
Japan,As,1966,226.47380000000004
Japan,As,1967,245.67960000000002
Japan,As,1968,264.8854
Japan,As,1969,284.0912000000001
Japan,As,1970,303.297
Japan,As,1971,311.2884
Japan,As,1972,319.2798
Japan,As,1973,327.2712
Japan,As,1974,335.2626
Japan,As,1975,343.254
Japan,As,1976,351.2454
Japan,As,1977,359.2368
Japan,As,1978,367.2282
Japan,As,1979,375.2196
Japan,As,1980,383.211
Japan,As,1981,391.9525
Japan,As,1982,400.694
Japan,As,1983,409.4355
Japan,As,1984,418.177
Japan,As,1985,426.9185
Japan,As,1986,435.65999999999997
Japan,As,1987,444.4015
Japan,As,1988,453.143
Japan,As,1989,461.8845
Japan,As,1990,470.626
Japan,As,1991,479.77709999999996
Japan,As,1992,488.92819999999995
Japan,As,1993,498.0793
Japan,As,1994,507.2304
Japan,As,1995,516.3815
Japan,As,1996,525.5326
Japan,As,1997,534.6836999999999
Japan,As,1998,543.8348
Japan,As,1999,552.9858999999999
Japan,As,2000,562.137
Japan,As,2001,559.5424999999999
Japan,As,2002,556.948
Japan,As,2003,554.3534999999999
Japan,As,2004,551.759
Japan,As,2005,549.1645
Japan,As,2006,546.5699999999999
Japan,As,2007,543.9755
Japan,As,2008,541.381
Japan,As,2009,538.7865
Japan,As,2010,536.192
Japan,As,2011,525.9884
Japan,As,2012,515.7848
Japan,As,2013,505.5812
Japan,As,2014,495.37760000000003
Japan,As,2015,485.174
Japan,As,2016,474.97040000000004
Japan,As,2017,464.7668
Japan,As,2018,454.5632
Japan,As,2019,444.3596
Japan,As,2020,434.156
Malaysia,As,1820,0.083
Malaysia,As,1821,0.0849
Malaysia,As,1822,0.0868
Malaysia,As,1823,0.0887
Malaysia,As,1824,0.0906
Malaysia,As,1825,0.0925
Malaysia,As,1826,0.0944
Malaysia,As,1827,0.0963
Malaysia,As,1828,0.0982
Malaysia,As,1829,0.1001
Malaysia,As,1830,0.102
Malaysia,As,1831,0.10429999999999999
Malaysia,As,1832,0.1066
Malaysia,As,1833,0.1089
Malaysia,As,1834,0.1112
Malaysia,As,1835,0.11349999999999999
Malaysia,As,1836,0.1158
Malaysia,As,1837,0.1181
Malaysia,As,1838,0.12040000000000001
Malaysia,As,1839,0.1227
Malaysia,As,1840,0.125
Malaysia,As,1841,0.1278
Malaysia,As,1842,0.1306
Malaysia,As,1843,0.1334
Malaysia,As,1844,0.1362
Malaysia,As,1845,0.139
Malaysia,As,1846,0.14179999999999998
Malaysia,As,1847,0.1446
Malaysia,As,1848,0.1474
Malaysia,As,1849,0.1502
Malaysia,As,1850,0.153
Malaysia,As,1851,0.1565
Malaysia,As,1852,0.16
Malaysia,As,1853,0.1635
Malaysia,As,1854,0.167
Malaysia,As,1855,0.17049999999999998
Malaysia,As,1856,0.174
Malaysia,As,1857,0.1775
Malaysia,As,1858,0.181
Malaysia,As,1859,0.1845
Malaysia,As,1860,0.188
Malaysia,As,1861,0.1921
Malaysia,As,1862,0.1962
Malaysia,As,1863,0.2003
Malaysia,As,1864,0.2044
Malaysia,As,1865,0.20850000000000002
Malaysia,As,1866,0.2126
Malaysia,As,1867,0.2167
Malaysia,As,1868,0.2208
Malaysia,As,1869,0.22490000000000002
Malaysia,As,1870,0.229
Malaysia,As,1871,0.2386
Malaysia,As,1872,0.2482
Malaysia,As,1873,0.25780000000000003
Malaysia,As,1874,0.2674
Malaysia,As,1875,0.277
Malaysia,As,1876,0.2866
Malaysia,As,1877,0.2962
Malaysia,As,1878,0.3058
Malaysia,As,1879,0.3154
Malaysia,As,1880,0.325
Malaysia,As,1881,0.3387
Malaysia,As,1882,0.3524
Malaysia,As,1883,0.3661
Malaysia,As,1884,0.3798
Malaysia,As,1885,0.3935
Malaysia,As,1886,0.4072
Malaysia,As,1887,0.4209
Malaysia,As,1888,0.4346
Malaysia,As,1889,0.44830000000000003
Malaysia,As,1890,0.462
Malaysia,As,1891,0.4839
Malaysia,As,1892,0.5058
Malaysia,As,1893,0.5277000000000001
Malaysia,As,1894,0.5496000000000001
Malaysia,As,1895,0.5715
Malaysia,As,1896,0.5934
Malaysia,As,1897,0.6153000000000001
Malaysia,As,1898,0.6372
Malaysia,As,1899,0.6591
Malaysia,As,1900,0.681
Malaysia,As,1901,0.7076
Malaysia,As,1902,0.7342000000000001
Malaysia,As,1903,0.7608
Malaysia,As,1904,0.7874
Malaysia,As,1905,0.8140000000000001
Malaysia,As,1906,0.8406
Malaysia,As,1907,0.8672
Malaysia,As,1908,0.8937999999999999
Malaysia,As,1909,0.9204
Malaysia,As,1910,0.947
Malaysia,As,1911,0.9884
Malaysia,As,1912,1.0298
Malaysia,As,1913,1.0712
Malaysia,As,1914,1.1126
Malaysia,As,1915,1.154
Malaysia,As,1916,1.1954
Malaysia,As,1917,1.2368000000000001
Malaysia,As,1918,1.2782
Malaysia,As,1919,1.3195999999999999
Malaysia,As,1920,1.361
Malaysia,As,1921,1.4365999999999999
Malaysia,As,1922,1.5122
Malaysia,As,1923,1.5878
Malaysia,As,1924,1.6634
Malaysia,As,1925,1.7389999999999999
Malaysia,As,1926,1.8146
Malaysia,As,1927,1.8902
Malaysia,As,1928,1.9658
Malaysia,As,1929,2.0414
Malaysia,As,1930,2.117
Malaysia,As,1931,2.1376
Malaysia,As,1932,2.1582
Malaysia,As,1933,2.1788
Malaysia,As,1934,2.1994
Malaysia,As,1935,2.2199999999999998
Malaysia,As,1936,2.2406
Malaysia,As,1937,2.2612
Malaysia,As,1938,2.2818
Malaysia,As,1939,2.3024
Malaysia,As,1940,2.323
Malaysia,As,1941,2.4002
Malaysia,As,1942,2.4774
Malaysia,As,1943,2.5546
Malaysia,As,1944,2.6318
Malaysia,As,1945,2.709
Malaysia,As,1946,2.7862
Malaysia,As,1947,2.8634
Malaysia,As,1948,2.9406
Malaysia,As,1949,3.0178000000000003
Malaysia,As,1950,3.095
Malaysia,As,1951,3.2300000000000004
Malaysia,As,1952,3.365
Malaysia,As,1953,3.5
Malaysia,As,1954,3.6350000000000002
Malaysia,As,1955,3.7700000000000005
Malaysia,As,1956,3.9050000000000002
Malaysia,As,1957,4.04
Malaysia,As,1958,4.175000000000001
Malaysia,As,1959,4.3100000000000005
Malaysia,As,1960,4.445
Malaysia,As,1961,4.6665
Malaysia,As,1962,4.888
Malaysia,As,1963,5.109500000000001
Malaysia,As,1964,5.331
Malaysia,As,1965,5.5525
Malaysia,As,1966,5.774
Malaysia,As,1967,5.9955
Malaysia,As,1968,6.2170000000000005
Malaysia,As,1969,6.4385
Malaysia,As,1970,6.66
Malaysia,As,1971,7.4613000000000005
Malaysia,As,1972,8.2626
Malaysia,As,1973,9.0639
Malaysia,As,1974,9.8652
Malaysia,As,1975,10.6665
Malaysia,As,1976,11.4678
Malaysia,As,1977,12.2691
Malaysia,As,1978,13.0704
Malaysia,As,1979,13.8717
Malaysia,As,1980,14.673
Malaysia,As,1981,15.8407
Malaysia,As,1982,17.0084
Malaysia,As,1983,18.1761
Malaysia,As,1984,19.3438
Malaysia,As,1985,20.5115
Malaysia,As,1986,21.6792
Malaysia,As,1987,22.8469
Malaysia,As,1988,24.0146
Malaysia,As,1989,25.1823
Malaysia,As,1990,26.35
Malaysia,As,1991,29.3614
Malaysia,As,1992,32.3728
Malaysia,As,1993,35.3842
Malaysia,As,1994,38.3956
Malaysia,As,1995,41.407
Malaysia,As,1996,44.4184
Malaysia,As,1997,47.4298
Malaysia,As,1998,50.441199999999995
Malaysia,As,1999,53.4526
Malaysia,As,2000,56.464
Malaysia,As,2001,59.257999999999996
Malaysia,As,2002,62.052
Malaysia,As,2003,64.846
Malaysia,As,2004,67.64
Malaysia,As,2005,70.434
Malaysia,As,2006,73.228
Malaysia,As,2007,76.02199999999999
Malaysia,As,2008,78.816
Malaysia,As,2009,81.61
Malaysia,As,2010,84.404
Malaysia,As,2011,86.163
Malaysia,As,2012,87.922
Malaysia,As,2013,89.681
Malaysia,As,2014,91.44
Malaysia,As,2015,93.199
Malaysia,As,2016,94.958
Malaysia,As,2017,96.717
Malaysia,As,2018,98.476
Malaysia,As,2019,100.235
Malaysia,As,2020,101.994
Philippines,As,1820,0.629
Philippines,As,1821,0.6405
Philippines,As,1822,0.652
Philippines,As,1823,0.6635
Philippines,As,1824,0.675
Philippines,As,1825,0.6865
Philippines,As,1826,0.698
Philippines,As,1827,0.7095
Philippines,As,1828,0.721
Philippines,As,1829,0.7325
Philippines,As,1830,0.744
Philippines,As,1831,0.7577
Philippines,As,1832,0.7714
Philippines,As,1833,0.7851
Philippines,As,1834,0.7988
Philippines,As,1835,0.8125
Philippines,As,1836,0.8262
Philippines,As,1837,0.8399
Philippines,As,1838,0.8536
Philippines,As,1839,0.8673
Philippines,As,1840,0.881
Philippines,As,1841,0.8972
Philippines,As,1842,0.9134
Philippines,As,1843,0.9296
Philippines,As,1844,0.9458
Philippines,As,1845,0.962
Philippines,As,1846,0.9782
Philippines,As,1847,0.9944
Philippines,As,1848,1.0106
Philippines,As,1849,1.0268
Philippines,As,1850,1.043
Philippines,As,1851,1.0618999999999998
Philippines,As,1852,1.0808
Philippines,As,1853,1.0997
Philippines,As,1854,1.1186
Philippines,As,1855,1.1375
Philippines,As,1856,1.1563999999999999
Philippines,As,1857,1.1753
Philippines,As,1858,1.1942
Philippines,As,1859,1.2131
Philippines,As,1860,1.232
Philippines,As,1861,1.254
Philippines,As,1862,1.276
Philippines,As,1863,1.298
Philippines,As,1864,1.32
Philippines,As,1865,1.342
Philippines,As,1866,1.3639999999999999
Philippines,As,1867,1.386
Philippines,As,1868,1.408
Philippines,As,1869,1.43
Philippines,As,1870,1.452
Philippines,As,1871,1.4719
Philippines,As,1872,1.4918
Philippines,As,1873,1.5117
Philippines,As,1874,1.5316
Philippines,As,1875,1.5514999999999999
Philippines,As,1876,1.5714
Philippines,As,1877,1.5913
Philippines,As,1878,1.6112
Philippines,As,1879,1.6311
Philippines,As,1880,1.651
Philippines,As,1881,1.6736
Philippines,As,1882,1.6962
Philippines,As,1883,1.7188
Philippines,As,1884,1.7414
Philippines,As,1885,1.764
Philippines,As,1886,1.7866
Philippines,As,1887,1.8092
Philippines,As,1888,1.8318
Philippines,As,1889,1.8544
Philippines,As,1890,1.877
Philippines,As,1891,1.9069
Philippines,As,1892,1.9368
Philippines,As,1893,1.9667000000000001
Philippines,As,1894,1.9966000000000002
Philippines,As,1895,2.0265
Philippines,As,1896,2.0564
Philippines,As,1897,2.0863
Philippines,As,1898,2.1162
Philippines,As,1899,2.1461
Philippines,As,1900,2.176
Philippines,As,1901,2.2471
Philippines,As,1902,2.3182
Philippines,As,1903,2.3893
Philippines,As,1904,2.4604
Philippines,As,1905,2.5315000000000003
Philippines,As,1906,2.6026
Philippines,As,1907,2.6737
Philippines,As,1908,2.7448
Philippines,As,1909,2.8159
Philippines,As,1910,2.887
Philippines,As,1911,2.9737
Philippines,As,1912,3.0604
Philippines,As,1913,3.1471
Philippines,As,1914,3.2338
Philippines,As,1915,3.3205
Philippines,As,1916,3.4072
Philippines,As,1917,3.4939
Philippines,As,1918,3.5806
Philippines,As,1919,3.6673
Philippines,As,1920,3.754
Philippines,As,1921,3.9005
Philippines,As,1922,4.047
Philippines,As,1923,4.1935
Philippines,As,1924,4.34
Philippines,As,1925,4.4865
Philippines,As,1926,4.633
Philippines,As,1927,4.7795000000000005
Philippines,As,1928,4.926
Philippines,As,1929,5.0725
Philippines,As,1930,5.219
Philippines,As,1931,5.2907
Philippines,As,1932,5.3624
Philippines,As,1933,5.4341
Philippines,As,1934,5.5058
Philippines,As,1935,5.577500000000001
Philippines,As,1936,5.6492
Philippines,As,1937,5.7209
Philippines,As,1938,5.7926
Philippines,As,1939,5.8643
Philippines,As,1940,5.936
Philippines,As,1941,6.1415
Philippines,As,1942,6.3469999999999995
Philippines,As,1943,6.5525
Philippines,As,1944,6.758
Philippines,As,1945,6.9635
Philippines,As,1946,7.169
Philippines,As,1947,7.374499999999999
Philippines,As,1948,7.58
Philippines,As,1949,7.7855
Philippines,As,1950,7.991
Philippines,As,1951,8.4032
Philippines,As,1952,8.8154
Philippines,As,1953,9.227599999999999
Philippines,As,1954,9.6398
Philippines,As,1955,10.052
Philippines,As,1956,10.4642
Philippines,As,1957,10.8764
Philippines,As,1958,11.288599999999999
Philippines,As,1959,11.7008
Philippines,As,1960,12.113
Philippines,As,1961,12.8041
Philippines,As,1962,13.4952
Philippines,As,1963,14.1863
Philippines,As,1964,14.8774
Philippines,As,1965,15.5685
Philippines,As,1966,16.2596
Philippines,As,1967,16.9507
Philippines,As,1968,17.6418
Philippines,As,1969,18.332900000000002
Philippines,As,1970,19.024
Philippines,As,1971,19.7108
Philippines,As,1972,20.3976
Philippines,As,1973,21.084400000000002
Philippines,As,1974,21.7712
Philippines,As,1975,22.458
Philippines,As,1976,23.1448
Philippines,As,1977,23.8316
Philippines,As,1978,24.5184
Philippines,As,1979,25.205199999999998
Philippines,As,1980,25.892
Philippines,As,1981,26.464399999999998
Philippines,As,1982,27.0368
Philippines,As,1983,27.6092
Philippines,As,1984,28.1816
Philippines,As,1985,28.753999999999998
Philippines,As,1986,29.3264
Philippines,As,1987,29.8988
Philippines,As,1988,30.4712
Philippines,As,1989,31.043599999999998
Philippines,As,1990,31.616
Philippines,As,1991,32.8911
Philippines,As,1992,34.166199999999996
Philippines,As,1993,35.4413
Philippines,As,1994,36.7164
Philippines,As,1995,37.9915
Philippines,As,1996,39.2666
Philippines,As,1997,40.5417
Philippines,As,1998,41.8168
Philippines,As,1999,43.091899999999995
Philippines,As,2000,44.367
Philippines,As,2001,44.9188
Philippines,As,2002,45.4706
Philippines,As,2003,46.0224
Philippines,As,2004,46.5742
Philippines,As,2005,47.126
Philippines,As,2006,47.6778
Philippines,As,2007,48.2296
Philippines,As,2008,48.7814
Philippines,As,2009,49.3332
Philippines,As,2010,49.885
Philippines,As,2011,51.698499999999996
Philippines,As,2012,53.512
Philippines,As,2013,55.3255
Philippines,As,2014,57.138999999999996
Philippines,As,2015,58.9525
Philippines,As,2016,60.766
Philippines,As,2017,62.579499999999996
Philippines,As,2018,64.393
Philippines,As,2019,66.2065
Philippines,As,2020,68.02
Thailand,As,1820,1.348
Thailand,As,1821,1.3532000000000002
Thailand,As,1822,1.3584
Thailand,As,1823,1.3636
Thailand,As,1824,1.3688
Thailand,As,1825,1.374
Thailand,As,1826,1.3792
Thailand,As,1827,1.3843999999999999
Thailand,As,1828,1.3896
Thailand,As,1829,1.3948
Thailand,As,1830,1.4
Thailand,As,1831,1.4054
Thailand,As,1832,1.4107999999999998
Thailand,As,1833,1.4162
Thailand,As,1834,1.4216
Thailand,As,1835,1.427
Thailand,As,1836,1.4324
Thailand,As,1837,1.4378
Thailand,As,1838,1.4432
Thailand,As,1839,1.4485999999999999
Thailand,As,1840,1.454
Thailand,As,1841,1.4596
Thailand,As,1842,1.4652
Thailand,As,1843,1.4707999999999999
Thailand,As,1844,1.4764
Thailand,As,1845,1.482
Thailand,As,1846,1.4876
Thailand,As,1847,1.4932
Thailand,As,1848,1.4988
Thailand,As,1849,1.5044
Thailand,As,1850,1.51
Thailand,As,1851,1.5173
Thailand,As,1852,1.5246
Thailand,As,1853,1.5319
Thailand,As,1854,1.5392
Thailand,As,1855,1.5465
Thailand,As,1856,1.5538
Thailand,As,1857,1.5611
Thailand,As,1858,1.5684
Thailand,As,1859,1.5756999999999999
Thailand,As,1860,1.583
Thailand,As,1861,1.5903
Thailand,As,1862,1.5976
Thailand,As,1863,1.6049
Thailand,As,1864,1.6121999999999999
Thailand,As,1865,1.6195
Thailand,As,1866,1.6268
Thailand,As,1867,1.6340999999999999
Thailand,As,1868,1.6414
Thailand,As,1869,1.6486999999999998
Thailand,As,1870,1.656
Thailand,As,1871,1.6694
Thailand,As,1872,1.6827999999999999
Thailand,As,1873,1.6962
Thailand,As,1874,1.7096
Thailand,As,1875,1.7229999999999999
Thailand,As,1876,1.7364
Thailand,As,1877,1.7498
Thailand,As,1878,1.7632
Thailand,As,1879,1.7766
Thailand,As,1880,1.79
Thailand,As,1881,1.8043
Thailand,As,1882,1.8186
Thailand,As,1883,1.8329
Thailand,As,1884,1.8472
Thailand,As,1885,1.8615
Thailand,As,1886,1.8758000000000001
Thailand,As,1887,1.8901000000000001
Thailand,As,1888,1.9044
Thailand,As,1889,1.9187
Thailand,As,1890,1.933
Thailand,As,1891,1.9572
Thailand,As,1892,1.9814
Thailand,As,1893,2.0056
Thailand,As,1894,2.0298
Thailand,As,1895,2.054
Thailand,As,1896,2.0782
Thailand,As,1897,2.1024
Thailand,As,1898,2.1266
Thailand,As,1899,2.1508
Thailand,As,1900,2.175
Thailand,As,1901,2.2091
Thailand,As,1902,2.2432
Thailand,As,1903,2.2773
Thailand,As,1904,2.3114
Thailand,As,1905,2.3455
Thailand,As,1906,2.3796
Thailand,As,1907,2.4137
Thailand,As,1908,2.4478
Thailand,As,1909,2.4819
Thailand,As,1910,2.516
Thailand,As,1911,2.5697
Thailand,As,1912,2.6234
Thailand,As,1913,2.6771
Thailand,As,1914,2.7308
Thailand,As,1915,2.7845
Thailand,As,1916,2.8382
Thailand,As,1917,2.8919
Thailand,As,1918,2.9455999999999998
Thailand,As,1919,2.9993
Thailand,As,1920,3.053
Thailand,As,1921,3.1459
Thailand,As,1922,3.2388
Thailand,As,1923,3.3317
Thailand,As,1924,3.4246
Thailand,As,1925,3.5175
Thailand,As,1926,3.6104000000000003
Thailand,As,1927,3.7033
Thailand,As,1928,3.7962000000000002
Thailand,As,1929,3.8891
Thailand,As,1930,3.982
Thailand,As,1931,4.0709
Thailand,As,1932,4.159800000000001
Thailand,As,1933,4.2487
Thailand,As,1934,4.3376
Thailand,As,1935,4.426500000000001
Thailand,As,1936,4.5154000000000005
Thailand,As,1937,4.6043
Thailand,As,1938,4.6932
Thailand,As,1939,4.782100000000001
Thailand,As,1940,4.871
Thailand,As,1941,5.0257000000000005
Thailand,As,1942,5.180400000000001
Thailand,As,1943,5.335100000000001
Thailand,As,1944,5.489800000000001
Thailand,As,1945,5.644500000000001
Thailand,As,1946,5.799200000000001
Thailand,As,1947,5.9539
Thailand,As,1948,6.1086
Thailand,As,1949,6.2633
Thailand,As,1950,6.418
Thailand,As,1951,6.7582
Thailand,As,1952,7.0984
Thailand,As,1953,7.4386
Thailand,As,1954,7.7788
Thailand,As,1955,8.119
Thailand,As,1956,8.4592
Thailand,As,1957,8.7994
Thailand,As,1958,9.1396
Thailand,As,1959,9.479800000000001
Thailand,As,1960,9.82
Thailand,As,1961,10.459900000000001
Thailand,As,1962,11.0998
Thailand,As,1963,11.739700000000001
Thailand,As,1964,12.3796
Thailand,As,1965,13.0195
Thailand,As,1966,13.659400000000002
Thailand,As,1967,14.299300000000002
Thailand,As,1968,14.939200000000001
Thailand,As,1969,15.5791
Thailand,As,1970,16.219
Thailand,As,1971,17.0412
Thailand,As,1972,17.863400000000002
Thailand,As,1973,18.6856
Thailand,As,1974,19.5078
Thailand,As,1975,20.33
Thailand,As,1976,21.1522
Thailand,As,1977,21.9744
Thailand,As,1978,22.796599999999998
Thailand,As,1979,23.6188
Thailand,As,1980,24.441
Thailand,As,1981,26.369899999999998
Thailand,As,1982,28.2988
Thailand,As,1983,30.2277
Thailand,As,1984,32.1566
Thailand,As,1985,34.085499999999996
Thailand,As,1986,36.014399999999995
Thailand,As,1987,37.943299999999994
Thailand,As,1988,39.8722
Thailand,As,1989,41.8011
Thailand,As,1990,43.73
Thailand,As,1991,47.0116
Thailand,As,1992,50.2932
Thailand,As,1993,53.574799999999996
Thailand,As,1994,56.8564
Thailand,As,1995,60.138000000000005
Thailand,As,1996,63.4196
Thailand,As,1997,66.7012
Thailand,As,1998,69.9828
Thailand,As,1999,73.26440000000001
Thailand,As,2000,76.546
Thailand,As,2001,80.6372
Thailand,As,2002,84.72840000000001
Thailand,As,2003,88.81960000000001
Thailand,As,2004,92.9108
Thailand,As,2005,97.00200000000001
Thailand,As,2006,101.0932
Thailand,As,2007,105.1844
Thailand,As,2008,109.2756
Thailand,As,2009,113.3668
Thailand,As,2010,117.458
Thailand,As,2011,119.6779
Thailand,As,2012,121.8978
Thailand,As,2013,124.1177
Thailand,As,2014,126.33760000000001
Thailand,As,2015,128.5575
Thailand,As,2016,130.7774
Thailand,As,2017,132.9973
Thailand,As,2018,135.21720000000002
Thailand,As,2019,137.43710000000002
Thailand,As,2020,139.657
Iran,ME,1820,1.886
Iran,ME,1821,1.8956
Iran,ME,1822,1.9052
Iran,ME,1823,1.9147999999999998
Iran,ME,1824,1.9243999999999999
Iran,ME,1825,1.934
Iran,ME,1826,1.9436
Iran,ME,1827,1.9532
Iran,ME,1828,1.9627999999999999
Iran,ME,1829,1.9724
Iran,ME,1830,1.982
Iran,ME,1831,1.9922
Iran,ME,1832,2.0024
Iran,ME,1833,2.0126
Iran,ME,1834,2.0228
Iran,ME,1835,2.033
Iran,ME,1836,2.0432
Iran,ME,1837,2.0534
Iran,ME,1838,2.0636
Iran,ME,1839,2.0738
Iran,ME,1840,2.084
Iran,ME,1841,2.0947
Iran,ME,1842,2.1054
Iran,ME,1843,2.1161
Iran,ME,1844,2.1268
Iran,ME,1845,2.1375
Iran,ME,1846,2.1482
Iran,ME,1847,2.1589
Iran,ME,1848,2.1696
Iran,ME,1849,2.1803
Iran,ME,1850,2.191
Iran,ME,1851,2.2022
Iran,ME,1852,2.2134
Iran,ME,1853,2.2245999999999997
Iran,ME,1854,2.2358
Iran,ME,1855,2.247
Iran,ME,1856,2.2582
Iran,ME,1857,2.2694
Iran,ME,1858,2.2805999999999997
Iran,ME,1859,2.2918
Iran,ME,1860,2.303
Iran,ME,1861,2.3148
Iran,ME,1862,2.3266
Iran,ME,1863,2.3384
Iran,ME,1864,2.3502
Iran,ME,1865,2.362
Iran,ME,1866,2.3737999999999997
Iran,ME,1867,2.3855999999999997
Iran,ME,1868,2.3973999999999998
Iran,ME,1869,2.4092
Iran,ME,1870,2.421
Iran,ME,1871,2.4364999999999997
Iran,ME,1872,2.452
Iran,ME,1873,2.4675
Iran,ME,1874,2.483
Iran,ME,1875,2.4985
Iran,ME,1876,2.514
Iran,ME,1877,2.5295
Iran,ME,1878,2.545
Iran,ME,1879,2.5605
Iran,ME,1880,2.576
Iran,ME,1881,2.5923
Iran,ME,1882,2.6086
Iran,ME,1883,2.6249000000000002
Iran,ME,1884,2.6412
Iran,ME,1885,2.6574999999999998
Iran,ME,1886,2.6738
Iran,ME,1887,2.6901
Iran,ME,1888,2.7064
Iran,ME,1889,2.7226999999999997
Iran,ME,1890,2.739
Iran,ME,1891,2.7575
Iran,ME,1892,2.776
Iran,ME,1893,2.7944999999999998
Iran,ME,1894,2.8129999999999997
Iran,ME,1895,2.8315
Iran,ME,1896,2.85
Iran,ME,1897,2.8685
Iran,ME,1898,2.887
Iran,ME,1899,2.9055
Iran,ME,1900,2.924
Iran,ME,1901,2.945
Iran,ME,1902,2.9659999999999997
Iran,ME,1903,2.987
Iran,ME,1904,3.008
Iran,ME,1905,3.029
Iran,ME,1906,3.05
Iran,ME,1907,3.0709999999999997
Iran,ME,1908,3.092
Iran,ME,1909,3.113
Iran,ME,1910,3.134
Iran,ME,1911,3.2186
Iran,ME,1912,3.3032
Iran,ME,1913,3.3878
Iran,ME,1914,3.4724
Iran,ME,1915,3.557
Iran,ME,1916,3.6416
Iran,ME,1917,3.7262
Iran,ME,1918,3.8108
Iran,ME,1919,3.8954
Iran,ME,1920,3.98
Iran,ME,1921,4.0325
Iran,ME,1922,4.085
Iran,ME,1923,4.1375
Iran,ME,1924,4.1899999999999995
Iran,ME,1925,4.2425
Iran,ME,1926,4.295
Iran,ME,1927,4.3475
Iran,ME,1928,4.4
Iran,ME,1929,4.4525
Iran,ME,1930,4.505
Iran,ME,1931,4.7054
Iran,ME,1932,4.9058
Iran,ME,1933,5.1062
Iran,ME,1934,5.3066
Iran,ME,1935,5.507
Iran,ME,1936,5.7074
Iran,ME,1937,5.9078
Iran,ME,1938,6.1082
Iran,ME,1939,6.3086
Iran,ME,1940,6.509
Iran,ME,1941,6.394500000000001
Iran,ME,1942,6.28
Iran,ME,1943,6.1655
Iran,ME,1944,6.051
Iran,ME,1945,5.9365000000000006
Iran,ME,1946,5.822
Iran,ME,1947,5.7075
Iran,ME,1948,5.593
Iran,ME,1949,5.4785
Iran,ME,1950,5.364
Iran,ME,1951,6.2362
Iran,ME,1952,7.1084
Iran,ME,1953,7.9806
Iran,ME,1954,8.8528
Iran,ME,1955,9.725000000000001
Iran,ME,1956,10.5972
Iran,ME,1957,11.4694
Iran,ME,1958,12.3416
Iran,ME,1959,13.2138
Iran,ME,1960,14.086
Iran,ME,1961,14.7431
Iran,ME,1962,15.4002
Iran,ME,1963,16.0573
Iran,ME,1964,16.7144
Iran,ME,1965,17.3715
Iran,ME,1966,18.0286
Iran,ME,1967,18.6857
Iran,ME,1968,19.3428
Iran,ME,1969,19.9999
Iran,ME,1970,20.657
Iran,ME,1971,22.7422
Iran,ME,1972,24.8274
Iran,ME,1973,26.912599999999998
Iran,ME,1974,28.997799999999998
Iran,ME,1975,31.083
Iran,ME,1976,33.1682
Iran,ME,1977,35.2534
Iran,ME,1978,37.3386
Iran,ME,1979,39.4238
Iran,ME,1980,41.509
Iran,ME,1981,45.0531
Iran,ME,1982,48.5972
Iran,ME,1983,52.1413
Iran,ME,1984,55.6854
Iran,ME,1985,59.2295
Iran,ME,1986,62.7736
Iran,ME,1987,66.3177
Iran,ME,1988,69.8618
Iran,ME,1989,73.4059
Iran,ME,1990,76.95
Iran,ME,1991,82.05030000000001
Iran,ME,1992,87.1506
Iran,ME,1993,92.2509
Iran,ME,1994,97.3512
Iran,ME,1995,102.45150000000001
Iran,ME,1996,107.5518
Iran,ME,1997,112.6521
Iran,ME,1998,117.7524
Iran,ME,1999,122.8527
Iran,ME,2000,127.953
Iran,ME,2001,136.6547
Iran,ME,2002,145.3564
Iran,ME,2003,154.0581
Iran,ME,2004,162.75979999999998
Iran,ME,2005,171.4615
Iran,ME,2006,180.1632
Iran,ME,2007,188.86489999999998
Iran,ME,2008,197.5666
Iran,ME,2009,206.2683
Iran,ME,2010,214.97
Iran,ME,2011,222.8031
Iran,ME,2012,230.6362
Iran,ME,2013,238.4693
Iran,ME,2014,246.3024
Iran,ME,2015,254.13549999999998
Iran,ME,2016,261.9686
Iran,ME,2017,269.8017
Iran,ME,2018,277.6348
Iran,ME,2019,285.4679
Iran,ME,2020,293.301
Iraq,ME,1820,0.314
Iraq,ME,1821,0.3164
Iraq,ME,1822,0.31880000000000003
Iraq,ME,1823,0.3212
Iraq,ME,1824,0.3236
Iraq,ME,1825,0.326
Iraq,ME,1826,0.3284
Iraq,ME,1827,0.33080000000000004
Iraq,ME,1828,0.3332
Iraq,ME,1829,0.3356
Iraq,ME,1830,0.338
Iraq,ME,1831,0.3406
Iraq,ME,1832,0.3432
Iraq,ME,1833,0.3458
Iraq,ME,1834,0.3484
Iraq,ME,1835,0.351
Iraq,ME,1836,0.3536
Iraq,ME,1837,0.3562
Iraq,ME,1838,0.3588
Iraq,ME,1839,0.3614
Iraq,ME,1840,0.364
Iraq,ME,1841,0.3668
Iraq,ME,1842,0.3696
Iraq,ME,1843,0.3724
Iraq,ME,1844,0.3752
Iraq,ME,1845,0.378
Iraq,ME,1846,0.3808
Iraq,ME,1847,0.3836
Iraq,ME,1848,0.3864
Iraq,ME,1849,0.3892
Iraq,ME,1850,0.392
Iraq,ME,1851,0.395
Iraq,ME,1852,0.398
Iraq,ME,1853,0.401
Iraq,ME,1854,0.404
Iraq,ME,1855,0.40700000000000003
Iraq,ME,1856,0.41
Iraq,ME,1857,0.413
Iraq,ME,1858,0.416
Iraq,ME,1859,0.419
Iraq,ME,1860,0.422
Iraq,ME,1861,0.4253
Iraq,ME,1862,0.4286
Iraq,ME,1863,0.4319
Iraq,ME,1864,0.4352
Iraq,ME,1865,0.4385
Iraq,ME,1866,0.4418
Iraq,ME,1867,0.4451
Iraq,ME,1868,0.4484
Iraq,ME,1869,0.4517
Iraq,ME,1870,0.455
Iraq,ME,1871,0.4606
Iraq,ME,1872,0.4662
Iraq,ME,1873,0.4718
Iraq,ME,1874,0.4774
Iraq,ME,1875,0.483
Iraq,ME,1876,0.48860000000000003
Iraq,ME,1877,0.49420000000000003
Iraq,ME,1878,0.4998
Iraq,ME,1879,0.5054
Iraq,ME,1880,0.511
Iraq,ME,1881,0.5173
Iraq,ME,1882,0.5236
Iraq,ME,1883,0.5299
Iraq,ME,1884,0.5362
Iraq,ME,1885,0.5425
Iraq,ME,1886,0.5488
Iraq,ME,1887,0.5550999999999999
Iraq,ME,1888,0.5614
Iraq,ME,1889,0.5677
Iraq,ME,1890,0.574
Iraq,ME,1891,0.5812999999999999
Iraq,ME,1892,0.5886
Iraq,ME,1893,0.5959
Iraq,ME,1894,0.6032
Iraq,ME,1895,0.6105
Iraq,ME,1896,0.6178
Iraq,ME,1897,0.6251
Iraq,ME,1898,0.6324
Iraq,ME,1899,0.6397
Iraq,ME,1900,0.647
Iraq,ME,1901,0.6556
Iraq,ME,1902,0.6642
Iraq,ME,1903,0.6728000000000001
Iraq,ME,1904,0.6814
Iraq,ME,1905,0.69
Iraq,ME,1906,0.6986
Iraq,ME,1907,0.7072
Iraq,ME,1908,0.7158
Iraq,ME,1909,0.7243999999999999
Iraq,ME,1910,0.733
Iraq,ME,1911,0.7457
Iraq,ME,1912,0.7584
Iraq,ME,1913,0.7711
Iraq,ME,1914,0.7837999999999999
Iraq,ME,1915,0.7965
Iraq,ME,1916,0.8091999999999999
Iraq,ME,1917,0.8219
Iraq,ME,1918,0.8346
Iraq,ME,1919,0.8472999999999999
Iraq,ME,1920,0.86
Iraq,ME,1921,0.8911
Iraq,ME,1922,0.9222
Iraq,ME,1923,0.9533
Iraq,ME,1924,0.9844
Iraq,ME,1925,1.0155
Iraq,ME,1926,1.0466
Iraq,ME,1927,1.0777
Iraq,ME,1928,1.1088
Iraq,ME,1929,1.1399
Iraq,ME,1930,1.171
Iraq,ME,1931,1.443
Iraq,ME,1932,1.7149999999999999
Iraq,ME,1933,1.9869999999999999
Iraq,ME,1934,2.259
Iraq,ME,1935,2.5309999999999997
Iraq,ME,1936,2.803
Iraq,ME,1937,3.0749999999999997
Iraq,ME,1938,3.3469999999999995
Iraq,ME,1939,3.6189999999999998
Iraq,ME,1940,3.891
Iraq,ME,1941,3.7101
Iraq,ME,1942,3.5292
Iraq,ME,1943,3.3483
Iraq,ME,1944,3.1673999999999998
Iraq,ME,1945,2.9865
Iraq,ME,1946,2.8056
Iraq,ME,1947,2.6247
Iraq,ME,1948,2.4438
Iraq,ME,1949,2.2629
Iraq,ME,1950,2.082
Iraq,ME,1951,2.3720999999999997
Iraq,ME,1952,2.6622
Iraq,ME,1953,2.9522999999999997
Iraq,ME,1954,3.2424
Iraq,ME,1955,3.5324999999999998
Iraq,ME,1956,3.8225999999999996
Iraq,ME,1957,4.1127
Iraq,ME,1958,4.402799999999999
Iraq,ME,1959,4.6929
Iraq,ME,1960,4.983
Iraq,ME,1961,5.085699999999999
Iraq,ME,1962,5.1884
Iraq,ME,1963,5.2911
Iraq,ME,1964,5.3938
Iraq,ME,1965,5.496499999999999
Iraq,ME,1966,5.5992
Iraq,ME,1967,5.7019
Iraq,ME,1968,5.8046
Iraq,ME,1969,5.907299999999999
Iraq,ME,1970,6.01
Iraq,ME,1971,6.5238
Iraq,ME,1972,7.037599999999999
Iraq,ME,1973,7.5514
Iraq,ME,1974,8.0652
Iraq,ME,1975,8.579
Iraq,ME,1976,9.0928
Iraq,ME,1977,9.6066
Iraq,ME,1978,10.1204
Iraq,ME,1979,10.6342
Iraq,ME,1980,11.148
Iraq,ME,1981,12.2136
Iraq,ME,1982,13.2792
Iraq,ME,1983,14.3448
Iraq,ME,1984,15.4104
Iraq,ME,1985,16.476
Iraq,ME,1986,17.5416
Iraq,ME,1987,18.6072
Iraq,ME,1988,19.6728
Iraq,ME,1989,20.7384
Iraq,ME,1990,21.804
Iraq,ME,1991,22.3843
Iraq,ME,1992,22.964599999999997
Iraq,ME,1993,23.5449
Iraq,ME,1994,24.1252
Iraq,ME,1995,24.7055
Iraq,ME,1996,25.2858
Iraq,ME,1997,25.8661
Iraq,ME,1998,26.446399999999997
Iraq,ME,1999,27.026699999999998
Iraq,ME,2000,27.607
Iraq,ME,2001,28.6072
Iraq,ME,2002,29.6074
Iraq,ME,2003,30.607599999999998
Iraq,ME,2004,31.6078
Iraq,ME,2005,32.608000000000004
Iraq,ME,2006,33.6082
Iraq,ME,2007,34.6084
Iraq,ME,2008,35.6086
Iraq,ME,2009,36.6088
Iraq,ME,2010,37.609
Iraq,ME,2011,39.1953
Iraq,ME,2012,40.781600000000005
Iraq,ME,2013,42.367900000000006
Iraq,ME,2014,43.9542
Iraq,ME,2015,45.5405
Iraq,ME,2016,47.1268
Iraq,ME,2017,48.713100000000004
Iraq,ME,2018,50.299400000000006
Iraq,ME,2019,51.8857
Iraq,ME,2020,53.472
Israel,ME,1950,1.14
Israel,ME,1951,1.2908
Israel,ME,1952,1.4416
Israel,ME,1953,1.5924
Israel,ME,1954,1.7431999999999999
Israel,ME,1955,1.8940000000000001
Israel,ME,1956,2.0448
Israel,ME,1957,2.1955999999999998
Israel,ME,1958,2.3464
Israel,ME,1959,2.4972000000000003
Israel,ME,1960,2.648
Israel,ME,1961,2.948
Israel,ME,1962,3.248
Israel,ME,1963,3.548
Israel,ME,1964,3.848
Israel,ME,1965,4.148
Israel,ME,1966,4.4479999999999995
Israel,ME,1967,4.747999999999999
Israel,ME,1968,5.048
Israel,ME,1969,5.347999999999999
Israel,ME,1970,5.648
Israel,ME,1971,5.9643999999999995
Israel,ME,1972,6.280799999999999
Israel,ME,1973,6.597199999999999
Israel,ME,1974,6.9136
Israel,ME,1975,7.2299999999999995
Israel,ME,1976,7.546399999999999
Israel,ME,1977,7.8628
Israel,ME,1978,8.1792
Israel,ME,1979,8.4956
Israel,ME,1980,8.812
Israel,ME,1981,9.143099999999999
Israel,ME,1982,9.4742
Israel,ME,1983,9.805299999999999
Israel,ME,1984,10.1364
Israel,ME,1985,10.4675
Israel,ME,1986,10.7986
Israel,ME,1987,11.1297
Israel,ME,1988,11.460799999999999
Israel,ME,1989,11.7919
Israel,ME,1990,12.123
Israel,ME,1991,12.9971
Israel,ME,1992,13.8712
Israel,ME,1993,14.7453
Israel,ME,1994,15.619399999999999
Israel,ME,1995,16.4935
Israel,ME,1996,17.3676
Israel,ME,1997,18.2417
Israel,ME,1998,19.1158
Israel,ME,1999,19.9899
Israel,ME,2000,20.864
Israel,ME,2001,21.2404
Israel,ME,2002,21.6168
Israel,ME,2003,21.9932
Israel,ME,2004,22.369600000000002
Israel,ME,2005,22.746000000000002
Israel,ME,2006,23.1224
Israel,ME,2007,23.4988
Israel,ME,2008,23.8752
Israel,ME,2009,24.2516
Israel,ME,2010,24.628
Israel,ME,2011,24.838
Israel,ME,2012,25.048000000000002
Israel,ME,2013,25.258
Israel,ME,2014,25.468
Israel,ME,2015,25.678
Israel,ME,2016,25.888
Israel,ME,2017,26.098000000000003
Israel,ME,2018,26.308
Israel,ME,2019,26.518
Israel,ME,2020,26.728
S. Arabia,ME,1820,0.601
S. Arabia,ME,1821,0.6042
S. Arabia,ME,1822,0.6073999999999999
S. Arabia,ME,1823,0.6106
S. Arabia,ME,1824,0.6138
S. Arabia,ME,1825,0.617
S. Arabia,ME,1826,0.6202
S. Arabia,ME,1827,0.6234
S. Arabia,ME,1828,0.6266
S. Arabia,ME,1829,0.6298
S. Arabia,ME,1830,0.633
S. Arabia,ME,1831,0.6363
S. Arabia,ME,1832,0.6396000000000001
S. Arabia,ME,1833,0.6429
S. Arabia,ME,1834,0.6462
S. Arabia,ME,1835,0.6495
S. Arabia,ME,1836,0.6528
S. Arabia,ME,1837,0.6561
S. Arabia,ME,1838,0.6594
S. Arabia,ME,1839,0.6627000000000001
S. Arabia,ME,1840,0.666
S. Arabia,ME,1841,0.6695
S. Arabia,ME,1842,0.673
S. Arabia,ME,1843,0.6765
S. Arabia,ME,1844,0.68
S. Arabia,ME,1845,0.6835
S. Arabia,ME,1846,0.6869999999999999
S. Arabia,ME,1847,0.6905
S. Arabia,ME,1848,0.694
S. Arabia,ME,1849,0.6975
S. Arabia,ME,1850,0.701
S. Arabia,ME,1851,0.7047
S. Arabia,ME,1852,0.7083999999999999
S. Arabia,ME,1853,0.7121
S. Arabia,ME,1854,0.7158
S. Arabia,ME,1855,0.7195
S. Arabia,ME,1856,0.7232
S. Arabia,ME,1857,0.7269
S. Arabia,ME,1858,0.7306
S. Arabia,ME,1859,0.7343
S. Arabia,ME,1860,0.738
S. Arabia,ME,1861,0.7315
S. Arabia,ME,1862,0.725
S. Arabia,ME,1863,0.7185
S. Arabia,ME,1864,0.712
S. Arabia,ME,1865,0.7055
S. Arabia,ME,1866,0.6990000000000001
S. Arabia,ME,1867,0.6925
S. Arabia,ME,1868,0.686
S. Arabia,ME,1869,0.6795
S. Arabia,ME,1870,0.673
S. Arabia,ME,1871,0.6811
S. Arabia,ME,1872,0.6892
S. Arabia,ME,1873,0.6973
S. Arabia,ME,1874,0.7054
S. Arabia,ME,1875,0.7135
S. Arabia,ME,1876,0.7216
S. Arabia,ME,1877,0.7297
S. Arabia,ME,1878,0.7378
S. Arabia,ME,1879,0.7459
S. Arabia,ME,1880,0.754
S. Arabia,ME,1881,0.763
S. Arabia,ME,1882,0.772
S. Arabia,ME,1883,0.781
S. Arabia,ME,1884,0.79
S. Arabia,ME,1885,0.7989999999999999
S. Arabia,ME,1886,0.8079999999999999
S. Arabia,ME,1887,0.817
S. Arabia,ME,1888,0.826
S. Arabia,ME,1889,0.835
S. Arabia,ME,1890,0.844
S. Arabia,ME,1891,0.8544999999999999
S. Arabia,ME,1892,0.865
S. Arabia,ME,1893,0.8755
S. Arabia,ME,1894,0.886
S. Arabia,ME,1895,0.8965
S. Arabia,ME,1896,0.907
S. Arabia,ME,1897,0.9175
S. Arabia,ME,1898,0.9279999999999999
S. Arabia,ME,1899,0.9385
S. Arabia,ME,1900,0.949
S. Arabia,ME,1901,0.9611999999999999
S. Arabia,ME,1902,0.9733999999999999
S. Arabia,ME,1903,0.9855999999999999
S. Arabia,ME,1904,0.9977999999999999
S. Arabia,ME,1905,1.01
S. Arabia,ME,1906,1.0222
S. Arabia,ME,1907,1.0344
S. Arabia,ME,1908,1.0466
S. Arabia,ME,1909,1.0588
S. Arabia,ME,1910,1.071
S. Arabia,ME,1911,1.047
S. Arabia,ME,1912,1.023
S. Arabia,ME,1913,0.9989999999999999
S. Arabia,ME,1914,0.975
S. Arabia,ME,1915,0.951
S. Arabia,ME,1916,0.9269999999999999
S. Arabia,ME,1917,0.9029999999999999
S. Arabia,ME,1918,0.879
S. Arabia,ME,1919,0.855
S. Arabia,ME,1920,0.831
S. Arabia,ME,1921,0.8412
S. Arabia,ME,1922,0.8513999999999999
S. Arabia,ME,1923,0.8616
S. Arabia,ME,1924,0.8718
S. Arabia,ME,1925,0.882
S. Arabia,ME,1926,0.8922
S. Arabia,ME,1927,0.9024
S. Arabia,ME,1928,0.9126000000000001
S. Arabia,ME,1929,0.9228000000000001
S. Arabia,ME,1930,0.933
S. Arabia,ME,1931,1.0224
S. Arabia,ME,1932,1.1118000000000001
S. Arabia,ME,1933,1.2012
S. Arabia,ME,1934,1.2906
S. Arabia,ME,1935,1.38
S. Arabia,ME,1936,1.4694
S. Arabia,ME,1937,1.5588
S. Arabia,ME,1938,1.6482
S. Arabia,ME,1939,1.7376
S. Arabia,ME,1940,1.827
S. Arabia,ME,1941,2.4024
S. Arabia,ME,1942,2.9778000000000002
S. Arabia,ME,1943,3.5532
S. Arabia,ME,1944,4.1286000000000005
S. Arabia,ME,1945,4.704000000000001
S. Arabia,ME,1946,5.2794
S. Arabia,ME,1947,5.8548
S. Arabia,ME,1948,6.4302
S. Arabia,ME,1949,7.0056
S. Arabia,ME,1950,7.581
S. Arabia,ME,1951,8.0972
S. Arabia,ME,1952,8.6134
S. Arabia,ME,1953,9.1296
S. Arabia,ME,1954,9.645800000000001
S. Arabia,ME,1955,10.162
S. Arabia,ME,1956,10.6782
S. Arabia,ME,1957,11.1944
S. Arabia,ME,1958,11.7106
S. Arabia,ME,1959,12.2268
S. Arabia,ME,1960,12.743
S. Arabia,ME,1961,13.7584
S. Arabia,ME,1962,14.7738
S. Arabia,ME,1963,15.789200000000001
S. Arabia,ME,1964,16.8046
S. Arabia,ME,1965,17.82
S. Arabia,ME,1966,18.8354
S. Arabia,ME,1967,19.8508
S. Arabia,ME,1968,20.8662
S. Arabia,ME,1969,21.8816
S. Arabia,ME,1970,22.897
S. Arabia,ME,1971,24.3861
S. Arabia,ME,1972,25.8752
S. Arabia,ME,1973,27.3643
S. Arabia,ME,1974,28.853399999999997
S. Arabia,ME,1975,30.342499999999998
S. Arabia,ME,1976,31.831599999999998
S. Arabia,ME,1977,33.320699999999995
S. Arabia,ME,1978,34.809799999999996
S. Arabia,ME,1979,36.298899999999996
S. Arabia,ME,1980,37.788
S. Arabia,ME,1981,42.142999999999994
S. Arabia,ME,1982,46.498
S. Arabia,ME,1983,50.852999999999994
S. Arabia,ME,1984,55.208
S. Arabia,ME,1985,59.562999999999995
S. Arabia,ME,1986,63.91799999999999
S. Arabia,ME,1987,68.273
S. Arabia,ME,1988,72.62799999999999
S. Arabia,ME,1989,76.98299999999999
S. Arabia,ME,1990,81.338
S. Arabia,ME,1991,84.8179
S. Arabia,ME,1992,88.2978
S. Arabia,ME,1993,91.7777
S. Arabia,ME,1994,95.2576
S. Arabia,ME,1995,98.7375
S. Arabia,ME,1996,102.2174
S. Arabia,ME,1997,105.6973
S. Arabia,ME,1998,109.1772
S. Arabia,ME,1999,112.6571
S. Arabia,ME,2000,116.137
S. Arabia,ME,2001,125.3108
S. Arabia,ME,2002,134.4846
S. Arabia,ME,2003,143.6584
S. Arabia,ME,2004,152.8322
S. Arabia,ME,2005,162.006
S. Arabia,ME,2006,171.1798
S. Arabia,ME,2007,180.3536
S. Arabia,ME,2008,189.5274
S. Arabia,ME,2009,198.7012
S. Arabia,ME,2010,207.875
S. Arabia,ME,2011,212.2999
S. Arabia,ME,2012,216.7248
S. Arabia,ME,2013,221.1497
S. Arabia,ME,2014,225.5746
S. Arabia,ME,2015,229.9995
S. Arabia,ME,2016,234.4244
S. Arabia,ME,2017,238.8493
S. Arabia,ME,2018,243.2742
S. Arabia,ME,2019,247.6991
S. Arabia,ME,2020,252.124
Syria,ME,1820,0.384
Syria,ME,1821,0.3854
Syria,ME,1822,0.38680000000000003
Syria,ME,1823,0.3882
Syria,ME,1824,0.3896
Syria,ME,1825,0.391
Syria,ME,1826,0.3924
Syria,ME,1827,0.39380000000000004
Syria,ME,1828,0.3952
Syria,ME,1829,0.3966
Syria,ME,1830,0.398
Syria,ME,1831,0.3993
Syria,ME,1832,0.4006
Syria,ME,1833,0.40190000000000003
Syria,ME,1834,0.4032
Syria,ME,1835,0.40449999999999997
Syria,ME,1836,0.4058
Syria,ME,1837,0.4071
Syria,ME,1838,0.4084
Syria,ME,1839,0.40969999999999995
Syria,ME,1840,0.411
Syria,ME,1841,0.4124
Syria,ME,1842,0.4138
Syria,ME,1843,0.41519999999999996
Syria,ME,1844,0.41659999999999997
Syria,ME,1845,0.418
Syria,ME,1846,0.4194
Syria,ME,1847,0.4208
Syria,ME,1848,0.42219999999999996
Syria,ME,1849,0.4236
Syria,ME,1850,0.425
Syria,ME,1851,0.4265
Syria,ME,1852,0.428
Syria,ME,1853,0.4295
Syria,ME,1854,0.431
Syria,ME,1855,0.4325
Syria,ME,1856,0.434
Syria,ME,1857,0.4355
Syria,ME,1858,0.437
Syria,ME,1859,0.4385
Syria,ME,1860,0.44
Syria,ME,1861,0.4415
Syria,ME,1862,0.443
Syria,ME,1863,0.4445
Syria,ME,1864,0.446
Syria,ME,1865,0.4475
Syria,ME,1866,0.449
Syria,ME,1867,0.4505
Syria,ME,1868,0.452
Syria,ME,1869,0.4535
Syria,ME,1870,0.455
Syria,ME,1871,0.4575
Syria,ME,1872,0.46
Syria,ME,1873,0.4625
Syria,ME,1874,0.465
Syria,ME,1875,0.4675
Syria,ME,1876,0.47
Syria,ME,1877,0.4725
Syria,ME,1878,0.475
Syria,ME,1879,0.4775
Syria,ME,1880,0.48
Syria,ME,1881,0.4826
Syria,ME,1882,0.48519999999999996
Syria,ME,1883,0.4878
Syria,ME,1884,0.4904
Syria,ME,1885,0.493
Syria,ME,1886,0.4956
Syria,ME,1887,0.4982
Syria,ME,1888,0.5008
Syria,ME,1889,0.5034
Syria,ME,1890,0.506
Syria,ME,1891,0.509
Syria,ME,1892,0.512
Syria,ME,1893,0.515
Syria,ME,1894,0.518
Syria,ME,1895,0.521
Syria,ME,1896,0.524
Syria,ME,1897,0.527
Syria,ME,1898,0.53
Syria,ME,1899,0.533
Syria,ME,1900,0.536
Syria,ME,1901,0.5394
Syria,ME,1902,0.5428000000000001
Syria,ME,1903,0.5462
Syria,ME,1904,0.5496
Syria,ME,1905,0.5529999999999999
Syria,ME,1906,0.5564
Syria,ME,1907,0.5598
Syria,ME,1908,0.5631999999999999
Syria,ME,1909,0.5666
Syria,ME,1910,0.57
Syria,ME,1911,0.5771999999999999
Syria,ME,1912,0.5843999999999999
Syria,ME,1913,0.5916
Syria,ME,1914,0.5988
Syria,ME,1915,0.606
Syria,ME,1916,0.6132
Syria,ME,1917,0.6204
Syria,ME,1918,0.6276
Syria,ME,1919,0.6348
Syria,ME,1920,0.642
Syria,ME,1921,0.6536
Syria,ME,1922,0.6652
Syria,ME,1923,0.6768000000000001
Syria,ME,1924,0.6884
Syria,ME,1925,0.7
Syria,ME,1926,0.7116
Syria,ME,1927,0.7232000000000001
Syria,ME,1928,0.7348
Syria,ME,1929,0.7464
Syria,ME,1930,0.758
Syria,ME,1931,0.7787
Syria,ME,1932,0.7994
Syria,ME,1933,0.8201
Syria,ME,1934,0.8408
Syria,ME,1935,0.8614999999999999
Syria,ME,1936,0.8822
Syria,ME,1937,0.9029
Syria,ME,1938,0.9236
Syria,ME,1939,0.9442999999999999
Syria,ME,1940,0.965
Syria,ME,1941,1.0038
Syria,ME,1942,1.0426
Syria,ME,1943,1.0814
Syria,ME,1944,1.1202
Syria,ME,1945,1.159
Syria,ME,1946,1.1978
Syria,ME,1947,1.2366
Syria,ME,1948,1.2753999999999999
Syria,ME,1949,1.3142
Syria,ME,1950,1.353
Syria,ME,1951,1.4689999999999999
Syria,ME,1952,1.585
Syria,ME,1953,1.701
Syria,ME,1954,1.817
Syria,ME,1955,1.9329999999999998
Syria,ME,1956,2.049
Syria,ME,1957,2.165
Syria,ME,1958,2.2809999999999997
Syria,ME,1959,2.3970000000000002
Syria,ME,1960,2.513
Syria,ME,1961,2.5892999999999997
Syria,ME,1962,2.6656
Syria,ME,1963,2.7419
Syria,ME,1964,2.8182
Syria,ME,1965,2.8945
Syria,ME,1966,2.9707999999999997
Syria,ME,1967,3.0471
Syria,ME,1968,3.1233999999999997
Syria,ME,1969,3.1997
Syria,ME,1970,3.276
Syria,ME,1971,3.6209
Syria,ME,1972,3.9657999999999998
Syria,ME,1973,4.3107
Syria,ME,1974,4.6556
Syria,ME,1975,5.0005
Syria,ME,1976,5.3454
Syria,ME,1977,5.6903
Syria,ME,1978,6.0352
Syria,ME,1979,6.3801
Syria,ME,1980,6.725
Syria,ME,1981,7.4418999999999995
Syria,ME,1982,8.1588
Syria,ME,1983,8.8757
Syria,ME,1984,9.592600000000001
Syria,ME,1985,10.3095
Syria,ME,1986,11.0264
Syria,ME,1987,11.743300000000001
Syria,ME,1988,12.4602
Syria,ME,1989,13.1771
Syria,ME,1990,13.894
Syria,ME,1991,14.3723
Syria,ME,1992,14.8506
Syria,ME,1993,15.3289
Syria,ME,1994,15.8072
Syria,ME,1995,16.2855
Syria,ME,1996,16.7638
Syria,ME,1997,17.2421
Syria,ME,1998,17.720399999999998
Syria,ME,1999,18.1987
Syria,ME,2000,18.677
Syria,ME,2001,19.3854
Syria,ME,2002,20.093799999999998
Syria,ME,2003,20.8022
Syria,ME,2004,21.5106
Syria,ME,2005,22.219
Syria,ME,2006,22.9274
Syria,ME,2007,23.6358
Syria,ME,2008,24.3442
Syria,ME,2009,25.052599999999998
Syria,ME,2010,25.761
Syria,ME,2011,24.3615
Syria,ME,2012,22.962
Syria,ME,2013,21.5625
Syria,ME,2014,20.163
Syria,ME,2015,18.7635
Syria,ME,2016,17.363999999999997
Syria,ME,2017,15.9645
Syria,ME,2018,14.565
Syria,ME,2019,13.1655
Syria,ME,2020,11.766
Turkey,ME,1820,2.896
Turkey,ME,1821,2.9053
Turkey,ME,1822,2.9146
Turkey,ME,1823,2.9238999999999997
Turkey,ME,1824,2.9332
Turkey,ME,1825,2.9425
Turkey,ME,1826,2.9518
Turkey,ME,1827,2.9611
Turkey,ME,1828,2.9703999999999997
Turkey,ME,1829,2.9797
Turkey,ME,1830,2.989
Turkey,ME,1831,2.9985999999999997
Turkey,ME,1832,3.0082
Turkey,ME,1833,3.0178
Turkey,ME,1834,3.0274
Turkey,ME,1835,3.037
Turkey,ME,1836,3.0465999999999998
Turkey,ME,1837,3.0562
Turkey,ME,1838,3.0658
Turkey,ME,1839,3.0754
Turkey,ME,1840,3.085
Turkey,ME,1841,3.0949
Turkey,ME,1842,3.1048
Turkey,ME,1843,3.1147
Turkey,ME,1844,3.1246
Turkey,ME,1845,3.1345
Turkey,ME,1846,3.1444
Turkey,ME,1847,3.1543
Turkey,ME,1848,3.1642
Turkey,ME,1849,3.1741
Turkey,ME,1850,3.184
Turkey,ME,1851,3.1943
Turkey,ME,1852,3.2046
Turkey,ME,1853,3.2149
Turkey,ME,1854,3.2252
Turkey,ME,1855,3.2355
Turkey,ME,1856,3.2458
Turkey,ME,1857,3.2561
Turkey,ME,1858,3.2664
Turkey,ME,1859,3.2767
Turkey,ME,1860,3.287
Turkey,ME,1861,3.3016
Turkey,ME,1862,3.3162
Turkey,ME,1863,3.3308
Turkey,ME,1864,3.3453999999999997
Turkey,ME,1865,3.36
Turkey,ME,1866,3.3746
Turkey,ME,1867,3.3891999999999998
Turkey,ME,1868,3.4038
Turkey,ME,1869,3.4183999999999997
Turkey,ME,1870,3.433
Turkey,ME,1871,3.452
Turkey,ME,1872,3.471
Turkey,ME,1873,3.4899999999999998
Turkey,ME,1874,3.509
Turkey,ME,1875,3.528
Turkey,ME,1876,3.547
Turkey,ME,1877,3.5660000000000003
Turkey,ME,1878,3.585
Turkey,ME,1879,3.604
Turkey,ME,1880,3.623
Turkey,ME,1881,3.6492
Turkey,ME,1882,3.6754000000000002
Turkey,ME,1883,3.7016
Turkey,ME,1884,3.7278000000000002
Turkey,ME,1885,3.754
Turkey,ME,1886,3.7802
Turkey,ME,1887,3.8064
Turkey,ME,1888,3.8326
Turkey,ME,1889,3.8588
Turkey,ME,1890,3.885
Turkey,ME,1891,3.9158
Turkey,ME,1892,3.9465999999999997
Turkey,ME,1893,3.9774
Turkey,ME,1894,4.0081999999999995
Turkey,ME,1895,4.039
Turkey,ME,1896,4.0698
Turkey,ME,1897,4.1006
Turkey,ME,1898,4.131399999999999
Turkey,ME,1899,4.1621999999999995
Turkey,ME,1900,4.193
Turkey,ME,1901,4.2463999999999995
Turkey,ME,1902,4.299799999999999
Turkey,ME,1903,4.3532
Turkey,ME,1904,4.4066
Turkey,ME,1905,4.46
Turkey,ME,1906,4.5134
Turkey,ME,1907,4.5668
Turkey,ME,1908,4.6202000000000005
Turkey,ME,1909,4.6736
Turkey,ME,1910,4.727
Turkey,ME,1911,4.6987000000000005
Turkey,ME,1912,4.6704
Turkey,ME,1913,4.6421
Turkey,ME,1914,4.6138
Turkey,ME,1915,4.5855
Turkey,ME,1916,4.5572
Turkey,ME,1917,4.5289
Turkey,ME,1918,4.5006
Turkey,ME,1919,4.4723
Turkey,ME,1920,4.444
Turkey,ME,1921,4.5212
Turkey,ME,1922,4.5984
Turkey,ME,1923,4.6756
Turkey,ME,1924,4.7528
Turkey,ME,1925,4.83
Turkey,ME,1926,4.9072000000000005
Turkey,ME,1927,4.9844
Turkey,ME,1928,5.0616
Turkey,ME,1929,5.1388
Turkey,ME,1930,5.216
Turkey,ME,1931,5.4382
Turkey,ME,1932,5.6604
Turkey,ME,1933,5.8826
Turkey,ME,1934,6.1048
Turkey,ME,1935,6.327
Turkey,ME,1936,6.5492
Turkey,ME,1937,6.7714
Turkey,ME,1938,6.9936
Turkey,ME,1939,7.2158
Turkey,ME,1940,7.438
Turkey,ME,1941,7.6612
Turkey,ME,1942,7.884399999999999
Turkey,ME,1943,8.1076
Turkey,ME,1944,8.3308
Turkey,ME,1945,8.554
Turkey,ME,1946,8.7772
Turkey,ME,1947,9.000399999999999
Turkey,ME,1948,9.2236
Turkey,ME,1949,9.4468
Turkey,ME,1950,9.67
Turkey,ME,1951,10.0672
Turkey,ME,1952,10.4644
Turkey,ME,1953,10.8616
Turkey,ME,1954,11.258799999999999
Turkey,ME,1955,11.655999999999999
Turkey,ME,1956,12.0532
Turkey,ME,1957,12.4504
Turkey,ME,1958,12.8476
Turkey,ME,1959,13.2448
Turkey,ME,1960,13.642
Turkey,ME,1961,14.3962
Turkey,ME,1962,15.1504
Turkey,ME,1963,15.9046
Turkey,ME,1964,16.6588
Turkey,ME,1965,17.413
Turkey,ME,1966,18.1672
Turkey,ME,1967,18.921400000000002
Turkey,ME,1968,19.675600000000003
Turkey,ME,1969,20.4298
Turkey,ME,1970,21.184
Turkey,ME,1971,22.453300000000002
Turkey,ME,1972,23.7226
Turkey,ME,1973,24.9919
Turkey,ME,1974,26.261200000000002
Turkey,ME,1975,27.530500000000004
Turkey,ME,1976,28.7998
Turkey,ME,1977,30.069100000000002
Turkey,ME,1978,31.3384
Turkey,ME,1979,32.6077
Turkey,ME,1980,33.877
Turkey,ME,1981,36.040800000000004
Turkey,ME,1982,38.2046
Turkey,ME,1983,40.3684
Turkey,ME,1984,42.5322
Turkey,ME,1985,44.696
Turkey,ME,1986,46.8598
Turkey,ME,1987,49.0236
Turkey,ME,1988,51.1874
Turkey,ME,1989,53.3512
Turkey,ME,1990,55.515
Turkey,ME,1991,57.9651
Turkey,ME,1992,60.4152
Turkey,ME,1993,62.865300000000005
Turkey,ME,1994,65.3154
Turkey,ME,1995,67.7655
Turkey,ME,1996,70.2156
Turkey,ME,1997,72.6657
Turkey,ME,1998,75.11580000000001
Turkey,ME,1999,77.5659
Turkey,ME,2000,80.016
Turkey,ME,2001,83.2882
Turkey,ME,2002,86.5604
Turkey,ME,2003,89.8326
Turkey,ME,2004,93.1048
Turkey,ME,2005,96.37700000000001
Turkey,ME,2006,99.64920000000001
Turkey,ME,2007,102.9214
Turkey,ME,2008,106.1936
Turkey,ME,2009,109.4658
Turkey,ME,2010,112.738
Turkey,ME,2011,117.4868
Turkey,ME,2012,122.2356
Turkey,ME,2013,126.9844
Turkey,ME,2014,131.7332
Turkey,ME,2015,136.482
Turkey,ME,2016,141.2308
Turkey,ME,2017,145.9796
Turkey,ME,2018,150.7284
Turkey,ME,2019,155.4772
Turkey,ME,2020,160.226
Algeria,Af,1820,1.142
Algeria,Af,1821,1.1501
Algeria,Af,1822,1.1582
Algeria,Af,1823,1.1663
Algeria,Af,1824,1.1743999999999999
Algeria,Af,1825,1.1825
Algeria,Af,1826,1.1906
Algeria,Af,1827,1.1987
Algeria,Af,1828,1.2068
Algeria,Af,1829,1.2149
Algeria,Af,1830,1.223
Algeria,Af,1831,1.2318
Algeria,Af,1832,1.2406000000000001
Algeria,Af,1833,1.2494
Algeria,Af,1834,1.2582
Algeria,Af,1835,1.267
Algeria,Af,1836,1.2758
Algeria,Af,1837,1.2846
Algeria,Af,1838,1.2933999999999999
Algeria,Af,1839,1.3022
Algeria,Af,1840,1.311
Algeria,Af,1841,1.3203
Algeria,Af,1842,1.3296
Algeria,Af,1843,1.3389
Algeria,Af,1844,1.3481999999999998
Algeria,Af,1845,1.3575
Algeria,Af,1846,1.3668
Algeria,Af,1847,1.3760999999999999
Algeria,Af,1848,1.3854
Algeria,Af,1849,1.3946999999999998
Algeria,Af,1850,1.404
Algeria,Af,1851,1.4125999999999999
Algeria,Af,1852,1.4212
Algeria,Af,1853,1.4298
Algeria,Af,1854,1.4384
Algeria,Af,1855,1.447
Algeria,Af,1856,1.4556
Algeria,Af,1857,1.4642
Algeria,Af,1858,1.4727999999999999
Algeria,Af,1859,1.4814
Algeria,Af,1860,1.49
Algeria,Af,1861,1.4977
Algeria,Af,1862,1.5054
Algeria,Af,1863,1.5131
Algeria,Af,1864,1.5208
Algeria,Af,1865,1.5285
Algeria,Af,1866,1.5362
Algeria,Af,1867,1.5439
Algeria,Af,1868,1.5515999999999999
Algeria,Af,1869,1.5593
Algeria,Af,1870,1.567
Algeria,Af,1871,1.5836999999999999
Algeria,Af,1872,1.6004
Algeria,Af,1873,1.6171
Algeria,Af,1874,1.6338
Algeria,Af,1875,1.6505
Algeria,Af,1876,1.6672
Algeria,Af,1877,1.6839
Algeria,Af,1878,1.7006
Algeria,Af,1879,1.7173
Algeria,Af,1880,1.734
Algeria,Af,1881,1.7496
Algeria,Af,1882,1.7651999999999999
Algeria,Af,1883,1.7808
Algeria,Af,1884,1.7964
Algeria,Af,1885,1.8119999999999998
Algeria,Af,1886,1.8276
Algeria,Af,1887,1.8432
Algeria,Af,1888,1.8588
Algeria,Af,1889,1.8743999999999998
Algeria,Af,1890,1.89
Algeria,Af,1891,1.9011
Algeria,Af,1892,1.9122
Algeria,Af,1893,1.9232999999999998
Algeria,Af,1894,1.9344
Algeria,Af,1895,1.9455
Algeria,Af,1896,1.9566
Algeria,Af,1897,1.9676999999999998
Algeria,Af,1898,1.9788
Algeria,Af,1899,1.9899
Algeria,Af,1900,2.001
Algeria,Af,1901,2.0217
Algeria,Af,1902,2.0423999999999998
Algeria,Af,1903,2.0631
Algeria,Af,1904,2.0838
Algeria,Af,1905,2.1045
Algeria,Af,1906,2.1252
Algeria,Af,1907,2.1459
Algeria,Af,1908,2.1666000000000003
Algeria,Af,1909,2.1873
Algeria,Af,1910,2.208
Algeria,Af,1911,2.2533000000000003
Algeria,Af,1912,2.2986
Algeria,Af,1913,2.3439
Algeria,Af,1914,2.3892
Algeria,Af,1915,2.4345
Algeria,Af,1916,2.4798
Algeria,Af,1917,2.5251
Algeria,Af,1918,2.5704000000000002
Algeria,Af,1919,2.6157
Algeria,Af,1920,2.661
Algeria,Af,1921,2.7476000000000003
Algeria,Af,1922,2.8342
Algeria,Af,1923,2.9208
Algeria,Af,1924,3.0074
Algeria,Af,1925,3.0940000000000003
Algeria,Af,1926,3.1806
Algeria,Af,1927,3.2672
Algeria,Af,1928,3.3538
Algeria,Af,1929,3.4404000000000003
Algeria,Af,1930,3.527
Algeria,Af,1931,3.5454
Algeria,Af,1932,3.5638
Algeria,Af,1933,3.5822000000000003
Algeria,Af,1934,3.6006
Algeria,Af,1935,3.6189999999999998
Algeria,Af,1936,3.6374
Algeria,Af,1937,3.6558
Algeria,Af,1938,3.6742
Algeria,Af,1939,3.6925999999999997
Algeria,Af,1940,3.711
Algeria,Af,1941,3.7994
Algeria,Af,1942,3.8878
Algeria,Af,1943,3.9762
Algeria,Af,1944,4.0645999999999995
Algeria,Af,1945,4.153
Algeria,Af,1946,4.2414
Algeria,Af,1947,4.3298
Algeria,Af,1948,4.4182
Algeria,Af,1949,4.5066
Algeria,Af,1950,4.595
Algeria,Af,1951,4.8126999999999995
Algeria,Af,1952,5.0304
Algeria,Af,1953,5.2481
Algeria,Af,1954,5.4658
Algeria,Af,1955,5.6835
Algeria,Af,1956,5.9012
Algeria,Af,1957,6.1189
Algeria,Af,1958,6.336600000000001
Algeria,Af,1959,6.5543000000000005
Algeria,Af,1960,6.772
Algeria,Af,1961,6.848800000000001
Algeria,Af,1962,6.9256
Algeria,Af,1963,7.0024
Algeria,Af,1964,7.0792
Algeria,Af,1965,7.156000000000001
Algeria,Af,1966,7.2328
Algeria,Af,1967,7.3096
Algeria,Af,1968,7.3864
Algeria,Af,1969,7.4632000000000005
Algeria,Af,1970,7.54
Algeria,Af,1971,8.8253
Algeria,Af,1972,10.1106
Algeria,Af,1973,11.395900000000001
Algeria,Af,1974,12.6812
Algeria,Af,1975,13.9665
Algeria,Af,1976,15.2518
Algeria,Af,1977,16.537100000000002
Algeria,Af,1978,17.822400000000002
Algeria,Af,1979,19.1077
Algeria,Af,1980,20.393
Algeria,Af,1981,21.7024
Algeria,Af,1982,23.0118
Algeria,Af,1983,24.3212
Algeria,Af,1984,25.6306
Algeria,Af,1985,26.94
Algeria,Af,1986,28.2494
Algeria,Af,1987,29.5588
Algeria,Af,1988,30.8682
Algeria,Af,1989,32.1776
Algeria,Af,1990,33.487
Algeria,Af,1991,33.485
Algeria,Af,1992,33.483000000000004
Algeria,Af,1993,33.481
Algeria,Af,1994,33.479
Algeria,Af,1995,33.477000000000004
Algeria,Af,1996,33.475
Algeria,Af,1997,33.473
Algeria,Af,1998,33.471
Algeria,Af,1999,33.469
Algeria,Af,2000,33.467
Algeria,Af,2001,34.7845
Algeria,Af,2002,36.102
Algeria,Af,2003,37.4195
Algeria,Af,2004,38.737
Algeria,Af,2005,40.054500000000004
Algeria,Af,2006,41.372
Algeria,Af,2007,42.6895
Algeria,Af,2008,44.007000000000005
Algeria,Af,2009,45.3245
Algeria,Af,2010,46.642
Algeria,Af,2011,48.4898
Algeria,Af,2012,50.3376
Algeria,Af,2013,52.1854
Algeria,Af,2014,54.0332
Algeria,Af,2015,55.881
Algeria,Af,2016,57.72880000000001
Algeria,Af,2017,59.576600000000006
Algeria,Af,2018,61.424400000000006
Algeria,Af,2019,63.272200000000005
Algeria,Af,2020,65.12
Congo R.D.,Af,1820,2.123
Congo R.D.,Af,1821,2.1326
Congo R.D.,Af,1822,2.1422000000000003
Congo R.D.,Af,1823,2.1518
Congo R.D.,Af,1824,2.1614
Congo R.D.,Af,1825,2.1710000000000003
Congo R.D.,Af,1826,2.1806
Congo R.D.,Af,1827,2.1902
Congo R.D.,Af,1828,2.1997999999999998
Congo R.D.,Af,1829,2.2094
Congo R.D.,Af,1830,2.219
Congo R.D.,Af,1831,2.229
Congo R.D.,Af,1832,2.239
Congo R.D.,Af,1833,2.2489999999999997
Congo R.D.,Af,1834,2.259
Congo R.D.,Af,1835,2.269
Congo R.D.,Af,1836,2.279
Congo R.D.,Af,1837,2.2889999999999997
Congo R.D.,Af,1838,2.299
Congo R.D.,Af,1839,2.309
Congo R.D.,Af,1840,2.319
Congo R.D.,Af,1841,2.3294
Congo R.D.,Af,1842,2.3398
Congo R.D.,Af,1843,2.3502
Congo R.D.,Af,1844,2.3606
Congo R.D.,Af,1845,2.371
Congo R.D.,Af,1846,2.3814
Congo R.D.,Af,1847,2.3918
Congo R.D.,Af,1848,2.4022
Congo R.D.,Af,1849,2.4126
Congo R.D.,Af,1850,2.423
Congo R.D.,Af,1851,2.4389
Congo R.D.,Af,1852,2.4548
Congo R.D.,Af,1853,2.4707
Congo R.D.,Af,1854,2.4866
Congo R.D.,Af,1855,2.5025
Congo R.D.,Af,1856,2.5183999999999997
Congo R.D.,Af,1857,2.5343
Congo R.D.,Af,1858,2.5502
Congo R.D.,Af,1859,2.5661
Congo R.D.,Af,1860,2.582
Congo R.D.,Af,1861,2.5966
Congo R.D.,Af,1862,2.6111999999999997
Congo R.D.,Af,1863,2.6258
Congo R.D.,Af,1864,2.6404
Congo R.D.,Af,1865,2.6550000000000002
Congo R.D.,Af,1866,2.6696
Congo R.D.,Af,1867,2.6842
Congo R.D.,Af,1868,2.6988000000000003
Congo R.D.,Af,1869,2.7134
Congo R.D.,Af,1870,2.728
Congo R.D.,Af,1871,2.7526
Congo R.D.,Af,1872,2.7772
Congo R.D.,Af,1873,2.8018
Congo R.D.,Af,1874,2.8264
Congo R.D.,Af,1875,2.851
Congo R.D.,Af,1876,2.8756000000000004
Congo R.D.,Af,1877,2.9002000000000003
Congo R.D.,Af,1878,2.9248000000000003
Congo R.D.,Af,1879,2.9494000000000002
Congo R.D.,Af,1880,2.974
Congo R.D.,Af,1881,2.9959000000000002
Congo R.D.,Af,1882,3.0178000000000003
Congo R.D.,Af,1883,3.0397000000000003
Congo R.D.,Af,1884,3.0616000000000003
Congo R.D.,Af,1885,3.0835
Congo R.D.,Af,1886,3.1054
Congo R.D.,Af,1887,3.1273
Congo R.D.,Af,1888,3.1492
Congo R.D.,Af,1889,3.1711
Congo R.D.,Af,1890,3.193
Congo R.D.,Af,1891,3.2042
Congo R.D.,Af,1892,3.2154000000000003
Congo R.D.,Af,1893,3.2266
Congo R.D.,Af,1894,3.2378
Congo R.D.,Af,1895,3.249
Congo R.D.,Af,1896,3.2602
Congo R.D.,Af,1897,3.2714000000000003
Congo R.D.,Af,1898,3.2826
Congo R.D.,Af,1899,3.2938
Congo R.D.,Af,1900,3.305
Congo R.D.,Af,1901,3.337
Congo R.D.,Af,1902,3.369
Congo R.D.,Af,1903,3.4010000000000002
Congo R.D.,Af,1904,3.4330000000000003
Congo R.D.,Af,1905,3.465
Congo R.D.,Af,1906,3.497
Congo R.D.,Af,1907,3.529
Congo R.D.,Af,1908,3.561
Congo R.D.,Af,1909,3.593
Congo R.D.,Af,1910,3.625
Congo R.D.,Af,1911,3.6471
Congo R.D.,Af,1912,3.6692
Congo R.D.,Af,1913,3.6913
Congo R.D.,Af,1914,3.7134
Congo R.D.,Af,1915,3.7355
Congo R.D.,Af,1916,3.7576
Congo R.D.,Af,1917,3.7797
Congo R.D.,Af,1918,3.8018
Congo R.D.,Af,1919,3.8239
Congo R.D.,Af,1920,3.846
Congo R.D.,Af,1921,3.9037
Congo R.D.,Af,1922,3.9614000000000003
Congo R.D.,Af,1923,4.0191
Congo R.D.,Af,1924,4.0768
Congo R.D.,Af,1925,4.1345
Congo R.D.,Af,1926,4.1922
Congo R.D.,Af,1927,4.2499
Congo R.D.,Af,1928,4.3076
Congo R.D.,Af,1929,4.3653
Congo R.D.,Af,1930,4.423
Congo R.D.,Af,1931,4.426
Congo R.D.,Af,1932,4.429
Congo R.D.,Af,1933,4.432
Congo R.D.,Af,1934,4.4350000000000005
Congo R.D.,Af,1935,4.438000000000001
Congo R.D.,Af,1936,4.441
Congo R.D.,Af,1937,4.444
Congo R.D.,Af,1938,4.447
Congo R.D.,Af,1939,4.45
Congo R.D.,Af,1940,4.453
Congo R.D.,Af,1941,4.5298
Congo R.D.,Af,1942,4.6066
Congo R.D.,Af,1943,4.683400000000001
Congo R.D.,Af,1944,4.7602
Congo R.D.,Af,1945,4.837
Congo R.D.,Af,1946,4.9138
Congo R.D.,Af,1947,4.990600000000001
Congo R.D.,Af,1948,5.0674
Congo R.D.,Af,1949,5.1442
Congo R.D.,Af,1950,5.221
Congo R.D.,Af,1951,5.3569
Congo R.D.,Af,1952,5.4928
Congo R.D.,Af,1953,5.6287
Congo R.D.,Af,1954,5.7646
Congo R.D.,Af,1955,5.9005
Congo R.D.,Af,1956,6.0364
Congo R.D.,Af,1957,6.1723
Congo R.D.,Af,1958,6.3082
Congo R.D.,Af,1959,6.4441
Congo R.D.,Af,1960,6.58
Congo R.D.,Af,1961,6.6836
Congo R.D.,Af,1962,6.7872
Congo R.D.,Af,1963,6.8908
Congo R.D.,Af,1964,6.9944
Congo R.D.,Af,1965,7.098
Congo R.D.,Af,1966,7.2016
Congo R.D.,Af,1967,7.3052
Congo R.D.,Af,1968,7.408799999999999
Congo R.D.,Af,1969,7.5123999999999995
Congo R.D.,Af,1970,7.616
Congo R.D.,Af,1971,7.7557
Congo R.D.,Af,1972,7.8953999999999995
Congo R.D.,Af,1973,8.0351
Congo R.D.,Af,1974,8.1748
Congo R.D.,Af,1975,8.314499999999999
Congo R.D.,Af,1976,8.4542
Congo R.D.,Af,1977,8.5939
Congo R.D.,Af,1978,8.7336
Congo R.D.,Af,1979,8.8733
Congo R.D.,Af,1980,9.013
Congo R.D.,Af,1981,9.1598
Congo R.D.,Af,1982,9.3066
Congo R.D.,Af,1983,9.4534
Congo R.D.,Af,1984,9.6002
Congo R.D.,Af,1985,9.747
Congo R.D.,Af,1986,9.8938
Congo R.D.,Af,1987,10.0406
Congo R.D.,Af,1988,10.1874
Congo R.D.,Af,1989,10.3342
Congo R.D.,Af,1990,10.481
Congo R.D.,Af,1991,10.7297
Congo R.D.,Af,1992,10.9784
Congo R.D.,Af,1993,11.2271
Congo R.D.,Af,1994,11.4758
Congo R.D.,Af,1995,11.724499999999999
Congo R.D.,Af,1996,11.9732
Congo R.D.,Af,1997,12.2219
Congo R.D.,Af,1998,12.4706
Congo R.D.,Af,1999,12.7193
Congo R.D.,Af,2000,12.968
Congo R.D.,Af,2001,13.4401
Congo R.D.,Af,2002,13.9122
Congo R.D.,Af,2003,14.3843
Congo R.D.,Af,2004,14.8564
Congo R.D.,Af,2005,15.3285
Congo R.D.,Af,2006,15.8006
Congo R.D.,Af,2007,16.2727
Congo R.D.,Af,2008,16.7448
Congo R.D.,Af,2009,17.2169
Congo R.D.,Af,2010,17.689
Congo R.D.,Af,2011,18.1224
Congo R.D.,Af,2012,18.5558
Congo R.D.,Af,2013,18.9892
Congo R.D.,Af,2014,19.4226
Congo R.D.,Af,2015,19.856
Congo R.D.,Af,2016,20.2894
Congo R.D.,Af,2017,20.7228
Congo R.D.,Af,2018,21.1562
Congo R.D.,Af,2019,21.5896
Congo R.D.,Af,2020,22.023
Egypt,Af,1820,1.781
Egypt,Af,1821,1.8007
Egypt,Af,1822,1.8204
Egypt,Af,1823,1.8400999999999998
Egypt,Af,1824,1.8598
Egypt,Af,1825,1.8795
Egypt,Af,1826,1.8992
Egypt,Af,1827,1.9189
Egypt,Af,1828,1.9385999999999999
Egypt,Af,1829,1.9583
Egypt,Af,1830,1.978
Egypt,Af,1831,1.9999
Egypt,Af,1832,2.0218
Egypt,Af,1833,2.0437
Egypt,Af,1834,2.0656
Egypt,Af,1835,2.0875
Egypt,Af,1836,2.1094
Egypt,Af,1837,2.1313
Egypt,Af,1838,2.1532
Egypt,Af,1839,2.1751
Egypt,Af,1840,2.197
Egypt,Af,1841,2.2213000000000003
Egypt,Af,1842,2.2456
Egypt,Af,1843,2.2699
Egypt,Af,1844,2.2942
Egypt,Af,1845,2.3185000000000002
Egypt,Af,1846,2.3428
Egypt,Af,1847,2.3670999999999998
Egypt,Af,1848,2.3914
Egypt,Af,1849,2.4157
Egypt,Af,1850,2.44
Egypt,Af,1851,2.4642999999999997
Egypt,Af,1852,2.4886
Egypt,Af,1853,2.5129
Egypt,Af,1854,2.5372
Egypt,Af,1855,2.5614999999999997
Egypt,Af,1856,2.5858
Egypt,Af,1857,2.6101
Egypt,Af,1858,2.6344
Egypt,Af,1859,2.6586999999999996
Egypt,Af,1860,2.683
Egypt,Af,1861,2.7072
Egypt,Af,1862,2.7314
Egypt,Af,1863,2.7556
Egypt,Af,1864,2.7798
Egypt,Af,1865,2.804
Egypt,Af,1866,2.8282
Egypt,Af,1867,2.8524
Egypt,Af,1868,2.8766
Egypt,Af,1869,2.9008
Egypt,Af,1870,2.925
Egypt,Af,1871,2.9691
Egypt,Af,1872,3.0132
Egypt,Af,1873,3.0572999999999997
Egypt,Af,1874,3.1014
Egypt,Af,1875,3.1455
Egypt,Af,1876,3.1896
Egypt,Af,1877,3.2337
Egypt,Af,1878,3.2778
Egypt,Af,1879,3.3219000000000003
Egypt,Af,1880,3.366
Egypt,Af,1881,3.4109000000000003
Egypt,Af,1882,3.4558
Egypt,Af,1883,3.5007
Egypt,Af,1884,3.5456
Egypt,Af,1885,3.5905
Egypt,Af,1886,3.6353999999999997
Egypt,Af,1887,3.6803
Egypt,Af,1888,3.7252
Egypt,Af,1889,3.7701
Egypt,Af,1890,3.815
Egypt,Af,1891,3.8537
Egypt,Af,1892,3.8924
Egypt,Af,1893,3.9311
Egypt,Af,1894,3.9697999999999998
Egypt,Af,1895,4.0085
Egypt,Af,1896,4.0472
Egypt,Af,1897,4.0859
Egypt,Af,1898,4.1246
Egypt,Af,1899,4.1633
Egypt,Af,1900,4.202
Egypt,Af,1901,4.264
Egypt,Af,1902,4.326
Egypt,Af,1903,4.388
Egypt,Af,1904,4.45
Egypt,Af,1905,4.5120000000000005
Egypt,Af,1906,4.574
Egypt,Af,1907,4.636
Egypt,Af,1908,4.698
Egypt,Af,1909,4.76
Egypt,Af,1910,4.822
Egypt,Af,1911,4.9097
Egypt,Af,1912,4.9974
Egypt,Af,1913,5.0851
Egypt,Af,1914,5.1728
Egypt,Af,1915,5.2605
Egypt,Af,1916,5.3482
Egypt,Af,1917,5.4359
Egypt,Af,1918,5.5236
Egypt,Af,1919,5.6113
Egypt,Af,1920,5.699
Egypt,Af,1921,5.909
Egypt,Af,1922,6.119
Egypt,Af,1923,6.329
Egypt,Af,1924,6.539
Egypt,Af,1925,6.7490000000000006
Egypt,Af,1926,6.959
Egypt,Af,1927,7.1690000000000005
Egypt,Af,1928,7.3790000000000004
Egypt,Af,1929,7.589
Egypt,Af,1930,7.799
Egypt,Af,1931,7.8977
Egypt,Af,1932,7.9964
Egypt,Af,1933,8.0951
Egypt,Af,1934,8.1938
Egypt,Af,1935,8.2925
Egypt,Af,1936,8.3912
Egypt,Af,1937,8.4899
Egypt,Af,1938,8.5886
Egypt,Af,1939,8.6873
Egypt,Af,1940,8.786
Egypt,Af,1941,9.1662
Egypt,Af,1942,9.5464
Egypt,Af,1943,9.9266
Egypt,Af,1944,10.306799999999999
Egypt,Af,1945,10.687
Egypt,Af,1946,11.0672
Egypt,Af,1947,11.4474
Egypt,Af,1948,11.8276
Egypt,Af,1949,12.207799999999999
Egypt,Af,1950,12.588
Egypt,Af,1951,12.9142
Egypt,Af,1952,13.2404
Egypt,Af,1953,13.5666
Egypt,Af,1954,13.8928
Egypt,Af,1955,14.219
Egypt,Af,1956,14.5452
Egypt,Af,1957,14.8714
Egypt,Af,1958,15.1976
Egypt,Af,1959,15.5238
Egypt,Af,1960,15.85
Egypt,Af,1961,16.0602
Egypt,Af,1962,16.2704
Egypt,Af,1963,16.4806
Egypt,Af,1964,16.6908
Egypt,Af,1965,16.901
Egypt,Af,1966,17.1112
Egypt,Af,1967,17.3214
Egypt,Af,1968,17.5316
Egypt,Af,1969,17.7418
Egypt,Af,1970,17.952
Egypt,Af,1971,19.0777
Egypt,Af,1972,20.203400000000002
Egypt,Af,1973,21.3291
Egypt,Af,1974,22.4548
Egypt,Af,1975,23.5805
Egypt,Af,1976,24.7062
Egypt,Af,1977,25.831899999999997
Egypt,Af,1978,26.9576
Egypt,Af,1979,28.0833
Egypt,Af,1980,29.209
Egypt,Af,1981,31.0516
Egypt,Af,1982,32.8942
Egypt,Af,1983,34.7368
Egypt,Af,1984,36.5794
Egypt,Af,1985,38.422
Egypt,Af,1986,40.2646
Egypt,Af,1987,42.1072
Egypt,Af,1988,43.949799999999996
Egypt,Af,1989,45.7924
Egypt,Af,1990,47.635
Egypt,Af,1991,49.4295
Egypt,Af,1992,51.224
Egypt,Af,1993,53.018499999999996
Egypt,Af,1994,54.812999999999995
Egypt,Af,1995,56.6075
Egypt,Af,1996,58.402
Egypt,Af,1997,60.1965
Egypt,Af,1998,61.991
Egypt,Af,1999,63.7855
Egypt,Af,2000,65.58
Egypt,Af,2001,68.8516
Egypt,Af,2002,72.1232
Egypt,Af,2003,75.3948
Egypt,Af,2004,78.6664
Egypt,Af,2005,81.938
Egypt,Af,2006,85.2096
Egypt,Af,2007,88.4812
Egypt,Af,2008,91.75280000000001
Egypt,Af,2009,95.0244
Egypt,Af,2010,98.296
Egypt,Af,2011,99.5617
Egypt,Af,2012,100.82740000000001
Egypt,Af,2013,102.0931
Egypt,Af,2014,103.3588
Egypt,Af,2015,104.62450000000001
Egypt,Af,2016,105.89020000000001
Egypt,Af,2017,107.1559
Egypt,Af,2018,108.4216
Egypt,Af,2019,109.68730000000001
Egypt,Af,2020,110.953
Eritrea & Ethiopia,Af,1820,1.339
Eritrea & Ethiopia,Af,1821,1.3606
Eritrea & Ethiopia,Af,1822,1.3821999999999999
Eritrea & Ethiopia,Af,1823,1.4038
Eritrea & Ethiopia,Af,1824,1.4254
Eritrea & Ethiopia,Af,1825,1.447
Eritrea & Ethiopia,Af,1826,1.4686
Eritrea & Ethiopia,Af,1827,1.4902
Eritrea & Ethiopia,Af,1828,1.5118
Eritrea & Ethiopia,Af,1829,1.5333999999999999
Eritrea & Ethiopia,Af,1830,1.555
Eritrea & Ethiopia,Af,1831,1.5798999999999999
Eritrea & Ethiopia,Af,1832,1.6048
Eritrea & Ethiopia,Af,1833,1.6297
Eritrea & Ethiopia,Af,1834,1.6546
Eritrea & Ethiopia,Af,1835,1.6795
Eritrea & Ethiopia,Af,1836,1.7044000000000001
Eritrea & Ethiopia,Af,1837,1.7293
Eritrea & Ethiopia,Af,1838,1.7542
Eritrea & Ethiopia,Af,1839,1.7791000000000001
Eritrea & Ethiopia,Af,1840,1.804
Eritrea & Ethiopia,Af,1841,1.833
Eritrea & Ethiopia,Af,1842,1.862
Eritrea & Ethiopia,Af,1843,1.891
Eritrea & Ethiopia,Af,1844,1.92
Eritrea & Ethiopia,Af,1845,1.9489999999999998
Eritrea & Ethiopia,Af,1846,1.978
Eritrea & Ethiopia,Af,1847,2.007
Eritrea & Ethiopia,Af,1848,2.036
Eritrea & Ethiopia,Af,1849,2.065
Eritrea & Ethiopia,Af,1850,2.094
Eritrea & Ethiopia,Af,1851,2.1252
Eritrea & Ethiopia,Af,1852,2.1564
Eritrea & Ethiopia,Af,1853,2.1875999999999998
Eritrea & Ethiopia,Af,1854,2.2188
Eritrea & Ethiopia,Af,1855,2.25
Eritrea & Ethiopia,Af,1856,2.2812
Eritrea & Ethiopia,Af,1857,2.3124000000000002
Eritrea & Ethiopia,Af,1858,2.3436
Eritrea & Ethiopia,Af,1859,2.3748
Eritrea & Ethiopia,Af,1860,2.406
Eritrea & Ethiopia,Af,1861,2.4396
Eritrea & Ethiopia,Af,1862,2.4732000000000003
Eritrea & Ethiopia,Af,1863,2.5068
Eritrea & Ethiopia,Af,1864,2.5404
Eritrea & Ethiopia,Af,1865,2.574
Eritrea & Ethiopia,Af,1866,2.6076
Eritrea & Ethiopia,Af,1867,2.6412
Eritrea & Ethiopia,Af,1868,2.6748
Eritrea & Ethiopia,Af,1869,2.7084
Eritrea & Ethiopia,Af,1870,2.742
Eritrea & Ethiopia,Af,1871,2.7902
Eritrea & Ethiopia,Af,1872,2.8384
Eritrea & Ethiopia,Af,1873,2.8866
Eritrea & Ethiopia,Af,1874,2.9348
Eritrea & Ethiopia,Af,1875,2.983
Eritrea & Ethiopia,Af,1876,3.0312
Eritrea & Ethiopia,Af,1877,3.0794
Eritrea & Ethiopia,Af,1878,3.1276
Eritrea & Ethiopia,Af,1879,3.1758
Eritrea & Ethiopia,Af,1880,3.224
Eritrea & Ethiopia,Af,1881,3.2748000000000004
Eritrea & Ethiopia,Af,1882,3.3256
Eritrea & Ethiopia,Af,1883,3.3764000000000003
Eritrea & Ethiopia,Af,1884,3.4272
Eritrea & Ethiopia,Af,1885,3.478
Eritrea & Ethiopia,Af,1886,3.5288000000000004
Eritrea & Ethiopia,Af,1887,3.5796
Eritrea & Ethiopia,Af,1888,3.6304000000000003
Eritrea & Ethiopia,Af,1889,3.6812
Eritrea & Ethiopia,Af,1890,3.732
Eritrea & Ethiopia,Af,1891,3.7788000000000004
Eritrea & Ethiopia,Af,1892,3.8256
Eritrea & Ethiopia,Af,1893,3.8724000000000003
Eritrea & Ethiopia,Af,1894,3.9192
Eritrea & Ethiopia,Af,1895,3.966
Eritrea & Ethiopia,Af,1896,4.0128
Eritrea & Ethiopia,Af,1897,4.0596000000000005
Eritrea & Ethiopia,Af,1898,4.1064
Eritrea & Ethiopia,Af,1899,4.1532
Eritrea & Ethiopia,Af,1900,4.2
Eritrea & Ethiopia,Af,1901,4.2724
Eritrea & Ethiopia,Af,1902,4.3448
Eritrea & Ethiopia,Af,1903,4.4172
Eritrea & Ethiopia,Af,1904,4.4896
Eritrea & Ethiopia,Af,1905,4.562
Eritrea & Ethiopia,Af,1906,4.6344
Eritrea & Ethiopia,Af,1907,4.7068
Eritrea & Ethiopia,Af,1908,4.7792
Eritrea & Ethiopia,Af,1909,4.8516
Eritrea & Ethiopia,Af,1910,4.924
Eritrea & Ethiopia,Af,1911,4.989000000000001
Eritrea & Ethiopia,Af,1912,5.054
Eritrea & Ethiopia,Af,1913,5.119
Eritrea & Ethiopia,Af,1914,5.184
Eritrea & Ethiopia,Af,1915,5.2490000000000006
Eritrea & Ethiopia,Af,1916,5.314
Eritrea & Ethiopia,Af,1917,5.379
Eritrea & Ethiopia,Af,1918,5.444
Eritrea & Ethiopia,Af,1919,5.509
Eritrea & Ethiopia,Af,1920,5.574
Eritrea & Ethiopia,Af,1921,5.6601
Eritrea & Ethiopia,Af,1922,5.7462
Eritrea & Ethiopia,Af,1923,5.8323
Eritrea & Ethiopia,Af,1924,5.9184
Eritrea & Ethiopia,Af,1925,6.0045
Eritrea & Ethiopia,Af,1926,6.0906
Eritrea & Ethiopia,Af,1927,6.176699999999999
Eritrea & Ethiopia,Af,1928,6.2627999999999995
Eritrea & Ethiopia,Af,1929,6.3488999999999995
Eritrea & Ethiopia,Af,1930,6.435
Eritrea & Ethiopia,Af,1931,6.494199999999999
Eritrea & Ethiopia,Af,1932,6.5534
Eritrea & Ethiopia,Af,1933,6.6126
Eritrea & Ethiopia,Af,1934,6.6718
Eritrea & Ethiopia,Af,1935,6.731
Eritrea & Ethiopia,Af,1936,6.7902
Eritrea & Ethiopia,Af,1937,6.8494
Eritrea & Ethiopia,Af,1938,6.9086
Eritrea & Ethiopia,Af,1939,6.9678
Eritrea & Ethiopia,Af,1940,7.027
Eritrea & Ethiopia,Af,1941,7.164
Eritrea & Ethiopia,Af,1942,7.301
Eritrea & Ethiopia,Af,1943,7.438000000000001
Eritrea & Ethiopia,Af,1944,7.575
Eritrea & Ethiopia,Af,1945,7.712
Eritrea & Ethiopia,Af,1946,7.849
Eritrea & Ethiopia,Af,1947,7.986000000000001
Eritrea & Ethiopia,Af,1948,8.123000000000001
Eritrea & Ethiopia,Af,1949,8.26
Eritrea & Ethiopia,Af,1950,8.397
Eritrea & Ethiopia,Af,1951,8.5198
Eritrea & Ethiopia,Af,1952,8.6426
Eritrea & Ethiopia,Af,1953,8.7654
Eritrea & Ethiopia,Af,1954,8.8882
Eritrea & Ethiopia,Af,1955,9.011
Eritrea & Ethiopia,Af,1956,9.1338
Eritrea & Ethiopia,Af,1957,9.2566
Eritrea & Ethiopia,Af,1958,9.3794
Eritrea & Ethiopia,Af,1959,9.5022
Eritrea & Ethiopia,Af,1960,9.625
Eritrea & Ethiopia,Af,1961,9.6914
Eritrea & Ethiopia,Af,1962,9.7578
Eritrea & Ethiopia,Af,1963,9.8242
Eritrea & Ethiopia,Af,1964,9.8906
Eritrea & Ethiopia,Af,1965,9.957
Eritrea & Ethiopia,Af,1966,10.0234
Eritrea & Ethiopia,Af,1967,10.0898
Eritrea & Ethiopia,Af,1968,10.1562
Eritrea & Ethiopia,Af,1969,10.2226
Eritrea & Ethiopia,Af,1970,10.289
Eritrea & Ethiopia,Af,1971,10.4223
Eritrea & Ethiopia,Af,1972,10.5556
Eritrea & Ethiopia,Af,1973,10.6889
Eritrea & Ethiopia,Af,1974,10.8222
Eritrea & Ethiopia,Af,1975,10.9555
Eritrea & Ethiopia,Af,1976,11.088799999999999
Eritrea & Ethiopia,Af,1977,11.2221
Eritrea & Ethiopia,Af,1978,11.3554
Eritrea & Ethiopia,Af,1979,11.4887
Eritrea & Ethiopia,Af,1980,11.622
Eritrea & Ethiopia,Af,1981,11.8709
Eritrea & Ethiopia,Af,1982,12.1198
Eritrea & Ethiopia,Af,1983,12.3687
Eritrea & Ethiopia,Af,1984,12.6176
Eritrea & Ethiopia,Af,1985,12.8665
Eritrea & Ethiopia,Af,1986,13.115400000000001
Eritrea & Ethiopia,Af,1987,13.3643
Eritrea & Ethiopia,Af,1988,13.6132
Eritrea & Ethiopia,Af,1989,13.8621
Eritrea & Ethiopia,Af,1990,14.111
Eritrea & Ethiopia,Af,1991,14.5738
Eritrea & Ethiopia,Af,1992,15.0366
Eritrea & Ethiopia,Af,1993,15.499400000000001
Eritrea & Ethiopia,Af,1994,15.962200000000001
Eritrea & Ethiopia,Af,1995,16.425
Eritrea & Ethiopia,Af,1996,16.8878
Eritrea & Ethiopia,Af,1997,17.3506
Eritrea & Ethiopia,Af,1998,17.8134
Eritrea & Ethiopia,Af,1999,18.2762
Eritrea & Ethiopia,Af,2000,18.739
Eritrea & Ethiopia,Af,2001,19.4212
Eritrea & Ethiopia,Af,2002,20.1034
Eritrea & Ethiopia,Af,2003,20.785600000000002
Eritrea & Ethiopia,Af,2004,21.4678
Eritrea & Ethiopia,Af,2005,22.15
Eritrea & Ethiopia,Af,2006,22.8322
Eritrea & Ethiopia,Af,2007,23.514400000000002
Eritrea & Ethiopia,Af,2008,24.1966
Eritrea & Ethiopia,Af,2009,24.8788
Eritrea & Ethiopia,Af,2010,25.561
Eritrea & Ethiopia,Af,2011,26.3619
Eritrea & Ethiopia,Af,2012,27.1628
Eritrea & Ethiopia,Af,2013,27.9637
Eritrea & Ethiopia,Af,2014,28.7646
Eritrea & Ethiopia,Af,2015,29.5655
Eritrea & Ethiopia,Af,2016,30.3664
Eritrea & Ethiopia,Af,2017,31.1673
Eritrea & Ethiopia,Af,2018,31.9682
Eritrea & Ethiopia,Af,2019,32.7691
Eritrea & Ethiopia,Af,2020,33.57
Libya,Af,1820,0.228
Libya,Af,1821,0.2291
Libya,Af,1822,0.23020000000000002
Libya,Af,1823,0.2313
Libya,Af,1824,0.2324
Libya,Af,1825,0.23349999999999999
Libya,Af,1826,0.2346
Libya,Af,1827,0.2357
Libya,Af,1828,0.23679999999999998
Libya,Af,1829,0.2379
Libya,Af,1830,0.239
Libya,Af,1831,0.24009999999999998
Libya,Af,1832,0.2412
Libya,Af,1833,0.2423
Libya,Af,1834,0.2434
Libya,Af,1835,0.2445
Libya,Af,1836,0.24559999999999998
Libya,Af,1837,0.2467
Libya,Af,1838,0.2478
Libya,Af,1839,0.2489
Libya,Af,1840,0.25
Libya,Af,1841,0.2512
Libya,Af,1842,0.2524
Libya,Af,1843,0.2536
Libya,Af,1844,0.2548
Libya,Af,1845,0.256
Libya,Af,1846,0.2572
Libya,Af,1847,0.2584
Libya,Af,1848,0.2596
Libya,Af,1849,0.26080000000000003
Libya,Af,1850,0.262
Libya,Af,1851,0.263
Libya,Af,1852,0.264
Libya,Af,1853,0.265
Libya,Af,1854,0.266
Libya,Af,1855,0.267
Libya,Af,1856,0.268
Libya,Af,1857,0.269
Libya,Af,1858,0.27
Libya,Af,1859,0.271
Libya,Af,1860,0.272
Libya,Af,1861,0.2727
Libya,Af,1862,0.27340000000000003
Libya,Af,1863,0.2741
Libya,Af,1864,0.27480000000000004
Libya,Af,1865,0.2755
Libya,Af,1866,0.2762
Libya,Af,1867,0.27690000000000003
Libya,Af,1868,0.2776
Libya,Af,1869,0.27830000000000005
Libya,Af,1870,0.279
Libya,Af,1871,0.2807
Libya,Af,1872,0.28240000000000004
Libya,Af,1873,0.2841
Libya,Af,1874,0.2858
Libya,Af,1875,0.2875
Libya,Af,1876,0.2892
Libya,Af,1877,0.2909
Libya,Af,1878,0.29259999999999997
Libya,Af,1879,0.2943
Libya,Af,1880,0.296
Libya,Af,1881,0.2973
Libya,Af,1882,0.2986
Libya,Af,1883,0.2999
Libya,Af,1884,0.30119999999999997
Libya,Af,1885,0.3025
Libya,Af,1886,0.3038
Libya,Af,1887,0.3051
Libya,Af,1888,0.3064
Libya,Af,1889,0.3077
Libya,Af,1890,0.309
Libya,Af,1891,0.3095
Libya,Af,1892,0.31
Libya,Af,1893,0.3105
Libya,Af,1894,0.311
Libya,Af,1895,0.3115
Libya,Af,1896,0.312
Libya,Af,1897,0.3125
Libya,Af,1898,0.313
Libya,Af,1899,0.3135
Libya,Af,1900,0.314
Libya,Af,1901,0.3158
Libya,Af,1902,0.3176
Libya,Af,1903,0.3194
Libya,Af,1904,0.3212
Libya,Af,1905,0.323
Libya,Af,1906,0.32480000000000003
Libya,Af,1907,0.3266
Libya,Af,1908,0.3284
Libya,Af,1909,0.3302
Libya,Af,1910,0.332
Libya,Af,1911,0.3327
Libya,Af,1912,0.33340000000000003
Libya,Af,1913,0.3341
Libya,Af,1914,0.33480000000000004
Libya,Af,1915,0.3355
Libya,Af,1916,0.3362
Libya,Af,1917,0.33690000000000003
Libya,Af,1918,0.3376
Libya,Af,1919,0.33830000000000005
Libya,Af,1920,0.339
Libya,Af,1921,0.342
Libya,Af,1922,0.34500000000000003
Libya,Af,1923,0.34800000000000003
Libya,Af,1924,0.35100000000000003
Libya,Af,1925,0.354
Libya,Af,1926,0.357
Libya,Af,1927,0.36
Libya,Af,1928,0.363
Libya,Af,1929,0.366
Libya,Af,1930,0.369
Libya,Af,1931,0.3708
Libya,Af,1932,0.3726
Libya,Af,1933,0.3744
Libya,Af,1934,0.3762
Libya,Af,1935,0.378
Libya,Af,1936,0.3798
Libya,Af,1937,0.3816
Libya,Af,1938,0.3834
Libya,Af,1939,0.3852
Libya,Af,1940,0.387
Libya,Af,1941,0.3903
Libya,Af,1942,0.3936
Libya,Af,1943,0.39690000000000003
Libya,Af,1944,0.4002
Libya,Af,1945,0.40349999999999997
Libya,Af,1946,0.4068
Libya,Af,1947,0.4101
Libya,Af,1948,0.4134
Libya,Af,1949,0.41669999999999996
Libya,Af,1950,0.42
Libya,Af,1951,0.43
Libya,Af,1952,0.44
Libya,Af,1953,0.45
Libya,Af,1954,0.46
Libya,Af,1955,0.47
Libya,Af,1956,0.48
Libya,Af,1957,0.49
Libya,Af,1958,0.5
Libya,Af,1959,0.51
Libya,Af,1960,0.52
Libya,Af,1961,0.9091
Libya,Af,1962,1.2982
Libya,Af,1963,1.6872999999999998
Libya,Af,1964,2.0763999999999996
Libya,Af,1965,2.4654999999999996
Libya,Af,1966,2.8545999999999996
Libya,Af,1967,3.2436999999999996
Libya,Af,1968,3.6327999999999996
Libya,Af,1969,4.0219
Libya,Af,1970,4.411
Libya,Af,1971,4.8275999999999994
Libya,Af,1972,5.244199999999999
Libya,Af,1973,5.6608
Libya,Af,1974,6.0774
Libya,Af,1975,6.494
Libya,Af,1976,6.9106
Libya,Af,1977,7.3271999999999995
Libya,Af,1978,7.7438
Libya,Af,1979,8.1604
Libya,Af,1980,8.577
Libya,Af,1981,9.0692
Libya,Af,1982,9.5614
Libya,Af,1983,10.0536
Libya,Af,1984,10.5458
Libya,Af,1985,11.038
Libya,Af,1986,11.5302
Libya,Af,1987,12.022400000000001
Libya,Af,1988,12.514600000000002
Libya,Af,1989,13.006800000000002
Libya,Af,1990,13.499
Libya,Af,1991,13.7751
Libya,Af,1992,14.051200000000001
Libya,Af,1993,14.327300000000001
Libya,Af,1994,14.6034
Libya,Af,1995,14.8795
Libya,Af,1996,15.155600000000002
Libya,Af,1997,15.431700000000001
Libya,Af,1998,15.707800000000002
Libya,Af,1999,15.983900000000002
Libya,Af,2000,16.26
Libya,Af,2001,17.068
Libya,Af,2002,17.876
Libya,Af,2003,18.684
Libya,Af,2004,19.492
Libya,Af,2005,20.3
Libya,Af,2006,21.108
Libya,Af,2007,21.916
Libya,Af,2008,22.724
Libya,Af,2009,23.532
Libya,Af,2010,24.34
Libya,Af,2011,23.618
Libya,Af,2012,22.896
Libya,Af,2013,22.174
Libya,Af,2014,21.452
Libya,Af,2015,20.73
Libya,Af,2016,20.008000000000003
Libya,Af,2017,19.286
Libya,Af,2018,18.564
Libya,Af,2019,17.842000000000002
Libya,Af,2020,17.12
Malawi,Af,1820,0.348
Malawi,Af,1821,0.35209999999999997
Malawi,Af,1822,0.35619999999999996
Malawi,Af,1823,0.3603
Malawi,Af,1824,0.3644
Malawi,Af,1825,0.3685
Malawi,Af,1826,0.3726
Malawi,Af,1827,0.3767
Malawi,Af,1828,0.3808
Malawi,Af,1829,0.3849
Malawi,Af,1830,0.389
Malawi,Af,1831,0.3936
Malawi,Af,1832,0.3982
Malawi,Af,1833,0.4028
Malawi,Af,1834,0.4074
Malawi,Af,1835,0.41200000000000003
Malawi,Af,1836,0.4166
Malawi,Af,1837,0.4212
Malawi,Af,1838,0.4258
Malawi,Af,1839,0.4304
Malawi,Af,1840,0.435
Malawi,Af,1841,0.4401
Malawi,Af,1842,0.4452
Malawi,Af,1843,0.4503
Malawi,Af,1844,0.45539999999999997
Malawi,Af,1845,0.4605
Malawi,Af,1846,0.4656
Malawi,Af,1847,0.4707
Malawi,Af,1848,0.4758
Malawi,Af,1849,0.4809
Malawi,Af,1850,0.486
Malawi,Af,1851,0.4864
Malawi,Af,1852,0.4868
Malawi,Af,1853,0.48719999999999997
Malawi,Af,1854,0.4876
Malawi,Af,1855,0.488
Malawi,Af,1856,0.4884
Malawi,Af,1857,0.4888
Malawi,Af,1858,0.48919999999999997
Malawi,Af,1859,0.4896
Malawi,Af,1860,0.49
Malawi,Af,1861,0.4901
Malawi,Af,1862,0.49019999999999997
Malawi,Af,1863,0.4903
Malawi,Af,1864,0.4904
Malawi,Af,1865,0.4905
Malawi,Af,1866,0.4906
Malawi,Af,1867,0.49069999999999997
Malawi,Af,1868,0.4908
Malawi,Af,1869,0.4909
Malawi,Af,1870,0.491
Malawi,Af,1871,0.4926
Malawi,Af,1872,0.4942
Malawi,Af,1873,0.4958
Malawi,Af,1874,0.4974
Malawi,Af,1875,0.499
Malawi,Af,1876,0.5006
Malawi,Af,1877,0.5022
Malawi,Af,1878,0.5038
Malawi,Af,1879,0.5054
Malawi,Af,1880,0.507
Malawi,Af,1881,0.518
Malawi,Af,1882,0.529
Malawi,Af,1883,0.54
Malawi,Af,1884,0.551
Malawi,Af,1885,0.562
Malawi,Af,1886,0.573
Malawi,Af,1887,0.584
Malawi,Af,1888,0.595
Malawi,Af,1889,0.606
Malawi,Af,1890,0.617
Malawi,Af,1891,0.6283
Malawi,Af,1892,0.6396
Malawi,Af,1893,0.6509
Malawi,Af,1894,0.6622
Malawi,Af,1895,0.6735
Malawi,Af,1896,0.6848
Malawi,Af,1897,0.6960999999999999
Malawi,Af,1898,0.7074
Malawi,Af,1899,0.7187
Malawi,Af,1900,0.73
Malawi,Af,1901,0.7469
Malawi,Af,1902,0.7638
Malawi,Af,1903,0.7807
Malawi,Af,1904,0.7976
Malawi,Af,1905,0.8145
Malawi,Af,1906,0.8314
Malawi,Af,1907,0.8483
Malawi,Af,1908,0.8652
Malawi,Af,1909,0.8821
Malawi,Af,1910,0.899
Malawi,Af,1911,0.9027000000000001
Malawi,Af,1912,0.9064
Malawi,Af,1913,0.9101
Malawi,Af,1914,0.9138000000000001
Malawi,Af,1915,0.9175
Malawi,Af,1916,0.9212
Malawi,Af,1917,0.9249
Malawi,Af,1918,0.9286000000000001
Malawi,Af,1919,0.9323
Malawi,Af,1920,0.936
Malawi,Af,1921,0.9421
Malawi,Af,1922,0.9482
Malawi,Af,1923,0.9543
Malawi,Af,1924,0.9604
Malawi,Af,1925,0.9665
Malawi,Af,1926,0.9726
Malawi,Af,1927,0.9787
Malawi,Af,1928,0.9848
Malawi,Af,1929,0.9909
Malawi,Af,1930,0.997
Malawi,Af,1931,0.9979
Malawi,Af,1932,0.9988
Malawi,Af,1933,0.9997
Malawi,Af,1934,1.0006
Malawi,Af,1935,1.0015
Malawi,Af,1936,1.0024
Malawi,Af,1937,1.0033
Malawi,Af,1938,1.0042
Malawi,Af,1939,1.0051
Malawi,Af,1940,1.006
Malawi,Af,1941,1.0184
Malawi,Af,1942,1.0308
Malawi,Af,1943,1.0432
Malawi,Af,1944,1.0555999999999999
Malawi,Af,1945,1.068
Malawi,Af,1946,1.0804
Malawi,Af,1947,1.0928
Malawi,Af,1948,1.1052
Malawi,Af,1949,1.1176
Malawi,Af,1950,1.13
Malawi,Af,1951,1.1549999999999998
Malawi,Af,1952,1.18
Malawi,Af,1953,1.2049999999999998
Malawi,Af,1954,1.23
Malawi,Af,1955,1.255
Malawi,Af,1956,1.2799999999999998
Malawi,Af,1957,1.305
Malawi,Af,1958,1.3299999999999998
Malawi,Af,1959,1.355
Malawi,Af,1960,1.38
Malawi,Af,1961,1.4007999999999998
Malawi,Af,1962,1.4216
Malawi,Af,1963,1.4424
Malawi,Af,1964,1.4632
Malawi,Af,1965,1.484
Malawi,Af,1966,1.5048
Malawi,Af,1967,1.5256
Malawi,Af,1968,1.5464
Malawi,Af,1969,1.5672000000000001
Malawi,Af,1970,1.588
Malawi,Af,1971,1.6213000000000002
Malawi,Af,1972,1.6546
Malawi,Af,1973,1.6879
Malawi,Af,1974,1.7212
Malawi,Af,1975,1.7545000000000002
Malawi,Af,1976,1.7878
Malawi,Af,1977,1.8211
Malawi,Af,1978,1.8544
Malawi,Af,1979,1.8877000000000002
Malawi,Af,1980,1.921
Malawi,Af,1981,1.9756
Malawi,Af,1982,2.0302000000000002
Malawi,Af,1983,2.0848
Malawi,Af,1984,2.1394
Malawi,Af,1985,2.194
Malawi,Af,1986,2.2486
Malawi,Af,1987,2.3032
Malawi,Af,1988,2.3578
Malawi,Af,1989,2.4124
Malawi,Af,1990,2.467
Malawi,Af,1991,2.5302000000000002
Malawi,Af,1992,2.5934
Malawi,Af,1993,2.6566
Malawi,Af,1994,2.7198
Malawi,Af,1995,2.7830000000000004
Malawi,Af,1996,2.8462
Malawi,Af,1997,2.9094
Malawi,Af,1998,2.9726
Malawi,Af,1999,3.0358
Malawi,Af,2000,3.099
Malawi,Af,2001,3.1969000000000003
Malawi,Af,2002,3.2948000000000004
Malawi,Af,2003,3.3927000000000005
Malawi,Af,2004,3.4906
Malawi,Af,2005,3.5885000000000002
Malawi,Af,2006,3.6864000000000003
Malawi,Af,2007,3.7843000000000004
Malawi,Af,2008,3.8822
Malawi,Af,2009,3.9801
Malawi,Af,2010,4.078
Malawi,Af,2011,4.161700000000001
Malawi,Af,2012,4.2454
Malawi,Af,2013,4.3291
Malawi,Af,2014,4.4128
Malawi,Af,2015,4.4965
Malawi,Af,2016,4.5802
Malawi,Af,2017,4.6639
Malawi,Af,2018,4.7476
Malawi,Af,2019,4.8313
Malawi,Af,2020,4.915
Morocco,Af,1820,1.142
Morocco,Af,1821,1.1501
Morocco,Af,1822,1.1582
Morocco,Af,1823,1.1663
Morocco,Af,1824,1.1743999999999999
Morocco,Af,1825,1.1825
Morocco,Af,1826,1.1906
Morocco,Af,1827,1.1987
Morocco,Af,1828,1.2068
Morocco,Af,1829,1.2149
Morocco,Af,1830,1.223
Morocco,Af,1831,1.2318
Morocco,Af,1832,1.2406000000000001
Morocco,Af,1833,1.2494
Morocco,Af,1834,1.2582
Morocco,Af,1835,1.267
Morocco,Af,1836,1.2758
Morocco,Af,1837,1.2846
Morocco,Af,1838,1.2933999999999999
Morocco,Af,1839,1.3022
Morocco,Af,1840,1.311
Morocco,Af,1841,1.3203
Morocco,Af,1842,1.3296
Morocco,Af,1843,1.3389
Morocco,Af,1844,1.3481999999999998
Morocco,Af,1845,1.3575
Morocco,Af,1846,1.3668
Morocco,Af,1847,1.3760999999999999
Morocco,Af,1848,1.3854
Morocco,Af,1849,1.3946999999999998
Morocco,Af,1850,1.404
Morocco,Af,1851,1.4125999999999999
Morocco,Af,1852,1.4212
Morocco,Af,1853,1.4298
Morocco,Af,1854,1.4384
Morocco,Af,1855,1.447
Morocco,Af,1856,1.4556
Morocco,Af,1857,1.4642
Morocco,Af,1858,1.4727999999999999
Morocco,Af,1859,1.4814
Morocco,Af,1860,1.49
Morocco,Af,1861,1.4977
Morocco,Af,1862,1.5054
Morocco,Af,1863,1.5131
Morocco,Af,1864,1.5208
Morocco,Af,1865,1.5285
Morocco,Af,1866,1.5362
Morocco,Af,1867,1.5439
Morocco,Af,1868,1.5515999999999999
Morocco,Af,1869,1.5593
Morocco,Af,1870,1.567
Morocco,Af,1871,1.5808
Morocco,Af,1872,1.5946
Morocco,Af,1873,1.6084
Morocco,Af,1874,1.6222
Morocco,Af,1875,1.6360000000000001
Morocco,Af,1876,1.6498
Morocco,Af,1877,1.6636
Morocco,Af,1878,1.6774
Morocco,Af,1879,1.6912
Morocco,Af,1880,1.705
Morocco,Af,1881,1.7172
Morocco,Af,1882,1.7294
Morocco,Af,1883,1.7416
Morocco,Af,1884,1.7538
Morocco,Af,1885,1.766
Morocco,Af,1886,1.7782
Morocco,Af,1887,1.7904
Morocco,Af,1888,1.8026
Morocco,Af,1889,1.8148
Morocco,Af,1890,1.827
Morocco,Af,1891,1.8345
Morocco,Af,1892,1.8419999999999999
Morocco,Af,1893,1.8495
Morocco,Af,1894,1.857
Morocco,Af,1895,1.8645
Morocco,Af,1896,1.8719999999999999
Morocco,Af,1897,1.8795
Morocco,Af,1898,1.887
Morocco,Af,1899,1.8944999999999999
Morocco,Af,1900,1.902
Morocco,Af,1901,1.9182
Morocco,Af,1902,1.9344
Morocco,Af,1903,1.9506
Morocco,Af,1904,1.9667999999999999
Morocco,Af,1905,1.983
Morocco,Af,1906,1.9992
Morocco,Af,1907,2.0154
Morocco,Af,1908,2.0316
Morocco,Af,1909,2.0478
Morocco,Af,1910,2.064
Morocco,Af,1911,2.0883000000000003
Morocco,Af,1912,2.1126
Morocco,Af,1913,2.1369
Morocco,Af,1914,2.1612
Morocco,Af,1915,2.1855
Morocco,Af,1916,2.2098
Morocco,Af,1917,2.2340999999999998
Morocco,Af,1918,2.2584
Morocco,Af,1919,2.2827
Morocco,Af,1920,2.307
Morocco,Af,1921,2.3704
Morocco,Af,1922,2.4337999999999997
Morocco,Af,1923,2.4972
Morocco,Af,1924,2.5606
Morocco,Af,1925,2.6239999999999997
Morocco,Af,1926,2.6874
Morocco,Af,1927,2.7508
Morocco,Af,1928,2.8141999999999996
Morocco,Af,1929,2.8775999999999997
Morocco,Af,1930,2.941
Morocco,Af,1931,2.9815
Morocco,Af,1932,3.022
Morocco,Af,1933,3.0625
Morocco,Af,1934,3.1029999999999998
Morocco,Af,1935,3.1435
Morocco,Af,1936,3.184
Morocco,Af,1937,3.2245
Morocco,Af,1938,3.265
Morocco,Af,1939,3.3055
Morocco,Af,1940,3.346
Morocco,Af,1941,3.4478
Morocco,Af,1942,3.5496
Morocco,Af,1943,3.6513999999999998
Morocco,Af,1944,3.7532
Morocco,Af,1945,3.855
Morocco,Af,1946,3.9568
Morocco,Af,1947,4.0586
Morocco,Af,1948,4.1604
Morocco,Af,1949,4.2622
Morocco,Af,1950,4.364
Morocco,Af,1951,4.5006
Morocco,Af,1952,4.6372
Morocco,Af,1953,4.7738
Morocco,Af,1954,4.9104
Morocco,Af,1955,5.047000000000001
Morocco,Af,1956,5.1836
Morocco,Af,1957,5.3202
Morocco,Af,1958,5.4568
Morocco,Af,1959,5.593400000000001
Morocco,Af,1960,5.73
Morocco,Af,1961,5.8765
Morocco,Af,1962,6.023000000000001
Morocco,Af,1963,6.1695
Morocco,Af,1964,6.316000000000001
Morocco,Af,1965,6.4625
Morocco,Af,1966,6.609
Morocco,Af,1967,6.7555000000000005
Morocco,Af,1968,6.902
Morocco,Af,1969,7.048500000000001
Morocco,Af,1970,7.195
Morocco,Af,1971,7.5054
Morocco,Af,1972,7.8158
Morocco,Af,1973,8.1262
Morocco,Af,1974,8.4366
Morocco,Af,1975,8.747
Morocco,Af,1976,9.0574
Morocco,Af,1977,9.367799999999999
Morocco,Af,1978,9.6782
Morocco,Af,1979,9.9886
Morocco,Af,1980,10.299
Morocco,Af,1981,10.6147
Morocco,Af,1982,10.930399999999999
Morocco,Af,1983,11.2461
Morocco,Af,1984,11.5618
Morocco,Af,1985,11.8775
Morocco,Af,1986,12.1932
Morocco,Af,1987,12.508899999999999
Morocco,Af,1988,12.8246
Morocco,Af,1989,13.1403
Morocco,Af,1990,13.456
Morocco,Af,1991,13.8825
Morocco,Af,1992,14.309
Morocco,Af,1993,14.7355
Morocco,Af,1994,15.161999999999999
Morocco,Af,1995,15.5885
Morocco,Af,1996,16.015
Morocco,Af,1997,16.4415
Morocco,Af,1998,16.868
Morocco,Af,1999,17.2945
Morocco,Af,2000,17.721
Morocco,Af,2001,18.443
Morocco,Af,2002,19.165
Morocco,Af,2003,19.887
Morocco,Af,2004,20.608999999999998
Morocco,Af,2005,21.331
Morocco,Af,2006,22.052999999999997
Morocco,Af,2007,22.775
Morocco,Af,2008,23.497
Morocco,Af,2009,24.218999999999998
Morocco,Af,2010,24.941
Morocco,Af,2011,25.522299999999998
Morocco,Af,2012,26.1036
Morocco,Af,2013,26.6849
Morocco,Af,2014,27.2662
Morocco,Af,2015,27.8475
Morocco,Af,2016,28.428800000000003
Morocco,Af,2017,29.0101
Morocco,Af,2018,29.5914
Morocco,Af,2019,30.172700000000003
Morocco,Af,2020,30.754
Nigeria,Af,1820,6.945
Nigeria,Af,1821,6.9554
Nigeria,Af,1822,6.965800000000001
Nigeria,Af,1823,6.9762
Nigeria,Af,1824,6.9866
Nigeria,Af,1825,6.997
Nigeria,Af,1826,7.0074000000000005
Nigeria,Af,1827,7.0178
Nigeria,Af,1828,7.0282
Nigeria,Af,1829,7.038600000000001
Nigeria,Af,1830,7.049
Nigeria,Af,1831,7.1004000000000005
Nigeria,Af,1832,7.151800000000001
Nigeria,Af,1833,7.2032
Nigeria,Af,1834,7.2546
Nigeria,Af,1835,7.306
Nigeria,Af,1836,7.3574
Nigeria,Af,1837,7.4088
Nigeria,Af,1838,7.4601999999999995
Nigeria,Af,1839,7.5116
Nigeria,Af,1840,7.563
Nigeria,Af,1841,7.5428
Nigeria,Af,1842,7.5226
Nigeria,Af,1843,7.5024
Nigeria,Af,1844,7.4822
Nigeria,Af,1845,7.462
Nigeria,Af,1846,7.4418
Nigeria,Af,1847,7.4216
Nigeria,Af,1848,7.4014
Nigeria,Af,1849,7.3812
Nigeria,Af,1850,7.361
Nigeria,Af,1851,7.369
Nigeria,Af,1852,7.377
Nigeria,Af,1853,7.385
Nigeria,Af,1854,7.393
Nigeria,Af,1855,7.401
Nigeria,Af,1856,7.409
Nigeria,Af,1857,7.417
Nigeria,Af,1858,7.425
Nigeria,Af,1859,7.433
Nigeria,Af,1860,7.441
Nigeria,Af,1861,7.4428
Nigeria,Af,1862,7.444599999999999
Nigeria,Af,1863,7.4464
Nigeria,Af,1864,7.4482
Nigeria,Af,1865,7.449999999999999
Nigeria,Af,1866,7.4517999999999995
Nigeria,Af,1867,7.4536
Nigeria,Af,1868,7.4554
Nigeria,Af,1869,7.457199999999999
Nigeria,Af,1870,7.459
Nigeria,Af,1871,7.4848
Nigeria,Af,1872,7.510599999999999
Nigeria,Af,1873,7.5363999999999995
Nigeria,Af,1874,7.5622
Nigeria,Af,1875,7.587999999999999
Nigeria,Af,1876,7.6137999999999995
Nigeria,Af,1877,7.6396
Nigeria,Af,1878,7.6654
Nigeria,Af,1879,7.691199999999999
Nigeria,Af,1880,7.717
Nigeria,Af,1881,7.7313
Nigeria,Af,1882,7.7456
Nigeria,Af,1883,7.7599
Nigeria,Af,1884,7.7741999999999996
Nigeria,Af,1885,7.7885
Nigeria,Af,1886,7.8028
Nigeria,Af,1887,7.8171
Nigeria,Af,1888,7.8314
Nigeria,Af,1889,7.8457
Nigeria,Af,1890,7.86
Nigeria,Af,1891,7.8522
Nigeria,Af,1892,7.8444
Nigeria,Af,1893,7.836600000000001
Nigeria,Af,1894,7.8288
Nigeria,Af,1895,7.821
Nigeria,Af,1896,7.8132
Nigeria,Af,1897,7.805400000000001
Nigeria,Af,1898,7.7976
Nigeria,Af,1899,7.7898
Nigeria,Af,1900,7.782
Nigeria,Af,1901,7.8262
Nigeria,Af,1902,7.8704
Nigeria,Af,1903,7.9146
Nigeria,Af,1904,7.9588
Nigeria,Af,1905,8.003
Nigeria,Af,1906,8.0472
Nigeria,Af,1907,8.0914
Nigeria,Af,1908,8.1356
Nigeria,Af,1909,8.1798
Nigeria,Af,1910,8.224
Nigeria,Af,1911,8.3562
Nigeria,Af,1912,8.4884
Nigeria,Af,1913,8.6206
Nigeria,Af,1914,8.7528
Nigeria,Af,1915,8.885
Nigeria,Af,1916,9.017199999999999
Nigeria,Af,1917,9.1494
Nigeria,Af,1918,9.2816
Nigeria,Af,1919,9.4138
Nigeria,Af,1920,9.546
Nigeria,Af,1921,9.7195
Nigeria,Af,1922,9.892999999999999
Nigeria,Af,1923,10.0665
Nigeria,Af,1924,10.24
Nigeria,Af,1925,10.413499999999999
Nigeria,Af,1926,10.587
Nigeria,Af,1927,10.7605
Nigeria,Af,1928,10.934000000000001
Nigeria,Af,1929,11.1075
Nigeria,Af,1930,11.281
Nigeria,Af,1931,11.3971
Nigeria,Af,1932,11.513200000000001
Nigeria,Af,1933,11.6293
Nigeria,Af,1934,11.7454
Nigeria,Af,1935,11.8615
Nigeria,Af,1936,11.9776
Nigeria,Af,1937,12.0937
Nigeria,Af,1938,12.2098
Nigeria,Af,1939,12.3259
Nigeria,Af,1940,12.442
Nigeria,Af,1941,12.7281
Nigeria,Af,1942,13.0142
Nigeria,Af,1943,13.3003
Nigeria,Af,1944,13.586400000000001
Nigeria,Af,1945,13.8725
Nigeria,Af,1946,14.1586
Nigeria,Af,1947,14.444700000000001
Nigeria,Af,1948,14.7308
Nigeria,Af,1949,15.016900000000001
Nigeria,Af,1950,15.303
Nigeria,Af,1951,15.5584
Nigeria,Af,1952,15.8138
Nigeria,Af,1953,16.069200000000002
Nigeria,Af,1954,16.3246
Nigeria,Af,1955,16.58
Nigeria,Af,1956,16.8354
Nigeria,Af,1957,17.0908
Nigeria,Af,1958,17.3462
Nigeria,Af,1959,17.601599999999998
Nigeria,Af,1960,17.857
Nigeria,Af,1961,18.1692
Nigeria,Af,1962,18.4814
Nigeria,Af,1963,18.793599999999998
Nigeria,Af,1964,19.1058
Nigeria,Af,1965,19.418
Nigeria,Af,1966,19.7302
Nigeria,Af,1967,20.0424
Nigeria,Af,1968,20.354599999999998
Nigeria,Af,1969,20.6668
Nigeria,Af,1970,20.979
Nigeria,Af,1971,21.9617
Nigeria,Af,1972,22.944399999999998
Nigeria,Af,1973,23.9271
Nigeria,Af,1974,24.9098
Nigeria,Af,1975,25.8925
Nigeria,Af,1976,26.8752
Nigeria,Af,1977,27.8579
Nigeria,Af,1978,28.840600000000002
Nigeria,Af,1979,29.8233
Nigeria,Af,1980,30.806
Nigeria,Af,1981,31.8028
Nigeria,Af,1982,32.7996
Nigeria,Af,1983,33.7964
Nigeria,Af,1984,34.7932
Nigeria,Af,1985,35.79
Nigeria,Af,1986,36.7868
Nigeria,Af,1987,37.7836
Nigeria,Af,1988,38.7804
Nigeria,Af,1989,39.7772
Nigeria,Af,1990,40.774
Nigeria,Af,1991,41.6994
Nigeria,Af,1992,42.6248
Nigeria,Af,1993,43.550200000000004
Nigeria,Af,1994,44.4756
Nigeria,Af,1995,45.400999999999996
Nigeria,Af,1996,46.3264
Nigeria,Af,1997,47.2518
Nigeria,Af,1998,48.1772
Nigeria,Af,1999,49.102599999999995
Nigeria,Af,2000,50.028
Nigeria,Af,2001,50.9717
Nigeria,Af,2002,51.9154
Nigeria,Af,2003,52.8591
Nigeria,Af,2004,53.8028
Nigeria,Af,2005,54.7465
Nigeria,Af,2006,55.690200000000004
Nigeria,Af,2007,56.633900000000004
Nigeria,Af,2008,57.577600000000004
Nigeria,Af,2009,58.521300000000004
Nigeria,Af,2010,59.465
Nigeria,Af,2011,62.4392
Nigeria,Af,2012,65.4134
Nigeria,Af,2013,68.38759999999999
Nigeria,Af,2014,71.3618
Nigeria,Af,2015,74.336
Nigeria,Af,2016,77.3102
Nigeria,Af,2017,80.28439999999999
Nigeria,Af,2018,83.2586
Nigeria,Af,2019,86.2328
Nigeria,Af,2020,89.207
South Africa,Af,1820,0.658
South Africa,Af,1821,0.665
South Africa,Af,1822,0.672
South Africa,Af,1823,0.679
South Africa,Af,1824,0.686
South Africa,Af,1825,0.6930000000000001
South Africa,Af,1826,0.7
South Africa,Af,1827,0.707
South Africa,Af,1828,0.714
South Africa,Af,1829,0.721
South Africa,Af,1830,0.728
South Africa,Af,1831,0.7357
South Africa,Af,1832,0.7434
South Africa,Af,1833,0.7511
South Africa,Af,1834,0.7588
South Africa,Af,1835,0.7665
South Africa,Af,1836,0.7742
South Africa,Af,1837,0.7819
South Africa,Af,1838,0.7896000000000001
South Africa,Af,1839,0.7973
South Africa,Af,1840,0.805
South Africa,Af,1841,0.8135
South Africa,Af,1842,0.8220000000000001
South Africa,Af,1843,0.8305
South Africa,Af,1844,0.8390000000000001
South Africa,Af,1845,0.8475
South Africa,Af,1846,0.856
South Africa,Af,1847,0.8645
South Africa,Af,1848,0.873
South Africa,Af,1849,0.8815000000000001
South Africa,Af,1850,0.89
South Africa,Af,1851,0.8984
South Africa,Af,1852,0.9068
South Africa,Af,1853,0.9152
South Africa,Af,1854,0.9236
South Africa,Af,1855,0.9319999999999999
South Africa,Af,1856,0.9404
South Africa,Af,1857,0.9488
South Africa,Af,1858,0.9571999999999999
South Africa,Af,1859,0.9656
South Africa,Af,1860,0.974
South Africa,Af,1861,0.9823
South Africa,Af,1862,0.9905999999999999
South Africa,Af,1863,0.9989
South Africa,Af,1864,1.0071999999999999
South Africa,Af,1865,1.0154999999999998
South Africa,Af,1866,1.0238
South Africa,Af,1867,1.0321
South Africa,Af,1868,1.0404
South Africa,Af,1869,1.0487
South Africa,Af,1870,1.057
South Africa,Af,1871,1.0829
South Africa,Af,1872,1.1088
South Africa,Af,1873,1.1347
South Africa,Af,1874,1.1606
South Africa,Af,1875,1.1865
South Africa,Af,1876,1.2124000000000001
South Africa,Af,1877,1.2383
South Africa,Af,1878,1.2642
South Africa,Af,1879,1.2901
South Africa,Af,1880,1.316
South Africa,Af,1881,1.3479
South Africa,Af,1882,1.3798000000000001
South Africa,Af,1883,1.4117
South Africa,Af,1884,1.4436
South Africa,Af,1885,1.4755
South Africa,Af,1886,1.5074
South Africa,Af,1887,1.5393000000000001
South Africa,Af,1888,1.5712000000000002
South Africa,Af,1889,1.6031
South Africa,Af,1890,1.635
South Africa,Af,1891,1.7109
South Africa,Af,1892,1.7868
South Africa,Af,1893,1.8627
South Africa,Af,1894,1.9386
South Africa,Af,1895,2.0145
South Africa,Af,1896,2.0904
South Africa,Af,1897,2.1663
South Africa,Af,1898,2.2422
South Africa,Af,1899,2.3181000000000003
South Africa,Af,1900,2.394
South Africa,Af,1901,2.7365
South Africa,Af,1902,3.079
South Africa,Af,1903,3.4215
South Africa,Af,1904,3.7640000000000002
South Africa,Af,1905,4.1065000000000005
South Africa,Af,1906,4.449
South Africa,Af,1907,4.7915
South Africa,Af,1908,5.134
South Africa,Af,1909,5.4765
South Africa,Af,1910,5.819
South Africa,Af,1911,6.1061
South Africa,Af,1912,6.3932
South Africa,Af,1913,6.6803
South Africa,Af,1914,6.9674
South Africa,Af,1915,7.2545
South Africa,Af,1916,7.5416
South Africa,Af,1917,7.8286999999999995
South Africa,Af,1918,8.1158
South Africa,Af,1919,8.402899999999999
South Africa,Af,1920,8.69
South Africa,Af,1921,8.8574
South Africa,Af,1922,9.024799999999999
South Africa,Af,1923,9.1922
South Africa,Af,1924,9.3596
South Africa,Af,1925,9.527000000000001
South Africa,Af,1926,9.6944
South Africa,Af,1927,9.8618
South Africa,Af,1928,10.029200000000001
South Africa,Af,1929,10.1966
South Africa,Af,1930,10.364
South Africa,Af,1931,11.019200000000001
South Africa,Af,1932,11.6744
South Africa,Af,1933,12.329600000000001
South Africa,Af,1934,12.9848
South Africa,Af,1935,13.64
South Africa,Af,1936,14.295200000000001
South Africa,Af,1937,14.950400000000002
South Africa,Af,1938,15.6056
South Africa,Af,1939,16.2608
South Africa,Af,1940,16.916
South Africa,Af,1941,17.6003
South Africa,Af,1942,18.2846
South Africa,Af,1943,18.9689
South Africa,Af,1944,19.653200000000002
South Africa,Af,1945,20.3375
South Africa,Af,1946,21.0218
South Africa,Af,1947,21.7061
South Africa,Af,1948,22.3904
South Africa,Af,1949,23.0747
South Africa,Af,1950,23.759
South Africa,Af,1951,24.996100000000002
South Africa,Af,1952,26.2332
South Africa,Af,1953,27.4703
South Africa,Af,1954,28.7074
South Africa,Af,1955,29.9445
South Africa,Af,1956,31.181600000000003
South Africa,Af,1957,32.4187
South Africa,Af,1958,33.6558
South Africa,Af,1959,34.892900000000004
South Africa,Af,1960,36.13
South Africa,Af,1961,37.8185
South Africa,Af,1962,39.507000000000005
South Africa,Af,1963,41.1955
South Africa,Af,1964,42.884
South Africa,Af,1965,44.572500000000005
South Africa,Af,1966,46.261
South Africa,Af,1967,47.9495
South Africa,Af,1968,49.638000000000005
South Africa,Af,1969,51.3265
South Africa,Af,1970,53.015
South Africa,Af,1971,54.7292
South Africa,Af,1972,56.4434
South Africa,Af,1973,58.1576
South Africa,Af,1974,59.8718
South Africa,Af,1975,61.586
South Africa,Af,1976,63.3002
South Africa,Af,1977,65.0144
South Africa,Af,1978,66.7286
South Africa,Af,1979,68.44279999999999
South Africa,Af,1980,70.157
South Africa,Af,1981,72.8289
South Africa,Af,1982,75.5008
South Africa,Af,1983,78.17269999999999
South Africa,Af,1984,80.8446
South Africa,Af,1985,83.51650000000001
South Africa,Af,1986,86.1884
South Africa,Af,1987,88.8603
South Africa,Af,1988,91.5322
South Africa,Af,1989,94.20410000000001
South Africa,Af,1990,96.876
South Africa,Af,1991,98.57180000000001
South Africa,Af,1992,100.2676
South Africa,Af,1993,101.96340000000001
South Africa,Af,1994,103.6592
South Africa,Af,1995,105.355
South Africa,Af,1996,107.05080000000001
South Africa,Af,1997,108.7466
South Africa,Af,1998,110.4424
South Africa,Af,1999,112.1382
South Africa,Af,2000,113.834
South Africa,Af,2001,116.28790000000001
South Africa,Af,2002,118.7418
South Africa,Af,2003,121.1957
South Africa,Af,2004,123.64959999999999
South Africa,Af,2005,126.1035
South Africa,Af,2006,128.5574
South Africa,Af,2007,131.0113
South Africa,Af,2008,133.46519999999998
South Africa,Af,2009,135.9191
South Africa,Af,2010,138.373
South Africa,Af,2011,137.75979999999998
South Africa,Af,2012,137.1466
South Africa,Af,2013,136.5334
South Africa,Af,2014,135.9202
South Africa,Af,2015,135.30700000000002
South Africa,Af,2016,134.6938
South Africa,Af,2017,134.0806
South Africa,Af,2018,133.4674
South Africa,Af,2019,132.85420000000002
South Africa,Af,2020,132.241
Tunisia,Af,1820,0.372
Tunisia,Af,1821,0.3743
Tunisia,Af,1822,0.3766
Tunisia,Af,1823,0.3789
Tunisia,Af,1824,0.3812
Tunisia,Af,1825,0.3835
Tunisia,Af,1826,0.38580000000000003
Tunisia,Af,1827,0.3881
Tunisia,Af,1828,0.3904
Tunisia,Af,1829,0.3927
Tunisia,Af,1830,0.395
Tunisia,Af,1831,0.39740000000000003
Tunisia,Af,1832,0.3998
Tunisia,Af,1833,0.4022
Tunisia,Af,1834,0.4046
Tunisia,Af,1835,0.40700000000000003
Tunisia,Af,1836,0.4094
Tunisia,Af,1837,0.4118
Tunisia,Af,1838,0.4142
Tunisia,Af,1839,0.41659999999999997
Tunisia,Af,1840,0.419
Tunisia,Af,1841,0.4216
Tunisia,Af,1842,0.42419999999999997
Tunisia,Af,1843,0.4268
Tunisia,Af,1844,0.4294
Tunisia,Af,1845,0.432
Tunisia,Af,1846,0.4346
Tunisia,Af,1847,0.4372
Tunisia,Af,1848,0.4398
Tunisia,Af,1849,0.4424
Tunisia,Af,1850,0.445
Tunisia,Af,1851,0.44730000000000003
Tunisia,Af,1852,0.4496
Tunisia,Af,1853,0.4519
Tunisia,Af,1854,0.4542
Tunisia,Af,1855,0.4565
Tunisia,Af,1856,0.45880000000000004
Tunisia,Af,1857,0.4611
Tunisia,Af,1858,0.46340000000000003
Tunisia,Af,1859,0.4657
Tunisia,Af,1860,0.468
Tunisia,Af,1861,0.47000000000000003
Tunisia,Af,1862,0.47200000000000003
Tunisia,Af,1863,0.47400000000000003
Tunisia,Af,1864,0.47600000000000003
Tunisia,Af,1865,0.478
Tunisia,Af,1866,0.48
Tunisia,Af,1867,0.482
Tunisia,Af,1868,0.484
Tunisia,Af,1869,0.486
Tunisia,Af,1870,0.488
Tunisia,Af,1871,0.4943
Tunisia,Af,1872,0.5006
Tunisia,Af,1873,0.5069
Tunisia,Af,1874,0.5132
Tunisia,Af,1875,0.5195000000000001
Tunisia,Af,1876,0.5258
Tunisia,Af,1877,0.5321
Tunisia,Af,1878,0.5384
Tunisia,Af,1879,0.5447000000000001
Tunisia,Af,1880,0.551
Tunisia,Af,1881,0.5572
Tunisia,Af,1882,0.5634
Tunisia,Af,1883,0.5696
Tunisia,Af,1884,0.5758
Tunisia,Af,1885,0.5820000000000001
Tunisia,Af,1886,0.5882000000000001
Tunisia,Af,1887,0.5944
Tunisia,Af,1888,0.6006
Tunisia,Af,1889,0.6068
Tunisia,Af,1890,0.613
Tunisia,Af,1891,0.618
Tunisia,Af,1892,0.623
Tunisia,Af,1893,0.628
Tunisia,Af,1894,0.633
Tunisia,Af,1895,0.638
Tunisia,Af,1896,0.643
Tunisia,Af,1897,0.648
Tunisia,Af,1898,0.653
Tunisia,Af,1899,0.658
Tunisia,Af,1900,0.663
Tunisia,Af,1901,0.6714
Tunisia,Af,1902,0.6798000000000001
Tunisia,Af,1903,0.6882
Tunisia,Af,1904,0.6966
Tunisia,Af,1905,0.7050000000000001
Tunisia,Af,1906,0.7134
Tunisia,Af,1907,0.7218
Tunisia,Af,1908,0.7302
Tunisia,Af,1909,0.7386
Tunisia,Af,1910,0.747
Tunisia,Af,1911,0.7602
Tunisia,Af,1912,0.7734
Tunisia,Af,1913,0.7866
Tunisia,Af,1914,0.7998
Tunisia,Af,1915,0.813
Tunisia,Af,1916,0.8262
Tunisia,Af,1917,0.8394
Tunisia,Af,1918,0.8526
Tunisia,Af,1919,0.8658
Tunisia,Af,1920,0.879
Tunisia,Af,1921,0.9173
Tunisia,Af,1922,0.9556
Tunisia,Af,1923,0.9939
Tunisia,Af,1924,1.0322
Tunisia,Af,1925,1.0705
Tunisia,Af,1926,1.1088
Tunisia,Af,1927,1.1471
Tunisia,Af,1928,1.1854
Tunisia,Af,1929,1.2237
Tunisia,Af,1930,1.262
Tunisia,Af,1931,1.2762
Tunisia,Af,1932,1.2904
Tunisia,Af,1933,1.3046
Tunisia,Af,1934,1.3188
Tunisia,Af,1935,1.333
Tunisia,Af,1936,1.3472
Tunisia,Af,1937,1.3614
Tunisia,Af,1938,1.3756
Tunisia,Af,1939,1.3898
Tunisia,Af,1940,1.404
Tunisia,Af,1941,1.4350999999999998
Tunisia,Af,1942,1.4662
Tunisia,Af,1943,1.4973
Tunisia,Af,1944,1.5284
Tunisia,Af,1945,1.5594999999999999
Tunisia,Af,1946,1.5906
Tunisia,Af,1947,1.6217000000000001
Tunisia,Af,1948,1.6528
Tunisia,Af,1949,1.6839
Tunisia,Af,1950,1.715
Tunisia,Af,1951,1.7486000000000002
Tunisia,Af,1952,1.7822
Tunisia,Af,1953,1.8158
Tunisia,Af,1954,1.8494000000000002
Tunisia,Af,1955,1.883
Tunisia,Af,1956,1.9166
Tunisia,Af,1957,1.9502000000000002
Tunisia,Af,1958,1.9838
Tunisia,Af,1959,2.0174000000000003
Tunisia,Af,1960,2.051
Tunisia,Af,1961,2.1263
Tunisia,Af,1962,2.2016
Tunisia,Af,1963,2.2769
Tunisia,Af,1964,2.3522
Tunisia,Af,1965,2.4275
Tunisia,Af,1966,2.5027999999999997
Tunisia,Af,1967,2.5781
Tunisia,Af,1968,2.6534
Tunisia,Af,1969,2.7287
Tunisia,Af,1970,2.804
Tunisia,Af,1971,3.042
Tunisia,Af,1972,3.28
Tunisia,Af,1973,3.518
Tunisia,Af,1974,3.7560000000000002
Tunisia,Af,1975,3.9939999999999998
Tunisia,Af,1976,4.232
Tunisia,Af,1977,4.470000000000001
Tunisia,Af,1978,4.708
Tunisia,Af,1979,4.946
Tunisia,Af,1980,5.184
Tunisia,Af,1981,5.4007000000000005
Tunisia,Af,1982,5.6174
Tunisia,Af,1983,5.8341
Tunisia,Af,1984,6.0508
Tunisia,Af,1985,6.2675
Tunisia,Af,1986,6.4841999999999995
Tunisia,Af,1987,6.7009
Tunisia,Af,1988,6.9176
Tunisia,Af,1989,7.1343
Tunisia,Af,1990,7.351
Tunisia,Af,1991,7.6472
Tunisia,Af,1992,7.9434000000000005
Tunisia,Af,1993,8.2396
Tunisia,Af,1994,8.5358
Tunisia,Af,1995,8.832
Tunisia,Af,1996,9.1282
Tunisia,Af,1997,9.4244
Tunisia,Af,1998,9.720600000000001
Tunisia,Af,1999,10.0168
Tunisia,Af,2000,10.313
Tunisia,Af,2001,10.3313
Tunisia,Af,2002,10.3496
Tunisia,Af,2003,10.3679
Tunisia,Af,2004,10.3862
Tunisia,Af,2005,10.4045
Tunisia,Af,2006,10.4228
Tunisia,Af,2007,10.4411
Tunisia,Af,2008,10.4594
Tunisia,Af,2009,10.4777
Tunisia,Af,2010,10.496
Tunisia,Af,2011,10.8223
Tunisia,Af,2012,11.1486
Tunisia,Af,2013,11.4749
Tunisia,Af,2014,11.8012
Tunisia,Af,2015,12.127500000000001
Tunisia,Af,2016,12.453800000000001
Tunisia,Af,2017,12.780100000000001
Tunisia,Af,2018,13.1064
Tunisia,Af,2019,13.4327
Tunisia,Af,2020,13.759
Zambia,Af,1820,0.34
Zambia,Af,1821,0.34090000000000004
Zambia,Af,1822,0.3418
Zambia,Af,1823,0.3427
Zambia,Af,1824,0.3436
Zambia,Af,1825,0.34450000000000003
Zambia,Af,1826,0.3454
Zambia,Af,1827,0.3463
Zambia,Af,1828,0.3472
Zambia,Af,1829,0.34809999999999997
Zambia,Af,1830,0.349
Zambia,Af,1831,0.3499
Zambia,Af,1832,0.3508
Zambia,Af,1833,0.35169999999999996
Zambia,Af,1834,0.35259999999999997
Zambia,Af,1835,0.3535
Zambia,Af,1836,0.3544
Zambia,Af,1837,0.3553
Zambia,Af,1838,0.35619999999999996
Zambia,Af,1839,0.3571
Zambia,Af,1840,0.358
Zambia,Af,1841,0.3589
Zambia,Af,1842,0.3598
Zambia,Af,1843,0.36069999999999997
Zambia,Af,1844,0.3616
Zambia,Af,1845,0.3625
Zambia,Af,1846,0.3634
Zambia,Af,1847,0.3643
Zambia,Af,1848,0.36519999999999997
Zambia,Af,1849,0.3661
Zambia,Af,1850,0.367
Zambia,Af,1851,0.3693
Zambia,Af,1852,0.3716
Zambia,Af,1853,0.3739
Zambia,Af,1854,0.3762
Zambia,Af,1855,0.3785
Zambia,Af,1856,0.3808
Zambia,Af,1857,0.3831
Zambia,Af,1858,0.3854
Zambia,Af,1859,0.3877
Zambia,Af,1860,0.39
Zambia,Af,1861,0.3921
Zambia,Af,1862,0.3942
Zambia,Af,1863,0.3963
Zambia,Af,1864,0.3984
Zambia,Af,1865,0.40049999999999997
Zambia,Af,1866,0.4026
Zambia,Af,1867,0.4047
Zambia,Af,1868,0.4068
Zambia,Af,1869,0.4089
Zambia,Af,1870,0.411
Zambia,Af,1871,0.4145
Zambia,Af,1872,0.418
Zambia,Af,1873,0.4215
Zambia,Af,1874,0.425
Zambia,Af,1875,0.4285
Zambia,Af,1876,0.432
Zambia,Af,1877,0.4355
Zambia,Af,1878,0.439
Zambia,Af,1879,0.4425
Zambia,Af,1880,0.446
Zambia,Af,1881,0.45
Zambia,Af,1882,0.454
Zambia,Af,1883,0.458
Zambia,Af,1884,0.462
Zambia,Af,1885,0.46599999999999997
Zambia,Af,1886,0.47
Zambia,Af,1887,0.474
Zambia,Af,1888,0.478
Zambia,Af,1889,0.482
Zambia,Af,1890,0.486
Zambia,Af,1891,0.4889
Zambia,Af,1892,0.4918
Zambia,Af,1893,0.4947
Zambia,Af,1894,0.4976
Zambia,Af,1895,0.5005
Zambia,Af,1896,0.5034
Zambia,Af,1897,0.5063
Zambia,Af,1898,0.5092
Zambia,Af,1899,0.5121
Zambia,Af,1900,0.515
Zambia,Af,1901,0.5204
Zambia,Af,1902,0.5258
Zambia,Af,1903,0.5312
Zambia,Af,1904,0.5366
Zambia,Af,1905,0.542
Zambia,Af,1906,0.5474
Zambia,Af,1907,0.5528
Zambia,Af,1908,0.5581999999999999
Zambia,Af,1909,0.5636
Zambia,Af,1910,0.569
Zambia,Af,1911,0.5769
Zambia,Af,1912,0.5848
Zambia,Af,1913,0.5927
Zambia,Af,1914,0.6006
Zambia,Af,1915,0.6085
Zambia,Af,1916,0.6164
Zambia,Af,1917,0.6243
Zambia,Af,1918,0.6322
Zambia,Af,1919,0.6401
Zambia,Af,1920,0.648
Zambia,Af,1921,0.6694
Zambia,Af,1922,0.6908
Zambia,Af,1923,0.7121999999999999
Zambia,Af,1924,0.7336
Zambia,Af,1925,0.755
Zambia,Af,1926,0.7764
Zambia,Af,1927,0.7978
Zambia,Af,1928,0.8191999999999999
Zambia,Af,1929,0.8406
Zambia,Af,1930,0.862
Zambia,Af,1931,0.89
Zambia,Af,1932,0.9179999999999999
Zambia,Af,1933,0.946
Zambia,Af,1934,0.974
Zambia,Af,1935,1.002
Zambia,Af,1936,1.0299999999999998
Zambia,Af,1937,1.0579999999999998
Zambia,Af,1938,1.0859999999999999
Zambia,Af,1939,1.1139999999999999
Zambia,Af,1940,1.142
Zambia,Af,1941,1.1785999999999999
Zambia,Af,1942,1.2151999999999998
Zambia,Af,1943,1.2518
Zambia,Af,1944,1.2884
Zambia,Af,1945,1.325
Zambia,Af,1946,1.3616
Zambia,Af,1947,1.3981999999999999
Zambia,Af,1948,1.4348
Zambia,Af,1949,1.4714
Zambia,Af,1950,1.508
Zambia,Af,1951,1.5801
Zambia,Af,1952,1.6522000000000001
Zambia,Af,1953,1.7243
Zambia,Af,1954,1.7964
Zambia,Af,1955,1.8685
Zambia,Af,1956,1.9406
Zambia,Af,1957,2.0127
Zambia,Af,1958,2.0848
Zambia,Af,1959,2.1569000000000003
Zambia,Af,1960,2.229
Zambia,Af,1961,2.2809
Zambia,Af,1962,2.3328
Zambia,Af,1963,2.3847
Zambia,Af,1964,2.4366000000000003
Zambia,Af,1965,2.4885
Zambia,Af,1966,2.5404
Zambia,Af,1967,2.5923000000000003
Zambia,Af,1968,2.6442
Zambia,Af,1969,2.6961000000000004
Zambia,Af,1970,2.748
Zambia,Af,1971,2.8407
Zambia,Af,1972,2.9334000000000002
Zambia,Af,1973,3.0261
Zambia,Af,1974,3.1188000000000002
Zambia,Af,1975,3.2115
Zambia,Af,1976,3.3042
Zambia,Af,1977,3.3969
Zambia,Af,1978,3.4896
Zambia,Af,1979,3.5823
Zambia,Af,1980,3.675
Zambia,Af,1981,3.6662999999999997
Zambia,Af,1982,3.6576
Zambia,Af,1983,3.6489
Zambia,Af,1984,3.6402
Zambia,Af,1985,3.6315
Zambia,Af,1986,3.6228
Zambia,Af,1987,3.6141
Zambia,Af,1988,3.6054
Zambia,Af,1989,3.5967000000000002
Zambia,Af,1990,3.588
Zambia,Af,1991,3.6031
Zambia,Af,1992,3.6182
Zambia,Af,1993,3.6333
Zambia,Af,1994,3.6484
Zambia,Af,1995,3.6635
Zambia,Af,1996,3.6786
Zambia,Af,1997,3.6936999999999998
Zambia,Af,1998,3.7088
Zambia,Af,1999,3.7239
Zambia,Af,2000,3.739
Zambia,Af,2001,3.8533
Zambia,Af,2002,3.9676
Zambia,Af,2003,4.0819
Zambia,Af,2004,4.1962
Zambia,Af,2005,4.310499999999999
Zambia,Af,2006,4.424799999999999
Zambia,Af,2007,4.5390999999999995
Zambia,Af,2008,4.6533999999999995
Zambia,Af,2009,4.7677
Zambia,Af,2010,4.882
Zambia,Af,2011,5.1411999999999995
Zambia,Af,2012,5.400399999999999
Zambia,Af,2013,5.659599999999999
Zambia,Af,2014,5.9188
Zambia,Af,2015,6.178
Zambia,Af,2016,6.4372
Zambia,Af,2017,6.6964
Zambia,Af,2018,6.9556000000000004
Zambia,Af,2019,7.2148
Zambia,Af,2020,7.474
Zimbabwe,Af,1820,0.316
Zimbabwe,Af,1821,0.3165
Zimbabwe,Af,1822,0.317
Zimbabwe,Af,1823,0.3175
Zimbabwe,Af,1824,0.318
Zimbabwe,Af,1825,0.3185
Zimbabwe,Af,1826,0.319
Zimbabwe,Af,1827,0.3195
Zimbabwe,Af,1828,0.32
Zimbabwe,Af,1829,0.3205
Zimbabwe,Af,1830,0.321
Zimbabwe,Af,1831,0.3221
Zimbabwe,Af,1832,0.3232
Zimbabwe,Af,1833,0.32430000000000003
Zimbabwe,Af,1834,0.3254
Zimbabwe,Af,1835,0.3265
Zimbabwe,Af,1836,0.3276
Zimbabwe,Af,1837,0.3287
Zimbabwe,Af,1838,0.32980000000000004
Zimbabwe,Af,1839,0.3309
Zimbabwe,Af,1840,0.332
Zimbabwe,Af,1841,0.3321
Zimbabwe,Af,1842,0.3322
Zimbabwe,Af,1843,0.33230000000000004
Zimbabwe,Af,1844,0.33240000000000003
Zimbabwe,Af,1845,0.3325
Zimbabwe,Af,1846,0.3326
Zimbabwe,Af,1847,0.3327
Zimbabwe,Af,1848,0.33280000000000004
Zimbabwe,Af,1849,0.33290000000000003
Zimbabwe,Af,1850,0.333
Zimbabwe,Af,1851,0.33380000000000004
Zimbabwe,Af,1852,0.3346
Zimbabwe,Af,1853,0.33540000000000003
Zimbabwe,Af,1854,0.3362
Zimbabwe,Af,1855,0.337
Zimbabwe,Af,1856,0.33780000000000004
Zimbabwe,Af,1857,0.3386
Zimbabwe,Af,1858,0.33940000000000003
Zimbabwe,Af,1859,0.3402
Zimbabwe,Af,1860,0.341
Zimbabwe,Af,1861,0.3442
Zimbabwe,Af,1862,0.34740000000000004
Zimbabwe,Af,1863,0.3506
Zimbabwe,Af,1864,0.3538
Zimbabwe,Af,1865,0.357
Zimbabwe,Af,1866,0.3602
Zimbabwe,Af,1867,0.3634
Zimbabwe,Af,1868,0.3666
Zimbabwe,Af,1869,0.3698
Zimbabwe,Af,1870,0.373
Zimbabwe,Af,1871,0.3755
Zimbabwe,Af,1872,0.378
Zimbabwe,Af,1873,0.3805
Zimbabwe,Af,1874,0.383
Zimbabwe,Af,1875,0.3855
Zimbabwe,Af,1876,0.388
Zimbabwe,Af,1877,0.3905
Zimbabwe,Af,1878,0.393
Zimbabwe,Af,1879,0.3955
Zimbabwe,Af,1880,0.398
Zimbabwe,Af,1881,0.40090000000000003
Zimbabwe,Af,1882,0.4038
Zimbabwe,Af,1883,0.4067
Zimbabwe,Af,1884,0.4096
Zimbabwe,Af,1885,0.4125
Zimbabwe,Af,1886,0.4154
Zimbabwe,Af,1887,0.4183
Zimbabwe,Af,1888,0.4212
Zimbabwe,Af,1889,0.4241
Zimbabwe,Af,1890,0.427
Zimbabwe,Af,1891,0.42769999999999997
Zimbabwe,Af,1892,0.4284
Zimbabwe,Af,1893,0.4291
Zimbabwe,Af,1894,0.4298
Zimbabwe,Af,1895,0.4305
Zimbabwe,Af,1896,0.43119999999999997
Zimbabwe,Af,1897,0.4319
Zimbabwe,Af,1898,0.4326
Zimbabwe,Af,1899,0.4333
Zimbabwe,Af,1900,0.434
Zimbabwe,Af,1901,0.4589
Zimbabwe,Af,1902,0.4838
Zimbabwe,Af,1903,0.5087
Zimbabwe,Af,1904,0.5336000000000001
Zimbabwe,Af,1905,0.5585
Zimbabwe,Af,1906,0.5834
Zimbabwe,Af,1907,0.6083000000000001
Zimbabwe,Af,1908,0.6332
Zimbabwe,Af,1909,0.6581
Zimbabwe,Af,1910,0.683
Zimbabwe,Af,1911,0.7126
Zimbabwe,Af,1912,0.7422000000000001
Zimbabwe,Af,1913,0.7718
Zimbabwe,Af,1914,0.8014
Zimbabwe,Af,1915,0.831
Zimbabwe,Af,1916,0.8606
Zimbabwe,Af,1917,0.8902
Zimbabwe,Af,1918,0.9198
Zimbabwe,Af,1919,0.9494
Zimbabwe,Af,1920,0.979
Zimbabwe,Af,1921,1.0148
Zimbabwe,Af,1922,1.0506
Zimbabwe,Af,1923,1.0864
Zimbabwe,Af,1924,1.1221999999999999
Zimbabwe,Af,1925,1.158
Zimbabwe,Af,1926,1.1938
Zimbabwe,Af,1927,1.2296
Zimbabwe,Af,1928,1.2654
Zimbabwe,Af,1929,1.3012
Zimbabwe,Af,1930,1.337
Zimbabwe,Af,1931,1.3662999999999998
Zimbabwe,Af,1932,1.3956
Zimbabwe,Af,1933,1.4249
Zimbabwe,Af,1934,1.4542
Zimbabwe,Af,1935,1.4834999999999998
Zimbabwe,Af,1936,1.5128
Zimbabwe,Af,1937,1.5421
Zimbabwe,Af,1938,1.5714
Zimbabwe,Af,1939,1.6006999999999998
Zimbabwe,Af,1940,1.63
Zimbabwe,Af,1941,1.7116
Zimbabwe,Af,1942,1.7932
Zimbabwe,Af,1943,1.8748
Zimbabwe,Af,1944,1.9564
Zimbabwe,Af,1945,2.0380000000000003
Zimbabwe,Af,1946,2.1196
Zimbabwe,Af,1947,2.2012
Zimbabwe,Af,1948,2.2828
Zimbabwe,Af,1949,2.3644000000000003
Zimbabwe,Af,1950,2.446
Zimbabwe,Af,1951,2.6470000000000002
Zimbabwe,Af,1952,2.8480000000000003
Zimbabwe,Af,1953,3.0490000000000004
Zimbabwe,Af,1954,3.25
Zimbabwe,Af,1955,3.4510000000000005
Zimbabwe,Af,1956,3.652
Zimbabwe,Af,1957,3.853
Zimbabwe,Af,1958,4.054
Zimbabwe,Af,1959,4.255000000000001
Zimbabwe,Af,1960,4.456
Zimbabwe,Af,1961,4.4763
Zimbabwe,Af,1962,4.4966
Zimbabwe,Af,1963,4.516900000000001
Zimbabwe,Af,1964,4.5372
Zimbabwe,Af,1965,4.5575
Zimbabwe,Af,1966,4.5778
Zimbabwe,Af,1967,4.5981
Zimbabwe,Af,1968,4.6184
Zimbabwe,Af,1969,4.6387
Zimbabwe,Af,1970,4.659
Zimbabwe,Af,1971,4.6654
Zimbabwe,Af,1972,4.6718
Zimbabwe,Af,1973,4.6781999999999995
Zimbabwe,Af,1974,4.6846
Zimbabwe,Af,1975,4.691
Zimbabwe,Af,1976,4.6974
Zimbabwe,Af,1977,4.7038
Zimbabwe,Af,1978,4.7101999999999995
Zimbabwe,Af,1979,4.7166
Zimbabwe,Af,1980,4.723
Zimbabwe,Af,1981,4.9405
Zimbabwe,Af,1982,5.1579999999999995
Zimbabwe,Af,1983,5.3755
Zimbabwe,Af,1984,5.593
Zimbabwe,Af,1985,5.810499999999999
Zimbabwe,Af,1986,6.028
Zimbabwe,Af,1987,6.2455
Zimbabwe,Af,1988,6.462999999999999
Zimbabwe,Af,1989,6.680499999999999
Zimbabwe,Af,1990,6.898
Zimbabwe,Af,1991,6.9117
Zimbabwe,Af,1992,6.9254
Zimbabwe,Af,1993,6.9391
Zimbabwe,Af,1994,6.9528
Zimbabwe,Af,1995,6.9665
Zimbabwe,Af,1996,6.9802
Zimbabwe,Af,1997,6.9939
Zimbabwe,Af,1998,7.0076
Zimbabwe,Af,1999,7.0213
Zimbabwe,Af,2000,7.035
Zimbabwe,Af,2001,6.9259
Zimbabwe,Af,2002,6.8168
Zimbabwe,Af,2003,6.7077
Zimbabwe,Af,2004,6.5986
Zimbabwe,Af,2005,6.4895
Zimbabwe,Af,2006,6.3804
Zimbabwe,Af,2007,6.2713
Zimbabwe,Af,2008,6.1622
Zimbabwe,Af,2009,6.0531
Zimbabwe,Af,2010,5.944
Zimbabwe,Af,2011,5.9674
Zimbabwe,Af,2012,5.9908
Zimbabwe,Af,2013,6.0142
Zimbabwe,Af,2014,6.0376
Zimbabwe,Af,2015,6.061
Zimbabwe,Af,2016,6.0844
Zimbabwe,Af,2017,6.1078
Zimbabwe,Af,2018,6.1312
Zimbabwe,Af,2019,6.1546
Zimbabwe,Af,2020,6.178
TOTAL,,1820,359.619
TOTAL,,1821,363.2719
TOTAL,,1822,366.9248
TOTAL,,1823,370.57770000000005
TOTAL,,1824,374.23060000000004
TOTAL,,1825,377.8835
TOTAL,,1826,381.5364
TOTAL,,1827,385.1893
TOTAL,,1828,388.84220000000005
TOTAL,,1829,392.49510000000004
TOTAL,,1830,396.148
TOTAL,,1831,400.3383
TOTAL,,1832,404.52860000000004
TOTAL,,1833,408.7189
TOTAL,,1834,412.9092
TOTAL,,1835,417.09950000000003
TOTAL,,1836,421.2898
TOTAL,,1837,425.4801
TOTAL,,1838,429.6704
TOTAL,,1839,433.8607
TOTAL,,1840,438.051
TOTAL,,1841,443.1811
TOTAL,,1842,448.3112
TOTAL,,1843,453.44129999999996
TOTAL,,1844,458.5714
TOTAL,,1845,463.7015
TOTAL,,1846,468.8316
TOTAL,,1847,473.96169999999995
TOTAL,,1848,479.0918
TOTAL,,1849,484.2219
TOTAL,,1850,489.352
TOTAL,,1851,495.7382
TOTAL,,1852,502.1244
TOTAL,,1853,508.5106
TOTAL,,1854,514.8968
TOTAL,,1855,521.283
TOTAL,,1856,527.6692
TOTAL,,1857,534.0554000000001
TOTAL,,1858,540.4416
TOTAL,,1859,546.8278
TOTAL,,1860,553.214
TOTAL,,1861,560.0005000000001
TOTAL,,1862,566.787
TOTAL,,1863,573.5735
TOTAL,,1864,580.36
TOTAL,,1865,587.1465000000001
TOTAL,,1866,593.933
TOTAL,,1867,600.7194999999999
TOTAL,,1868,607.506
TOTAL,,1869,614.2925
TOTAL,,1870,621.079
TOTAL,,1871,632.0315999999999
TOTAL,,1872,642.9842
TOTAL,,1873,653.9368
TOTAL,,1874,664.8894
TOTAL,,1875,675.842
TOTAL,,1876,686.7946
TOTAL,,1877,697.7472
TOTAL,,1878,708.6998
TOTAL,,1879,719.6524000000001
TOTAL,,1880,730.605
TOTAL,,1881,746.0882
TOTAL,,1882,761.5714
TOTAL,,1883,777.0546
TOTAL,,1884,792.5378000000001
TOTAL,,1885,808.021
TOTAL,,1886,823.5042000000001
TOTAL,,1887,838.9874
TOTAL,,1888,854.4706
TOTAL,,1889,869.9538
TOTAL,,1890,885.437
TOTAL,,1891,906.1045
TOTAL,,1892,926.772
TOTAL,,1893,947.4395000000001
TOTAL,,1894,968.1070000000001
TOTAL,,1895,988.7745
TOTAL,,1896,1009.442
TOTAL,,1897,1030.1095
TOTAL,,1898,1050.777
TOTAL,,1899,1071.4445
TOTAL,,1900,1092.112
TOTAL,,1901,1126.9731000000002
TOTAL,,1902,1161.8342
TOTAL,,1903,1196.6953
TOTAL,,1904,1231.5564
TOTAL,,1905,1266.4175
TOTAL,,1906,1301.2786
TOTAL,,1907,1336.1397
TOTAL,,1908,1371.0008
TOTAL,,1909,1405.8618999999999
TOTAL,,1910,1440.723
TOTAL,,1911,1457.0398
TOTAL,,1912,1473.3566
TOTAL,,1913,1489.6734
TOTAL,,1914,1505.9902
TOTAL,,1915,1522.307
TOTAL,,1916,1538.6238
TOTAL,,1917,1554.9406000000001
TOTAL,,1918,1571.2574
TOTAL,,1919,1587.5742
TOTAL,,1920,1603.891
TOTAL,,1921,1628.7833
TOTAL,,1922,1653.6756
TOTAL,,1923,1678.5679
TOTAL,,1924,1703.4602
TOTAL,,1925,1728.3525
TOTAL,,1926,1753.2448
TOTAL,,1927,1778.1371000000001
TOTAL,,1928,1803.0294000000001
TOTAL,,1929,1827.9217
TOTAL,,1930,1852.814
TOTAL,,1931,1880.8295
TOTAL,,1932,1908.845
TOTAL,,1933,1936.8605
TOTAL,,1934,1964.876
TOTAL,,1935,1992.8915000000002
TOTAL,,1936,2020.9070000000002
TOTAL,,1937,2048.9225
TOTAL,,1938,2076.938
TOTAL,,1939,2104.9535
TOTAL,,1940,2132.969
TOTAL,,1941,2170.762
TOTAL,,1942,2208.555
TOTAL,,1943,2246.348
TOTAL,,1944,2284.141
TOTAL,,1945,2321.934
TOTAL,,1946,2359.727
TOTAL,,1947,2397.52
TOTAL,,1948,2435.313
TOTAL,,1949,2473.1059999999998
TOTAL,,1950,2510.899
TOTAL,,1951,2625.6760999999997
TOTAL,,1952,2740.4532
TOTAL,,1953,2855.2303
TOTAL,,1954,2970.0074
TOTAL,,1955,3084.7844999999998
TOTAL,,1956,3199.5616
TOTAL,,1957,3314.3387000000002
TOTAL,,1958,3429.1158
TOTAL,,1959,3543.8929
TOTAL,,1960,3658.67
TOTAL,,1961,3850.3081
TOTAL,,1962,4041.9462000000003
TOTAL,,1963,4233.5843
TOTAL,,1964,4425.222400000001
TOTAL,,1965,4616.860500000001
TOTAL,,1966,4808.498600000001
TOTAL,,1967,5000.1367
TOTAL,,1968,5191.7748
TOTAL,,1969,5383.4129
TOTAL,,1970,5575.051
TOTAL,,1971,5753.4137
TOTAL,,1972,5931.776400000001
TOTAL,,1973,6110.1391
TOTAL,,1974,6288.5018
TOTAL,,1975,6466.8645
TOTAL,,1976,6645.2272
TOTAL,,1977,6823.5899
TOTAL,,1978,7001.9526000000005
TOTAL,,1979,7180.3153
TOTAL,,1980,7358.678
TOTAL,,1981,7499.2326
TOTAL,,1982,7639.7872
TOTAL,,1983,7780.3418
TOTAL,,1984,7920.8964
TOTAL,,1985,8061.451
TOTAL,,1986,8202.0056
TOTAL,,1987,8342.5602
TOTAL,,1988,8483.1148
TOTAL,,1989,8623.6694
TOTAL,,1990,8764.224
TOTAL,,1991,8868.6921
TOTAL,,1992,8973.1602
TOTAL,,1993,9077.6283
TOTAL,,1994,9182.0964
TOTAL,,1995,9286.5645
TOTAL,,1996,9391.0326
TOTAL,,1997,9495.5007
TOTAL,,1998,9599.9688
TOTAL,,1999,9704.4369
TOTAL,,2000,9808.905
TOTAL,,2001,10054.922700000001
TOTAL,,2002,10300.940400000001
TOTAL,,2003,10546.9581
TOTAL,,2004,10792.9758
TOTAL,,2005,11038.9935
TOTAL,,2006,11285.0112
TOTAL,,2007,11531.028900000001
TOTAL,,2008,11777.0466
TOTAL,,2009,12023.0643
TOTAL,,2010,12269.082
TOTAL,,2011,12422.8675
TOTAL,,2012,12576.653
TOTAL,,2013,12730.4385
TOTAL,,2014,12884.224
TOTAL,,2015,13038.0095
TOTAL,,2016,13191.795
TOTAL,,2017,13345.5805
TOTAL,,2018,13499.366
TOTAL,,2019,13653.1515
TOTAL,,2020,13806.937
