Country,Macroarea,Year,Population,Energy_consumption,World_population,World_share,Per_capita_energy_consumption
Algeria,Af,1820,2689000.0,1.142,1047270000.0,0.00256763,4939.2
Algeria,Af,1821,2707900.0,1.1501,1052728000.0,0.00257227,4939.5
Algeria,Af,1822,2726800.0,1.1582,1058224000.0,0.00257677,4939.8
Algeria,Af,1823,2745700.0,1.1663,1063824000.0,0.00258097,4940.1
Algeria,Af,1824,2764600.0,1.1744,1069477000.0,0.002585,4940.4
Algeria,Af,1825,2783500.0,1.1825,1075142000.0,0.00258896,4940.7
Algeria,Af,1826,2802400.0,1.1906,1080733000.0,0.00259305,4941.0
Algeria,Af,1827,2821300.0,1.1987,1086318000.0,0.00259712,4941.3
Algeria,Af,1828,2840200.0,1.2068,1091853000.0,0.00260127,4941.6
Algeria,Af,1829,2859100.0,1.2149,1097270000.0,0.00260565,4941.9
Algeria,Af,1830,2878000.0,1.223,1102518000.0,0.00261039,4942.1
Algeria,Af,1831,2898200.0,1.2318,1108061000.0,0.00261556,4943.0
Algeria,Af,1832,2918400.0,1.2406,1113520000.0,0.00262088,4943.9
Algeria,Af,1833,2938600.0,1.2494,1119039000.0,0.002626,4944.7
Algeria,Af,1834,2958800.0,1.2582,1124554000.0,0.00263109,4945.5
Algeria,Af,1835,2979000.0,1.267,1130361000.0,0.00263544,4946.4
Algeria,Af,1836,2999200.0,1.2758,1136068000.0,0.00263998,4947.2
Algeria,Af,1837,3019400.0,1.2846,1141817000.0,0.00264438,4948.0
Algeria,Af,1838,3039600.0,1.2934,1147560000.0,0.00264875,4948.8
Algeria,Af,1839,3059800.0,1.3022,1153428000.0,0.00265279,4949.5
Algeria,Af,1840,3080000.0,1.311,1159310000.0,0.00265675,4950.3
Algeria,Af,1841,3101600.0,1.3203,1165435000.0,0.00266132,4950.7
Algeria,Af,1842,3123200.0,1.3296,1171545000.0,0.00266588,4951.1
Algeria,Af,1843,3144800.0,1.3389,1177631000.0,0.00267045,4951.5
Algeria,Af,1844,3166400.0,1.3481999999999998,1183818000.0,0.00267474,4951.9
Algeria,Af,1845,3188000.0,1.3575,1190091000.0,0.00267879,4952.2
Algeria,Af,1846,3209600.0,1.3668,1196249000.0,0.00268305,4952.6
Algeria,Af,1847,3231200.0,1.3761,1201397000.0,0.00268954,4953.0
Algeria,Af,1848,3252800.0,1.3854,1205963000.0,0.00269726,4953.3
Algeria,Af,1849,3274400.0,1.3946999999999998,1211069000.0,0.00270373,4953.7
Algeria,Af,1850,3296000.0,1.404,1216574000.0,0.00270925,4954.0
Algeria,Af,1851,3319200.0,1.4126,1218975000.0,0.00272294,4949.5
Algeria,Af,1852,3342400.0,1.4212,1221557000.0,0.00273618,4945.1
Algeria,Af,1853,3365600.0,1.4298,1224259000.0,0.00274909,4940.7
Algeria,Af,1854,3388800.0,1.4384,1226726000.0,0.00276248,4936.4
Algeria,Af,1855,3412000.0,1.447,1228814000.0,0.00277666,4932.2
Algeria,Af,1856,3435200.0,1.4556,1231565000.0,0.0027893,4928.0
Algeria,Af,1857,3458400.0,1.4642,1234524000.0,0.0028014,4923.9
Algeria,Af,1858,3481600.0,1.4728,1237487000.0,0.00281344,4919.8
Algeria,Af,1859,3504800.0,1.4814,1240642000.0,0.00282499,4915.7
Algeria,Af,1860,3528000.0,1.49,1243735000.0,0.00283662,4911.8
Algeria,Af,1861,3552800.0,1.4977,1247652000.0,0.00284759,4902.7
Algeria,Af,1862,3577600.0,1.5054,1250707000.0,0.00286046,4893.7
Algeria,Af,1863,3602400.0,1.5131,1254013000.0,0.0028727,4884.9
Algeria,Af,1864,3627200.0,1.5208,1257290000.0,0.00288494,4876.2
Algeria,Af,1865,3652000.0,1.5285,1260601000.0,0.00289703,4867.6
Algeria,Af,1866,3676800.0,1.5362,1263629000.0,0.00290971,4859.1
Algeria,Af,1867,3701600.0,1.5439,1266809000.0,0.00292199,4850.8
Algeria,Af,1868,3726400.0,1.5516,1269858000.0,0.0029345,4842.5
Algeria,Af,1869,3751200.0,1.5593,1271405000.0,0.00295044,4834.4
Algeria,Af,1870,3776000.0,1.567,1274661000.0,0.00296236,4826.3
Algeria,Af,1871,3810500.0,1.5837,1282387000.0,0.00297141,4833.6
Algeria,Af,1872,3845000.0,1.6004,1290858000.0,0.00297864,4840.7
Algeria,Af,1873,3879500.0,1.6171,1299848000.0,0.00298458,4847.8
Algeria,Af,1874,3914000.0,1.6338,1309013000.0,0.00299004,4854.6
Algeria,Af,1875,3948500.0,1.6505,1318339000.0,0.00299506,4861.4
Algeria,Af,1876,3983000.0,1.6672,1327814000.0,0.00299967,4868.1
Algeria,Af,1877,4017500.0,1.6839,1337399000.0,0.00300397,4874.6
Algeria,Af,1878,4052000.0,1.7006,1347055000.0,0.00300804,4881.0
Algeria,Af,1879,4086500.0,1.7173,1356760000.0,0.00301195,4887.4
Algeria,Af,1880,4121000.0,1.734,1366310000.0,0.00301615,4893.6
Algeria,Af,1881,4158600.0000000005,1.7496,1376041000.0,0.00302215,4893.0
Algeria,Af,1882,4196200.0,1.7652,1385750000.0,0.00302811,4892.3
Algeria,Af,1883,4233800.0,1.7808,1395507000.0,0.00303388,4891.8
Algeria,Af,1884,4271400.0,1.7964,1405536000.0,0.00303898,4891.2
Algeria,Af,1885,4309000.0,1.812,1415514000.0,0.00304412,4890.6
Algeria,Af,1886,4346600.0,1.8276,1425627000.0,0.0030489,4890.0
Algeria,Af,1887,4384200.0,1.8432,1435759000.0,0.00305358,4889.5
Algeria,Af,1888,4421800.0,1.8588,1445944000.0,0.00305807,4888.9
Algeria,Af,1889,4459400.0,1.8744,1456277000.0,0.00306219,4888.4
Algeria,Af,1890,4497000.0,1.89,1466582000.0,0.00306631,4887.9
Algeria,Af,1891,4538000.0,1.9011,1477705000.0,0.00307098,4872.1
Algeria,Af,1892,4579000.0,1.9122,1488973000.0,0.00307527,4856.7
Algeria,Af,1893,4620000.0,1.9233,1500286000.0,0.00307941,4841.6
Algeria,Af,1894,4661000.0,1.9344,1511963000.0,0.00308275,4826.7
Algeria,Af,1895,4702000.0,1.9455,1523676000.0,0.00308596,4812.0
Algeria,Af,1896,4743000.0,1.9566,1535655000.0,0.00308858,4797.7
Algeria,Af,1897,4784000.0,1.9677,1547830000.0,0.00309078,4783.5
Algeria,Af,1898,4825000.0,1.9788,1560243000.0,0.00309247,4769.6
Algeria,Af,1899,4866000.0,1.9899,1572611000.0,0.00309422,4756.0
Algeria,Af,1900,4907000.0,2.001,1584867000.0,0.00309616,4742.5
Algeria,Af,1901,4951800.0,2.0217,1600044000.0,0.00309479,4748.2
Algeria,Af,1902,4996600.0,2.0424,1615427000.0,0.00309305,4753.9
Algeria,Af,1903,5041400.0,2.0631,1630965000.0,0.00309105,4759.4
Algeria,Af,1904,5086200.0,2.0838,1646581000.0,0.00308895,4764.8
Algeria,Af,1905,5131000.0,2.1045,1662453000.0,0.0030864,4770.1
Algeria,Af,1906,5175800.0,2.1252,1678596000.0,0.00308341,4775.3
Algeria,Af,1907,5220600.0,2.1459,1695030000.0,0.00307995,4780.4
Algeria,Af,1908,5265400.0,2.1666000000000003,1711586000.0,0.00307633,4785.5
Algeria,Af,1909,5310200.0,2.1873,1728501000.0,0.00307214,4790.5
Algeria,Af,1910,5355000.0,2.208,1745736000.0,0.00306747,4795.3
Algeria,Af,1911,5421600.0,2.2533000000000003,1762399000.0,0.00307626,4833.6
Algeria,Af,1912,5488200.0,2.2986,1779061000.0,0.00308489,4870.9
Algeria,Af,1913,5554800.0,2.3439,1796080000.0,0.00309274,4907.4
Algeria,Af,1914,5621400.0,2.3892,1808262000.0,0.00310873,4943.0
Algeria,Af,1915,5688000.0,2.4345,1818401000.0,0.00312802,4977.7
Algeria,Af,1916,5754600.0,2.4798,1828586000.0,0.00314702,5011.7
Algeria,Af,1917,5821200.0,2.5251,1839381000.0,0.00316476,5044.8
Algeria,Af,1918,5887800.0,2.5704,1849942000.0,0.00318269,5077.2
Algeria,Af,1919,5954400.0,2.6157,1862569000.0,0.00319687,5108.9
Algeria,Af,1920,6021000.0,2.661,1875297000.0,0.00321069,5139.9
Algeria,Af,1921,6104600.0,2.7476000000000003,1886887000.0,0.00323528,5234.5
Algeria,Af,1922,6188200.0,2.8342,1903926000.0,0.00325023,5326.5
Algeria,Af,1923,6271800.0,2.9208,1924127000.0,0.00325956,5416.1
Algeria,Af,1924,6355400.0,3.0074,1946371000.0,0.00326526,5503.4
Algeria,Af,1925,6439000.0,3.0940000000000003,1968879000.0,0.00327039,5588.3
Algeria,Af,1926,6522600.0,3.1806,1991829000.0,0.00327468,5671.1
Algeria,Af,1927,6606200.0,3.2672,2014443000.0,0.00327942,5751.8
Algeria,Af,1928,6689800.0,3.3538,2036576000.0,0.00328483,5830.5
Algeria,Af,1929,6773400.0,3.4404000000000003,2059103000.0,0.00328949,5907.2
Algeria,Af,1930,6857000.0,3.527,2080211000.0,0.0032963,5982.1
Algeria,Af,1931,6952200.0,3.5454,2101812000.0,0.00330772,5930.9
Algeria,Af,1932,7047400.0,3.5638,2121508000.0,0.00332188,5881.2
Algeria,Af,1933,7142600.0,3.5822000000000003,2140973000.0,0.00333615,5832.7
Algeria,Af,1934,7237800.0,3.6006,2161152000.0,0.00334905,5785.6
Algeria,Af,1935,7333000.0,3.619,2181702000.0,0.00336114,5739.7
Algeria,Af,1936,7428200.0,3.6374,2203365000.0,0.0033713,5694.9
Algeria,Af,1937,7523400.0,3.6558,2226159000.0,0.00337954,5651.3
Algeria,Af,1938,7618600.0,3.6742,2250491000.0,0.00338531,5608.8
Algeria,Af,1939,7713800.0,3.6926,2275307000.0,0.00339022,5567.3
Algeria,Af,1940,7809000.0,3.711,2296743000.0,0.00340003,5526.8
Algeria,Af,1941,7917400.0,3.7994,2313071000.0,0.0034229,5581.0
Algeria,Af,1942,8025800.0,3.8878,2331578000.0,0.00344222,5633.7
Algeria,Af,1943,8134200.0,3.9762,2350140000.0,0.00346116,5685.0
Algeria,Af,1944,8242600.0,4.0646,2368872000.0,0.00347955,5735.0
Algeria,Af,1945,8351000.0,4.153,2394093000.0,0.00348817,5783.7
Algeria,Af,1946,8459400.0,4.2414,2419526000.0,0.0034963,5831.1
Algeria,Af,1947,8567800.0,4.3298,2446628000.0,0.00350188,5877.3
Algeria,Af,1948,8676200.0,4.4182,2473860000.0,0.00350715,5922.4
Algeria,Af,1949,8784600.0,4.5066,2501856000.0,0.00351123,5966.3
Algeria,Af,1950,8893000.0,4.595,2529794000.0,0.00351531,6009.2
Algeria,Af,1951,9094600.0,4.8127,2577776000.0,0.00352808,6154.4
Algeria,Af,1952,9296200.0,5.0304,2624866000.0,0.00354159,6293.3
Algeria,Af,1953,9497800.0,5.2481,2671465000.0,0.00355528,6426.3
Algeria,Af,1954,9699400.0,5.4658,2718563000.0,0.00356784,6553.7
Algeria,Af,1955,9901000.0,5.6835,2766430000.0,0.00357898,6676.0
Algeria,Af,1956,10102600.0,5.9012,2815461000.0,0.00358826,6793.4
Algeria,Af,1957,10304200.0,6.1189,2866148000.0,0.00359514,6906.2
Algeria,Af,1958,10505800.0,6.336600000000001,2918168000.0,0.00360014,7014.7
Algeria,Af,1959,10707400.0,6.5543000000000005,2971839000.0,0.00360295,7119.0
Algeria,Af,1960,10909000.0,6.772,3027112000.0,0.00360376,7219.6
Algeria,Af,1961,11211300.0,6.848800000000001,3084358000.0,0.00363489,7104.6
Algeria,Af,1962,11513600.0,6.9256,3143380000.0,0.00366281,6995.6
Algeria,Af,1963,11815900.0,7.0024,3204489000.0,0.0036873,6892.2
Algeria,Af,1964,12118200.0,7.0792,3268074000.0,0.00370806,6794.0
Algeria,Af,1965,12420500.0,7.156000000000001,3334092000.0,0.0037253,6700.6
Algeria,Af,1966,12722800.0,7.2328,3402738000.0,0.00373899,6611.6
Algeria,Af,1967,13025100.0,7.3096,3473827000.0,0.0037495,6526.7
Algeria,Af,1968,13327400.0,7.3864,3546719000.0,0.00375767,6445.7
Algeria,Af,1969,13629700.0,7.4632,3620809000.0,0.00376427,6368.2
Algeria,Af,1970,13932000.0,7.54,3695944000.0,0.00376954,6294.2
Algeria,Af,1971,14419400.0,8.8253,3771809000.0,0.00382294,7118.1
Algeria,Af,1972,14906800.0,10.1106,3847786000.0,0.00387412,7888.1
Algeria,Af,1973,15394200.0,11.3959,3923766000.0,0.00392332,8609.4
Algeria,Af,1974,15881600.0,12.6812,3999654000.0,0.00397074,9286.4
Algeria,Af,1975,16369000.0,13.9665,4075437000.0,0.0040165,9923.0
Algeria,Af,1976,16856400.0,15.2518,4150660000.0,0.00406114,10522.9
Algeria,Af,1977,17343800.0,16.537100000000002,4225672000.0,0.00410439,11089.1
Algeria,Af,1978,17831200.0,17.822400000000002,4301501000.0,0.00414534,11624.3
Algeria,Af,1979,18318600.0,19.1077,4378004000.0,0.00418424,12131.0
Algeria,Af,1980,18806000.0,20.393,4456394000.0,0.00422,12611.4
Algeria,Af,1981,19516600.0,21.7024,4535942000.0,0.00430266,12932.5
Algeria,Af,1982,20227200.0,23.0118,4616948000.0,0.00438108,13231.1
Algeria,Af,1983,20937800.0,24.3212,4699604000.0,0.00445523,13509.3
Algeria,Af,1984,21648400.0,25.6306,4784334000.0,0.00452485,13769.3
Algeria,Af,1985,22359000.0,26.94,4871434000.0,0.00458982,14012.8
Algeria,Af,1986,23069600.0,28.2494,4961120000.0,0.00465008,14241.3
Algeria,Af,1987,23780200.0,29.5588,5052960000.0,0.00470619,14456.1
Algeria,Af,1988,24490800.0,30.8682,5145733000.0,0.00475944,14658.4
Algeria,Af,1989,25201400.0,32.1776,5237968000.0,0.00481129,14849.4
Algeria,Af,1990,25912000.0,33.487,5328602000.0,0.00486281,15029.9
Algeria,Af,1991,26439200.0,33.485,5417317000.0,0.0048805,14729.3
Algeria,Af,1992,26966400.0,33.483000000000004,5503880000.0,0.00489953,14440.5
Algeria,Af,1993,27493600.0,33.481,5588359000.0,0.0049198,14162.7
Algeria,Af,1994,28020800.0,33.479,5671048000.0,0.00494103,13895.4
Algeria,Af,1995,28548000.0,33.477000000000004,5752408000.0,0.00496279,13638.0
Algeria,Af,1996,29075200.0,33.475,5832484000.0,0.00498505,13389.9
Algeria,Af,1997,29602400.0,33.473,5911415000.0,0.00500767,13150.7
Algeria,Af,1998,30129600.0,33.471,5989470000.0,0.00503043,12919.8
Algeria,Af,1999,30656800.0,33.469,6067325000.0,0.00505277,12696.8
Algeria,Af,2000,31184000.0,33.467,6145394000.0,0.00507437,12481.4
Algeria,Af,2001,31677400.0,34.7845,6223661000.0,0.00508983,12770.7
Algeria,Af,2002,32170800.0,36.102,6302453000.0,0.00510449,13051.2
Algeria,Af,2003,32664200.0,37.4195,6381858000.0,0.00511829,13323.1
Algeria,Af,2004,33157600.0,38.737,6461988000.0,0.00513118,13587.0
Algeria,Af,2005,33651000.0,40.0545,6542867000.0,0.00514316,13843.1
Algeria,Af,2006,34144400.0,41.372,6624538000.0,0.00515423,14091.8
Algeria,Af,2007,34637800.0,42.6895,6707018000.0,0.00516441,14333.4
Algeria,Af,2008,35131200.0,44.007000000000005,6790025000.0,0.00517394,14568.3
Algeria,Af,2009,35624600.0,45.3245,6874725000.0,0.00518197,14796.6
Algeria,Af,2010,36118000.0,46.642,6959421000.0,0.0051898,15018.7
Algeria,Af,2011,36891300.0,48.4898,7044266000.0,0.00523707,15286.4
Algeria,Af,2012,37664600.0,50.3376,7129609000.0,0.00528284,15543.1
Algeria,Af,2013,38437900.0,52.1854,7215047000.0,0.00532746,15789.5
Algeria,Af,2014,39211200.0,54.0332,7300248000.0,0.00537121,16026.2
Algeria,Af,2015,39984500.0,55.881,7384880000.0,0.00541437,16253.7
Algeria,Af,2016,40757800.0,57.72880000000001,7469068000.0,0.00545688,16472.6
Algeria,Af,2017,41531100.0,59.576600000000006,7550393000.0,0.00550052,16683.3
Algeria,Af,2018,42304400.0,61.424400000000006,7632955000.0,0.00554234,16886.3
Algeria,Af,2019,43077700.0,63.272200000000005,7714577000.0,0.00558394,17082.1
Algeria,Af,2020,43851000.0,65.12,7795482000.0,0.00562518,17270.9
Argentina,LA,1820,534000.0,0.201,1047270000.0,0.0005099,4377.6
Argentina,LA,1821,548500.0,0.2065,1052728000.0,0.00052103,4378.5
Argentina,LA,1822,563000.0,0.212,1058224000.0,0.00053202,4379.3
Argentina,LA,1823,577500.0,0.2175,1063824000.0,0.00054285,4380.1
Argentina,LA,1824,592000.0,0.223,1069477000.0,0.00055354,4380.9
Argentina,LA,1825,606500.0,0.2285,1075142000.0,0.00056411,4381.6
Argentina,LA,1826,621000.0,0.234,1080733000.0,0.00057461,4382.3
Argentina,LA,1827,635500.0,0.2395,1086318000.0,0.000585,4383.0
Argentina,LA,1828,650000.0,0.245,1091853000.0,0.00059532,4383.6
Argentina,LA,1829,664500.0,0.2505,1097270000.0,0.00060559,4384.2
Argentina,LA,1830,679000.0,0.256,1102518000.0,0.00061586,4384.8
Argentina,LA,1831,697600.0,0.2632,1108061000.0,0.00062957,4387.9
Argentina,LA,1832,716200.0,0.2704,1113520000.0,0.00064319,4390.9
Argentina,LA,1833,734800.0,0.2776,1119039000.0,0.00065663,4393.7
Argentina,LA,1834,753400.0,0.2848,1124554000.0,0.00066995,4396.4
Argentina,LA,1835,772000.0,0.292,1130361000.0,0.00068297,4398.9
Argentina,LA,1836,790600.0,0.2992,1136068000.0,0.00069591,4401.3
Argentina,LA,1837,809200.0,0.3064,1141817000.0,0.0007087,4403.6
Argentina,LA,1838,827800.0,0.3136,1147560000.0,0.00072136,4405.9
Argentina,LA,1839,846400.0,0.3208,1153428000.0,0.00073381,4408.0
Argentina,LA,1840,865000.0,0.328,1159310000.0,0.00074613,4410.0
Argentina,LA,1841,888500.0,0.338,1165435000.0,0.00076238,4424.2
Argentina,LA,1842,912000.0,0.348,1171545000.0,0.00077846,4437.8
Argentina,LA,1843,935500.0,0.358,1177631000.0,0.00079439,4450.6
Argentina,LA,1844,959000.0,0.368,1183818000.0,0.00081009,4462.8
Argentina,LA,1845,982500.0,0.378,1190091000.0,0.00082557,4474.4
Argentina,LA,1846,1006000.0,0.388,1196249000.0,0.00084096,4485.5
Argentina,LA,1847,1029500.0,0.398,1201397000.0,0.00085692,4496.1
Argentina,LA,1848,1053000.0,0.408,1205963000.0,0.00087316,4506.2
Argentina,LA,1849,1076500.0,0.418,1211069000.0,0.00088888,4515.9
Argentina,LA,1850,1100000.0,0.428,1216574000.0,0.00090418,4525.1
Argentina,LA,1851,1130600.0,0.4437,1218975000.0,0.0009275,4564.2
Argentina,LA,1852,1161200.0,0.4594,1221557000.0,0.00095059,4601.1
Argentina,LA,1853,1191800.0,0.4750999999999999,1224259000.0,0.00097349,4636.2
Argentina,LA,1854,1222400.0,0.4908,1226726000.0,0.00099647,4669.5
Argentina,LA,1855,1253000.0,0.5065,1228814000.0,0.00101968,4701.2
Argentina,LA,1856,1283600.0,0.5222,1231565000.0,0.00104225,4731.4
Argentina,LA,1857,1314200.0,0.5379,1234524000.0,0.00106454,4760.1
Argentina,LA,1858,1344800.0,0.5536,1237487000.0,0.00108672,4787.6
Argentina,LA,1859,1375400.0,0.5692999999999999,1240642000.0,0.00110862,4813.8
Argentina,LA,1860,1406000.0,0.585,1243735000.0,0.00113047,4838.9
Argentina,LA,1861,1445000.0,0.5937,1247652000.0,0.00115818,4778.4
Argentina,LA,1862,1484000.0,0.6023999999999999,1250707000.0,0.00118653,4721.0
Argentina,LA,1863,1523000.0,0.6111,1254013000.0,0.0012145,4666.5
Argentina,LA,1864,1562000.0,0.6198,1257290000.0,0.00124235,4614.8
Argentina,LA,1865,1601000.0,0.6285000000000001,1260601000.0,0.00127003,4565.6
Argentina,LA,1866,1640000.0,0.6372,1263629000.0,0.00129785,4518.7
Argentina,LA,1867,1679000.0,0.6459,1266809000.0,0.00132538,4474.0
Argentina,LA,1868,1718000.0,0.6546000000000001,1269858000.0,0.00135291,4431.3
Argentina,LA,1869,1757000.0,0.6633,1271405000.0,0.00138194,4390.5
Argentina,LA,1870,1796000.0,0.672,1274661000.0,0.001409,4351.5
Argentina,LA,1871,1862700.0,0.6900000000000001,1282387000.0,0.00145253,4308.1
Argentina,LA,1872,1929400.0,0.7080000000000001,1290858000.0,0.00149466,4267.7
Argentina,LA,1873,1996100.0,0.726,1299848000.0,0.00153564,4229.9
Argentina,LA,1874,2062800.0000000002,0.744,1309013000.0,0.00157584,4194.6
Argentina,LA,1875,2129500.0,0.762,1318339000.0,0.00161529,4161.6
Argentina,LA,1876,2196200.0,0.78,1327814000.0,0.001654,4130.5
Argentina,LA,1877,2262900.0,0.798,1337399000.0,0.00169202,4101.3
Argentina,LA,1878,2329600.0,0.8160000000000001,1347055000.0,0.0017294,4073.7
Argentina,LA,1879,2396300.0,0.834,1356760000.0,0.00176619,4047.7
Argentina,LA,1880,2463000.0,0.852,1366310000.0,0.00180267,4023.0
Argentina,LA,1881,2554500.0,0.9173,1376041000.0,0.00185641,4176.2
Argentina,LA,1882,2646000.0,0.9826,1385750000.0,0.00190944,4318.8
Argentina,LA,1883,2737500.0,1.0479,1395507000.0,0.00196165,4451.9
Argentina,LA,1884,2829000.0,1.1132,1405536000.0,0.00201276,4576.4
Argentina,LA,1885,2920500.0,1.1785,1415514000.0,0.00206321,4693.0
Argentina,LA,1886,3012000.0,1.2438,1425627000.0,0.00211275,4802.6
Argentina,LA,1887,3103500.0,1.3091,1435759000.0,0.00216157,4905.7
Argentina,LA,1888,3195000.0,1.3744,1445944000.0,0.00220963,5002.9
Argentina,LA,1889,3286500.0,1.4397,1456277000.0,0.00225678,5094.7
Argentina,LA,1890,3378000.0,1.505,1466582000.0,0.00230331,5181.5
Argentina,LA,1891,3503400.0,1.5727,1477705000.0,0.00237084,5220.8
Argentina,LA,1892,3628800.0,1.6404,1488973000.0,0.00243712,5257.3
Argentina,LA,1893,3754200.0,1.7081,1500286000.0,0.00250232,5291.5
Argentina,LA,1894,3879600.0,1.7757999999999998,1511963000.0,0.00256594,5323.4
Argentina,LA,1895,4005000.0,1.8435,1523676000.0,0.00262851,5353.3
Argentina,LA,1896,4130399.9999999995,1.9112,1535655000.0,0.00268967,5381.4
Argentina,LA,1897,4255800.0,1.9789,1547830000.0,0.00274953,5407.8
Argentina,LA,1898,4381200.0,2.0466,1560243000.0,0.00280802,5432.7
Argentina,LA,1899,4506600.0,2.1143,1572611000.0,0.00286568,5456.3
Argentina,LA,1900,4632000.0,2.182,1584867000.0,0.00292264,5478.6
Argentina,LA,1901,4852000.0,2.4446,1600044000.0,0.00303242,5859.6
Argentina,LA,1902,5072000.0,2.7072,1615427000.0,0.00313973,6207.6
Argentina,LA,1903,5292000.0,2.9698,1630965000.0,0.0032447,6526.6
Argentina,LA,1904,5512000.0,3.2324,1646581000.0,0.00334754,6820.2
Argentina,LA,1905,5732000.0,3.495,1662453000.0,0.00344792,7091.2
Argentina,LA,1906,5952000.0,3.7576,1678596000.0,0.00354582,7342.2
Argentina,LA,1907,6172000.0,4.0202,1695030000.0,0.00364123,7575.3
Argentina,LA,1908,6392000.0,4.2828,1711586000.0,0.00373455,7792.4
Argentina,LA,1909,6612000.0,4.5454,1728501000.0,0.00382528,7995.0
Argentina,LA,1910,6832000.0,4.808,1745736000.0,0.00391354,8184.6
Argentina,LA,1911,7050000.0,4.8945,1762399000.0,0.00400023,8074.2
Argentina,LA,1912,7268000.0,4.981,1779061000.0,0.0040853,7970.4
Argentina,LA,1913,7486000.0,5.0675,1796080000.0,0.00416797,7872.7
Argentina,LA,1914,7704000.0,5.154,1808262000.0,0.00426044,7780.5
Argentina,LA,1915,7922000.0,5.2405,1818401000.0,0.00435657,7693.4
Argentina,LA,1916,8140000.0,5.327,1828586000.0,0.00445153,7610.9
Argentina,LA,1917,8358000.0,5.4135,1839381000.0,0.00454392,7532.8
Argentina,LA,1918,8576000.0,5.5,1849942000.0,0.00463582,7458.6
Argentina,LA,1919,8794000.0,5.5865,1862569000.0,0.00472144,7388.1
Argentina,LA,1920,9012000.0,5.673,1875297000.0,0.00480564,7321.0
Argentina,LA,1921,9321400.0,6.07,1886887000.0,0.00494009,7573.3
Argentina,LA,1922,9630800.0,6.4670000000000005,1903926000.0,0.00505839,7809.4
Argentina,LA,1923,9940200.0,6.864000000000001,1924127000.0,0.00516608,8030.9
Argentina,LA,1924,10249600.0,7.261,1946371000.0,0.00526601,8238.9
Argentina,LA,1925,10559000.0,7.658,1968879000.0,0.00536295,8434.8
Argentina,LA,1926,10868400.0,8.055,1991829000.0,0.00545649,8619.5
Argentina,LA,1927,11177800.0,8.452,2014443000.0,0.00554883,8793.9
Argentina,LA,1928,11487200.0,8.849,2036576000.0,0.00564045,8959.0
Argentina,LA,1929,11796600.0,9.246,2059103000.0,0.005729,9115.4
Argentina,LA,1930,12106000.0,9.643,2080211000.0,0.0058196,9263.8
Argentina,LA,1931,12319000.0,9.7144,2101812000.0,0.00586113,9171.1
Argentina,LA,1932,12532000.0,9.7858,2121508000.0,0.00590712,9081.5
Argentina,LA,1933,12745000.0,9.8572,2140973000.0,0.0059529,8994.8
Argentina,LA,1934,12958000.0,9.9286,2161152000.0,0.00599588,8911.1
Argentina,LA,1935,13171000.0,10.0,2181702000.0,0.00603703,8830.0
Argentina,LA,1936,13384000.0,10.0714,2203365000.0,0.00607435,8751.5
Argentina,LA,1937,13597000.0,10.1428,2226159000.0,0.00610783,8675.5
Argentina,LA,1938,13810000.0,10.2142,2250491000.0,0.00613644,8601.8
Argentina,LA,1939,14023000.0,10.2856,2275307000.0,0.00616312,8530.4
Argentina,LA,1940,14236000.0,10.357,2296743000.0,0.00619834,8461.1
Argentina,LA,1941,14527400.0,10.6972,2313071000.0,0.00628057,8563.7
Argentina,LA,1942,14818800.0,11.0374,2331578000.0,0.0063557,8662.3
Argentina,LA,1943,15110200.0,11.3776,2350140000.0,0.00642949,8757.1
Argentina,LA,1944,15401600.0,11.7178,2368872000.0,0.00650166,8848.3
Argentina,LA,1945,15693000.0,12.058,2394093000.0,0.00655488,8936.1
Argentina,LA,1946,15984400.0,12.3982,2419526000.0,0.00660642,9020.7
Argentina,LA,1947,16275800.0,12.7384,2446628000.0,0.00665234,9102.3
Argentina,LA,1948,16567200.0,13.0786,2473860000.0,0.0066969,9181.0
Argentina,LA,1949,16858600.0,13.4188,2501856000.0,0.00673844,9257.0
Argentina,LA,1950,17150000.0,13.759,2529794000.0,0.00677921,9330.4
Argentina,LA,1951,17496600.0,14.8563,2577776000.0,0.00678748,9875.0
Argentina,LA,1952,17843200.0,15.9536,2624866000.0,0.00679776,10398.4
Argentina,LA,1953,18189800.0,17.0509,2671465000.0,0.00680892,10901.8
Argentina,LA,1954,18536400.0,18.1482,2718563000.0,0.00681846,11386.4
Argentina,LA,1955,18883000.0,19.2455,2766430000.0,0.00682576,11853.3
Argentina,LA,1956,19229600.0,20.3428,2815461000.0,0.00683,12303.3
Argentina,LA,1957,19576200.0,21.4401,2866148000.0,0.00683014,12737.3
Argentina,LA,1958,19922800.0,22.5374,2918168000.0,0.00682716,13156.3
Argentina,LA,1959,20269400.0,23.6347,2971839000.0,0.00682049,13560.9
Argentina,LA,1960,20616000.0,24.732,3027112000.0,0.00681045,13951.9
Argentina,LA,1961,20950600.0,25.8222,3084358000.0,0.00679253,14334.3
Argentina,LA,1962,21285200.0,26.9124,3143380000.0,0.00677144,14704.6
Argentina,LA,1963,21619800.0,28.0026,3204489000.0,0.00674672,15063.5
Argentina,LA,1964,21954400.0,29.0928,3268074000.0,0.00671784,15411.5
Argentina,LA,1965,22289000.0,30.183,3334092000.0,0.00668518,15748.9
Argentina,LA,1966,22623600.0,31.2732,3402738000.0,0.00664865,16076.5
Argentina,LA,1967,22958200.0,32.3634,3473827000.0,0.00660891,16394.4
Argentina,LA,1968,23292800.0,33.4536,3546719000.0,0.00656742,16703.2
Argentina,LA,1969,23627400.0,34.5438,3620809000.0,0.00652545,17003.3
Argentina,LA,1970,23962000.0,35.634,3695944000.0,0.00648332,17295.0
Argentina,LA,1971,24375200.0,36.5431,3771809000.0,0.00646247,17435.6
Argentina,LA,1972,24788400.0,37.4522,3847786000.0,0.00644225,17571.5
Argentina,LA,1973,25201600.0,38.3613,3923766000.0,0.00642281,17702.9
Argentina,LA,1974,25614800.0,39.2704,3999654000.0,0.00640425,17830.1
Argentina,LA,1975,26028000.0,40.1795,4075437000.0,0.00638655,17953.3
Argentina,LA,1976,26441200.0,41.0886,4150660000.0,0.00637036,18072.6
Argentina,LA,1977,26854400.0,41.9977,4225672000.0,0.00635506,18188.2
Argentina,LA,1978,27267600.0,42.9068,4301501000.0,0.00633909,18300.3
Argentina,LA,1979,27680800.0,43.8159,4378004000.0,0.0063227,18409.1
Argentina,LA,1980,28094000.0,44.725,4456394000.0,0.0063042,18514.7
Argentina,LA,1981,28542700.0,45.0308,4535942000.0,0.00629256,18348.2
Argentina,LA,1982,28991400.0,45.3366,4616948000.0,0.00627934,18186.9
Argentina,LA,1983,29440100.0,45.6424,4699604000.0,0.00626438,18030.5
Argentina,LA,1984,29888800.0,45.9482,4784334000.0,0.00624722,17878.9
Argentina,LA,1985,30337500.0,46.254000000000005,4871434000.0,0.00622763,17731.7
Argentina,LA,1986,30786200.0,46.5598,4961120000.0,0.00620549,17588.7
Argentina,LA,1987,31234900.0,46.8656,5052960000.0,0.00618151,17449.9
Argentina,LA,1988,31683600.0,47.1714,5145733000.0,0.00615726,17315.1
Argentina,LA,1989,32132300.0,47.4772,5237968000.0,0.0061345,17183.9
Argentina,LA,1990,32581000.0,47.783,5328602000.0,0.00611436,17056.5
Argentina,LA,1991,33012500.0,49.3496,5417317000.0,0.00609388,17385.4
Argentina,LA,1992,33444000.0,50.9162,5503880000.0,0.00607644,17705.9
Argentina,LA,1993,33875500.0,52.4828,5588359000.0,0.0060618,18018.2
Argentina,LA,1994,34307000.0,54.0494,5671048000.0,0.0060495,18322.6
Argentina,LA,1995,34738500.0,55.616,5752408000.0,0.00603895,18619.5
Argentina,LA,1996,35170000.0,57.1826,5832484000.0,0.00603002,18909.1
Argentina,LA,1997,35601500.0,58.7492,5911415000.0,0.0060225,19191.7
Argentina,LA,1998,36033000.0,60.3158,5989470000.0,0.00601606,19467.5
Argentina,LA,1999,36464500.0,61.8824,6067325000.0,0.00600998,19736.8
Argentina,LA,2000,36896000.0,63.449,6145394000.0,0.00600385,19999.8
Argentina,LA,2001,37280200.0,65.08579999999999,6223661000.0,0.00599008,20304.3
Argentina,LA,2002,37664400.0,66.7226,6302453000.0,0.00597615,20602.6
Argentina,LA,2003,38048600.0,68.3594,6381858000.0,0.00596199,20894.9
Argentina,LA,2004,38432800.0,69.9962,6461988000.0,0.00594752,21181.3
Argentina,LA,2005,38817000.0,71.633,6542867000.0,0.00593272,21462.0
Argentina,LA,2006,39201200.0,73.2698,6624538000.0,0.00591757,21737.3
Argentina,LA,2007,39585400.0,74.9066,6707018000.0,0.00590209,22007.2
Argentina,LA,2008,39969600.0,76.54339999999999,6790025000.0,0.00588652,22271.9
Argentina,LA,2009,40353800.0,78.1802,6874725000.0,0.00586988,22531.6
Argentina,LA,2010,40738000.0,79.817,6959421000.0,0.00585365,22786.4
Argentina,LA,2011,41183800.0,80.08539999999999,7044266000.0,0.00584643,22615.5
Argentina,LA,2012,41629600.0,80.35379999999999,7129609000.0,0.00583897,22448.3
Argentina,LA,2013,42075400.0,80.62219999999999,7215047000.0,0.00583162,22284.7
Argentina,LA,2014,42521200.0,80.89059999999999,7300248000.0,0.00582462,22124.4
Argentina,LA,2015,42967000.0,81.15899999999999,7384880000.0,0.00581824,21967.5
Argentina,LA,2016,43412800.0,81.4274,7469068000.0,0.00581234,21813.9
Argentina,LA,2017,43858600.0,81.6958,7550393000.0,0.00580878,21663.3
Argentina,LA,2018,44304400.0,81.9642,7632955000.0,0.00580436,21515.8
Argentina,LA,2019,44750200.0,82.2326,7714577000.0,0.00580073,21371.2
Argentina,LA,2020,45196000.0,82.501,7795482000.0,0.00579772,21229.5
Australia,O,1820,334000.0,0.235,1047270000.0,0.00031892,8182.8
Australia,O,1821,333600.0,0.237,1052728000.0,0.00031689,8262.3
Australia,O,1822,333200.0,0.239,1058224000.0,0.00031487,8342.0
Australia,O,1823,332800.0,0.241,1063824000.0,0.00031283,8422.0
Australia,O,1824,332400.0,0.243,1069477000.0,0.00031081,8502.1
Australia,O,1825,332000.0,0.245,1075142000.0,0.0003088,8582.4
Australia,O,1826,331600.0,0.247,1080733000.0,0.00030683,8662.9
Australia,O,1827,331200.0,0.249,1086318000.0,0.00030488,8743.6
Australia,O,1828,330800.0,0.251,1091853000.0,0.00030297,8824.5
Australia,O,1829,330400.0,0.253,1097270000.0,0.00030111,8905.5
Australia,O,1830,330000.0,0.255,1102518000.0,0.00029931,8986.8
Australia,O,1831,339000.0,0.2665,1108061000.0,0.00030594,9142.8
Australia,O,1832,348000.0,0.278,1113520000.0,0.00031252,9290.6
Australia,O,1833,357000.0,0.2895,1119039000.0,0.00031902,9431.1
Australia,O,1834,366000.0,0.301,1124554000.0,0.00032546,9564.6
Australia,O,1835,375000.0,0.3125,1130361000.0,0.00033175,9691.7
Australia,O,1836,384000.0,0.324,1136068000.0,0.00033801,9812.8
Australia,O,1837,393000.0,0.3355,1141817000.0,0.00034419,9928.4
Australia,O,1838,402000.0,0.347,1147560000.0,0.00035031,10038.8
Australia,O,1839,411000.0,0.3585,1153428000.0,0.00035633,10144.4
Australia,O,1840,420000.0,0.37,1159310000.0,0.00036228,10245.5
Australia,O,1841,438500.0,0.3976,1165435000.0,0.00037625,10545.2
Australia,O,1842,457000.0,0.4252,1171545000.0,0.00039008,10820.7
Australia,O,1843,475500.0,0.4528,1177631000.0,0.00040378,11074.8
Australia,O,1844,494000.0,0.4804,1183818000.0,0.00041729,11309.8
Australia,O,1845,512500.0,0.508,1190091000.0,0.00043064,11527.9
Australia,O,1846,531000.0,0.5356000000000001,1196249000.0,0.00044389,11730.7
Australia,O,1847,549500.0,0.5632,1201397000.0,0.00045738,11920.0
Australia,O,1848,568000.0,0.5908,1205963000.0,0.00047099,12096.8
Australia,O,1849,586500.0,0.6184000000000001,1211069000.0,0.00048428,12262.6
Australia,O,1850,605000.0,0.646,1216574000.0,0.0004973,12418.1
Australia,O,1851,677100.0,0.7601,1218975000.0,0.00055547,13055.6
Australia,O,1852,749200.0,0.8742000000000001,1221557000.0,0.00061332,13570.4
Australia,O,1853,821300.0,0.9883,1224259000.0,0.00067085,13994.8
Australia,O,1854,893400.0,1.1024,1226726000.0,0.00072828,14350.7
Australia,O,1855,965500.0,1.2165,1228814000.0,0.00078572,14653.4
Australia,O,1856,1037599.9999999999,1.3306,1231565000.0,0.00084251,14914.1
Australia,O,1857,1109699.9999999998,1.4447,1234524000.0,0.00089889,15140.9
Australia,O,1858,1181800.0,1.5588000000000002,1237487000.0,0.000955,15340.0
Australia,O,1859,1253900.0,1.6729000000000005,1240642000.0,0.00101069,15516.3
Australia,O,1860,1326000.0,1.787,1243735000.0,0.00106614,15673.3
Australia,O,1861,1370900.0,1.883,1247652000.0,0.00109878,15974.4
Australia,O,1862,1415800.0,1.979,1250707000.0,0.001132,16256.4
Australia,O,1863,1460700.0,2.075,1254013000.0,0.00116482,16521.0
Australia,O,1864,1505600.0,2.171,1257290000.0,0.0011975,16769.9
Australia,O,1865,1550500.0,2.267,1260601000.0,0.00122997,17004.3
Australia,O,1866,1595400.0,2.363,1263629000.0,0.00126255,17225.6
Australia,O,1867,1640300.0,2.459,1266809000.0,0.00129483,17434.7
Australia,O,1868,1685200.0,2.555,1269858000.0,0.00132708,17632.7
Australia,O,1869,1730100.0,2.651,1271405000.0,0.00136078,17820.4
Australia,O,1870,1775000.0,2.747,1274661000.0,0.00139253,17998.7
Australia,O,1871,1817200.0,2.9083,1282387000.0,0.00141704,18613.0
Australia,O,1872,1859400.0,3.0696,1290858000.0,0.00144044,19199.4
Australia,O,1873,1901600.0,3.2309,1299848000.0,0.00146294,19759.9
Australia,O,1874,1943800.0,3.3922,1309013000.0,0.00148494,20296.0
Australia,O,1875,1986000.0,3.5535,1318339000.0,0.00150644,20809.3
Australia,O,1876,2028200.0,3.7148,1327814000.0,0.00152747,21301.2
Australia,O,1877,2070400.0,3.8761,1337399000.0,0.00154808,21773.1
Australia,O,1878,2112600.0,4.0374,1347055000.0,0.00156831,22226.1
Australia,O,1879,2154800.0,4.1987000000000005,1356760000.0,0.0015882,22661.4
Australia,O,1880,2197000.0,4.36,1366310000.0,0.00160798,23080.0
Australia,O,1881,2288000.0,4.573,1376041000.0,0.00166274,23244.8
Australia,O,1882,2379000.0,4.7860000000000005,1385750000.0,0.00171676,23396.9
Australia,O,1883,2470000.0,4.9990000000000006,1395507000.0,0.00176997,23537.8
Australia,O,1884,2561000.0,5.212000000000001,1405536000.0,0.00182208,23668.7
Australia,O,1885,2652000.0,5.425000000000001,1415514000.0,0.00187352,23790.6
Australia,O,1886,2743000.0,5.638,1425627000.0,0.00192407,23904.5
Australia,O,1887,2834000.0,5.851,1435759000.0,0.00197387,24011.0
Australia,O,1888,2925000.0,6.064,1445944000.0,0.0020229,24110.9
Australia,O,1889,3016000.0,6.277,1456277000.0,0.00207103,24204.7
Australia,O,1890,3107000.0,6.49,1466582000.0,0.00211853,24293.1
Australia,O,1891,3170400.0,6.713,1477705000.0,0.00214549,24625.3
Australia,O,1892,3233800.0,6.936,1488973000.0,0.00217183,24944.5
Australia,O,1893,3297200.0,7.159000000000001,1500286000.0,0.00219771,25251.5
Australia,O,1894,3360600.0,7.382000000000001,1511963000.0,0.00222267,25546.8
Australia,O,1895,3424000.0,7.605,1523676000.0,0.0022472,25831.2
Australia,O,1896,3487400.0,7.828,1535655000.0,0.00227095,26105.3
Australia,O,1897,3550800.0,8.051,1547830000.0,0.00229405,26369.6
Australia,O,1898,3614200.0,8.274000000000001,1560243000.0,0.00231643,26624.6
Australia,O,1899,3677600.0,8.497,1572611000.0,0.00233853,26870.8
Australia,O,1900,3741000.0,8.72,1584867000.0,0.00236045,27108.7
Australia,O,1901,3804400.0,8.9984,1600044000.0,0.00237768,27508.0
Australia,O,1902,3867800.0,9.2768,1615427000.0,0.00239429,27894.2
Australia,O,1903,3931200.0,9.5552,1630965000.0,0.00241035,28268.0
Australia,O,1904,3994600.0,9.8336,1646581000.0,0.002426,28629.8
Australia,O,1905,4058000.0,10.112,1662453000.0,0.00244097,28980.4
Australia,O,1906,4121399.9999999995,10.3904,1678596000.0,0.00245527,29320.2
Australia,O,1907,4184800.0,10.6688,1695030000.0,0.00246886,29649.7
Australia,O,1908,4248200.0,10.9472,1711586000.0,0.00248203,29969.4
Australia,O,1909,4311600.0,11.2256,1728501000.0,0.00249442,30279.6
Australia,O,1910,4375000.0,11.504,1745736000.0,0.00250611,30580.9
Australia,O,1911,4473300.0,11.5773,1762399000.0,0.00253819,30099.5
Australia,O,1912,4571600.0,11.6506,1779061000.0,0.00256967,29638.7
Australia,O,1913,4669900.0,11.7239,1796080000.0,0.00260005,29197.4
Australia,O,1914,4768200.0,11.7972,1808262000.0,0.0026369,28774.3
Australia,O,1915,4866500.0,11.8705,1818401000.0,0.00267625,28368.2
Australia,O,1916,4964800.0,11.9438,1828586000.0,0.0027151,27978.2
Australia,O,1917,5063100.0,12.0171,1839381000.0,0.00275261,27603.4
Australia,O,1918,5161400.0,12.0904,1849942000.0,0.00279003,27242.9
Australia,O,1919,5259700.0,12.1637,1862569000.0,0.0028239,26895.8
Australia,O,1920,5358000.0,12.237,1875297000.0,0.00285715,26561.5
Australia,O,1921,5469100.0,12.157,1886887000.0,0.00289848,25851.8
Australia,O,1922,5580200.0,12.077,1903926000.0,0.00293089,25170.3
Australia,O,1923,5691300.0,11.997,1924127000.0,0.00295786,24515.5
Australia,O,1924,5802400.0,11.917,1946371000.0,0.00298114,23885.8
Australia,O,1925,5913500.0,11.837,1968879000.0,0.00300349,23279.7
Australia,O,1926,6024600.0,11.757,1991829000.0,0.00302466,22695.9
Australia,O,1927,6135700.0,11.677,2014443000.0,0.00304585,22133.3
Australia,O,1928,6246800.0,11.597,2036576000.0,0.00306731,21590.8
Australia,O,1929,6357900.0,11.517,2059103000.0,0.0030877,21067.1
Australia,O,1930,6469000.0,11.437,2080211000.0,0.00310978,20561.5
Australia,O,1931,6526300.0,11.7614,2101812000.0,0.00310508,20959.1
Australia,O,1932,6583600.0,12.0858,2121508000.0,0.00310326,21349.7
Australia,O,1933,6640900.0,12.4102,2140973000.0,0.00310181,21733.6
Australia,O,1934,6698200.0,12.7346,2161152000.0,0.00309937,22110.9
Australia,O,1935,6755500.0,13.059,2181702000.0,0.00309644,22481.9
Australia,O,1936,6812800.0,13.383399999999998,2203365000.0,0.003092,22846.5
Australia,O,1937,6870100.0,13.7078,2226159000.0,0.00308608,23205.2
Australia,O,1938,6927400.0,14.0322,2250491000.0,0.00307817,23557.8
Australia,O,1939,6984700.0,14.356599999999998,2275307000.0,0.00306978,23904.7
Australia,O,1940,7042000.0,14.681,2296743000.0,0.00306608,24246.0
Australia,O,1941,7164500.0,15.2887,2313071000.0,0.0030974,24817.9
Australia,O,1942,7287000.0,15.8964,2331578000.0,0.00312535,25370.5
Australia,O,1943,7409500.0,16.5041,2350140000.0,0.00315279,25904.9
Australia,O,1944,7532000.0,17.1118,2368872000.0,0.00317957,26422.0
Australia,O,1945,7654500.0,17.7195,2394093000.0,0.00319724,26922.4
Australia,O,1946,7777000.0,18.3272,2419526000.0,0.00321427,27407.1
Australia,O,1947,7899500.0,18.9349,2446628000.0,0.00322873,27876.8
Australia,O,1948,8022000.0,19.5426,2473860000.0,0.00324271,28332.1
Australia,O,1949,8144500.0,20.1503,2501856000.0,0.00325538,28773.8
Australia,O,1950,8267000.0,20.758,2529794000.0,0.00326786,29202.3
Australia,O,1951,8476400.0,21.8598,2577776000.0,0.00328826,29992.6
Australia,O,1952,8685800.0,22.9616,2624866000.0,0.00330905,30744.8
Australia,O,1953,8895200.0,24.0634,2671465000.0,0.00332971,31461.6
Australia,O,1954,9104600.0,25.1652,2718563000.0,0.00334905,32145.4
Australia,O,1955,9314000.0,26.267,2766430000.0,0.00336679,32798.5
Australia,O,1956,9523400.0,27.3688,2815461000.0,0.00338254,33422.8
Australia,O,1957,9732800.0,28.4706,2866148000.0,0.00339578,34020.3
Australia,O,1958,9942200.0,29.5724,2918168000.0,0.003407,34592.6
Australia,O,1959,10151600.0,30.6742,2971839000.0,0.00341593,35141.4
Australia,O,1960,10361000.0,31.776,3027112000.0,0.00342273,35667.9
Australia,O,1961,10590900.0,33.7274,3084358000.0,0.00343375,37036.5
Australia,O,1962,10820800.0,35.6788,3143380000.0,0.00344241,38346.9
Australia,O,1963,11050700.0,37.6302,3204489000.0,0.00344851,39602.9
Australia,O,1964,11280600.0,39.5816,3268074000.0,0.00345176,40807.6
Australia,O,1965,11510500.0,41.533,3334092000.0,0.00345236,41964.2
Australia,O,1966,11740400.0,43.4844,3402738000.0,0.00345028,43075.5
Australia,O,1967,11970300.0,45.4358,3473827000.0,0.00344585,44144.1
Australia,O,1968,12200200.0,47.3872,3546719000.0,0.00343986,45172.5
Australia,O,1969,12430100.0,49.3386,3620809000.0,0.00343296,46162.8
Australia,O,1970,12660000.0,51.29,3695944000.0,0.00342538,47117.1
Australia,O,1971,12855600.0,53.5125,3771809000.0,0.00340834,48410.8
Australia,O,1972,13051200.0,55.735,3847786000.0,0.00339187,49665.8
Australia,O,1973,13246800.0,57.9575,3923766000.0,0.00337604,50883.7
Australia,O,1974,13442400.0,60.18,3999654000.0,0.00336089,52066.1
Australia,O,1975,13638000.0,62.4025,4075437000.0,0.00334639,53214.6
Australia,O,1976,13833600.0,64.625,4150660000.0,0.00333287,54330.7
Australia,O,1977,14029200.0,66.8475,4225672000.0,0.00331999,55415.6
Australia,O,1978,14224800.0,69.07,4301501000.0,0.00330694,56470.7
Australia,O,1979,14420400.0,71.2925,4378004000.0,0.00329383,57497.1
Australia,O,1980,14616000.0,73.515,4456394000.0,0.00327978,58496.1
Australia,O,1981,14864000.0,75.074,4535942000.0,0.00327694,58740.0
Australia,O,1982,15112000.0,76.633,4616948000.0,0.00327316,58975.8
Australia,O,1983,15360000.0,78.19200000000001,4699604000.0,0.00326836,59204.0
Australia,O,1984,15608000.0,79.751,4784334000.0,0.00326231,59424.9
Australia,O,1985,15856000.0,81.31,4871434000.0,0.00325489,59639.0
Australia,O,1986,16104000.0,82.869,4961120000.0,0.00324604,59846.4
Australia,O,1987,16352000.0,84.428,5052960000.0,0.00323612,60047.6
Australia,O,1988,16600000.0,85.98700000000001,5145733000.0,0.00322597,60242.7
Australia,O,1989,16848000.0,87.546,5237968000.0,0.00321651,60432.1
Australia,O,1990,17096000.0,89.105,5328602000.0,0.00320835,60616.0
Australia,O,1991,17302800.0,91.1563,5417317000.0,0.00319398,61270.3
Australia,O,1992,17509600.0,93.2076,5503880000.0,0.00318132,61909.1
Australia,O,1993,17716400.0,95.2589,5588359000.0,0.00317023,62533.1
Australia,O,1994,17923200.0,97.3102,5671048000.0,0.00316047,63142.6
Australia,O,1995,18130000.0,99.3615,5752408000.0,0.00315172,63738.2
Australia,O,1996,18336800.0,101.4128,5832484000.0,0.00314391,64320.4
Australia,O,1997,18543600.0,103.4641,5911415000.0,0.00313691,64889.6
Australia,O,1998,18750400.0,105.5154,5989470000.0,0.00313056,65446.3
Australia,O,1999,18957200.0,107.5667,6067325000.0,0.00312447,65990.8
Australia,O,2000,19164000.0,109.618,6145394000.0,0.00311843,66523.6
Australia,O,2001,19474400.0,111.5645,6223661000.0,0.00312909,66625.7
Australia,O,2002,19784800.0,113.511,6302453000.0,0.00313922,66724.6
Australia,O,2003,20095200.0,115.4575,6381858000.0,0.0031488,66820.5
Australia,O,2004,20405600.0,117.404,6461988000.0,0.00315779,66913.4
Australia,O,2005,20716000.0,119.3505,6542867000.0,0.0031662,67003.6
Australia,O,2006,21026400.0,121.297,6624538000.0,0.00317402,67091.1
Australia,O,2007,21336800.0,123.2435,6707018000.0,0.00318126,67176.0
Australia,O,2008,21647200.0,125.19,6790025000.0,0.00318809,67258.6
Australia,O,2009,21957600.0,127.1365,6874725000.0,0.00319396,67338.8
Australia,O,2010,22268000.0,129.083,6959421000.0,0.00319969,67416.7
Australia,O,2011,22591200.0,130.186,7044266000.0,0.00320703,67020.0
Australia,O,2012,22914400.0,131.289,7129609000.0,0.00321398,66634.6
Australia,O,2013,23237600.0,132.392,7215047000.0,0.00322071,66259.8
Australia,O,2014,23560800.0,133.495,7300248000.0,0.0032274,65895.3
Australia,O,2015,23884000.0,134.598,7384880000.0,0.00323418,65540.7
Australia,O,2016,24207200.0,135.701,7469068000.0,0.00324099,65195.6
Australia,O,2017,24530400.0,136.804,7550393000.0,0.00324889,64859.5
Australia,O,2018,24853600.0,137.907,7632955000.0,0.00325609,64532.2
Australia,O,2019,25176800.0,139.01,7714577000.0,0.00326354,64213.3
Australia,O,2020,25500000.0,140.113,7795482000.0,0.00327113,63902.5
Austria,WE,1820,3369000.0,1.262,1047270000.0,0.00321694,4356.5
Austria,WE,1821,3385900.0,1.2643,1052728000.0,0.00321631,4342.7
Austria,WE,1822,3402800.0,1.2666,1058224000.0,0.00321558,4329.0
Austria,WE,1823,3419700.0,1.2689,1063824000.0,0.00321454,4315.4
Austria,WE,1824,3436600.0,1.2712,1069477000.0,0.00321335,4301.9
Austria,WE,1825,3453500.0,1.2735,1075142000.0,0.00321213,4288.6
Austria,WE,1826,3470400.0,1.2758,1080733000.0,0.00321115,4275.5
Austria,WE,1827,3487300.0,1.2781,1086318000.0,0.0032102,4262.4
Austria,WE,1828,3504200.0,1.2804,1091853000.0,0.00320941,4249.5
Austria,WE,1829,3521100.0,1.2827,1097270000.0,0.00320896,4236.7
Austria,WE,1830,3538000.0,1.285,1102518000.0,0.00320902,4224.0
Austria,WE,1831,3555800.0,1.2965,1108061000.0,0.00320903,4240.5
Austria,WE,1832,3573600.0,1.3079999999999998,1113520000.0,0.00320928,4256.8
Austria,WE,1833,3591400.0,1.3195,1119039000.0,0.00320936,4272.9
Austria,WE,1834,3609200.0,1.331,1124554000.0,0.00320945,4288.9
Austria,WE,1835,3627000.0,1.3424999999999998,1130361000.0,0.00320871,4304.7
Austria,WE,1836,3644800.0,1.354,1136068000.0,0.00320826,4320.4
Austria,WE,1837,3662600.0,1.3655,1141817000.0,0.00320769,4335.9
Austria,WE,1838,3680400.0,1.377,1147560000.0,0.00320715,4351.3
Austria,WE,1839,3698200.0,1.3884999999999998,1153428000.0,0.00320627,4366.5
Austria,WE,1840,3716000.0,1.4,1159310000.0,0.00320535,4381.6
Austria,WE,1841,3739400.0,1.4104,1165435000.0,0.00320859,4386.5
Austria,WE,1842,3762800.0,1.4207999999999998,1171545000.0,0.00321183,4391.4
Austria,WE,1843,3786200.0,1.4312,1177631000.0,0.0032151,4396.2
Austria,WE,1844,3809600.0,1.4416,1183818000.0,0.00321806,4400.9
Austria,WE,1845,3833000.0,1.452,1190091000.0,0.00322076,4405.6
Austria,WE,1846,3856400.0,1.4624,1196249000.0,0.00322374,4410.3
Austria,WE,1847,3879800.0,1.4728,1201397000.0,0.00322941,4414.8
Austria,WE,1848,3903200.0,1.4832,1205963000.0,0.00323658,4419.4
Austria,WE,1849,3926600.0,1.4936,1211069000.0,0.00324226,4423.8
Austria,WE,1850,3950000.0,1.504,1216574000.0,0.00324682,4428.2
Austria,WE,1851,3978500.0,1.5392,1218975000.0,0.00326381,4499.4
Austria,WE,1852,4007000.0,1.5744,1221557000.0,0.00328024,4569.6
Austria,WE,1853,4035500.0,1.6096,1224259000.0,0.00329628,4638.7
Austria,WE,1854,4064000.0,1.6448,1226726000.0,0.00331288,4706.9
Austria,WE,1855,4092500.0,1.6800000000000002,1228814000.0,0.00333045,4774.2
Austria,WE,1856,4121000.0,1.7152,1231565000.0,0.00334615,4840.5
Austria,WE,1857,4149500.0,1.7504,1234524000.0,0.00336121,4905.9
Austria,WE,1858,4178000.0,1.7856,1237487000.0,0.0033762,4970.4
Austria,WE,1859,4206500.0,1.8208,1240642000.0,0.00339058,5034.1
Austria,WE,1860,4235000.0,1.856,1243735000.0,0.00340507,5096.9
Austria,WE,1861,4263500.0,1.9142,1247652000.0,0.00341722,5221.6
Austria,WE,1862,4292000.0,1.9724,1250707000.0,0.00343166,5344.6
Austria,WE,1863,4320500.0,2.0306,1254013000.0,0.00344534,5466.0
Austria,WE,1864,4349000.0,2.0888,1257290000.0,0.00345903,5585.8
Austria,WE,1865,4377500.0,2.147,1260601000.0,0.00347255,5704.1
Austria,WE,1866,4406000.0,2.2052,1263629000.0,0.00348678,5820.8
Austria,WE,1867,4434500.0,2.2634000000000003,1266809000.0,0.00350053,5936.0
Austria,WE,1868,4463000.0,2.3216,1269858000.0,0.00351457,6049.8
Austria,WE,1869,4491500.0,2.3798000000000004,1271405000.0,0.00353271,6162.1
Austria,WE,1870,4520000.0,2.438,1274661000.0,0.00354604,6273.0
Austria,WE,1871,4562100.0,2.5142,1282387000.0,0.00355751,6409.4
Austria,WE,1872,4604200.0,2.5904000000000003,1290858000.0,0.00356677,6543.2
Austria,WE,1873,4646300.0,2.6666000000000003,1299848000.0,0.00357449,6674.7
Austria,WE,1874,4688400.0,2.7428000000000003,1309013000.0,0.00358163,6803.8
Austria,WE,1875,4730500.0,2.819,1318339000.0,0.00358823,6930.6
Austria,WE,1876,4772600.0,2.8952,1327814000.0,0.00359433,7055.1
Austria,WE,1877,4814700.0,2.9714,1337399000.0,0.00360005,7177.5
Austria,WE,1878,4856800.0,3.0476,1347055000.0,0.00360549,7297.7
Austria,WE,1879,4898900.0,3.1238,1356760000.0,0.00361073,7415.9
Austria,WE,1880,4941000.0,3.2,1366310000.0,0.00361631,7532.1
Austria,WE,1881,4986300.0,3.3043,1376041000.0,0.00362366,7706.9
Austria,WE,1882,5031600.0,3.4086000000000003,1385750000.0,0.00363096,7878.6
Austria,WE,1883,5076900.0,3.5129,1395507000.0,0.00363803,8047.2
Austria,WE,1884,5122200.0,3.6172,1405536000.0,0.0036443,8212.9
Austria,WE,1885,5167500.0,3.7215,1415514000.0,0.00365062,8375.6
Austria,WE,1886,5212800.0,3.8258,1425627000.0,0.0036565,8535.5
Austria,WE,1887,5258100.0,3.9301,1435759000.0,0.00366224,8692.7
Austria,WE,1888,5303400.0,4.034400000000001,1445944000.0,0.00366778,8847.2
Austria,WE,1889,5348700.0,4.1387,1456277000.0,0.00367286,8999.0
Austria,WE,1890,5394000.0,4.243,1466582000.0,0.00367794,9148.3
Austria,WE,1891,5451900.0,4.3772,1477705000.0,0.00368944,9337.4
Austria,WE,1892,5509800.0,4.5114,1488973000.0,0.0037004,9522.6
Austria,WE,1893,5567700.0,4.6456,1500286000.0,0.00371109,9703.9
Austria,WE,1894,5625600.0,4.7798,1511963000.0,0.00372073,9881.4
Austria,WE,1895,5683500.0,4.914,1523676000.0,0.00373012,10055.4
Austria,WE,1896,5741400.0,5.0482,1535655000.0,0.00373873,10225.8
Austria,WE,1897,5799300.0,5.1824,1547830000.0,0.00374673,10392.9
Austria,WE,1898,5857200.0,5.3166,1560243000.0,0.00375403,10556.6
Austria,WE,1899,5915100.0,5.4508,1572611000.0,0.00376132,10717.1
Austria,WE,1900,5973000.0,5.585,1584867000.0,0.00376877,10874.5
Austria,WE,1901,6037100.0,5.7206,1600044000.0,0.00377308,11020.3
Austria,WE,1902,6101200.0,5.8562,1615427000.0,0.00377683,11163.0
Austria,WE,1903,6165300.0,5.9918,1630965000.0,0.00378015,11302.7
Austria,WE,1904,6229400.0,6.1274,1646581000.0,0.00378323,11439.6
Austria,WE,1905,6293500.0,6.263,1662453000.0,0.00378567,11573.6
Austria,WE,1906,6357600.0,6.3986,1678596000.0,0.00378745,11705.0
Austria,WE,1907,6421700.0,6.5342,1695030000.0,0.00378855,11833.7
Austria,WE,1908,6485800.0,6.6698,1711586000.0,0.00378935,11959.9
Austria,WE,1909,6549900.0,6.8054,1728501000.0,0.00378935,12083.7
Austria,WE,1910,6614000.0,6.941,1745736000.0,0.00378866,12205.0
Austria,WE,1911,6598100.0,6.9592,1762399000.0,0.00374382,12266.5
Austria,WE,1912,6582200.0,6.9774,1779061000.0,0.00369982,12328.3
Austria,WE,1913,6566300.0,6.9956,1796080000.0,0.00365591,12390.4
Austria,WE,1914,6550400.0,7.0138,1808262000.0,0.00362248,12452.8
Austria,WE,1915,6534500.0,7.032,1818401000.0,0.00359354,12515.4
Austria,WE,1916,6518600.0,7.0502,1828586000.0,0.00356483,12578.4
Austria,WE,1917,6502700.0,7.0684000000000005,1839381000.0,0.00353527,12641.7
Austria,WE,1918,6486800.0,7.0866,1849942000.0,0.00350649,12705.4
Austria,WE,1919,6470900.0,7.1048,1862569000.0,0.00347418,12769.3
Austria,WE,1920,6455000.0,7.123,1875297000.0,0.00344212,12833.5
Austria,WE,1921,6477900.0,7.1197,1886887000.0,0.00343311,12782.2
Austria,WE,1922,6500800.0,7.1164000000000005,1903926000.0,0.00341442,12731.3
Austria,WE,1923,6523700.0,7.1131,1924127000.0,0.00339047,12680.7
Austria,WE,1924,6546600.0,7.1098,1946371000.0,0.00336349,12630.5
Austria,WE,1925,6569500.0,7.1065000000000005,1968879000.0,0.00333667,12580.7
Austria,WE,1926,6592400.0,7.1032,1991829000.0,0.00330972,12531.1
Austria,WE,1927,6615300.0,7.0999,2014443000.0,0.00328394,12481.9
Austria,WE,1928,6638200.0,7.0966,2036576000.0,0.00325949,12433.1
Austria,WE,1929,6661100.0,7.0933,2059103000.0,0.00323495,12384.6
Austria,WE,1930,6684000.0,7.09,2080211000.0,0.00321314,12336.4
Austria,WE,1931,6686100.0,7.0046,2101812000.0,0.00318111,12184.0
Austria,WE,1932,6688200.0,6.9192,2121508000.0,0.00315257,12031.7
Austria,WE,1933,6690300.0,6.8338,2140973000.0,0.00312489,11879.5
Austria,WE,1934,6692400.0,6.7484,2161152000.0,0.00309668,11727.3
Austria,WE,1935,6694500.0,6.663,2181702000.0,0.00306848,11575.3
Austria,WE,1936,6696600.0,6.5776,2203365000.0,0.00303926,11423.3
Austria,WE,1937,6698700.0,6.4922,2226159000.0,0.00300908,11271.5
Austria,WE,1938,6700800.0,6.4068,2250491000.0,0.00297748,11119.7
Austria,WE,1939,6702900.0,6.3214,2275307000.0,0.00294593,10968.1
Austria,WE,1940,6705000.0,6.236,2296743000.0,0.00291935,10816.5
Austria,WE,1941,6728000.0,6.440799999999999,2313071000.0,0.00290869,11133.5
Austria,WE,1942,6751000.0,6.6456,2331578000.0,0.00289546,11448.4
Austria,WE,1943,6774000.0,6.8504000000000005,2350140000.0,0.00288238,11761.2
Austria,WE,1944,6797000.0,7.0552,2368872000.0,0.0028693,12071.8
Austria,WE,1945,6820000.0,7.26,2394093000.0,0.00284868,12380.3
Austria,WE,1946,6843000.0,7.4648,2419526000.0,0.00282824,12686.8
Austria,WE,1947,6866000.0,7.669600000000001,2446628000.0,0.00280631,12991.2
Austria,WE,1948,6889000.0,7.8744,2473860000.0,0.00278472,13293.6
Austria,WE,1949,6912000.0,8.0792,2501856000.0,0.00276275,13593.9
Austria,WE,1950,6935000.0,8.284,2529794000.0,0.00274133,13892.3
Austria,WE,1951,6946200.0,8.7146,2577776000.0,0.00269465,14590.8
Austria,WE,1952,6957400.0,9.1452,2624866000.0,0.00265057,15287.1
Austria,WE,1953,6968600.0,9.5758,2671465000.0,0.00260853,15981.2
Austria,WE,1954,6979800.0,10.0064,2718563000.0,0.00256746,16673.0
Austria,WE,1955,6991000.0,10.437,2766430000.0,0.00252708,17362.7
Austria,WE,1956,7002200.0,10.8676,2815461000.0,0.00248705,18050.1
Austria,WE,1957,7013400.0,11.2982,2866148000.0,0.00244698,18735.3
Austria,WE,1958,7024600.0,11.7288,2918168000.0,0.0024072,19418.3
Austria,WE,1959,7035800.0,12.1594,2971839000.0,0.00236749,20099.2
Austria,WE,1960,7047000.0,12.59,3027112000.0,0.00232796,20777.9
Austria,WE,1961,7089000.0,13.3397,3084358000.0,0.00229837,21884.7
Austria,WE,1962,7131000.0,14.0894,3143380000.0,0.00226858,22978.5
Austria,WE,1963,7173000.0,14.8391,3204489000.0,0.00223842,24059.5
Austria,WE,1964,7215000.0,15.5888,3268074000.0,0.00220772,25127.9
Austria,WE,1965,7257000.0,16.3385,3334092000.0,0.0021766,26183.9
Austria,WE,1966,7299000.0,17.0882,3402738000.0,0.00214504,27227.8
Austria,WE,1967,7341000.0,17.8379,3473827000.0,0.00211323,28259.7
Austria,WE,1968,7383000.0,18.5876,3546719000.0,0.00208164,29279.9
Austria,WE,1969,7425000.0,19.3373,3620809000.0,0.00205065,30288.6
Austria,WE,1970,7467000.0,20.087,3695944000.0,0.00202032,31285.9
Austria,WE,1971,7475200.0,20.547,3771809000.0,0.00198186,31967.3
Austria,WE,1972,7483400.0,21.007,3847786000.0,0.00194486,32647.1
Austria,WE,1973,7491600.0,21.467,3923766000.0,0.00190929,33325.5
Austria,WE,1974,7499800.0,21.927,3999654000.0,0.00187511,34002.4
Austria,WE,1975,7508000.0,22.387,4075437000.0,0.00184226,34677.8
Austria,WE,1976,7516200.0,22.847,4150660000.0,0.00181084,35351.7
Austria,WE,1977,7524400.0,23.307,4225672000.0,0.00178064,36024.2
Austria,WE,1978,7532600.0,23.767,4301501000.0,0.00175116,36695.2
Austria,WE,1979,7540800.0,24.227,4378004000.0,0.00172243,37364.7
Austria,WE,1980,7549000.0,24.687,4456394000.0,0.00169397,38032.8
Austria,WE,1981,7566400.0,24.8057,4535942000.0,0.0016681,38127.8
Austria,WE,1982,7583800.0,24.9244,4616948000.0,0.0016426,38222.4
Austria,WE,1983,7601200.0,25.0431,4699604000.0,0.00161741,38316.5
Austria,WE,1984,7618600.0,25.1618,4784334000.0,0.00159241,38410.2
Austria,WE,1985,7636000.0,25.2805,4871434000.0,0.00156751,38503.4
Austria,WE,1986,7653400.0,25.3992,4961120000.0,0.00154268,38596.3
Austria,WE,1987,7670800.0,25.5179,5052960000.0,0.00151808,38688.7
Austria,WE,1988,7688200.0,25.6366,5145733000.0,0.00149409,38780.7
Austria,WE,1989,7705600.0,25.7553,5237968000.0,0.0014711,38872.3
Austria,WE,1990,7723000.0,25.874,5328602000.0,0.00144935,38963.4
Austria,WE,1991,7762000.0,26.2308,5417317000.0,0.00143281,39302.3
Austria,WE,1992,7801000.0,26.5876,5503880000.0,0.00141736,39637.7
Austria,WE,1993,7840000.0,26.9444,5588359000.0,0.00140292,39969.8
Austria,WE,1994,7879000.0,27.3012,5671048000.0,0.00138934,40298.6
Austria,WE,1995,7918000.0,27.658,5752408000.0,0.00137647,40624.2
Austria,WE,1996,7957000.0,28.0148,5832484000.0,0.00136426,40946.6
Austria,WE,1997,7996000.0,28.3716,5911415000.0,0.00135264,41265.8
Austria,WE,1998,8035000.0,28.7284,5989470000.0,0.00134152,41582.0
Austria,WE,1999,8074000.0,29.0852,6067325000.0,0.00133073,41895.1
Austria,WE,2000,8113000.0,29.442,6145394000.0,0.00132018,42205.2
Austria,WE,2001,8142700.0,29.9281,6223661000.0,0.00130835,42745.5
Austria,WE,2002,8172400.0,30.4142,6302453000.0,0.0012967,43281.9
Austria,WE,2003,8202100.0,30.9003,6381858000.0,0.00128522,43814.4
Austria,WE,2004,8231799.999999999,31.3864,6461988000.0,0.00127388,44343.1
Austria,WE,2005,8261500.0,31.8725,6542867000.0,0.00126267,44868.0
Austria,WE,2006,8291200.000000001,32.3586,6624538000.0,0.00125159,45389.1
Austria,WE,2007,8320900.0,32.8447,6707018000.0,0.00124063,45906.6
Austria,WE,2008,8350600.0,33.3308,6790025000.0,0.00122983,46420.3
Austria,WE,2009,8380299.999999999,33.8169,6874725000.0,0.001219,46930.4
Austria,WE,2010,8410000.0,34.303,6959421000.0,0.00120843,47436.8
Austria,WE,2011,8469600.0,34.079699999999995,7044266000.0,0.00120234,46796.4
Austria,WE,2012,8529200.0,33.8564,7129609000.0,0.00119631,46164.9
Austria,WE,2013,8588800.0,33.6331,7215047000.0,0.0011904,45542.2
Austria,WE,2014,8648400.0,33.4098,7300248000.0,0.00118467,44928.1
Austria,WE,2015,8708000.0,33.186499999999995,7384880000.0,0.00117917,44322.3
Austria,WE,2016,8767600.0,32.9632,7469068000.0,0.00117385,43724.9
Austria,WE,2017,8827200.0,32.7399,7550393000.0,0.0011691,43135.4
Austria,WE,2018,8886800.0,32.5166,7632955000.0,0.00116427,42553.9
Austria,WE,2019,8946400.0,32.2933,7714577000.0,0.00115967,41980.1
Austria,WE,2020,9006000.0,32.07,7795482000.0,0.00115528,41414.0
Belgium,WE,1820,3434000.0,2.334,1047270000.0,0.003279,7904.6
Belgium,WE,1821,3465600.0,2.3623000000000003,1052728000.0,0.00329202,7927.5
Belgium,WE,1822,3497200.0,2.3906,1058224000.0,0.00330478,7950.0
Belgium,WE,1823,3528800.0,2.4189,1063824000.0,0.00331709,7972.1
Belgium,WE,1824,3560400.0,2.4472,1069477000.0,0.0033291,7993.7
Belgium,WE,1825,3592000.0,2.4755000000000003,1075142000.0,0.00334095,8015.1
Belgium,WE,1826,3623600.0,2.5038,1080733000.0,0.00335291,8036.0
Belgium,WE,1827,3655200.0,2.5321,1086318000.0,0.00336476,8056.6
Belgium,WE,1828,3686800.0,2.5604,1091853000.0,0.00337665,8076.8
Belgium,WE,1829,3718400.0,2.5887,1097270000.0,0.00338877,8096.6
Belgium,WE,1830,3750000.0,2.617,1102518000.0,0.00340131,8116.2
Belgium,WE,1831,3783000.0,2.7245,1108061000.0,0.00341407,8375.9
Belgium,WE,1832,3816000.0,2.832,1113520000.0,0.00342697,8631.1
Belgium,WE,1833,3849000.0,2.9395,1119039000.0,0.00343956,8881.9
Belgium,WE,1834,3882000.0,3.047,1124554000.0,0.00345204,9128.4
Belgium,WE,1835,3915000.0,3.1545,1130361000.0,0.0034635,9370.8
Belgium,WE,1836,3948000.0,3.262,1136068000.0,0.00347514,9609.2
Belgium,WE,1837,3981000.0,3.3695,1141817000.0,0.00348655,9843.6
Belgium,WE,1838,4014000.0,3.4770000000000003,1147560000.0,0.00349786,10074.1
Belgium,WE,1839,4047000.0,3.5845,1153428000.0,0.00350867,10300.9
Belgium,WE,1840,4080000.0,3.692,1159310000.0,0.00351933,10524.0
Belgium,WE,1841,4116899.9999999995,3.7481,1165435000.0,0.0035325,10588.2
Belgium,WE,1842,4153800.0,3.8042,1171545000.0,0.00354557,10651.2
Belgium,WE,1843,4190700.0,3.8603,1177631000.0,0.00355858,10713.1
Belgium,WE,1844,4227600.0,3.9164,1183818000.0,0.00357116,10773.9
Belgium,WE,1845,4264500.0,3.9725,1190091000.0,0.00358334,10833.7
Belgium,WE,1846,4301400.0,4.0286,1196249000.0,0.00359574,10892.4
Belgium,WE,1847,4338300.0,4.0847,1201397000.0,0.00361105,10950.2
Belgium,WE,1848,4375200.0,4.1408000000000005,1205963000.0,0.00362797,11006.9
Belgium,WE,1849,4412100.0,4.1969,1211069000.0,0.00364315,11062.7
Belgium,WE,1850,4449000.0,4.253,1216574000.0,0.00365699,11117.6
Belgium,WE,1851,4478100.0,4.4298,1218975000.0,0.00367366,11504.6
Belgium,WE,1852,4507200.0,4.6066,1221557000.0,0.00368972,11886.5
Belgium,WE,1853,4536300.0,4.7834,1224259000.0,0.00370534,12263.5
Belgium,WE,1854,4565400.0,4.9602,1226726000.0,0.00372161,12635.7
Belgium,WE,1855,4594500.0,5.1370000000000005,1228814000.0,0.00373897,13003.2
Belgium,WE,1856,4623600.0,5.3138000000000005,1231565000.0,0.00375425,13366.1
Belgium,WE,1857,4652700.0,5.4906,1234524000.0,0.00376882,13724.4
Belgium,WE,1858,4681800.0,5.6674,1237487000.0,0.00378331,14078.3
Belgium,WE,1859,4710900.0,5.8442,1240642000.0,0.00379715,14427.8
Belgium,WE,1860,4740000.0,6.021,1243735000.0,0.0038111,14773.0
Belgium,WE,1861,4775600.0,6.2982,1247652000.0,0.00382767,15338.0
Belgium,WE,1862,4811200.0,6.5754,1250707000.0,0.00384678,15894.6
Belgium,WE,1863,4846800.0,6.8526,1254013000.0,0.00386503,16443.0
Belgium,WE,1864,4882400.0,7.1298,1257290000.0,0.00388327,16983.4
Belgium,WE,1865,4918000.0,7.407,1260601000.0,0.00390131,17515.9
Belgium,WE,1866,4953600.0,7.6842,1263629000.0,0.00392014,18040.9
Belgium,WE,1867,4989200.0,7.961399999999999,1266809000.0,0.0039384,18558.3
Belgium,WE,1868,5024800.0,8.2386,1269858000.0,0.00395698,19068.4
Belgium,WE,1869,5060400.0,8.515799999999999,1271405000.0,0.00398016,19571.3
Belgium,WE,1870,5096000.0,8.793,1274661000.0,0.00399793,20067.2
Belgium,WE,1871,5140500.0,8.9576,1282387000.0,0.00400854,20265.9
Belgium,WE,1872,5185000.0,9.1222,1290858000.0,0.00401671,20461.2
Belgium,WE,1873,5229500.0,9.2868,1299848000.0,0.00402316,20653.1
Belgium,WE,1874,5274000.0,9.4514,1309013000.0,0.00402899,20841.8
Belgium,WE,1875,5318500.0,9.616,1318339000.0,0.00403424,21027.4
Belgium,WE,1876,5363000.0,9.7806,1327814000.0,0.00403897,21209.8
Belgium,WE,1877,5407500.0,9.9452,1337399000.0,0.0040433,21389.3
Belgium,WE,1878,5452000.0,10.1098,1347055000.0,0.00404735,21565.8
Belgium,WE,1879,5496500.0,10.2744,1356760000.0,0.0040512,21739.5
Belgium,WE,1880,5541000.0,10.439,1366310000.0,0.00405545,21910.4
Belgium,WE,1881,5596500.0,10.7139,1376041000.0,0.0040671,22264.4
Belgium,WE,1882,5652000.0,10.9888,1385750000.0,0.00407866,22611.4
Belgium,WE,1883,5707500.0,11.2637,1395507000.0,0.00408991,22951.7
Belgium,WE,1884,5763000.0,11.5386,1405536000.0,0.00410022,23285.4
Belgium,WE,1885,5818500.0,11.8135,1415514000.0,0.00411052,23612.8
Belgium,WE,1886,5874000.0,12.0884,1425627000.0,0.00412029,23934.0
Belgium,WE,1887,5929500.0,12.3633,1435759000.0,0.00412987,24249.1
Belgium,WE,1888,5985000.0,12.6382,1445944000.0,0.00413916,24558.4
Belgium,WE,1889,6040500.0,12.9131,1456277000.0,0.00414791,24862.1
Belgium,WE,1890,6096000.0,13.188,1466582000.0,0.0041566,25160.2
Belgium,WE,1891,6158300.0,13.4715,1477705000.0,0.00416748,25441.0
Belgium,WE,1892,6220600.0,13.755,1488973000.0,0.00417778,25716.3
Belgium,WE,1893,6282900.0,14.0385,1500286000.0,0.0041878,25986.1
Belgium,WE,1894,6345200.0,14.322,1511963000.0,0.00419666,26250.5
Belgium,WE,1895,6407500.0,14.6055,1523676000.0,0.00420529,26509.9
Belgium,WE,1896,6469800.0,14.889,1535655000.0,0.00421306,26764.2
Belgium,WE,1897,6532100.0,15.1725,1547830000.0,0.00422017,27013.7
Belgium,WE,1898,6594400.0,15.456,1560243000.0,0.00422652,27258.5
Belgium,WE,1899,6656700.0,15.7395,1572611000.0,0.0042329,27498.7
Belgium,WE,1900,6719000.0,16.023,1584867000.0,0.00423947,27734.4
Belgium,WE,1901,6796900.0,16.4575,1600044000.0,0.00424795,28160.0
Belgium,WE,1902,6874800.0,16.892,1615427000.0,0.00425572,28576.0
Belgium,WE,1903,6952700.0,17.3265,1630965000.0,0.00426294,28982.6
Belgium,WE,1904,7030600.0,17.761,1646581000.0,0.00426982,29380.2
Belgium,WE,1905,7108500.0,18.1955,1662453000.0,0.00427591,29769.1
Belgium,WE,1906,7186400.0,18.63,1678596000.0,0.0042812,30149.6
Belgium,WE,1907,7264300.0,19.0645,1695030000.0,0.00428565,30521.9
Belgium,WE,1908,7342200.0,19.499,1711586000.0,0.00428971,30886.3
Belgium,WE,1909,7420100.0,19.9335,1728501000.0,0.00429279,31243.1
Belgium,WE,1910,7498000.0,20.368,1745736000.0,0.00429504,31592.4
Belgium,WE,1911,7503400.0,20.0942,1762399000.0,0.00425749,31145.3
Belgium,WE,1912,7508800.0,19.8204,1779061000.0,0.00422065,30698.8
Belgium,WE,1913,7514200.0,19.5466,1796080000.0,0.00418367,30253.0
Belgium,WE,1914,7519600.0,19.2728,1808262000.0,0.00415847,29807.8
Belgium,WE,1915,7525000.0,18.999,1818401000.0,0.00413825,29363.2
Belgium,WE,1916,7530400.0,18.7252,1828586000.0,0.00411815,28919.3
Belgium,WE,1917,7535800.0,18.4514,1839381000.0,0.00409692,28476.0
Belgium,WE,1918,7541200.0,18.1776,1849942000.0,0.00407645,28033.4
Belgium,WE,1919,7546600.0,17.9038,1862569000.0,0.00405172,27591.4
Belgium,WE,1920,7552000.0,17.63,1875297000.0,0.0040271,27150.0
Belgium,WE,1921,7604400.0,18.6169,1886887000.0,0.00403013,28472.3
Belgium,WE,1922,7656800.0,19.6038,1903926000.0,0.00402158,29776.4
Belgium,WE,1923,7709200.0,20.5907,1924127000.0,0.0040066,31062.9
Belgium,WE,1924,7761600.0,21.5776,1946371000.0,0.00398773,32331.9
Belgium,WE,1925,7814000.0,22.5645,1968879000.0,0.00396876,33584.0
Belgium,WE,1926,7866400.0,23.5514,1991829000.0,0.00394934,34819.3
Belgium,WE,1927,7918800.0,24.5383,2014443000.0,0.00393101,36038.3
Belgium,WE,1928,7971200.0,25.5252,2036576000.0,0.00391402,37241.3
Belgium,WE,1929,8023600.0,26.5121,2059103000.0,0.00389665,38428.6
Belgium,WE,1930,8076000.0,27.499,2080211000.0,0.0038823,39600.5
Belgium,WE,1931,8103000.0,26.9455,2101812000.0,0.00385524,38674.1
Belgium,WE,1932,8130000.0,26.392,2121508000.0,0.00383218,37753.9
Belgium,WE,1933,8157000.0,25.8385,2140973000.0,0.00380995,36839.7
Belgium,WE,1934,8184000.0,25.285,2161152000.0,0.00378687,35931.6
Belgium,WE,1935,8211000.0,24.7315,2181702000.0,0.00376358,35029.5
Belgium,WE,1936,8238000.0,24.178,2203365000.0,0.00373883,34133.3
Belgium,WE,1937,8265000.0,23.6245,2226159000.0,0.00371267,33242.9
Belgium,WE,1938,8292000.0,23.071,2250491000.0,0.00368453,32358.4
Belgium,WE,1939,8319000.0,22.5175,2275307000.0,0.00365621,31479.6
Belgium,WE,1940,8346000.0,21.964,2296743000.0,0.00363384,30606.4
Belgium,WE,1941,8375299.999999999,22.1207,2313071000.0,0.00362086,30717.0
Belgium,WE,1942,8404600.0,22.2774,2331578000.0,0.00360468,30826.7
Belgium,WE,1943,8433900.0,22.4341,2350140000.0,0.00358868,30935.7
Belgium,WE,1944,8463200.0,22.5908,2368872000.0,0.00357267,31043.9
Belgium,WE,1945,8492500.0,22.7475,2394093000.0,0.00354727,31151.4
Belgium,WE,1946,8521800.0,22.9042,2419526000.0,0.00352209,31258.2
Belgium,WE,1947,8551100.0,23.0609,2446628000.0,0.00349506,31364.2
Belgium,WE,1948,8580400.0,23.2176,2473860000.0,0.00346843,31469.5
Belgium,WE,1949,8609700.0,23.3743,2501856000.0,0.00344133,31574.1
Belgium,WE,1950,8639000.0,23.531,2529794000.0,0.0034149,31677.9
Belgium,WE,1951,8687000.0,24.0686,2577776000.0,0.00336996,32222.6
Belgium,WE,1952,8735000.0,24.6062,2624866000.0,0.00332779,32761.3
Belgium,WE,1953,8783000.0,25.1438,2671465000.0,0.00328771,33294.1
Belgium,WE,1954,8831000.0,25.6814,2718563000.0,0.00324841,33821.2
Belgium,WE,1955,8879000.0,26.219,2766430000.0,0.00320955,34342.5
Belgium,WE,1956,8927000.0,26.7566,2815461000.0,0.00317071,34858.2
Belgium,WE,1957,8975000.0,27.2942,2866148000.0,0.00313138,35368.4
Belgium,WE,1958,9023000.0,27.8318,2918168000.0,0.00309201,35873.2
Belgium,WE,1959,9071000.0,28.3694,2971839000.0,0.00305232,36372.6
Belgium,WE,1960,9119000.0,28.907,3027112000.0,0.00301244,36866.8
Belgium,WE,1961,9170900.0,30.8024,3084358000.0,0.00297336,39061.8
Belgium,WE,1962,9222800.0,32.6978,3143380000.0,0.00293404,41232.1
Belgium,WE,1963,9274700.0,34.5932,3204489000.0,0.00289428,43378.1
Belgium,WE,1964,9326600.0,36.4886,3268074000.0,0.00285385,45500.2
Belgium,WE,1965,9378500.0,38.384,3334092000.0,0.00281291,47598.9
Belgium,WE,1966,9430400.0,40.2794,3402738000.0,0.00277142,49674.4
Belgium,WE,1967,9482300.0,42.1748,3473827000.0,0.00272964,51727.2
Belgium,WE,1968,9534200.0,44.0702,3546719000.0,0.00268817,53757.7
Belgium,WE,1969,9586100.0,45.9656,3620809000.0,0.0026475,55766.2
Belgium,WE,1970,9638000.0,47.861,3695944000.0,0.00260772,57753.0
Belgium,WE,1971,9658900.0,48.1281,3771809000.0,0.00256081,57949.6
Belgium,WE,1972,9679800.0,48.3952,3847786000.0,0.00251568,58145.4
Belgium,WE,1973,9700700.0,48.6623,3923766000.0,0.00247229,58340.4
Belgium,WE,1974,9721600.0,48.9294,3999654000.0,0.00243061,58534.5
Belgium,WE,1975,9742500.0,49.1965,4075437000.0,0.00239054,58727.8
Belgium,WE,1976,9763400.0,49.4636,4150660000.0,0.00235225,58920.2
Belgium,WE,1977,9784300.0,49.7307,4225672000.0,0.00231544,59111.8
Belgium,WE,1978,9805200.0,49.9978,4301501000.0,0.00227948,59302.7
Belgium,WE,1979,9826100.0,50.2649,4378004000.0,0.00224442,59492.7
Belgium,WE,1980,9847000.0,50.532,4456394000.0,0.00220963,59681.8
Belgium,WE,1981,9859200.0,51.1604,4535942000.0,0.00217357,60349.3
Belgium,WE,1982,9871400.0,51.7888,4616948000.0,0.00213808,61015.0
Belgium,WE,1983,9883600.0,52.4172,4699604000.0,0.00210307,61679.1
Belgium,WE,1984,9895800.0,53.0456,4784334000.0,0.00206838,62341.6
Belgium,WE,1985,9908000.0,53.674,4871434000.0,0.0020339,63002.5
Belgium,WE,1986,9920200.0,54.3024,4961120000.0,0.00199959,63661.7
Belgium,WE,1987,9932400.0,54.9308,5052960000.0,0.00196566,64319.3
Belgium,WE,1988,9944600.0,55.5592,5145733000.0,0.00193259,64975.3
Belgium,WE,1989,9956800.0,56.1876,5237968000.0,0.00190089,65629.7
Belgium,WE,1990,9969000.0,56.816,5328602000.0,0.00187085,66282.5
Belgium,WE,1991,9998500.0,57.9669,5417317000.0,0.00184566,67425.6
Belgium,WE,1992,10028000.0,59.1178,5503880000.0,0.00182199,68562.0
Belgium,WE,1993,10057500.0,60.2687,5588359000.0,0.00179972,69691.8
Belgium,WE,1994,10087000.0,61.4196,5671048000.0,0.00177868,70814.9
Belgium,WE,1995,10116500.0,62.5705,5752408000.0,0.00175865,71931.5
Belgium,WE,1996,10146000.0,63.7214,5832484000.0,0.00173957,73041.6
Belgium,WE,1997,10175500.0,64.8723,5911415000.0,0.00172133,74145.2
Belgium,WE,1998,10205000.0,66.0232,5989470000.0,0.00170382,75242.5
Belgium,WE,1999,10234500.0,67.17410000000001,6067325000.0,0.00168682,76333.5
Belgium,WE,2000,10264000.0,68.325,6145394000.0,0.00167019,77418.1
Belgium,WE,2001,10312900.0,68.693,6223661000.0,0.00165705,77466.0
Belgium,WE,2002,10361800.0,69.061,6302453000.0,0.00164409,77513.5
Belgium,WE,2003,10410700.0,69.429,6381858000.0,0.0016313,77560.5
Belgium,WE,2004,10459600.0,69.797,6461988000.0,0.00161864,77607.1
Belgium,WE,2005,10508500.0,70.16499999999999,6542867000.0,0.0016061,77653.2
Belgium,WE,2006,10557400.0,70.533,6624538000.0,0.00159368,77698.9
Belgium,WE,2007,10606300.0,70.901,6707018000.0,0.00158137,77744.2
Belgium,WE,2008,10655200.0,71.26899999999999,6790025000.0,0.00156924,77789.1
Belgium,WE,2009,10704100.0,71.637,6874725000.0,0.00155702,77833.6
Belgium,WE,2010,10753000.0,72.005,6959421000.0,0.0015451,77877.6
Belgium,WE,2011,10836700.0,70.7261,7044266000.0,0.00153837,75903.6
Belgium,WE,2012,10920400.0,69.4472,7129609000.0,0.0015317,73959.8
Belgium,WE,2013,11004100.0,68.1683,7215047000.0,0.00152516,72045.6
Belgium,WE,2014,11087800.0,66.8894,7300248000.0,0.00151883,70160.3
Belgium,WE,2015,11171500.0,65.6105,7384880000.0,0.00151275,68303.3
Belgium,WE,2016,11255200.0,64.3316,7469068000.0,0.00150691,66473.9
Belgium,WE,2017,11338900.0,63.0527,7550393000.0,0.00150176,64671.4
Belgium,WE,2018,11422600.0,61.7738,7632955000.0,0.00149648,62895.4
Belgium,WE,2019,11506300.0,60.4949,7714577000.0,0.0014915,61145.3
Belgium,WE,2020,11590000.0,59.216,7795482000.0,0.00148676,59420.4
Bolivia,LA,1820,1100000.0,0.409,1047270000.0,0.00105035,4324.2
Bolivia,LA,1821,1108500.0,0.4120999999999999,1052728000.0,0.00105298,4323.6
Bolivia,LA,1822,1117000.0,0.4151999999999999,1058224000.0,0.00105554,4323.0
Bolivia,LA,1823,1125500.0,0.4183,1063824000.0,0.00105798,4322.4
Bolivia,LA,1824,1134000.0,0.4214,1069477000.0,0.00106033,4321.8
Bolivia,LA,1825,1142500.0,0.4245,1075142000.0,0.00106265,4321.2
Bolivia,LA,1826,1151000.0,0.4276,1080733000.0,0.00106502,4320.6
Bolivia,LA,1827,1159500.0,0.4306999999999999,1086318000.0,0.00106737,4320.0
Bolivia,LA,1828,1168000.0,0.4338,1091853000.0,0.00106974,4319.4
Bolivia,LA,1829,1176500.0,0.4369,1097270000.0,0.00107221,4318.9
Bolivia,LA,1830,1185000.0,0.44,1102518000.0,0.00107481,4318.3
Bolivia,LA,1831,1194100.0,0.4438,1108061000.0,0.00107765,4322.4
Bolivia,LA,1832,1203200.0,0.4476,1113520000.0,0.00108054,4326.5
Bolivia,LA,1833,1212300.0,0.4514,1119039000.0,0.00108334,4330.4
Bolivia,LA,1834,1221400.0,0.4552,1124554000.0,0.00108612,4334.4
Bolivia,LA,1835,1230500.0,0.4589999999999999,1130361000.0,0.00108859,4338.2
Bolivia,LA,1836,1239600.0,0.4628,1136068000.0,0.00109113,4342.0
Bolivia,LA,1837,1248700.0,0.4666,1141817000.0,0.00109361,4345.8
Bolivia,LA,1838,1257800.0,0.4704,1147560000.0,0.00109606,4349.5
Bolivia,LA,1839,1266900.0,0.4741999999999999,1153428000.0,0.00109838,4353.1
Bolivia,LA,1840,1276000.0,0.478,1159310000.0,0.00110065,4356.7
Bolivia,LA,1841,1285800.0,0.4829,1165435000.0,0.00110328,4367.8
Bolivia,LA,1842,1295600.0,0.4878,1171545000.0,0.00110589,4378.8
Bolivia,LA,1843,1305400.0,0.4926999999999999,1177631000.0,0.0011085,4389.5
Bolivia,LA,1844,1315200.0,0.4976,1183818000.0,0.00111098,4400.2
Bolivia,LA,1845,1325000.0,0.5025,1190091000.0,0.00111336,4410.6
Bolivia,LA,1846,1334800.0,0.5074,1196249000.0,0.00111582,4420.9
Bolivia,LA,1847,1344600.0,0.5123,1201397000.0,0.0011192,4431.1
Bolivia,LA,1848,1354400.0,0.5172,1205963000.0,0.00112309,4441.1
Bolivia,LA,1849,1364200.0,0.5221,1211069000.0,0.00112644,4451.0
Bolivia,LA,1850,1374000.0,0.527,1216574000.0,0.0011294,4460.7
Bolivia,LA,1851,1379900.0,0.5319,1218975000.0,0.00113202,4482.9
Bolivia,LA,1852,1385800.0,0.5368,1221557000.0,0.00113445,4505.0
Bolivia,LA,1853,1391700.0,0.5417,1224259000.0,0.00113677,4526.8
Bolivia,LA,1854,1397600.0,0.5466,1226726000.0,0.00113929,4548.5
Bolivia,LA,1855,1403500.0,0.5515,1228814000.0,0.00114216,4570.0
Bolivia,LA,1856,1409400.0,0.5564,1231565000.0,0.0011444,4591.3
Bolivia,LA,1857,1415300.0,0.5613,1234524000.0,0.00114643,4612.4
Bolivia,LA,1858,1421200.0,0.5661999999999999,1237487000.0,0.00114846,4633.3
Bolivia,LA,1859,1427100.0,0.5710999999999999,1240642000.0,0.00115029,4654.1
Bolivia,LA,1860,1433000.0,0.576,1243735000.0,0.00115217,4674.7
Bolivia,LA,1861,1439200.0,0.5698,1247652000.0,0.00115353,4604.5
Bolivia,LA,1862,1445400.0,0.5636,1250707000.0,0.00115567,4534.8
Bolivia,LA,1863,1451600.0,0.5574,1254013000.0,0.00115756,4465.8
Bolivia,LA,1864,1457800.0,0.5512,1257290000.0,0.00115948,4397.3
Bolivia,LA,1865,1464000.0,0.5449999999999999,1260601000.0,0.00116135,4329.5
Bolivia,LA,1866,1470200.0,0.5388,1263629000.0,0.00116347,4262.2
Bolivia,LA,1867,1476400.0,0.5326,1266809000.0,0.00116545,4195.4
Bolivia,LA,1868,1482600.0,0.5264,1269858000.0,0.00116753,4129.3
Bolivia,LA,1869,1488800.0,0.5202,1271405000.0,0.00117099,4063.6
Bolivia,LA,1870,1495000.0,0.514,1274661000.0,0.00117286,3998.5
Bolivia,LA,1871,1498300.0,0.512,1282387000.0,0.00116837,3974.2
Bolivia,LA,1872,1501600.0,0.51,1290858000.0,0.00116326,3950.0
Bolivia,LA,1873,1504900.0,0.508,1299848000.0,0.00115775,3925.9
Bolivia,LA,1874,1508200.0,0.506,1309013000.0,0.00115217,3901.9
Bolivia,LA,1875,1511500.0,0.504,1318339000.0,0.00114652,3877.9
Bolivia,LA,1876,1514800.0,0.502,1327814000.0,0.00114082,3854.1
Bolivia,LA,1877,1518100.0,0.5,1337399000.0,0.00113511,3830.4
Bolivia,LA,1878,1521400.0,0.498,1347055000.0,0.00112943,3806.8
Bolivia,LA,1879,1524700.0,0.496,1356760000.0,0.00112378,3783.4
Bolivia,LA,1880,1528000.0,0.494,1366310000.0,0.00111834,3760.0
Bolivia,LA,1881,1531400.0,0.4946,1376041000.0,0.0011129,3756.2
Bolivia,LA,1882,1534800.0,0.4952,1385750000.0,0.00110756,3752.4
Bolivia,LA,1883,1538200.0,0.4958,1395507000.0,0.00110225,3748.6
Bolivia,LA,1884,1541600.0,0.4964,1405536000.0,0.00109681,3744.9
Bolivia,LA,1885,1545000.0,0.497,1415514000.0,0.00109148,3741.2
Bolivia,LA,1886,1548400.0,0.4976,1425627000.0,0.00108612,3737.5
Bolivia,LA,1887,1551800.0,0.4982,1435759000.0,0.00108082,3733.8
Bolivia,LA,1888,1555200.0,0.4988,1445944000.0,0.00107556,3730.1
Bolivia,LA,1889,1558600.0,0.4994,1456277000.0,0.00107026,3726.4
Bolivia,LA,1890,1562000.0,0.5,1466582000.0,0.00106506,3722.8
Bolivia,LA,1891,1565400.0,0.5046,1477705000.0,0.00105935,3748.9
Bolivia,LA,1892,1568800.0,0.5092,1488973000.0,0.00105361,3774.9
Bolivia,LA,1893,1572200.0,0.5138,1500286000.0,0.00104793,3800.7
Bolivia,LA,1894,1575600.0,0.5184,1511963000.0,0.00104209,3826.5
Bolivia,LA,1895,1579000.0,0.523,1523676000.0,0.00103631,3852.1
Bolivia,LA,1896,1582400.0,0.5276000000000001,1535655000.0,0.00103044,3877.6
Bolivia,LA,1897,1585800.0,0.5322,1547830000.0,0.00102453,3903.1
Bolivia,LA,1898,1589200.0,0.5368,1560243000.0,0.00101856,3928.4
Bolivia,LA,1899,1592600.0,0.5414,1572611000.0,0.00101271,3953.6
Bolivia,LA,1900,1596000.0,0.546,1584867000.0,0.00100702,3978.7
Bolivia,LA,1901,1612200.0,0.5644,1600044000.0,0.0010076,4071.4
Bolivia,LA,1902,1628400.0,0.5828,1615427000.0,0.00100803,4162.3
Bolivia,LA,1903,1644600.0,0.6012000000000001,1630965000.0,0.00100836,4251.5
Bolivia,LA,1904,1660800.0,0.6196,1646581000.0,0.00100864,4338.8
Bolivia,LA,1905,1677000.0,0.638,1662453000.0,0.00100875,4424.5
Bolivia,LA,1906,1693200.0,0.6564,1678596000.0,0.0010087,4508.6
Bolivia,LA,1907,1709400.0,0.6748,1695030000.0,0.00100848,4591.0
Bolivia,LA,1908,1725600.0,0.6932,1711586000.0,0.00100819,4671.9
Bolivia,LA,1909,1741800.0,0.7116,1728501000.0,0.00100769,4751.4
Bolivia,LA,1910,1758000.0,0.73,1745736000.0,0.00100703,4829.3
Bolivia,LA,1911,1775200.0,0.7403,1762399000.0,0.00100726,4850.0
Bolivia,LA,1912,1792400.0,0.7505999999999999,1779061000.0,0.0010075,4870.3
Bolivia,LA,1913,1809600.0,0.7609,1796080000.0,0.00100753,4890.2
Bolivia,LA,1914,1826800.0,0.7712,1808262000.0,0.00101025,4909.7
Bolivia,LA,1915,1844000.0,0.7815,1818401000.0,0.00101408,4928.9
Bolivia,LA,1916,1861200.0,0.7918,1828586000.0,0.00101784,4947.7
Bolivia,LA,1917,1878400.0,0.8020999999999999,1839381000.0,0.00102121,4966.2
Bolivia,LA,1918,1895600.0,0.8124,1849942000.0,0.00102468,4984.3
Bolivia,LA,1919,1912800.0,0.8227,1862569000.0,0.00102697,5002.1
Bolivia,LA,1920,1930000.0,0.833,1875297000.0,0.00102917,5019.6
Bolivia,LA,1921,1953400.0,0.849,1886887000.0,0.00103525,5054.7
Bolivia,LA,1922,1976800.0,0.865,1903926000.0,0.00103828,5089.0
Bolivia,LA,1923,2000200.0,0.881,1924127000.0,0.00103954,5122.5
Bolivia,LA,1924,2023600.0,0.897,1946371000.0,0.00103968,5155.2
Bolivia,LA,1925,2047000.0,0.913,1968879000.0,0.00103968,5187.2
Bolivia,LA,1926,2070400.0,0.929,1991829000.0,0.00103945,5218.4
Bolivia,LA,1927,2093800.0000000002,0.945,2014443000.0,0.00103939,5249.0
Bolivia,LA,1928,2117200.0,0.961,2036576000.0,0.00103959,5278.9
Bolivia,LA,1929,2140600.0,0.977,2059103000.0,0.00103958,5308.1
Bolivia,LA,1930,2164000.0,0.993,2080211000.0,0.00104028,5336.7
Bolivia,LA,1931,2191000.0,1.002,2101812000.0,0.00104243,5318.7
Bolivia,LA,1932,2218000.0,1.011,2121508000.0,0.00104548,5301.1
Bolivia,LA,1933,2245000.0,1.02,2140973000.0,0.00104859,5284.0
Bolivia,LA,1934,2272000.0,1.029,2161152000.0,0.00105129,5267.3
Bolivia,LA,1935,2299000.0,1.038,2181702000.0,0.00105376,5251.0
Bolivia,LA,1936,2326000.0,1.047,2203365000.0,0.00105566,5235.0
Bolivia,LA,1937,2353000.0,1.056,2226159000.0,0.00105698,5219.4
Bolivia,LA,1938,2380000.0,1.065,2250491000.0,0.00105755,5204.2
Bolivia,LA,1939,2407000.0,1.074,2275307000.0,0.00105788,5189.3
Bolivia,LA,1940,2434000.0,1.083,2296743000.0,0.00105976,5174.7
Bolivia,LA,1941,2462000.0,1.0947,2313071000.0,0.00106439,5171.1
Bolivia,LA,1942,2490000.0,1.1064,2331578000.0,0.00106795,5167.6
Bolivia,LA,1943,2518000.0,1.1181,2350140000.0,0.00107143,5164.2
Bolivia,LA,1944,2546000.0,1.1298,2368872000.0,0.00107477,5160.9
Bolivia,LA,1945,2574000.0,1.1415,2394093000.0,0.00107515,5157.6
Bolivia,LA,1946,2602000.0,1.1532,2419526000.0,0.00107542,5154.4
Bolivia,LA,1947,2630000.0,1.1649,2446628000.0,0.00107495,5151.2
Bolivia,LA,1948,2658000.0,1.1766,2473860000.0,0.00107443,5148.2
Bolivia,LA,1949,2686000.0,1.1883,2501856000.0,0.0010736,5145.2
Bolivia,LA,1950,2714000.0,1.2,2529794000.0,0.00107281,5142.2
Bolivia,LA,1951,2777700.0,1.2342,2577776000.0,0.00107756,5167.5
Bolivia,LA,1952,2841400.0,1.2684,2624866000.0,0.00108249,5191.6
Bolivia,LA,1953,2905100.0,1.3026,2671465000.0,0.00108746,5214.7
Bolivia,LA,1954,2968800.0,1.3368,2718563000.0,0.00109205,5236.8
Bolivia,LA,1955,3032500.0,1.371,2766430000.0,0.00109618,5257.9
Bolivia,LA,1956,3096200.0,1.4052,2815461000.0,0.00109971,5278.2
Bolivia,LA,1957,3159900.0,1.4394,2866148000.0,0.00110249,5297.7
Bolivia,LA,1958,3223600.0,1.4736,2918168000.0,0.00110467,5316.4
Bolivia,LA,1959,3287300.0,1.5078,2971839000.0,0.00110615,5334.4
Bolivia,LA,1960,3351000.0,1.542,3027112000.0,0.001107,5351.7
Bolivia,LA,1961,3437100.0,1.5627,3084358000.0,0.00111436,5287.7
Bolivia,LA,1962,3523200.0,1.5834,3143380000.0,0.00112083,5226.8
Bolivia,LA,1963,3609300.0,1.6041,3204489000.0,0.00112633,5168.8
Bolivia,LA,1964,3695400.0,1.6248,3268074000.0,0.00113076,5113.5
Bolivia,LA,1965,3781500.0,1.6455000000000002,3334092000.0,0.00113419,5060.7
Bolivia,LA,1966,3867600.0,1.6662,3402738000.0,0.00113661,5010.3
Bolivia,LA,1967,3953700.0,1.6869,3473827000.0,0.00113814,4962.1
Bolivia,LA,1968,4039800.0,1.7076,3546719000.0,0.00113902,4915.9
Bolivia,LA,1969,4125899.9999999995,1.7283000000000002,3620809000.0,0.0011395,4871.7
Bolivia,LA,1970,4212000.0,1.749,3695944000.0,0.00113963,4829.3
Bolivia,LA,1971,4326300.0,1.8316,3771809000.0,0.00114701,4923.7
Bolivia,LA,1972,4440600.0,1.9142,3847786000.0,0.00115407,5013.3
Bolivia,LA,1973,4554900.0,1.9968,3923766000.0,0.00116085,5098.4
Bolivia,LA,1974,4669200.0,2.0794,3999654000.0,0.0011674,5179.4
Bolivia,LA,1975,4783500.0,2.162,4075437000.0,0.00117374,5256.4
Bolivia,LA,1976,4897800.0,2.2446,4150660000.0,0.00118001,5329.9
Bolivia,LA,1977,5012100.0,2.3272000000000004,4225672000.0,0.00118611,5400.0
Bolivia,LA,1978,5126400.0,2.4098,4301501000.0,0.00119177,5467.0
Bolivia,LA,1979,5240700.0,2.4924,4378004000.0,0.00119705,5531.1
Bolivia,LA,1980,5355000.0,2.575,4456394000.0,0.00120164,5592.4
Bolivia,LA,1981,5486400.0,2.641,4535942000.0,0.00120954,5598.4
Bolivia,LA,1982,5617800.0,2.7070000000000003,4616948000.0,0.00121678,5604.0
Bolivia,LA,1983,5749200.0,2.773,4699604000.0,0.00122334,5609.5
Bolivia,LA,1984,5880600.0,2.839,4784334000.0,0.00122914,5614.7
Bolivia,LA,1985,6012000.0,2.905,4871434000.0,0.00123413,5619.6
Bolivia,LA,1986,6143400.0,2.971,4961120000.0,0.00123831,5624.4
Bolivia,LA,1987,6274800.0,3.037,5052960000.0,0.00124181,5628.9
Bolivia,LA,1988,6406200.0,3.103,5145733000.0,0.00124495,5633.3
Bolivia,LA,1989,6537600.0,3.169,5237968000.0,0.00124812,5637.5
Bolivia,LA,1990,6669000.0,3.235,5328602000.0,0.00125155,5641.5
Bolivia,LA,1991,6833800.0,3.4066,5417317000.0,0.00126147,5797.5
Bolivia,LA,1992,6998600.0,3.5782,5503880000.0,0.00127158,5946.1
Bolivia,LA,1993,7163400.0,3.7498,5588359000.0,0.00128184,6087.9
Bolivia,LA,1994,7328200.0,3.9214,5671048000.0,0.00129221,6223.3
Bolivia,LA,1995,7493000.0,4.093,5752408000.0,0.00130258,6352.8
Bolivia,LA,1996,7657800.0,4.2646,5832484000.0,0.00131296,6476.7
Bolivia,LA,1997,7822600.0,4.4362,5911415000.0,0.0013233,6595.4
Bolivia,LA,1998,7987400.0,4.607799999999999,5989470000.0,0.00133357,6709.2
Bolivia,LA,1999,8152200.0,4.7794,6067325000.0,0.00134362,6818.3
Bolivia,LA,2000,8317000.0,4.951,6145394000.0,0.00135337,6923.2
Bolivia,LA,2001,8488400.0,5.194699999999999,6223661000.0,0.00136389,7117.3
Bolivia,LA,2002,8659800.0,5.4384,6302453000.0,0.00137404,7303.7
Bolivia,LA,2003,8831200.0,5.6821,6381858000.0,0.0013838,7482.9
Bolivia,LA,2004,9002600.0,5.9258,6461988000.0,0.00139316,7655.2
Bolivia,LA,2005,9174000.0,6.169499999999999,6542867000.0,0.00140214,7821.2
Bolivia,LA,2006,9345400.0,6.4132,6624538000.0,0.00141072,7981.0
Bolivia,LA,2007,9516800.0,6.6569,6707018000.0,0.00141893,8135.1
Bolivia,LA,2008,9688200.0,6.9006,6790025000.0,0.00142683,8283.7
Bolivia,LA,2009,9859600.0,7.144299999999999,6874725000.0,0.00143418,8427.1
Bolivia,LA,2010,10031000.0,7.388,6959421000.0,0.00144136,8565.7
Bolivia,LA,2011,10195200.0,7.5807,7044266000.0,0.0014473,8647.6
Bolivia,LA,2012,10359400.0,7.7734,7129609000.0,0.00145301,8726.8
Bolivia,LA,2013,10523600.0,7.9661,7215047000.0,0.00145856,8803.6
Bolivia,LA,2014,10687800.0,8.1588,7300248000.0,0.00146403,8878.1
Bolivia,LA,2015,10852000.0,8.3515,7384880000.0,0.00146949,8950.2
Bolivia,LA,2016,11016200.0,8.5442,7469068000.0,0.00147491,9020.3
Bolivia,LA,2017,11180400.0,8.7369,7550393000.0,0.00148077,9088.2
Bolivia,LA,2018,11344600.0,8.929599999999999,7632955000.0,0.00148627,9154.2
Bolivia,LA,2019,11508800.0,9.1223,7714577000.0,0.00149183,9218.4
Bolivia,LA,2020,11673000.0,9.315,7795482000.0,0.00149741,9280.7
Brazil,LA,1820,4507000.0,1.693,1047270000.0,0.00430357,4368.7
Brazil,LA,1821,4584000.0,1.7221,1052728000.0,0.0043544,4369.1
Brazil,LA,1822,4661000.0,1.7512,1058224000.0,0.00440455,4369.5
Brazil,LA,1823,4738000.0,1.7803,1063824000.0,0.00445374,4370.0
Brazil,LA,1824,4815000.0,1.8094,1069477000.0,0.0045022,4370.4
Brazil,LA,1825,4892000.0,1.8385,1075142000.0,0.0045501,4370.8
Brazil,LA,1826,4969000.0,1.8676,1080733000.0,0.00459781,4371.1
Brazil,LA,1827,5046000.0,1.8967,1086318000.0,0.00464505,4371.5
Brazil,LA,1828,5123000.0,1.9258,1091853000.0,0.00469202,4371.9
Brazil,LA,1829,5200000.0,1.9549,1097270000.0,0.00473903,4372.2
Brazil,LA,1830,5277000.0,1.984,1102518000.0,0.00478632,4372.5
Brazil,LA,1831,5367100.0,2.0202,1108061000.0,0.00484369,4377.6
Brazil,LA,1832,5457200.0,2.0564,1113520000.0,0.00490085,4382.5
Brazil,LA,1833,5547300.0,2.0926,1119039000.0,0.0049572,4387.2
Brazil,LA,1834,5637400.0,2.1288,1124554000.0,0.00501301,4391.7
Brazil,LA,1835,5727500.0,2.165,1130361000.0,0.00506697,4396.2
Brazil,LA,1836,5817600.0,2.2012,1136068000.0,0.00512082,4400.4
Brazil,LA,1837,5907700.0,2.2374,1141817000.0,0.00517395,4404.6
Brazil,LA,1838,5997800.0,2.2736,1147560000.0,0.00522657,4408.6
Brazil,LA,1839,6087900.0,2.3098,1153428000.0,0.00527809,4412.5
Brazil,LA,1840,6178000.0,2.346,1159310000.0,0.00532903,4416.3
Brazil,LA,1841,6283600.0,2.3928000000000003,1165435000.0,0.00539163,4428.7
Brazil,LA,1842,6389200.0,2.4396,1171545000.0,0.00545365,4440.7
Brazil,LA,1843,6494800.0,2.4864,1177631000.0,0.00551514,4452.3
Brazil,LA,1844,6600400.0,2.5332,1183818000.0,0.00557552,4463.5
Brazil,LA,1845,6706000.0,2.58,1190091000.0,0.00563486,4474.4
Brazil,LA,1846,6811600.0,2.6268,1196249000.0,0.00569413,4484.9
Brazil,LA,1847,6917200.0,2.6736,1201397000.0,0.00575763,4495.2
Brazil,LA,1848,7022800.0,2.7204,1205963000.0,0.0058234,4505.1
Brazil,LA,1849,7128400.0,2.7672,1211069000.0,0.00588604,4514.7
Brazil,LA,1850,7234000.0,2.814,1216574000.0,0.00594621,4524.0
Brazil,LA,1851,7352400.0,2.8878,1218975000.0,0.00603162,4567.9
Brazil,LA,1852,7470800.0,2.9616,1221557000.0,0.0061158,4610.4
Brazil,LA,1853,7589200.0,3.0354,1224259000.0,0.00619902,4651.6
Brazil,LA,1854,7707600.0,3.1092,1226726000.0,0.00628307,4691.5
Brazil,LA,1855,7826000.0,3.183,1228814000.0,0.00636874,4730.2
Brazil,LA,1856,7944400.0,3.2568,1231565000.0,0.00645065,4767.7
Brazil,LA,1857,8062800.0,3.3306,1234524000.0,0.0065311,4804.1
Brazil,LA,1858,8181200.0,3.4044,1237487000.0,0.00661114,4839.5
Brazil,LA,1859,8299600.0,3.4782,1240642000.0,0.00668976,4873.9
Brazil,LA,1860,8418000.0,3.552,1243735000.0,0.00676832,4907.3
Brazil,LA,1861,8555900.0,3.5585,1247652000.0,0.0068576,4837.1
Brazil,LA,1862,8693800.0,3.565,1250707000.0,0.00695111,4769.0
Brazil,LA,1863,8831700.0,3.5715,1254013000.0,0.00704275,4703.1
Brazil,LA,1864,8969600.0,3.578,1257290000.0,0.00713407,4639.2
Brazil,LA,1865,9107500.0,3.5845,1260601000.0,0.00722473,4577.3
Brazil,LA,1866,9245400.0,3.591,1263629000.0,0.00731655,4517.2
Brazil,LA,1867,9383300.0,3.5975,1266809000.0,0.00740704,4458.9
Brazil,LA,1868,9521200.0,3.604,1269858000.0,0.00749785,4402.2
Brazil,LA,1869,9659100.0,3.6105,1271405000.0,0.00759719,4347.2
Brazil,LA,1870,9797000.0,3.617,1274661000.0,0.00768597,4293.7
Brazil,LA,1871,10030400.0,3.6739,1282387000.0,0.00782166,4259.8
Brazil,LA,1872,10263800.0,3.7308,1290858000.0,0.00795115,4227.4
Brazil,LA,1873,10497200.0,3.7877,1299848000.0,0.00807571,4196.4
Brazil,LA,1874,10730600.0,3.8446,1309013000.0,0.00819747,4166.8
Brazil,LA,1875,10964000.0,3.9015,1318339000.0,0.00831653,4138.5
Brazil,LA,1876,11197400.0,3.9584,1327814000.0,0.00843296,4111.3
Brazil,LA,1877,11430800.0,4.0153,1337399000.0,0.00854704,4085.3
Brazil,LA,1878,11664200.0,4.0722,1347055000.0,0.00865904,4060.3
Brazil,LA,1879,11897600.0,4.1291,1356760000.0,0.00876913,4036.2
Brazil,LA,1880,12131000.0,4.186,1366310000.0,0.00887866,4013.1
Brazil,LA,1881,12420000.0,4.3071,1376041000.0,0.00902589,4033.1
Brazil,LA,1882,12709000.0,4.4282,1385750000.0,0.00917121,4052.2
Brazil,LA,1883,12998000.0,4.5493,1395507000.0,0.00931418,4070.5
Brazil,LA,1884,13287000.0,4.6704,1405536000.0,0.00945333,4088.0
Brazil,LA,1885,13576000.0,4.7915,1415514000.0,0.00959086,4104.7
Brazil,LA,1886,13865000.0,4.9126,1425627000.0,0.00972555,4120.7
Brazil,LA,1887,14154000.0,5.0337000000000005,1435759000.0,0.0098582,4136.1
Brazil,LA,1888,14443000.0,5.1548,1445944000.0,0.00998863,4150.8
Brazil,LA,1889,14732000.0,5.2759,1456277000.0,0.01011621,4165.0
Brazil,LA,1890,15021000.0,5.397,1466582000.0,0.01024218,4178.6
Brazil,LA,1891,15378800.0,5.5738,1477705000.0,0.01040722,4215.1
Brazil,LA,1892,15736600.0,5.7506,1488973000.0,0.01056876,4249.9
Brazil,LA,1893,16094400.0,5.9274,1500286000.0,0.01072755,4283.2
Brazil,LA,1894,16452200.0,6.1042000000000005,1511963000.0,0.01088135,4315.0
Brazil,LA,1895,16810000.0,6.281000000000001,1523676000.0,0.01103253,4345.5
Brazil,LA,1896,17167800.0,6.457800000000001,1535655000.0,0.01117946,4374.7
Brazil,LA,1897,17525600.0,6.6346,1547830000.0,0.01132269,4402.7
Brazil,LA,1898,17883400.0,6.8114,1560243000.0,0.01146193,4429.6
Brazil,LA,1899,18241200.0,6.9882,1572611000.0,0.01159931,4455.5
Brazil,LA,1900,18599000.0,7.165,1584867000.0,0.01173537,4480.3
Brazil,LA,1901,19037500.0,7.5665,1600044000.0,0.01189811,4622.4
Brazil,LA,1902,19476000.0,7.968,1615427000.0,0.01205626,4758.1
Brazil,LA,1903,19914500.0,8.3695,1630965000.0,0.01221026,4887.8
Brazil,LA,1904,20353000.0,8.771,1646581000.0,0.01236076,5011.9
Brazil,LA,1905,20791500.0,9.1725,1662453000.0,0.01250652,5130.8
Brazil,LA,1906,21230000.0,9.574,1678596000.0,0.01264747,5244.7
Brazil,LA,1907,21668500.0,9.9755,1695030000.0,0.01278355,5354.1
Brazil,LA,1908,22107000.0,10.377,1711586000.0,0.01291609,5459.1
Brazil,LA,1909,22545500.0,10.7785,1728501000.0,0.01304338,5560.0
Brazil,LA,1910,22984000.0,11.18,1745736000.0,0.01316579,5657.1
Brazil,LA,1911,23519900.0,11.4282,1762399000.0,0.01334539,5651.0
Brazil,LA,1912,24055800.0,11.6764,1779061000.0,0.01352163,5645.1
Brazil,LA,1913,24591700.0,11.9246,1796080000.0,0.01369187,5639.4
Brazil,LA,1914,25127600.0,12.1728,1808262000.0,0.013896,5634.0
Brazil,LA,1915,25663500.0,12.421,1818401000.0,0.01411322,5628.9
Brazil,LA,1916,26199400.0,12.6692,1828586000.0,0.01432768,5623.9
Brazil,LA,1917,26735300.0,12.9174,1839381000.0,0.01453494,5619.1
Brazil,LA,1918,27271200.0,13.1656,1849942000.0,0.01474165,5614.6
Brazil,LA,1919,27807100.0,13.4138,1862569000.0,0.01492943,5610.2
Brazil,LA,1920,28343000.0,13.662,1875297000.0,0.01511387,5605.9
Brazil,LA,1921,28981200.0,14.0647,1886887000.0,0.01535927,5644.1
Brazil,LA,1922,29619400.0,14.4674,1903926000.0,0.01555701,5680.6
Brazil,LA,1923,30257600.0,14.8701,1924127000.0,0.01572537,5715.6
Brazil,LA,1924,30895800.0,15.2728,1946371000.0,0.01587354,5749.1
Brazil,LA,1925,31534000.0,15.6755,1968879000.0,0.01601622,5781.3
Brazil,LA,1926,32172200.0,16.078200000000002,1991829000.0,0.01615209,5812.1
Brazil,LA,1927,32810400.0,16.480900000000002,2014443000.0,0.01628758,5841.8
Brazil,LA,1928,33448600.0,16.8836,2036576000.0,0.01642394,5870.4
Brazil,LA,1929,34086800.0,17.2863,2059103000.0,0.0165542,5897.9
Brazil,LA,1930,34725000.0,17.689,2080211000.0,0.01669302,5924.4
Brazil,LA,1931,35504900.0,17.995,2101812000.0,0.01689252,5894.4
Brazil,LA,1932,36284800.0,18.301,2121508000.0,0.01710331,5865.8
Brazil,LA,1933,37064700.0,18.607,2140973000.0,0.01731208,5838.4
Brazil,LA,1934,37844600.0,18.913,2161152000.0,0.01751131,5812.1
Brazil,LA,1935,38624500.0,19.219,2181702000.0,0.01770384,5786.9
Brazil,LA,1936,39404400.0,19.525,2203365000.0,0.01788374,5762.7
Brazil,LA,1937,40184300.0,19.831,2226159000.0,0.01805096,5739.4
Brazil,LA,1938,40964200.0,20.137,2250491000.0,0.01820234,5717.0
Brazil,LA,1939,41744100.0,20.443,2275307000.0,0.01834658,5695.5
Brazil,LA,1940,42524000.0,20.749,2296743000.0,0.01851491,5674.7
Brazil,LA,1941,43669100.0,21.4665,2313071000.0,0.01887927,5717.0
Brazil,LA,1942,44814200.0,22.184,2331578000.0,0.01922055,5757.1
Brazil,LA,1943,45959300.0,22.9015,2350140000.0,0.01955598,5795.2
Brazil,LA,1944,47104400.0,23.619,2368872000.0,0.01988474,5831.5
Brazil,LA,1945,48249500.0,24.3365,2394093000.0,0.02015356,5866.0
Brazil,LA,1946,49394600.0,25.054,2419526000.0,0.02041499,5899.0
Brazil,LA,1947,50539700.0,25.7715,2446628000.0,0.02065688,5930.4
Brazil,LA,1948,51684800.0,26.489,2473860000.0,0.02089237,5960.5
Brazil,LA,1949,52829900.0,27.2065,2501856000.0,0.02111628,5989.3
Brazil,LA,1950,53975000.0,27.924,2529794000.0,0.02133573,6016.8
Brazil,LA,1951,55851900.0,29.4686,2577776000.0,0.0216667,6136.2
Brazil,LA,1952,57728800.0,31.0132,2624866000.0,0.02199305,6247.9
Brazil,LA,1953,59605700.0,32.5578,2671465000.0,0.02231199,6352.5
Brazil,LA,1954,61482600.0,34.1024,2718563000.0,0.02261585,6450.8
Brazil,LA,1955,63359500.0,35.647,2766430000.0,0.02290298,6543.2
Brazil,LA,1956,65236400.0,37.1916,2815461000.0,0.02317077,6630.3
Brazil,LA,1957,67113300.0,38.7362,2866148000.0,0.02341585,6712.6
Brazil,LA,1958,68990200.0,40.2808,2918168000.0,0.02364161,6790.3
Brazil,LA,1959,70867100.0,41.8254,2971839000.0,0.02384621,6864.0
Brazil,LA,1960,72744000.0,43.37,3027112000.0,0.02403083,6933.8
Brazil,LA,1961,75068700.0,44.9456,3084358000.0,0.02433852,6963.2
Brazil,LA,1962,77393400.0,46.5212,3143380000.0,0.02462108,6990.8
Brazil,LA,1963,79718100.0,48.0968,3204489000.0,0.02487701,7016.8
Brazil,LA,1964,82042800.0,49.6724,3268074000.0,0.02510433,7041.3
Brazil,LA,1965,84367500.0,51.248,3334092000.0,0.02530449,7064.5
Brazil,LA,1966,86692200.0,52.8236,3402738000.0,0.02547719,7086.4
Brazil,LA,1967,89016900.0,54.3992,3473827000.0,0.02562502,7107.2
Brazil,LA,1968,91341600.0,55.9748,3546719000.0,0.02575383,7126.9
Brazil,LA,1969,93666300.0,57.5504,3620809000.0,0.02586889,7145.7
Brazil,LA,1970,95991000.0,59.126,3695944000.0,0.02597198,7163.5
Brazil,LA,1971,98553700.0,64.1575,3771809000.0,0.02612903,7571.0
Brazil,LA,1972,101116400.0,69.189,3847786000.0,0.02627911,7957.8
Brazil,LA,1973,103679100.0,74.2205,3923766000.0,0.02642336,8325.5
Brazil,LA,1974,106241800.0,79.252,3999654000.0,0.02656275,8675.5
Brazil,LA,1975,108804500.0,84.2835,4075437000.0,0.02669763,9009.0
Brazil,LA,1976,111367200.0,89.315,4150660000.0,0.0268312,9327.1
Brazil,LA,1977,113929900.0,94.3465,4225672000.0,0.02696137,9630.9
Brazil,LA,1978,116492600.0,99.378,4301501000.0,0.02708185,9921.4
Brazil,LA,1979,119055300.0,104.4095,4378004000.0,0.02719397,10199.3
Brazil,LA,1980,121618000.0,109.441,4456394000.0,0.02729067,10465.5
Brazil,LA,1981,124408900.0,114.0855,4535942000.0,0.02742736,10664.9
Brazil,LA,1982,127199800.0,118.73,4616948000.0,0.02755062,10855.6
Brazil,LA,1983,129990700.0,123.3745,4699604000.0,0.02765993,11038.1
Brazil,LA,1984,132781600.0,128.019,4784334000.0,0.02775341,11212.9
Brazil,LA,1985,135572500.0,132.6635,4871434000.0,0.0278301,11380.5
Brazil,LA,1986,138363400.0,137.308,4961120000.0,0.02788955,11541.3
Brazil,LA,1987,141154300.0,141.9525,5052960000.0,0.02793497,11695.8
Brazil,LA,1988,143945200.0,146.59699999999998,5145733000.0,0.0279737,11844.3
Brazil,LA,1989,146736100.0,151.2415,5237968000.0,0.02801394,11987.1
Brazil,LA,1990,149527000.0,155.886,5328602000.0,0.02806121,12124.6
Brazil,LA,1991,151991000.0,161.3264,5417317000.0,0.02805651,12344.3
Brazil,LA,1992,154455000.0,166.7668,5503880000.0,0.02806293,12557.0
Brazil,LA,1993,156919000.0,172.2072,5588359000.0,0.02807962,12763.1
Brazil,LA,1994,159383000.0,177.64759999999998,5671048000.0,0.02810468,12962.7
Brazil,LA,1995,161847000.0,183.088,5752408000.0,0.02813552,13156.3
Brazil,LA,1996,164311000.0,188.5284,5832484000.0,0.0281717,13344.1
Brazil,LA,1997,166775000.0,193.9688,5911415000.0,0.02821237,13526.4
Brazil,LA,1998,169239000.0,199.4092,5989470000.0,0.02825609,13703.3
Brazil,LA,1999,171703000.0,204.8496,6067325000.0,0.02829962,13875.1
Brazil,LA,2000,174167000.0,210.29,6145394000.0,0.02834106,14042.1
Brazil,LA,2001,176300100.0,219.2158,6223661000.0,0.02832739,14461.0
Brazil,LA,2002,178433200.0,228.1416,6302453000.0,0.02831171,14869.9
Brazil,LA,2003,180566300.0,237.0674,6381858000.0,0.02829369,15269.1
Brazil,LA,2004,182699400.0,245.9932,6461988000.0,0.02827294,15659.1
Brazil,LA,2005,184832500.0,254.919,6542867000.0,0.02824947,16040.0
Brazil,LA,2006,186965600.0,263.8448,6624538000.0,0.02822319,16412.2
Brazil,LA,2007,189098700.0,272.7706,6707018000.0,0.02819415,16776.0
Brazil,LA,2008,191231800.0,281.6964,6790025000.0,0.02816364,17131.7
Brazil,LA,2009,193364900.0,290.6222,6874725000.0,0.02812693,17479.6
Brazil,LA,2010,195498000.0,299.548,6959421000.0,0.02809113,17819.8
Brazil,LA,2011,197204100.0,305.3974,7044266000.0,0.02799498,18010.6
Brazil,LA,2012,198910200.0,311.2468,7129609000.0,0.02789917,18198.2
Brazil,LA,2013,200616300.0,317.0962,7215047000.0,0.02780527,18382.5
Brazil,LA,2014,202322400.0,322.9456,7300248000.0,0.02771446,18563.7
Brazil,LA,2015,204028500.0,328.795,7384880000.0,0.02762787,18741.9
Brazil,LA,2016,205734600.0,334.6444,7469068000.0,0.02754488,18917.2
Brazil,LA,2017,207440700.0,340.4938,7550393000.0,0.02747416,19089.5
Brazil,LA,2018,209146800.0,346.3432,7632955000.0,0.0274005,19259.1
Brazil,LA,2019,210852900.0,352.1926,7714577000.0,0.02733175,19425.9
Brazil,LA,2020,212559000.0,358.042,7795482000.0,0.02726695,19590.0
Bulgaria,EE,1820,2187000.0,0.939,1047270000.0,0.00208829,4993.4
Bulgaria,EE,1821,2197000.0,0.9433,1052728000.0,0.00208696,4993.4
Bulgaria,EE,1822,2207000.0,0.9476,1058224000.0,0.00208557,4993.5
Bulgaria,EE,1823,2217000.0,0.9519,1063824000.0,0.00208399,4993.5
Bulgaria,EE,1824,2227000.0,0.9562,1069477000.0,0.00208233,4993.5
Bulgaria,EE,1825,2237000.0,0.9605,1075142000.0,0.00208066,4993.6
Bulgaria,EE,1826,2247000.0,0.9648,1080733000.0,0.00207914,4993.6
Bulgaria,EE,1827,2257000.0,0.9691,1086318000.0,0.00207766,4993.6
Bulgaria,EE,1828,2267000.0,0.9734,1091853000.0,0.00207629,4993.7
Bulgaria,EE,1829,2277000.0,0.9777,1097270000.0,0.00207515,4993.7
Bulgaria,EE,1830,2287000.0,0.982,1102518000.0,0.00207434,4993.7
Bulgaria,EE,1831,2297400.0,0.9865,1108061000.0,0.00207335,4993.9
Bulgaria,EE,1832,2307800.0,0.991,1113520000.0,0.00207253,4994.1
Bulgaria,EE,1833,2318200.0,0.9955,1119039000.0,0.0020716,4994.2
Bulgaria,EE,1834,2328600.0,1.0,1124554000.0,0.00207069,4994.4
Bulgaria,EE,1835,2339000.0,1.0045,1130361000.0,0.00206925,4994.6
Bulgaria,EE,1836,2349400.0,1.009,1136068000.0,0.00206801,4994.8
Bulgaria,EE,1837,2359800.0,1.0134999999999998,1141817000.0,0.00206671,4994.9
Bulgaria,EE,1838,2370200.0,1.018,1147560000.0,0.00206543,4995.1
Bulgaria,EE,1839,2380600.0,1.0225,1153428000.0,0.00206393,4995.2
Bulgaria,EE,1840,2391000.0,1.027,1159310000.0,0.00206243,4995.4
Bulgaria,EE,1841,2401900.0,1.0316,1165435000.0,0.00206095,4995.0
Bulgaria,EE,1842,2412800.0,1.0362,1171545000.0,0.0020595,4994.6
Bulgaria,EE,1843,2423700.0,1.0408,1177631000.0,0.00205811,4994.2
Bulgaria,EE,1844,2434600.0,1.0454,1183818000.0,0.00205657,4993.8
Bulgaria,EE,1845,2445500.0,1.0499999999999998,1190091000.0,0.00205488,4993.5
Bulgaria,EE,1846,2456400.0,1.0546,1196249000.0,0.00205342,4993.1
Bulgaria,EE,1847,2467300.0,1.0592,1201397000.0,0.00205369,4992.7
Bulgaria,EE,1848,2478200.0,1.0638,1205963000.0,0.00205496,4992.3
Bulgaria,EE,1849,2489100.0,1.0684,1211069000.0,0.00205529,4992.0
Bulgaria,EE,1850,2500000.0,1.073,1216574000.0,0.00205495,4991.6
Bulgaria,EE,1851,2504300.0,1.0723,1218975000.0,0.00205443,4979.8
Bulgaria,EE,1852,2508600.0,1.0716,1221557000.0,0.00205361,4968.0
Bulgaria,EE,1853,2512900.0,1.0709,1224259000.0,0.00205259,4956.3
Bulgaria,EE,1854,2517200.0,1.0702,1226726000.0,0.00205197,4944.6
Bulgaria,EE,1855,2521500.0,1.0695,1228814000.0,0.00205198,4932.9
Bulgaria,EE,1856,2525800.0,1.0688,1231565000.0,0.00205089,4921.3
Bulgaria,EE,1857,2530100.0,1.0681,1234524000.0,0.00204945,4909.7
Bulgaria,EE,1858,2534400.0,1.0674,1237487000.0,0.00204802,4898.1
Bulgaria,EE,1859,2538700.0,1.0667,1240642000.0,0.00204628,4886.6
Bulgaria,EE,1860,2543000.0,1.066,1243735000.0,0.00204465,4875.2
Bulgaria,EE,1861,2547300.0,1.0684,1247652000.0,0.00204168,4877.9
Bulgaria,EE,1862,2551600.0,1.0708,1250707000.0,0.00204013,4880.6
Bulgaria,EE,1863,2555900.0,1.0732000000000002,1254013000.0,0.00203818,4883.3
Bulgaria,EE,1864,2560200.0,1.0756,1257290000.0,0.00203628,4886.0
Bulgaria,EE,1865,2564500.0,1.078,1260601000.0,0.00203435,4888.7
Bulgaria,EE,1866,2568800.0,1.0804,1263629000.0,0.00203288,4891.4
Bulgaria,EE,1867,2573100.0,1.0828,1266809000.0,0.00203117,4894.1
Bulgaria,EE,1868,2577400.0,1.0852000000000002,1269858000.0,0.00202968,4896.7
Bulgaria,EE,1869,2581700.0,1.0876,1271405000.0,0.00203059,4899.4
Bulgaria,EE,1870,2586000.0,1.09,1274661000.0,0.00202877,4902.0
Bulgaria,EE,1871,2625900.0,1.1054000000000002,1282387000.0,0.00204767,4895.8
Bulgaria,EE,1872,2665800.0,1.1208,1290858000.0,0.00206514,4889.7
Bulgaria,EE,1873,2705700.0,1.1362,1299848000.0,0.00208155,4883.8
Bulgaria,EE,1874,2745600.0,1.1516,1309013000.0,0.00209746,4878.0
Bulgaria,EE,1875,2785500.0,1.167,1318339000.0,0.00211289,4872.5
Bulgaria,EE,1876,2825400.0,1.1824,1327814000.0,0.00212786,4867.0
Bulgaria,EE,1877,2865300.0,1.1978,1337399000.0,0.00214244,4861.8
Bulgaria,EE,1878,2905200.0,1.2132,1347055000.0,0.0021567,4856.6
Bulgaria,EE,1879,2945100.0,1.2286,1356760000.0,0.00217069,4851.7
Bulgaria,EE,1880,2985000.0,1.244,1366310000.0,0.00218472,4846.8
Bulgaria,EE,1881,3031000.0,1.2604,1376041000.0,0.0022027,4836.2
Bulgaria,EE,1882,3077000.0,1.2768,1385750000.0,0.00222046,4825.9
Bulgaria,EE,1883,3123000.0,1.2932,1395507000.0,0.0022379,4815.9
Bulgaria,EE,1884,3169000.0,1.3096,1405536000.0,0.00225466,4806.1
Bulgaria,EE,1885,3215000.0,1.326,1415514000.0,0.00227126,4796.7
Bulgaria,EE,1886,3261000.0,1.3424,1425627000.0,0.00228741,4787.5
Bulgaria,EE,1887,3307000.0,1.3588,1435759000.0,0.00230331,4778.6
Bulgaria,EE,1888,3353000.0,1.3752,1445944000.0,0.0023189,4769.9
Bulgaria,EE,1889,3399000.0,1.3916,1456277000.0,0.00233403,4761.5
Bulgaria,EE,1890,3445000.0,1.408,1466582000.0,0.002349,4753.3
Bulgaria,EE,1891,3500500.0,1.4309999999999998,1477705000.0,0.00236888,4754.3
Bulgaria,EE,1892,3556000.0,1.454,1488973000.0,0.00238822,4755.3
Bulgaria,EE,1893,3611500.0,1.477,1500286000.0,0.00240721,4756.3
Bulgaria,EE,1894,3667000.0,1.5,1511963000.0,0.00242532,4757.3
Bulgaria,EE,1895,3722500.0,1.523,1523676000.0,0.0024431,4758.2
Bulgaria,EE,1896,3778000.0,1.5459999999999998,1535655000.0,0.00246019,4759.1
Bulgaria,EE,1897,3833500.0,1.569,1547830000.0,0.00247669,4760.0
Bulgaria,EE,1898,3889000.0,1.592,1560243000.0,0.00249256,4760.9
Bulgaria,EE,1899,3944500.0,1.615,1572611000.0,0.00250825,4761.7
Bulgaria,EE,1900,4000000.0,1.638,1584867000.0,0.00252387,4762.5
Bulgaria,EE,1901,4052000.0,1.6615,1600044000.0,0.00253243,4768.8
Bulgaria,EE,1902,4104000.0,1.6849999999999998,1615427000.0,0.0025405,4775.0
Bulgaria,EE,1903,4156000.0,1.7085,1630965000.0,0.00254818,4781.0
Bulgaria,EE,1904,4208000.0,1.732,1646581000.0,0.0025556,4786.9
Bulgaria,EE,1905,4260000.0,1.7555,1662453000.0,0.00256248,4792.6
Bulgaria,EE,1906,4312000.0,1.779,1678596000.0,0.00256881,4798.2
Bulgaria,EE,1907,4364000.0,1.8025,1695030000.0,0.00257459,4803.6
Bulgaria,EE,1908,4416000.0,1.826,1711586000.0,0.00258006,4809.0
Bulgaria,EE,1909,4468000.0,1.8495,1728501000.0,0.0025849,4814.2
Bulgaria,EE,1910,4520000.0,1.873,1745736000.0,0.00258917,4819.2
Bulgaria,EE,1911,4575200.0,1.8877,1762399000.0,0.00259601,4798.5
Bulgaria,EE,1912,4630400.0,1.9024,1779061000.0,0.00260272,4778.2
Bulgaria,EE,1913,4685600.0,1.9171,1796080000.0,0.00260879,4758.4
Bulgaria,EE,1914,4740800.0,1.9318,1808262000.0,0.00262174,4739.0
Bulgaria,EE,1915,4796000.0,1.9465,1818401000.0,0.00263748,4720.1
Bulgaria,EE,1916,4851200.0,1.9612,1828586000.0,0.00265298,4701.7
Bulgaria,EE,1917,4906400.0,1.9759,1839381000.0,0.00266742,4683.6
Bulgaria,EE,1918,4961600.0,1.9906,1849942000.0,0.00268203,4666.0
Bulgaria,EE,1919,5016800.0,2.0053,1862569000.0,0.00269348,4648.7
Bulgaria,EE,1920,5072000.0,2.02,1875297000.0,0.00270464,4631.8
Bulgaria,EE,1921,5167500.0,2.087,1886887000.0,0.00273864,4697.0
Bulgaria,EE,1922,5263000.0,2.154,1903926000.0,0.00276429,4759.8
Bulgaria,EE,1923,5358500.0,2.221,1924127000.0,0.0027849,4820.4
Bulgaria,EE,1924,5454000.0,2.288,1946371000.0,0.00280214,4878.9
Bulgaria,EE,1925,5549500.0,2.355,1968879000.0,0.00281861,4935.3
Bulgaria,EE,1926,5645000.0,2.422,1991829000.0,0.00283408,4989.9
Bulgaria,EE,1927,5740500.0,2.489,2014443000.0,0.00284967,5042.6
Bulgaria,EE,1928,5836000.0,2.556,2036576000.0,0.00286559,5093.6
Bulgaria,EE,1929,5931500.0,2.623,2059103000.0,0.00288062,5143.0
Bulgaria,EE,1930,6027000.0,2.69,2080211000.0,0.0028973,5190.8
Bulgaria,EE,1931,6090900.0,2.749,2101812000.0,0.00289793,5249.0
Bulgaria,EE,1932,6154800.0,2.808,2121508000.0,0.00290114,5305.9
Bulgaria,EE,1933,6218700.0,2.867,2140973000.0,0.00290461,5361.8
Bulgaria,EE,1934,6282600.0,2.926,2161152000.0,0.00290706,5416.4
Bulgaria,EE,1935,6346500.0,2.985,2181702000.0,0.00290897,5470.0
Bulgaria,EE,1936,6410400.0,3.044,2203365000.0,0.00290937,5522.5
Bulgaria,EE,1937,6474300.0,3.103,2226159000.0,0.00290828,5574.0
Bulgaria,EE,1938,6538200.0,3.162,2250491000.0,0.00290523,5624.5
Bulgaria,EE,1939,6602100.0,3.221,2275307000.0,0.00290163,5674.0
Bulgaria,EE,1940,6666000.0,3.28,2296743000.0,0.00290237,5722.5
Bulgaria,EE,1941,6724500.0,3.385,2313071000.0,0.00290717,5854.3
Bulgaria,EE,1942,6783000.0,3.49,2331578000.0,0.00290919,5983.9
Bulgaria,EE,1943,6841500.0,3.595,2350140000.0,0.0029111,6111.2
Bulgaria,EE,1944,6900000.0,3.7,2368872000.0,0.00291278,6236.4
Bulgaria,EE,1945,6958500.0,3.805,2394093000.0,0.00290653,6359.4
Bulgaria,EE,1946,7017000.0,3.91,2419526000.0,0.00290015,6480.4
Bulgaria,EE,1947,7075500.0,4.015,2446628000.0,0.00289194,6599.5
Bulgaria,EE,1948,7134000.0,4.12,2473860000.0,0.00288375,6716.5
Bulgaria,EE,1949,7192500.0,4.225,2501856000.0,0.00287487,6831.7
Bulgaria,EE,1950,7251000.0,4.33,2529794000.0,0.00286624,6945.0
Bulgaria,EE,1951,7312600.0,4.7045,2577776000.0,0.00283679,7482.1
Bulgaria,EE,1952,7374200.0,5.079,2624866000.0,0.00280936,8010.2
Bulgaria,EE,1953,7435800.0,5.4535,2671465000.0,0.00278342,8529.6
Bulgaria,EE,1954,7497400.0,5.827999999999999,2718563000.0,0.00275785,9040.4
Bulgaria,EE,1955,7559000.0,6.2025,2766430000.0,0.0027324,9542.9
Bulgaria,EE,1956,7620600.0,6.577,2815461000.0,0.0027067,10037.3
Bulgaria,EE,1957,7682200.0,6.951499999999999,2866148000.0,0.00268032,10523.8
Bulgaria,EE,1958,7743800.0,7.326,2918168000.0,0.00265365,11002.5
Bulgaria,EE,1959,7805400.0,7.7005,2971839000.0,0.00262645,11473.7
Bulgaria,EE,1960,7867000.0,8.075,3027112000.0,0.00259885,11937.5
Bulgaria,EE,1961,7929300.0,9.2345,3084358000.0,0.00257081,13544.4
Bulgaria,EE,1962,7991600.0,10.394,3143380000.0,0.00254236,15126.2
Bulgaria,EE,1963,8053900.0,11.5535,3204489000.0,0.00251332,16683.5
Bulgaria,EE,1964,8116200.0,12.713,3268074000.0,0.00248348,18216.9
Bulgaria,EE,1965,8178500.0,13.8725,3334092000.0,0.00245299,19727.0
Bulgaria,EE,1966,8240799.999999999,15.032,3402738000.0,0.00242181,21214.2
Bulgaria,EE,1967,8303100.0,16.1915,3473827000.0,0.00239019,22679.1
Bulgaria,EE,1968,8365400.0,17.351,3546719000.0,0.00235863,24122.2
Bulgaria,EE,1969,8427700.0,18.5105,3620809000.0,0.00232757,25544.0
Bulgaria,EE,1970,8490000.0,19.67,3695944000.0,0.00229711,26944.9
Bulgaria,EE,1971,8528900.0,20.753100000000003,3771809000.0,0.00226122,28298.9
Bulgaria,EE,1972,8567800.0,21.8362,3847786000.0,0.00222668,29640.6
Bulgaria,EE,1973,8606700.0,22.9193,3923766000.0,0.00219348,30970.2
Bulgaria,EE,1974,8645600.0,24.0024,3999654000.0,0.00216159,32287.9
Bulgaria,EE,1975,8684500.0,25.085500000000003,4075437000.0,0.00213094,33593.7
Bulgaria,EE,1976,8723400.0,26.1686,4150660000.0,0.00210169,34887.9
Bulgaria,EE,1977,8762300.0,27.2517,4225672000.0,0.00207359,36170.6
Bulgaria,EE,1978,8801200.0,28.3348,4301501000.0,0.00204608,37441.9
Bulgaria,EE,1979,8840100.0,29.417900000000003,4378004000.0,0.00201921,38702.1
Bulgaria,EE,1980,8879000.0,30.501,4456394000.0,0.00199242,39951.2
Bulgaria,EE,1981,8875200.0,30.4414,4535942000.0,0.00195664,39890.2
Bulgaria,EE,1982,8871400.0,30.3818,4616948000.0,0.00192149,39829.2
Bulgaria,EE,1983,8867600.0,30.3222,4699604000.0,0.00188688,39768.1
Bulgaria,EE,1984,8863800.0,30.262600000000003,4784334000.0,0.00185267,39706.9
Bulgaria,EE,1985,8860000.0,30.203000000000003,4871434000.0,0.00181877,39645.7
Bulgaria,EE,1986,8856200.0,30.1434,4961120000.0,0.00178512,39584.4
Bulgaria,EE,1987,8852400.0,30.0838,5052960000.0,0.00175192,39523.1
Bulgaria,EE,1988,8848600.0,30.0242,5145733000.0,0.0017196,39461.8
Bulgaria,EE,1989,8844800.0,29.9646,5237968000.0,0.00168859,39400.4
Bulgaria,EE,1990,8841000.0,29.905,5328602000.0,0.00165916,39338.9
Bulgaria,EE,1991,8756700.0,28.951500000000003,5417317000.0,0.00161643,38451.2
Bulgaria,EE,1992,8672400.0,27.998,5503880000.0,0.00157569,37546.3
Bulgaria,EE,1993,8588100.0,27.0445,5588359000.0,0.00153678,36623.6
Bulgaria,EE,1994,8503800.0,26.091,5671048000.0,0.00149951,35682.7
Bulgaria,EE,1995,8419500.0,25.137500000000003,5752408000.0,0.00146365,34722.9
Bulgaria,EE,1996,8335200.000000001,24.184,5832484000.0,0.0014291,33743.6
Bulgaria,EE,1997,8250900.0,23.2305,5911415000.0,0.00139576,32744.4
Bulgaria,EE,1998,8166600.0,22.277,5989470000.0,0.00136349,31724.5
Bulgaria,EE,1999,8082300.0,21.323500000000003,6067325000.0,0.0013321,30683.4
Bulgaria,EE,2000,7998000.0,20.37,6145394000.0,0.00130146,29620.3
Bulgaria,EE,2001,7938700.0,20.293100000000003,6223661000.0,0.00127557,29728.9
Bulgaria,EE,2002,7879400.0,20.2162,6302453000.0,0.00125021,29839.1
Bulgaria,EE,2003,7820100.0,20.1393,6381858000.0,0.00122536,29951.0
Bulgaria,EE,2004,7760800.0,20.0624,6461988000.0,0.00120099,30064.6
Bulgaria,EE,2005,7701500.0,19.9855,6542867000.0,0.00117708,30180.0
Bulgaria,EE,2006,7642200.0,19.9086,6624538000.0,0.00115362,30297.2
Bulgaria,EE,2007,7582900.0,19.8317,6707018000.0,0.00113059,30416.2
Bulgaria,EE,2008,7523600.0,19.7548,6790025000.0,0.00110804,30537.0
Bulgaria,EE,2009,7464300.0,19.6779,6874725000.0,0.00108576,30659.8
Bulgaria,EE,2010,7405000.0,19.601,6959421000.0,0.00106403,30784.6
Bulgaria,EE,2011,7359300.0,19.5332,7044266000.0,0.00104472,30868.6
Bulgaria,EE,2012,7313600.0,19.4654,7129609000.0,0.00102581,30953.6
Bulgaria,EE,2013,7267900.0,19.3976,7215047000.0,0.00100733,31039.8
Bulgaria,EE,2014,7222200.0,19.3298,7300248000.0,0.00098931,31127.0
Bulgaria,EE,2015,7176500.0,19.262,7384880000.0,0.00097178,31215.4
Bulgaria,EE,2016,7130800.0,19.1942,7469068000.0,0.00095471,31304.8
Bulgaria,EE,2017,7085100.0,19.1264,7550393000.0,0.00093837,31395.5
Bulgaria,EE,2018,7039400.0,19.0586,7632955000.0,0.00092224,31487.3
Bulgaria,EE,2019,6993700.0,18.9908,7714577000.0,0.00090656,31580.3
Bulgaria,EE,2020,6948000.0,18.923,7795482000.0,0.00089129,31674.5
Canada,NAm,1820,446000.0,1.791,1047270000.0,0.00042587,46702.5
Canada,NAm,1821,480200.0,1.9272,1052728000.0,0.00045615,46675.0
Canada,NAm,1822,514400.0,2.0634,1058224000.0,0.0004861,46651.1
Canada,NAm,1823,548600.0,2.1996,1063824000.0,0.00051569,46630.2
Canada,NAm,1824,582800.0,2.3358,1069477000.0,0.00054494,46611.8
Canada,NAm,1825,617000.0,2.472,1075142000.0,0.00057388,46595.4
Canada,NAm,1826,651200.0,2.6082,1080733000.0,0.00060255,46580.7
Canada,NAm,1827,685400.0000000001,2.7444,1086318000.0,0.00063094,46567.5
Canada,NAm,1828,719600.0,2.8806000000000003,1091853000.0,0.00065906,46555.6
Canada,NAm,1829,753800.0,3.0168,1097270000.0,0.00068698,46544.7
Canada,NAm,1830,788000.0,3.153,1102518000.0,0.00071473,46534.8
Canada,NAm,1831,822500.0,3.2437,1108061000.0,0.00074229,45865.3
Canada,NAm,1832,857000.0,3.3344,1113520000.0,0.00076963,45249.8
Canada,NAm,1833,891500.0,3.4251,1119039000.0,0.00079667,44681.9
Canada,NAm,1834,926000.0,3.5158,1124554000.0,0.00082344,44156.3
Canada,NAm,1835,960500.0,3.6065,1130361000.0,0.00084973,43668.5
Canada,NAm,1836,995000.0,3.6972,1136068000.0,0.00087583,43214.5
Canada,NAm,1837,1029500.0,3.7879,1141817000.0,0.00090163,42790.9
Canada,NAm,1838,1064000.0,3.8786,1147560000.0,0.00092718,42394.8
Canada,NAm,1839,1098500.0,3.9693,1153428000.0,0.00095238,42023.6
Canada,NAm,1840,1133000.0,4.06,1159310000.0,0.00097731,41675.0
Canada,NAm,1841,1228300.0,4.320399999999999,1165435000.0,0.00105394,40907.1
Canada,NAm,1842,1323600.0,4.5808,1171545000.0,0.00112979,40249.9
Canada,NAm,1843,1418900.0,4.8412,1177631000.0,0.00120488,39680.8
Canada,NAm,1844,1514200.0,5.1016,1183818000.0,0.00127908,39183.5
Canada,NAm,1845,1609500.0,5.362,1190091000.0,0.00135242,38745.0
Canada,NAm,1846,1704800.0,5.6224,1196249000.0,0.00142512,38355.5
Canada,NAm,1847,1800100.0,5.8828,1201397000.0,0.00149834,38007.3
Canada,NAm,1848,1895400.0,6.1432,1205963000.0,0.00157169,37694.1
Canada,NAm,1849,1990700.0,6.4036,1211069000.0,0.00164375,37410.9
Canada,NAm,1850,2086000.0,6.664,1216574000.0,0.00171465,37153.6
Canada,NAm,1851,2186300.0,6.9028,1218975000.0,0.00179356,36719.4
Canada,NAm,1852,2286600.0,7.1416,1221557000.0,0.00187187,36323.3
Canada,NAm,1853,2386900.0,7.3804,1224259000.0,0.00194967,35960.5
Canada,NAm,1854,2487200.0,7.619199999999999,1226726000.0,0.00202751,35626.9
Canada,NAm,1855,2587500.0,7.858,1228814000.0,0.00210569,35319.2
Canada,NAm,1856,2687800.0,8.0968,1231565000.0,0.00218243,35034.5
Canada,NAm,1857,2788100.0,8.3356,1234524000.0,0.00225844,34770.3
Canada,NAm,1858,2888400.0,8.574399999999999,1237487000.0,0.00233409,34524.4
Canada,NAm,1859,2988700.0,8.8132,1240642000.0,0.00240899,34295.0
Canada,NAm,1860,3089000.0,9.052,1243735000.0,0.00248365,34080.5
Canada,NAm,1861,3142600.0,9.2025,1247652000.0,0.00251881,34056.2
Canada,NAm,1862,3196200.0,9.353,1250707000.0,0.00255551,34032.7
Canada,NAm,1863,3249800.0,9.5035,1254013000.0,0.00259152,34010.0
Canada,NAm,1864,3303400.0,9.654,1257290000.0,0.0026274,33988.0
Canada,NAm,1865,3357000.0,9.8045,1260601000.0,0.00266302,33966.7
Canada,NAm,1866,3410600.0,9.955,1263629000.0,0.00269905,33946.1
Canada,NAm,1867,3464200.0,10.1055,1266809000.0,0.00273459,33926.1
Canada,NAm,1868,3517800.0,10.256,1269858000.0,0.00277023,33906.8
Canada,NAm,1869,3571400.0,10.4065,1271405000.0,0.00280902,33888.0
Canada,NAm,1870,3625000.0,10.557,1274661000.0,0.00284389,33869.8
Canada,NAm,1871,3688000.0,10.7218,1282387000.0,0.00287589,33810.9
Canada,NAm,1872,3751000.0,10.8866,1290858000.0,0.00290582,33754.0
Canada,NAm,1873,3814000.0,11.0514,1299848000.0,0.00293419,33698.9
Canada,NAm,1874,3877000.0,11.2162,1309013000.0,0.00296177,33645.7
Canada,NAm,1875,3940000.0,11.381,1318339000.0,0.00298861,33594.2
Canada,NAm,1876,4003000.0,11.5458,1327814000.0,0.00301473,33544.3
Canada,NAm,1877,4066000.0,11.7106,1337399000.0,0.00304023,33495.9
Canada,NAm,1878,4129000.0,11.8754,1347055000.0,0.00306521,33449.0
Canada,NAm,1879,4192000.0,12.0402,1356760000.0,0.00308971,33403.5
Canada,NAm,1880,4255000.0,12.205,1366310000.0,0.00311423,33359.4
Canada,NAm,1881,4307400.0,12.3865,1376041000.0,0.00313028,33443.6
Canada,NAm,1882,4359800.0,12.568,1385750000.0,0.00314617,33525.8
Canada,NAm,1883,4412200.0,12.7495,1395507000.0,0.00316172,33606.1
Canada,NAm,1884,4464600.0,12.931,1405536000.0,0.00317644,33684.4
Canada,NAm,1885,4517000.0,13.1125,1415514000.0,0.00319107,33761.0
Canada,NAm,1886,4569400.0,13.294,1425627000.0,0.00320519,33835.8
Canada,NAm,1887,4621800.0,13.4755,1435759000.0,0.00321906,33908.9
Canada,NAm,1888,4674200.0,13.657,1445944000.0,0.00323263,33980.3
Canada,NAm,1889,4726600.0,13.8385,1456277000.0,0.00324567,34050.2
Canada,NAm,1890,4779000.0,14.02,1466582000.0,0.0032586,34118.6
Canada,NAm,1891,4831200.0,14.1227,1477705000.0,0.00326939,33997.1
Canada,NAm,1892,4883400.0,14.2254,1488973000.0,0.00327971,33878.3
Canada,NAm,1893,4935600.0,14.3281,1500286000.0,0.00328977,33762.0
Canada,NAm,1894,4987800.0,14.4308,1511963000.0,0.00329889,33648.1
Canada,NAm,1895,5040000.0,14.5335,1523676000.0,0.00330779,33536.6
Canada,NAm,1896,5092200.0,14.6362,1535655000.0,0.00331598,33427.4
Canada,NAm,1897,5144400.0,14.7389,1547830000.0,0.00332362,33320.4
Canada,NAm,1898,5196600.0,14.8416,1560243000.0,0.00333064,33215.5
Canada,NAm,1899,5248800.0,14.9443,1572611000.0,0.00333763,33112.8
Canada,NAm,1900,5301000.0,15.047,1584867000.0,0.00334476,33012.0
Canada,NAm,1901,5469700.0,15.9427,1600044000.0,0.00341847,33898.3
Canada,NAm,1902,5638400.0,16.8384,1615427000.0,0.00349035,34731.6
Canada,NAm,1903,5807100.0,17.7341,1630965000.0,0.00356053,35516.5
Canada,NAm,1904,5975800.0,18.6298,1646581000.0,0.00362922,36257.0
Canada,NAm,1905,6144500.0,19.5255,1662453000.0,0.00369604,36956.9
Canada,NAm,1906,6313200.0,20.4212,1678596000.0,0.003761,37619.4
Canada,NAm,1907,6481900.0,21.3169,1695030000.0,0.00382406,38247.4
Canada,NAm,1908,6650600.0,22.2126,1711586000.0,0.00388564,38843.5
Canada,NAm,1909,6819300.0,23.1083,1728501000.0,0.00394521,39410.1
Canada,NAm,1910,6988000.0,24.004,1745736000.0,0.0040029,39949.4
Canada,NAm,1911,7144800.0,24.8973,1762399000.0,0.00405402,40526.8
Canada,NAm,1912,7301600.0,25.7906,1779061000.0,0.00410419,41079.3
Canada,NAm,1913,7458400.0,26.6839,1796080000.0,0.0041526,41608.6
Canada,NAm,1914,7615200.0,27.5772,1808262000.0,0.00421134,42116.1
Canada,NAm,1915,7772000.0,28.4705,1818401000.0,0.00427408,42603.2
Canada,NAm,1916,7928800.0,29.3638,1828586000.0,0.00433603,43071.0
Canada,NAm,1917,8085600.0,30.2571,1839381000.0,0.00439583,43520.6
Canada,NAm,1918,8242400.0,31.1504,1849942000.0,0.00445549,43953.1
Canada,NAm,1919,8399200.0,32.0437,1862569000.0,0.00450947,44369.5
Canada,NAm,1920,8556000.0,32.937,1875297000.0,0.00456248,44770.6
Canada,NAm,1921,8721200.0,33.462399999999995,1886887000.0,0.004622,44623.2
Canada,NAm,1922,8886400.0,33.9878,1903926000.0,0.00466741,44481.2
Canada,NAm,1923,9051600.0,34.5132,1924127000.0,0.00470426,44344.5
Canada,NAm,1924,9216800.0,35.0386,1946371000.0,0.00473538,44212.6
Canada,NAm,1925,9382000.0,35.564,1968879000.0,0.00476515,44085.4
Canada,NAm,1926,9547200.0,36.0894,1991829000.0,0.00479318,43962.6
Canada,NAm,1927,9712400.0,36.6148,2014443000.0,0.00482138,43844.0
Canada,NAm,1928,9877600.0,37.1402,2036576000.0,0.0048501,43729.3
Canada,NAm,1929,10042800.0,37.665600000000005,2059103000.0,0.00487727,43618.4
Canada,NAm,1930,10208000.0,38.191,2080211000.0,0.00490719,43511.1
Canada,NAm,1931,10325300.0,38.492,2101812000.0,0.00491257,43355.8
Canada,NAm,1932,10442600.0,38.793,2121508000.0,0.00492225,43204.0
Canada,NAm,1933,10559900.0,39.094,2140973000.0,0.00493229,43055.6
Canada,NAm,1934,10677200.0,39.395,2161152000.0,0.00494051,42910.5
Canada,NAm,1935,10794500.0,39.696,2181702000.0,0.00494774,42768.5
Canada,NAm,1936,10911800.0,39.997,2203365000.0,0.00495233,42629.5
Canada,NAm,1937,11029100.0,40.298,2226159000.0,0.00495432,42493.6
Canada,NAm,1938,11146400.0,40.599,2250491000.0,0.00495287,42360.4
Canada,NAm,1939,11263700.0,40.9,2275307000.0,0.00495041,42230.1
Canada,NAm,1940,11381000.0,41.201,2296743000.0,0.00495528,42102.4
Canada,NAm,1941,11614100.0,43.021,2313071000.0,0.00502107,43079.9
Canada,NAm,1942,11847200.0,44.841,2331578000.0,0.00508119,44018.9
Canada,NAm,1943,12080300.0,46.661,2350140000.0,0.00514025,44921.7
Canada,NAm,1944,12313400.0,48.481,2368872000.0,0.005198,45790.3
Canada,NAm,1945,12546500.0,50.301,2394093000.0,0.00524061,46626.6
Canada,NAm,1946,12779600.0,52.121,2419526000.0,0.00528186,47432.4
Canada,NAm,1947,13012700.0,53.941,2446628000.0,0.00531863,48209.4
Canada,NAm,1948,13245800.0,55.761,2473860000.0,0.0053543,48958.9
Canada,NAm,1949,13478900.0,57.581,2501856000.0,0.00538756,49682.6
Canada,NAm,1950,13712000.0,59.401,2529794000.0,0.0054202,50381.7
Canada,NAm,1951,14127800.0,61.211400000000005,2577776000.0,0.00548062,50389.2
Canada,NAm,1952,14543600.0,63.0218,2624866000.0,0.0055407,50396.3
Canada,NAm,1953,14959400.0,64.8322,2671465000.0,0.0055997,50403.0
Canada,NAm,1954,15375200.0,66.6426,2718563000.0,0.00565563,50409.3
Canada,NAm,1955,15791000.0,68.453,2766430000.0,0.00570808,50415.3
Canada,NAm,1956,16206800.0,70.26339999999999,2815461000.0,0.00575636,50421.0
Canada,NAm,1957,16622599.999999998,72.07379999999999,2866148000.0,0.00579963,50426.4
Canada,NAm,1958,17038400.0,73.88419999999999,2918168000.0,0.00583873,50431.6
Canada,NAm,1959,17454200.0,75.6946,2971839000.0,0.0058732,50436.5
Canada,NAm,1960,17870000.0,77.505,3027112000.0,0.00590332,50441.1
Canada,NAm,1961,18212700.0,82.2599,3084358000.0,0.00590486,52528.3
Canada,NAm,1962,18555400.0,87.0148,3143380000.0,0.00590301,54538.4
Canada,NAm,1963,18898100.0,91.7697,3204489000.0,0.00589738,56475.6
Canada,NAm,1964,19240800.0,96.5246,3268074000.0,0.0058875,58343.8
Canada,NAm,1965,19583500.0,101.2795,3334092000.0,0.00587371,60146.6
Canada,NAm,1966,19926200.0,106.0344,3402738000.0,0.00585593,61887.4
Canada,NAm,1967,20268900.0,110.7893,3473827000.0,0.00583475,63569.3
Canada,NAm,1968,20611600.0,115.5442,3546719000.0,0.00581146,65195.3
Canada,NAm,1969,20954300.0,120.2991,3620809000.0,0.00578719,66768.1
Canada,NAm,1970,21297000.0,125.054,3695944000.0,0.00576226,68290.3
Canada,NAm,1971,21618900.0,132.0182,3771809000.0,0.00573171,71019.9
Canada,NAm,1972,21940800.0,138.9824,3847786000.0,0.00570219,73669.4
Canada,NAm,1973,22262700.0,145.9466,3923766000.0,0.00567381,76242.3
Canada,NAm,1974,22584600.0,152.9108,3999654000.0,0.00564664,78741.8
Canada,NAm,1975,22906500.0,159.875,4075437000.0,0.00562062,81171.1
Canada,NAm,1976,23228400.0,166.8392,4150660000.0,0.00559631,83533.1
Canada,NAm,1977,23550300.0,173.8034,4225672000.0,0.00557315,85830.5
Canada,NAm,1978,23872200.0,180.7676,4301501000.0,0.00554974,88065.9
Canada,NAm,1979,24194100.0,187.7318,4378004000.0,0.00552629,90241.9
Canada,NAm,1980,24516000.0,194.696,4456394000.0,0.00550131,92360.7
Canada,NAm,1981,24834200.0,197.904,4535942000.0,0.00547498,92679.6
Canada,NAm,1982,25152400.0,201.112,4616948000.0,0.00544784,92990.4
Canada,NAm,1983,25470600.0,204.32,4699604000.0,0.00541973,93293.5
Canada,NAm,1984,25788800.0,207.528,4784334000.0,0.00539026,93589.1
Canada,NAm,1985,26107000.0,210.736,4871434000.0,0.0053592,93877.5
Canada,NAm,1986,26425200.0,213.944,4961120000.0,0.00532646,94158.9
Canada,NAm,1987,26743400.0,217.152,5052960000.0,0.00529262,94433.7
Canada,NAm,1988,27061600.0,220.36,5145733000.0,0.00525904,94702.0
Canada,NAm,1989,27379800.0,223.568,5237968000.0,0.00522718,94964.0
Canada,NAm,1990,27698000.0,226.776,5328602000.0,0.00519799,95220.0
Canada,NAm,1991,27997100.0,229.8538,5417317000.0,0.00516807,95481.3
Canada,NAm,1992,28296200.0,232.9316,5503880000.0,0.00514114,95737.0
Canada,NAm,1993,28595300.0,236.0094,5588359000.0,0.00511694,95987.4
Canada,NAm,1994,28894400.0,239.0872,5671048000.0,0.00509507,96232.6
Canada,NAm,1995,29193500.0,242.165,5752408000.0,0.00507501,96472.8
Canada,NAm,1996,29492600.0,245.2428,5832484000.0,0.00505661,96708.1
Canada,NAm,1997,29791700.0,248.3206,5911415000.0,0.00503969,96938.7
Canada,NAm,1998,30090800.0,251.3984,5989470000.0,0.00502395,97164.7
Canada,NAm,1999,30389900.0,254.4762,6067325000.0,0.00500878,97386.2
Canada,NAm,2000,30689000.0,257.554,6145394000.0,0.00499382,97603.5
Canada,NAm,2001,31011400.0,259.938,6223661000.0,0.00498282,97482.8
Canada,NAm,2002,31333800.0,262.322,6302453000.0,0.00497168,97364.7
Canada,NAm,2003,31656200.0,264.706,6381858000.0,0.00496034,97248.9
Canada,NAm,2004,31978600.0,267.09,6461988000.0,0.00494872,97135.5
Canada,NAm,2005,32301000.0,269.474,6542867000.0,0.00493683,97024.3
Canada,NAm,2006,32623400.0,271.858,6624538000.0,0.00492463,96915.4
Canada,NAm,2007,32945800.000000004,274.242,6707018000.0,0.00491214,96808.5
Canada,NAm,2008,33268199.999999996,276.626,6790025000.0,0.00489957,96703.8
Canada,NAm,2009,33590600.0,279.01,6874725000.0,0.0048861,96601.0
Canada,NAm,2010,33913000.0,281.394,6959421000.0,0.00487296,96500.2
Canada,NAm,2011,34295900.0,282.7043,7044266000.0,0.00486863,95867.2
Canada,NAm,2012,34678800.0,284.01460000000003,7129609000.0,0.00486405,95248.1
Canada,NAm,2013,35061700.0,285.3249,7215047000.0,0.00485952,94642.5
Canada,NAm,2014,35444600.0,286.6352,7300248000.0,0.00485526,94050.1
Canada,NAm,2015,35827500.0,287.94550000000004,7384880000.0,0.00485147,93470.3
Canada,NAm,2016,36210400.0,289.2558,7469068000.0,0.00484805,92902.7
Canada,NAm,2017,36593300.0,290.5661,7550393000.0,0.00484654,92347.1
Canada,NAm,2018,36976200.0,291.8764,7632955000.0,0.00484428,91802.9
Canada,NAm,2019,37359100.0,293.18670000000003,7714577000.0,0.00484266,91269.9
Canada,NAm,2020,37742000.0,294.497,7795482000.0,0.00484152,90747.7
Chile,LA,1820,771000.0,0.29,1047270000.0,0.0007362,4374.4
Chile,LA,1821,790400.0,0.2973,1052728000.0,0.00075081,4374.5
Chile,LA,1822,809800.0,0.3046,1058224000.0,0.00076524,4374.5
Chile,LA,1823,829200.0,0.3118999999999999,1063824000.0,0.00077945,4374.6
Chile,LA,1824,848600.0,0.3192,1069477000.0,0.00079347,4374.6
Chile,LA,1825,868000.0,0.3265,1075142000.0,0.00080734,4374.6
Chile,LA,1826,887400.0,0.3338,1080733000.0,0.00082111,4374.7
Chile,LA,1827,906800.0,0.3410999999999999,1086318000.0,0.00083475,4374.7
Chile,LA,1828,926200.0,0.3484,1091853000.0,0.00084828,4374.7
Chile,LA,1829,945600.0,0.3557,1097270000.0,0.00086178,4374.8
Chile,LA,1830,965000.0,0.363,1102518000.0,0.00087527,4374.8
Chile,LA,1831,986600.0,0.3715,1108061000.0,0.00089038,4379.2
Chile,LA,1832,1008200.0,0.38,1113520000.0,0.00090542,4383.5
Chile,LA,1833,1029800.0,0.3885,1119039000.0,0.00092025,4387.5
Chile,LA,1834,1051400.0,0.397,1124554000.0,0.00093495,4391.4
Chile,LA,1835,1073000.0,0.4054999999999999,1130361000.0,0.00094925,4395.1
Chile,LA,1836,1094600.0,0.414,1136068000.0,0.0009635,4398.7
Chile,LA,1837,1116200.0,0.4225,1141817000.0,0.00097756,4402.1
Chile,LA,1838,1137800.0,0.431,1147560000.0,0.00099149,4405.5
Chile,LA,1839,1159400.0,0.4395,1153428000.0,0.00100518,4408.6
Chile,LA,1840,1181000.0,0.448,1159310000.0,0.00101871,4411.7
Chile,LA,1841,1203900.0,0.4581,1165435000.0,0.001033,4425.4
Chile,LA,1842,1226800.0,0.4682,1171545000.0,0.00104716,4438.5
Chile,LA,1843,1249700.0,0.4783,1177631000.0,0.0010612,4451.2
Chile,LA,1844,1272600.0,0.4884,1183818000.0,0.001075,4463.4
Chile,LA,1845,1295500.0,0.4985,1190091000.0,0.00108857,4475.1
Chile,LA,1846,1318400.0,0.5086,1196249000.0,0.00110211,4486.5
Chile,LA,1847,1341300.0,0.5187,1201397000.0,0.00111645,4497.5
Chile,LA,1848,1364200.0,0.5288,1205963000.0,0.00113121,4508.1
Chile,LA,1849,1387100.0,0.5389,1211069000.0,0.00114535,4518.4
Chile,LA,1850,1410000.0,0.549,1216574000.0,0.00115899,4528.3
Chile,LA,1851,1435100.0,0.5733,1218975000.0,0.0011773,4646.0
Chile,LA,1852,1460200.0,0.5976,1221557000.0,0.00119536,4759.7
Chile,LA,1853,1485300.0,0.6219,1224259000.0,0.00121322,4869.5
Chile,LA,1854,1510400.0,0.6462,1226726000.0,0.00123124,4975.7
Chile,LA,1855,1535500.0,0.6705000000000001,1228814000.0,0.00124958,5078.4
Chile,LA,1856,1560600.0,0.6948000000000001,1231565000.0,0.00126717,5177.8
Chile,LA,1857,1585700.0,0.7191000000000001,1234524000.0,0.00128446,5274.1
Chile,LA,1858,1610800.0,0.7434000000000001,1237487000.0,0.00130167,5367.4
Chile,LA,1859,1635900.0,0.7677,1240642000.0,0.00131859,5457.8
Chile,LA,1860,1661000.0,0.792,1243735000.0,0.00133549,5545.4
Chile,LA,1861,1689200.0,0.7987000000000001,1247652000.0,0.0013539,5499.0
Chile,LA,1862,1717400.0,0.8054,1250707000.0,0.00137314,5454.1
Chile,LA,1863,1745600.0,0.8121,1254013000.0,0.00139201,5410.6
Chile,LA,1864,1773800.0,0.8188,1257290000.0,0.00141081,5368.5
Chile,LA,1865,1802000.0,0.8255,1260601000.0,0.00142948,5327.7
Chile,LA,1866,1830200.0,0.8322,1263629000.0,0.00144837,5288.2
Chile,LA,1867,1858400.0,0.8389,1266809000.0,0.00146699,5249.9
Chile,LA,1868,1886600.0,0.8456,1269858000.0,0.00148568,5212.7
Chile,LA,1869,1914800.0,0.8523,1271405000.0,0.00150605,5176.6
Chile,LA,1870,1943000.0,0.859,1274661000.0,0.00152433,5141.6
Chile,LA,1871,1976100.0,0.8945,1282387000.0,0.00154095,5264.4
Chile,LA,1872,2009200.0,0.93,1290858000.0,0.00155648,5383.2
Chile,LA,1873,2042300.0,0.9655,1299848000.0,0.00157118,5498.1
Chile,LA,1874,2075400.0,1.001,1309013000.0,0.00158547,5609.3
Chile,LA,1875,2108500.0,1.0365,1318339000.0,0.00159936,5717.1
Chile,LA,1876,2141600.0,1.072,1327814000.0,0.00161288,5821.5
Chile,LA,1877,2174700.0,1.1075,1337399000.0,0.00162607,5922.8
Chile,LA,1878,2207800.0,1.143,1347055000.0,0.00163898,6021.0
Chile,LA,1879,2240900.0,1.1785,1356760000.0,0.00165166,6116.3
Chile,LA,1880,2274000.0,1.214,1366310000.0,0.00166434,6208.8
Chile,LA,1881,2309700.0,1.2356,1376041000.0,0.00167851,6221.6
Chile,LA,1882,2345400.0,1.2572,1385750000.0,0.00169251,6234.0
Chile,LA,1883,2381100.0,1.2788,1395507000.0,0.00170626,6246.0
Chile,LA,1884,2416800.0,1.3004,1405536000.0,0.00171949,6257.7
Chile,LA,1885,2452500.0,1.322,1415514000.0,0.00173259,6269.1
Chile,LA,1886,2488200.0,1.3436,1425627000.0,0.00174534,6280.1
Chile,LA,1887,2523900.0,1.3652,1435759000.0,0.00175789,6290.8
Chile,LA,1888,2559600.0,1.3868,1445944000.0,0.00177019,6301.2
Chile,LA,1889,2595300.0,1.4084,1456277000.0,0.00178215,6311.3
Chile,LA,1890,2631000.0,1.43,1466582000.0,0.00179397,6321.1
Chile,LA,1891,2663800.0,1.4731,1477705000.0,0.00180266,6431.5
Chile,LA,1892,2696600.0,1.5162,1488973000.0,0.00181105,6539.1
Chile,LA,1893,2729400.0,1.5593,1500286000.0,0.00181925,6644.2
Chile,LA,1894,2762200.0,1.6024,1511963000.0,0.0018269,6746.8
Chile,LA,1895,2795000.0,1.6455,1523676000.0,0.00183438,6846.9
Chile,LA,1896,2827800.0,1.6886,1535655000.0,0.00184143,6944.8
Chile,LA,1897,2860600.0,1.7317,1547830000.0,0.00184814,7040.4
Chile,LA,1898,2893400.0,1.7748,1560243000.0,0.00185445,7133.8
Chile,LA,1899,2926200.0,1.8179,1572611000.0,0.00186073,7225.1
Chile,LA,1900,2959000.0,1.861,1584867000.0,0.00186703,7314.4
Chile,LA,1901,2996700.0,1.9554,1600044000.0,0.00187289,7588.8
Chile,LA,1902,3034400.0,2.0498,1615427000.0,0.00187839,7856.3
Chile,LA,1903,3072100.0,2.1442,1630965000.0,0.00188361,8117.3
Chile,LA,1904,3109800.0,2.2386,1646581000.0,0.00188864,8371.9
Chile,LA,1905,3147500.0,2.333,1662453000.0,0.00189329,8620.4
Chile,LA,1906,3185200.0,2.4274,1678596000.0,0.00189754,8863.1
Chile,LA,1907,3222900.0,2.5218,1695030000.0,0.00190138,9100.0
Chile,LA,1908,3260600.0,2.6162,1711586000.0,0.00190502,9331.5
Chile,LA,1909,3298300.0,2.7106000000000003,1728501000.0,0.00190819,9557.7
Chile,LA,1910,3336000.0,2.805,1745736000.0,0.00191094,9778.8
Chile,LA,1911,3380900.0,2.7685,1762399000.0,0.00191835,9523.4
Chile,LA,1912,3425800.0,2.732,1779061000.0,0.00192562,9274.7
Chile,LA,1913,3470700.0,2.6955,1796080000.0,0.00193237,9032.4
Chile,LA,1914,3515600.0,2.6590000000000003,1808262000.0,0.00194419,8796.3
Chile,LA,1915,3560500.0,2.6225,1818401000.0,0.00195804,8566.1
Chile,LA,1916,3605400.0,2.586,1828586000.0,0.00197169,8341.7
Chile,LA,1917,3650300.0,2.5495,1839381000.0,0.00198453,8122.8
Chile,LA,1918,3695200.0,2.513,1849942000.0,0.00199747,7909.2
Chile,LA,1919,3740100.0,2.4765,1862569000.0,0.00200803,7700.8
Chile,LA,1920,3785000.0,2.44,1875297000.0,0.00201835,7497.3
Chile,LA,1921,3843000.0,2.5833,1886887000.0,0.00203669,7817.8
Chile,LA,1922,3901000.0,2.7266,1903926000.0,0.00204892,8128.8
Chile,LA,1923,3959000.0,2.8699,1924127000.0,0.00205756,8430.6
Chile,LA,1924,4017000.0,3.0132000000000003,1946371000.0,0.00206384,8723.8
Chile,LA,1925,4075000.0,3.1565000000000003,1968879000.0,0.00206971,9008.6
Chile,LA,1926,4133000.0,3.2998000000000003,1991829000.0,0.00207498,9285.4
Chile,LA,1927,4191000.0,3.4431000000000003,2014443000.0,0.00208048,9554.6
Chile,LA,1928,4249000.0,3.5864000000000003,2036576000.0,0.00208634,9816.4
Chile,LA,1929,4307000.0,3.7297,2059103000.0,0.00209169,10071.1
Chile,LA,1930,4365000.0,3.873,2080211000.0,0.00209834,10319.1
Chile,LA,1931,4434800.0,3.925,2101812000.0,0.00210999,10293.1
Chile,LA,1932,4504600.0,3.977,2121508000.0,0.0021233,10267.8
Chile,LA,1933,4574400.0,4.029,2140973000.0,0.0021366,10243.4
Chile,LA,1934,4644200.0,4.081,2161152000.0,0.00214895,10219.6
Chile,LA,1935,4714000.0,4.133,2181702000.0,0.0021607,10196.6
Chile,LA,1936,4783800.0,4.185,2203365000.0,0.00217113,10174.2
Chile,LA,1937,4853600.0,4.237,2226159000.0,0.00218026,10152.5
Chile,LA,1938,4923400.0,4.289,2250491000.0,0.0021877,10131.4
Chile,LA,1939,4993200.0,4.341,2275307000.0,0.00219452,10110.9
Chile,LA,1940,5063000.0,4.393,2296743000.0,0.00220443,10091.0
Chile,LA,1941,5164900.0,4.5265,2313071000.0,0.00223292,10192.5
Chile,LA,1942,5266800.0,4.66,2331578000.0,0.0022589,10290.1
Chile,LA,1943,5368700.0,4.7935,2350140000.0,0.00228442,10384.0
Chile,LA,1944,5470600.0,4.927,2368872000.0,0.00230937,10474.4
Chile,LA,1945,5572500.0,5.060499999999999,2394093000.0,0.0023276,10561.4
Chile,LA,1946,5674400.0,5.194,2419526000.0,0.00234525,10645.4
Chile,LA,1947,5776300.0,5.3275,2446628000.0,0.00236092,10726.4
Chile,LA,1948,5878200.0,5.461,2473860000.0,0.00237612,10804.6
Chile,LA,1949,5980100.0,5.5945,2501856000.0,0.00239027,10880.1
Chile,LA,1950,6082000.0,5.728,2529794000.0,0.00240415,10953.1
Chile,LA,1951,6238100.0,5.9147,2577776000.0,0.00241995,11027.1
Chile,LA,1952,6394200.0,6.1014,2624866000.0,0.00243601,11097.4
Chile,LA,1953,6550300.0,6.2881,2671465000.0,0.00245195,11164.5
Chile,LA,1954,6706400.0,6.4748,2718563000.0,0.00246689,11228.4
Chile,LA,1955,6862500.0,6.6615,2766430000.0,0.00248063,11289.4
Chile,LA,1956,7018600.0,6.8482,2815461000.0,0.00249288,11347.6
Chile,LA,1957,7174700.0,7.0349,2866148000.0,0.00250326,11403.4
Chile,LA,1958,7330800.0,7.2216,2918168000.0,0.00251212,11456.8
Chile,LA,1959,7486900.0,7.4083,2971839000.0,0.00251928,11507.9
Chile,LA,1960,7643000.0,7.595,3027112000.0,0.00252485,11557.0
Chile,LA,1961,7835700.0,7.8708,3084358000.0,0.00254046,11682.1
Chile,LA,1962,8028400.0,8.1466,3143380000.0,0.00255407,11801.2
Chile,LA,1963,8221100.0,8.4224,3204489000.0,0.00256549,11914.8
Chile,LA,1964,8413800.0,8.6982,3268074000.0,0.00257454,12023.1
Chile,LA,1965,8606500.0,8.974,3334092000.0,0.00258136,12126.6
Chile,LA,1966,8799200.0,9.2498,3402738000.0,0.00258592,12225.6
Chile,LA,1967,8991900.0,9.5256,3473827000.0,0.00258847,12320.3
Chile,LA,1968,9184600.0,9.8014,3546719000.0,0.0025896,12411.0
Chile,LA,1969,9377300.0,10.0772,3620809000.0,0.00258984,12498.0
Chile,LA,1970,9570000.0,10.353,3695944000.0,0.00258932,12581.5
Chile,LA,1971,9730400.0,10.3639,3771809000.0,0.00257977,12387.2
Chile,LA,1972,9890800.0,10.3748,3847786000.0,0.00257052,12199.1
Chile,LA,1973,10051200.0,10.3857,3923766000.0,0.00256162,12017.0
Chile,LA,1974,10211600.0,10.3966,3999654000.0,0.00255312,11840.7
Chile,LA,1975,10372000.0,10.4075,4075437000.0,0.002545,11669.8
Chile,LA,1976,10532400.0,10.4184,4150660000.0,0.00253752,11504.1
Chile,LA,1977,10692800.0,10.4293,4225672000.0,0.00253044,11343.4
Chile,LA,1978,10853200.0,10.4402,4301501000.0,0.00252312,11187.4
Chile,LA,1979,11013600.0,10.4511,4378004000.0,0.00251567,11036.0
Chile,LA,1980,11174000.0,10.462,4456394000.0,0.00250741,10888.9
Chile,LA,1981,11374500.0,10.8774,4535942000.0,0.00250764,11121.7
Chile,LA,1982,11575000.0,11.2928,4616948000.0,0.00250707,11346.5
Chile,LA,1983,11775500.0,11.7082,4699604000.0,0.00250564,11563.5
Chile,LA,1984,11976000.0,12.1236,4784334000.0,0.00250317,11773.3
Chile,LA,1985,12176500.0,12.539,4871434000.0,0.00249957,11976.2
Chile,LA,1986,12377000.0,12.9544,4961120000.0,0.0024948,12172.6
Chile,LA,1987,12577500.0,13.3698,5052960000.0,0.00248914,12362.6
Chile,LA,1988,12778000.0,13.7852,5145733000.0,0.00248322,12546.7
Chile,LA,1989,12978500.0,14.2006,5237968000.0,0.00247777,12725.1
Chile,LA,1990,13179000.0,14.616,5328602000.0,0.00247326,12898.1
Chile,LA,1991,13400900.0,15.7417,5417317000.0,0.00247372,13661.5
Chile,LA,1992,13622800.0,16.8674,5503880000.0,0.00247513,14400.0
Chile,LA,1993,13844700.0,17.9931,5588359000.0,0.00247742,15114.8
Chile,LA,1994,14066600.0,19.1188,5671048000.0,0.00248042,15807.1
Chile,LA,1995,14288500.0,20.2445,5752408000.0,0.00248392,16477.8
Chile,LA,1996,14510400.0,21.3702,5832484000.0,0.00248786,17128.1
Chile,LA,1997,14732300.0,22.4959,5911415000.0,0.00249218,17758.8
Chile,LA,1998,14954200.0,23.6216,5989470000.0,0.00249675,18370.7
Chile,LA,1999,15176100.0,24.747300000000003,6067325000.0,0.00250128,18964.8
Chile,LA,2000,15398000.0,25.873,6145394000.0,0.00250562,19541.7
Chile,LA,2001,15567600.0,26.4308,6223661000.0,0.00250136,19745.5
Chile,LA,2002,15737200.0,26.9886,6302453000.0,0.002497,19944.9
Chile,LA,2003,15906800.0,27.5464,6381858000.0,0.0024925,20140.1
Chile,LA,2004,16076400.0,28.1042,6461988000.0,0.00248784,20331.2
Chile,LA,2005,16246000.0,28.662,6542867000.0,0.00248301,20518.2
Chile,LA,2006,16415599.999999998,29.2198,6624538000.0,0.002478,20701.4
Chile,LA,2007,16585200.0,29.7776,6707018000.0,0.00247281,20880.9
Chile,LA,2008,16754800.0,30.3354,6790025000.0,0.00246756,21056.7
Chile,LA,2009,16924400.0,30.8932,6874725000.0,0.00246183,21229.0
Chile,LA,2010,17094000.0,31.451,6959421000.0,0.00245624,21397.9
Chile,LA,2011,17296200.0,32.4184,7044266000.0,0.00245536,21798.2
Chile,LA,2012,17498400.0,33.3858,7129609000.0,0.00245433,22189.3
Chile,LA,2013,17700600.0,34.3532,7215047000.0,0.00245329,22571.4
Chile,LA,2014,17902800.0,35.3206,7300248000.0,0.00245236,22944.9
Chile,LA,2015,18105000.0,36.288,7384880000.0,0.00245163,23310.1
Chile,LA,2016,18307200.0,37.2554,7469068000.0,0.00245107,23667.2
Chile,LA,2017,18509400.0,38.2228,7550393000.0,0.00245145,24016.5
Chile,LA,2018,18711600.0,39.1902,7632955000.0,0.00245142,24358.3
Chile,LA,2019,18913800.0,40.1576,7714577000.0,0.0024517,24692.7
Chile,LA,2020,19116000.0,41.125,7795482000.0,0.00245219,25020.1
China,As,1820,381000000.0,112.006,1047270000.0,0.36380303,3419.0
China,As,1821,383800000.0,112.8266,1052728000.0,0.3645766,3418.9
China,As,1822,386600000.0,113.6472,1058224000.0,0.36532908,3418.8
China,As,1823,389400000.0,114.4678,1063824000.0,0.36603799,3418.7
China,As,1824,392200000.0,115.2884,1069477000.0,0.3667213,3418.7
China,As,1825,395000000.0,116.109,1075142000.0,0.36739333,3418.6
China,As,1826,397800000.0,116.9296,1080733000.0,0.36808351,3418.5
China,As,1827,400600000.0,117.7502,1086318000.0,0.36876863,3418.5
China,As,1828,403400000.0,118.5708,1091853000.0,0.36946365,3418.4
China,As,1829,406200000.0,119.3914,1097270000.0,0.37019148,3418.3
China,As,1830,409000000.0,120.212,1102518000.0,0.370969,3418.3
China,As,1831,409300000.0,120.2975,1108061000.0,0.369384,3418.2
China,As,1832,409600000.0,120.383,1113520000.0,0.36784252,3418.1
China,As,1833,409900000.0,120.4685,1119039000.0,0.36629644,3418.0
China,As,1834,410200000.0,120.554,1124554000.0,0.36476683,3417.9
China,As,1835,410500000.0,120.6395,1130361000.0,0.36315832,3417.9
China,As,1836,410800000.0,120.725,1136068000.0,0.36159807,3417.8
China,As,1837,411100000.0,120.8105,1141817000.0,0.36004018,3417.7
China,As,1838,411400000.0,120.896,1147560000.0,0.35849977,3417.6
China,As,1839,411700000.0,120.9815,1153428000.0,0.35693602,3417.6
China,As,1840,412000000.0,121.067,1159310000.0,0.35538381,3417.5
China,As,1841,412000000.0,121.0644,1165435000.0,0.35351607,3417.4
China,As,1842,412000000.0,121.0618,1171545000.0,0.35167236,3417.4
China,As,1843,412000000.0,121.0592,1177631000.0,0.34985492,3417.3
China,As,1844,412000000.0,121.0566,1183818000.0,0.34802647,3417.2
China,As,1845,412000000.0,121.054,1190091000.0,0.34619201,3417.1
China,As,1846,412000000.0,121.0514,1196249000.0,0.3444099,3417.1
China,As,1847,412000000.0,121.0488,1201397000.0,0.3429341,3417.0
China,As,1848,412000000.0,121.0462,1205963000.0,0.34163569,3416.9
China,As,1849,412000000.0,121.0436,1211069000.0,0.34019532,3416.8
China,As,1850,412000000.0,121.041,1216574000.0,0.33865593,3416.8
China,As,1851,408500000.0,119.9865,1218975000.0,0.33511762,3416.0
China,As,1852,405000000.0,118.932,1221557000.0,0.33154409,3415.3
China,As,1853,401500000.0,117.8775,1224259000.0,0.32795348,3414.5
China,As,1854,398000000.0,116.823,1226726000.0,0.32444083,3413.7
China,As,1855,394500000.0,115.7685,1228814000.0,0.32104126,3412.9
China,As,1856,391000000.0,114.714,1231565000.0,0.31748223,3412.1
China,As,1857,387500000.0,113.6595,1234524000.0,0.31388616,3411.3
China,As,1858,384000000.0,112.605,1237487000.0,0.31030629,3410.4
China,As,1859,380500000.0,111.5505,1240642000.0,0.30669605,3409.5
China,As,1860,377000000.0,110.496,1243735000.0,0.30311923,3408.7
China,As,1861,375100000.0,109.8967,1247652000.0,0.30064473,3407.4
China,As,1862,373200000.0,109.2974,1250707000.0,0.29839123,3406.0
China,As,1863,371300000.0,108.6981,1254013000.0,0.29608943,3404.7
China,As,1864,369400000.0,108.0988,1257290000.0,0.29380652,3403.3
China,As,1865,367500000.0,107.4995,1260601000.0,0.29152761,3402.0
China,As,1866,365600000.0,106.9002,1263629000.0,0.28932543,3400.6
China,As,1867,363700000.0,106.3009,1266809000.0,0.28709932,3399.2
China,As,1868,361800000.0,105.7016,1269858000.0,0.28491375,3397.8
China,As,1869,359900000.0,105.1023,1271405000.0,0.28307266,3396.3
China,As,1870,358000000.0,104.503,1274661000.0,0.28085899,3394.9
China,As,1871,359000000.0,104.8539,1282387000.0,0.27994669,3396.8
China,As,1872,360000000.0,105.2048,1290858000.0,0.27888428,3398.7
China,As,1873,361000000.0,105.5557,1299848000.0,0.27772478,3400.6
China,As,1874,362000000.0,105.9066,1309013000.0,0.27654424,3402.5
China,As,1875,363000000.0,106.2575,1318339000.0,0.27534648,3404.3
China,As,1876,364000000.0,106.6084,1327814000.0,0.27413478,3406.2
China,As,1877,365000000.0,106.9593,1337399000.0,0.27291781,3408.0
China,As,1878,366000000.0,107.3102,1347055000.0,0.27170383,3409.9
China,As,1879,367000000.0,107.6611,1356760000.0,0.27049736,3411.7
China,As,1880,368000000.0,108.012,1366310000.0,0.26933858,3413.5
China,As,1881,369200000.0,108.4201,1376041000.0,0.26830596,3415.3
China,As,1882,370400000.0,108.8282,1385750000.0,0.26729208,3417.0
China,As,1883,371600000.0,109.2363,1395507000.0,0.26628315,3418.8
China,As,1884,372800000.0,109.6444,1405536000.0,0.26523689,3420.5
China,As,1885,374000000.0,110.0525,1415514000.0,0.26421498,3422.2
China,As,1886,375200000.0,110.4606,1425627000.0,0.26318245,3423.9
China,As,1887,376400000.0,110.8687,1435759000.0,0.26216099,3425.6
China,As,1888,377600000.0,111.2768,1445944000.0,0.26114428,3427.3
China,As,1889,378800000.0,111.6849,1456277000.0,0.26011535,3429.0
China,As,1890,380000000.0,112.093,1466582000.0,0.25910587,3430.6
China,As,1891,382000000.0,112.9743,1477705000.0,0.25850897,3439.5
China,As,1892,384000000.0,113.8556,1488973000.0,0.25789588,3448.3
China,As,1893,386000000.0,114.7369,1500286000.0,0.25728428,3457.0
China,As,1894,388000000.0,115.6182,1511963000.0,0.25662004,3465.6
China,As,1895,390000000.0,116.4995,1523676000.0,0.25595993,3474.1
China,As,1896,392000000.0,117.3808,1535655000.0,0.25526567,3482.5
China,As,1897,394000000.0,118.2621,1547830000.0,0.25454992,3490.8
China,As,1898,396000000.0,119.1434,1560243000.0,0.25380662,3499.1
China,As,1899,398000000.0,120.0247,1572611000.0,0.25308229,3507.3
China,As,1900,400000000.0,120.906,1584867000.0,0.25238711,3515.3
China,As,1901,402300000.0,122.0064,1600044000.0,0.25143059,3527.1
China,As,1902,404600000.0,123.1068,1615427000.0,0.2504601,3538.6
China,As,1903,406900000.0,124.2072,1630965000.0,0.2494842,3550.1
China,As,1904,409200000.0,125.3076,1646581000.0,0.24851495,3561.4
China,As,1905,411500000.0,126.408,1662453000.0,0.24752579,3572.6
China,As,1906,413800000.0,127.5084,1678596000.0,0.24651554,3583.7
China,As,1907,416100000.0,128.6088,1695030000.0,0.24548238,3594.6
China,As,1908,418400000.0,129.7092,1711586000.0,0.24445164,3605.4
China,As,1909,420700000.0,130.8096,1728501000.0,0.24339008,3616.2
China,As,1910,423000000.0,131.91,1745736000.0,0.24230468,3626.7
China,As,1911,427900000.0,134.8592,1762399000.0,0.24279406,3665.4
China,As,1912,432800000.0,137.8084,1779061000.0,0.2432744,3703.1
China,As,1913,437700000.0,140.7576,1796080000.0,0.24369739,3740.0
China,As,1914,442600000.0,143.7068,1808262000.0,0.24476542,3776.1
China,As,1915,447500000.0,146.656,1818401000.0,0.24609533,3811.4
China,As,1916,452400000.0,149.6052,1828586000.0,0.24740428,3846.0
China,As,1917,457300000.0,152.5544,1839381000.0,0.24861625,3879.7
China,As,1918,462200000.0,155.50359999999998,1849942000.0,0.24984567,3912.8
China,As,1919,467100000.0,158.4528,1862569000.0,0.25078266,3945.2
China,As,1920,472000000.0,161.402,1875297000.0,0.25169347,3976.9
China,As,1921,473700000.0,162.28189999999998,1886887000.0,0.25104842,3984.2
China,As,1922,475400000.0,163.1618,1903926000.0,0.24969458,3991.5
China,As,1923,477100000.0,164.0417,1924127000.0,0.24795661,3998.8
China,As,1924,478800000.0,164.92159999999998,1946371000.0,0.24599627,4005.9
China,As,1925,480500000.0,165.80149999999998,1968879000.0,0.2440475,4013.1
China,As,1926,482200000.0,166.6814,1991829000.0,0.24208905,4020.1
China,As,1927,483900000.0,167.5613,2014443000.0,0.24021529,4027.2
China,As,1928,485600000.0,168.44119999999998,2036576000.0,0.23843942,4034.1
China,As,1929,487300000.0,169.3211,2059103000.0,0.23665645,4041.1
China,As,1930,489000000.0,170.201,2080211000.0,0.23507231,4047.9
China,As,1931,491977000.0,171.9942,2101812000.0,0.23407279,4065.8
China,As,1932,494954000.0,173.7874,2121508000.0,0.23330291,4083.5
China,As,1933,497931000.0,175.5806,2140973000.0,0.23257229,4101.0
China,As,1934,500908000.0,177.3738,2161152000.0,0.23177824,4118.2
China,As,1935,503885000.0,179.167,2181702000.0,0.23095959,4135.3
China,As,1936,506862000.0,180.9602,2203365000.0,0.23003996,4152.2
China,As,1937,509839000.0,182.7534,2226159000.0,0.22902183,4168.8
China,As,1938,512816000.0,184.5466,2250491000.0,0.2278685,4185.3
China,As,1939,515793000.0,186.3398,2275307000.0,0.22669161,4201.6
China,As,1940,518770000.0,188.133,2296743000.0,0.22587203,4217.6
China,As,1941,521574500.0,189.1711,2313071000.0,0.22549005,4218.1
China,As,1942,524379000.0,190.2092,2331578000.0,0.22490305,4218.6
China,As,1943,527183500.0,191.2473,2350140000.0,0.22432004,4219.0
China,As,1944,529988000.0,192.2854,2368872000.0,0.22373011,4219.5
China,As,1945,532792500.0,193.3235,2394093000.0,0.22254461,4219.9
China,As,1946,535597000.0,194.3616,2419526000.0,0.22136443,4220.4
China,As,1947,538401500.0,195.3997,2446628000.0,0.22005859,4220.8
China,As,1948,541206000.0,196.4378,2473860000.0,0.21876986,4221.3
China,As,1949,544010500.0,197.4759,2501856000.0,0.21744277,4221.7
China,As,1950,546815000.0,198.514,2529794000.0,0.21615001,4222.1
China,As,1951,558840500.0,209.8846,2577776000.0,0.21679172,4367.9
China,As,1952,570866000.0,221.2552,2624866000.0,0.21748386,4507.5
China,As,1953,582891500.0,232.62580000000003,2671465000.0,0.2181917,4641.4
China,As,1954,594917000.0,243.9964,2718563000.0,0.2188351,4769.9
China,As,1955,606942500.0,255.367,2766430000.0,0.21939557,4893.2
China,As,1956,618968000.0,266.73760000000004,2815461000.0,0.21984606,5011.8
China,As,1957,630993500.0,278.1082,2866148000.0,0.22015384,5125.9
China,As,1958,643019000.0,289.47880000000004,2918168000.0,0.22035023,5235.7
China,As,1959,655044500.0,300.8494,2971839000.0,0.22041722,5341.4
China,As,1960,667070000.0,312.22,3027112000.0,0.22036515,5443.4
China,As,1961,682194500.0,324.5873,3084358000.0,0.22117877,5533.5
China,As,1962,697319000.0,336.9546,3143380000.0,0.22183732,5619.8
China,As,1963,712443500.0,349.3219,3204489000.0,0.22232671,5702.4
China,As,1964,727568000.0,361.6892,3268074000.0,0.22262899,5781.5
China,As,1965,742692500.0,374.0565,3334092000.0,0.22275705,5857.4
China,As,1966,757817000.0,386.4238,3402738000.0,0.22270801,5930.3
China,As,1967,772941500.0,398.7911,3473827000.0,0.22250432,6000.4
China,As,1968,788066000.0,411.1584,3546719000.0,0.22219578,6067.7
China,As,1969,803190500.0,423.5257,3620809000.0,0.22182625,6132.5
China,As,1970,818315000.0,435.893,3695944000.0,0.22140893,6195.0
China,As,1971,834607000.0,459.6267,3771809000.0,0.22127499,6404.8
China,As,1972,850899000.0,483.3604,3847786000.0,0.2211399,6606.5
China,As,1973,867191000.0,507.0941,3923766000.0,0.22100987,6800.7
China,As,1974,883483000.0,530.8278,3999654000.0,0.22088986,6987.7
China,As,1975,899775000.0,554.5615,4075437000.0,0.22078,7168.0
China,As,1976,916067000.0,578.2952,4150660000.0,0.22070394,7341.8
China,As,1977,932359000.0,602.0289,4225672000.0,0.22064159,7509.5
China,As,1978,948651000.0,625.7626,4301501000.0,0.22053953,7671.5
China,As,1979,964943000.0,649.4963,4378004000.0,0.22040706,7828.1
China,As,1980,981235000.0,673.23,4456394000.0,0.22018587,7979.4
China,As,1981,996630000.0,702.1394,4535942000.0,0.21971842,8193.5
China,As,1982,1012025000.0,731.0488,4616948000.0,0.21919783,8401.1
China,As,1983,1027420000.0,759.9582,4699604000.0,0.21861842,8602.4
China,As,1984,1042815000.0,788.8676,4784334000.0,0.21796451,8797.9
China,As,1985,1058210000.0,817.777,4871434000.0,0.21722762,8987.6
China,As,1986,1073605000.0,846.6864,4961120000.0,0.21640376,9171.9
China,As,1987,1089000000.0,875.5957999999999,5052960000.0,0.21551724,9350.9
China,As,1988,1104395000.0,904.5052,5145733000.0,0.21462346,9525.0
China,As,1989,1119790000.0,933.4146,5237968000.0,0.21378328,9694.3
China,As,1990,1135185000.0,962.324,5328602000.0,0.21303618,9859.0
China,As,1991,1147931000.0,996.062,5417317000.0,0.21190028,10091.4
China,As,1992,1160677000.0,1029.8,5503880000.0,0.21088341,10318.6
China,As,1993,1173423000.0,1063.538,5588359000.0,0.20997631,10540.9
China,As,1994,1186169000.0,1097.2759999999998,5671048000.0,0.20916222,10758.4
China,As,1995,1198915000.0,1131.014,5752408000.0,0.20841967,10971.3
China,As,1996,1211661000.0,1164.752,5832484000.0,0.20774356,11179.7
China,As,1997,1224407000.0,1198.49,5911415000.0,0.20712587,11383.8
China,As,1998,1237153000.0,1232.228,5989470000.0,0.20655467,11583.7
China,As,1999,1249899000.0,1265.966,6067325000.0,0.20600495,11779.5
China,As,2000,1262645000.0,1299.704,6145394000.0,0.20546201,11971.3
China,As,2001,1273261600.0,1442.8985,6223661000.0,0.20458402,13179.5
China,As,2002,1283878200.0,1586.0929999999998,6302453000.0,0.20371087,14367.6
China,As,2003,1294494800.0,1729.2875,6381858000.0,0.2028398,15536.3
China,As,2004,1305111400.0,1872.482,6461988000.0,0.20196748,16685.9
China,As,2005,1315728000.0,2015.6765,6542867000.0,0.2010935,17817.0
China,As,2006,1326344600.0,2158.871,6624538000.0,0.20021692,18930.0
China,As,2007,1336961200.0,2302.0655,6707018000.0,0.19933765,20025.3
China,As,2008,1347577800.0,2445.26,6790025000.0,0.19846434,21103.3
China,As,2009,1358194400.0,2588.4545,6874725000.0,0.19756345,22164.5
China,As,2010,1368811000.0,2731.649,6959421000.0,0.19668461,23209.3
China,As,2011,1375862300.0,2833.6935,7044266000.0,0.19531663,23952.9
China,As,2012,1382913600.0,2935.738,7129609000.0,0.19396766,24688.9
China,As,2013,1389964900.0,3037.7825,7215047000.0,0.19264807,25417.5
China,As,2014,1397016200.0,3139.827,7300248000.0,0.19136558,26138.7
China,As,2015,1404067500.0,3241.8715,7384880000.0,0.19012733,26852.7
China,As,2016,1411118800.0,3343.916,7469068000.0,0.18892836,27559.5
China,As,2017,1418170100.0,3445.9605,7550393000.0,0.18782732,28259.3
China,As,2018,1425221400.0,3548.005,7632955000.0,0.18671948,28952.2
China,As,2019,1432272700.0,3650.0495,7714577000.0,0.18565797,29638.3
China,As,2020,1439324000.0,3752.094,7795482000.0,0.18463566,30317.6
Colombia,LA,1820,1206000.0,0.448,1047270000.0,0.00115157,4320.3
Colombia,LA,1821,1229700.0,0.4568,1052728000.0,0.00116811,4320.2
Colombia,LA,1822,1253400.0,0.4656,1058224000.0,0.00118444,4320.2
Colombia,LA,1823,1277100.0,0.4744,1063824000.0,0.00120048,4320.2
Colombia,LA,1824,1300800.0,0.4832,1069477000.0,0.0012163,4320.1
Colombia,LA,1825,1324500.0,0.492,1075142000.0,0.00123193,4320.1
Colombia,LA,1826,1348200.0,0.5008,1080733000.0,0.00124749,4320.1
Colombia,LA,1827,1371900.0,0.5096,1086318000.0,0.00126289,4320.0
Colombia,LA,1828,1395600.0,0.5184,1091853000.0,0.00127819,4320.0
Colombia,LA,1829,1419300.0,0.5272,1097270000.0,0.00129348,4320.0
Colombia,LA,1830,1443000.0,0.536,1102518000.0,0.00130882,4319.9
Colombia,LA,1831,1471300.0,0.5471,1108061000.0,0.00132781,4324.6
Colombia,LA,1832,1499600.0,0.5582,1113520000.0,0.00134672,4329.1
Colombia,LA,1833,1527900.0,0.5693,1119039000.0,0.00136537,4333.4
Colombia,LA,1834,1556200.0,0.5804,1124554000.0,0.00138384,4337.5
Colombia,LA,1835,1584500.0,0.5915,1130361000.0,0.00140176,4341.5
Colombia,LA,1836,1612800.0,0.6026,1136068000.0,0.00141963,4345.4
Colombia,LA,1837,1641100.0,0.6137,1141817000.0,0.00143727,4349.1
Colombia,LA,1838,1669400.0,0.6248,1147560000.0,0.00145474,4352.7
Colombia,LA,1839,1697700.0,0.6359,1153428000.0,0.00147187,4356.2
Colombia,LA,1840,1726000.0,0.647,1159310000.0,0.00148882,4359.6
Colombia,LA,1841,1759900.0,0.6615,1165435000.0,0.00151008,4371.4
Colombia,LA,1842,1793800.0,0.676,1171545000.0,0.00153114,4382.8
Colombia,LA,1843,1827700.0,0.6905,1177631000.0,0.00155201,4393.8
Colombia,LA,1844,1861600.0,0.7050000000000001,1183818000.0,0.00157254,4404.4
Colombia,LA,1845,1895500.0,0.7195,1190091000.0,0.00159274,4414.6
Colombia,LA,1846,1929400.0,0.734,1196249000.0,0.00161287,4424.4
Colombia,LA,1847,1963300.0,0.7485,1201397000.0,0.00163418,4433.9
Colombia,LA,1848,1997200.0,0.763,1205963000.0,0.0016561,4443.1
Colombia,LA,1849,2031100.0,0.7775000000000001,1211069000.0,0.00167711,4451.9
Colombia,LA,1850,2065000.0,0.792,1216574000.0,0.00169739,4460.5
Colombia,LA,1851,2080699.9999999998,0.8024,1218975000.0,0.00170693,4485.0
Colombia,LA,1852,2096400.0,0.8128000000000001,1221557000.0,0.00171617,4509.1
Colombia,LA,1853,2112100.0,0.8232,1224259000.0,0.00172521,4532.8
Colombia,LA,1854,2127800.0,0.8336,1226726000.0,0.00173454,4556.2
Colombia,LA,1855,2143500.0,0.8440000000000001,1228814000.0,0.00174436,4579.3
Colombia,LA,1856,2159200.0,0.8544,1231565000.0,0.00175322,4602.0
Colombia,LA,1857,2174900.0,0.8648,1234524000.0,0.00176173,4624.4
Colombia,LA,1858,2190600.0,0.8752,1237487000.0,0.0017702,4646.5
Colombia,LA,1859,2206300.0,0.8856,1240642000.0,0.00177835,4668.2
Colombia,LA,1860,2222000.0,0.896,1243735000.0,0.00178655,4689.7
Colombia,LA,1861,2239000.0,0.8901,1247652000.0,0.00179457,4623.4
Colombia,LA,1862,2256000.0,0.8842,1250707000.0,0.00180378,4558.2
Colombia,LA,1863,2273000.0,0.8783,1254013000.0,0.00181258,4493.9
Colombia,LA,1864,2290000.0,0.8724,1257290000.0,0.00182138,4430.6
Colombia,LA,1865,2307000.0,0.8665,1260601000.0,0.00183008,4368.2
Colombia,LA,1866,2324000.0,0.8606,1263629000.0,0.00183915,4306.7
Colombia,LA,1867,2341000.0,0.8547,1266809000.0,0.00184795,4246.1
Colombia,LA,1868,2358000.0,0.8488,1269858000.0,0.0018569,4186.4
Colombia,LA,1869,2375000.0,0.8429,1271405000.0,0.00186801,4127.5
Colombia,LA,1870,2392000.0,0.837,1274661000.0,0.00187658,4069.5
Colombia,LA,1871,2439500.0,0.8462,1282387000.0,0.00190231,4034.1
Colombia,LA,1872,2487000.0,0.8553999999999999,1290858000.0,0.00192663,4000.1
Colombia,LA,1873,2534500.0,0.8646,1299848000.0,0.00194984,3967.4
Colombia,LA,1874,2582000.0,0.8738,1309013000.0,0.00197248,3935.8
Colombia,LA,1875,2629500.0,0.883,1318339000.0,0.00199456,3905.4
Colombia,LA,1876,2677000.0,0.8922,1327814000.0,0.0020161,3876.1
Colombia,LA,1877,2724500.0,0.9014,1337399000.0,0.00203716,3847.8
Colombia,LA,1878,2772000.0,0.9106,1347055000.0,0.00205782,3820.4
Colombia,LA,1879,2819500.0,0.9198,1356760000.0,0.00207811,3794.0
Colombia,LA,1880,2867000.0,0.929,1366310000.0,0.00209835,3768.5
Colombia,LA,1881,2924000.0,0.949,1376041000.0,0.00212494,3774.6
Colombia,LA,1882,2981000.0,0.969,1385750000.0,0.00215118,3780.4
Colombia,LA,1883,3038000.0,0.989,1395507000.0,0.00217699,3786.1
Colombia,LA,1884,3095000.0,1.009,1405536000.0,0.00220201,3791.5
Colombia,LA,1885,3152000.0,1.029,1415514000.0,0.00222675,3796.7
Colombia,LA,1886,3209000.0,1.049,1425627000.0,0.00225094,3801.8
Colombia,LA,1887,3266000.0,1.069,1435759000.0,0.00227476,3806.6
Colombia,LA,1888,3323000.0,1.089,1445944000.0,0.00229815,3811.3
Colombia,LA,1889,3380000.0,1.109,1456277000.0,0.00232099,3815.9
Colombia,LA,1890,3437000.0,1.129,1466582000.0,0.00234354,3820.3
Colombia,LA,1891,3505300.0,1.1597,1477705000.0,0.00237212,3847.7
Colombia,LA,1892,3573600.0,1.1904,1488973000.0,0.00240004,3874.1
Colombia,LA,1893,3641900.0,1.2211,1500286000.0,0.00242747,3899.4
Colombia,LA,1894,3710200.0,1.2518,1511963000.0,0.0024539,3923.9
Colombia,LA,1895,3778500.0,1.2825,1523676000.0,0.00247986,3947.5
Colombia,LA,1896,3846800.0,1.3132,1535655000.0,0.00250499,3970.2
Colombia,LA,1897,3915100.0,1.3439,1547830000.0,0.00252941,3992.1
Colombia,LA,1898,3983400.0,1.3746,1560243000.0,0.00255306,4013.3
Colombia,LA,1899,4051700.0,1.4053,1572611000.0,0.00257642,4033.8
Colombia,LA,1900,4120000.0,1.436,1584867000.0,0.00259959,4053.6
Colombia,LA,1901,4217400.0,1.5042,1600044000.0,0.0026358,4148.0
Colombia,LA,1902,4314800.0,1.5724,1615427000.0,0.002671,4238.2
Colombia,LA,1903,4412200.0,1.6406,1630965000.0,0.00270527,4324.4
Colombia,LA,1904,4509600.0,1.7088,1646581000.0,0.00273877,4406.9
Colombia,LA,1905,4607000.0,1.777,1662453000.0,0.00277121,4485.9
Colombia,LA,1906,4704400.0,1.8452,1678596000.0,0.00280258,4561.6
Colombia,LA,1907,4801800.0,1.9134,1695030000.0,0.00283287,4634.3
Colombia,LA,1908,4899200.0,1.9816,1711586000.0,0.00286237,4704.0
Colombia,LA,1909,4996600.0,2.0498,1728501000.0,0.00289071,4771.1
Colombia,LA,1910,5094000.0,2.118,1745736000.0,0.00291797,4835.6
Colombia,LA,1911,5229600.0,2.1779,1762399000.0,0.00296732,4843.4
Colombia,LA,1912,5365200.0,2.2378,1779061000.0,0.00301575,4850.8
Colombia,LA,1913,5500800.0,2.2977,1796080000.0,0.00306267,4857.9
Colombia,LA,1914,5636400.0,2.3576,1808262000.0,0.00311703,4864.6
Colombia,LA,1915,5772000.0,2.4175,1818401000.0,0.00317422,4871.0
Colombia,LA,1916,5907600.0,2.4774000000000003,1828586000.0,0.00323069,4877.1
Colombia,LA,1917,6043200.0,2.5373,1839381000.0,0.00328545,4883.0
Colombia,LA,1918,6178800.0,2.5972,1849942000.0,0.00334,4888.6
Colombia,LA,1919,6314400.0,2.6571,1862569000.0,0.00339016,4893.9
Colombia,LA,1920,6450000.0,2.717,1875297000.0,0.00343946,4899.0
Colombia,LA,1921,6591900.0,2.7972,1886887000.0,0.00349353,4935.1
Colombia,LA,1922,6733800.0,2.8774,1903926000.0,0.0035368,4969.6
Colombia,LA,1923,6875700.0,2.9576,1924127000.0,0.00357341,5002.7
Colombia,LA,1924,7017600.0,3.0378000000000003,1946371000.0,0.00360548,5034.4
Colombia,LA,1925,7159500.0,3.1180000000000003,1968879000.0,0.00363633,5064.9
Colombia,LA,1926,7301400.0,3.1982,1991829000.0,0.00366568,5094.2
Colombia,LA,1927,7443300.0,3.2784,2014443000.0,0.00369497,5122.4
Colombia,LA,1928,7585200.0,3.3586,2036576000.0,0.00372449,5149.6
Colombia,LA,1929,7727100.0,3.4388,2059103000.0,0.00375265,5175.7
Colombia,LA,1930,7869000.0,3.519,2080211000.0,0.00378279,5200.9
Colombia,LA,1931,8045900.0,3.6766,2101812000.0,0.00382808,5314.4
Colombia,LA,1932,8222799.999999999,3.8342,2121508000.0,0.00387592,5422.9
Colombia,LA,1933,8399700.0,3.9918,2140973000.0,0.00392331,5526.9
Colombia,LA,1934,8576600.0,4.1494,2161152000.0,0.00396853,5626.6
Colombia,LA,1935,8753500.0,4.307,2181702000.0,0.00401223,5722.3
Colombia,LA,1936,8930400.0,4.4646,2203365000.0,0.00405307,5814.2
Colombia,LA,1937,9107300.0,4.622199999999999,2226159000.0,0.00409104,5902.5
Colombia,LA,1938,9284200.0,4.7798,2250491000.0,0.00412541,5987.5
Colombia,LA,1939,9461100.0,4.9374,2275307000.0,0.00415816,6069.3
Colombia,LA,1940,9638000.0,5.095,2296743000.0,0.00419638,6148.0
Colombia,LA,1941,9874200.0,5.201499999999999,2313071000.0,0.00426887,6126.4
Colombia,LA,1942,10110400.0,5.308,2331578000.0,0.00433629,6105.8
Colombia,LA,1943,10346600.0,5.4145,2350140000.0,0.00440255,6086.1
Colombia,LA,1944,10582800.0,5.521,2368872000.0,0.00446744,6067.3
Colombia,LA,1945,10819000.0,5.6275,2394093000.0,0.00451904,6049.3
Colombia,LA,1946,11055200.0,5.734,2419526000.0,0.00456916,6032.1
Colombia,LA,1947,11291400.0,5.8405000000000005,2446628000.0,0.00461509,6015.6
Colombia,LA,1948,11527600.0,5.947,2473860000.0,0.00465976,5999.8
Colombia,LA,1949,11763800.0,6.0535,2501856000.0,0.00470203,5984.6
Colombia,LA,1950,12000000.0,6.16,2529794000.0,0.00474347,5970.1
Colombia,LA,1951,12400500.0,6.5452,2577776000.0,0.00481054,6138.5
Colombia,LA,1952,12801000.0,6.930400000000001,2624866000.0,0.00487682,6296.4
Colombia,LA,1953,13201500.0,7.3156,2671465000.0,0.00494167,6444.8
Colombia,LA,1954,13602000.0,7.7008,2718563000.0,0.00500338,6584.3
Colombia,LA,1955,14002500.0,8.086,2766430000.0,0.00506158,6716.0
Colombia,LA,1956,14403000.0,8.4712,2815461000.0,0.00511568,6840.2
Colombia,LA,1957,14803500.0,8.8564,2866148000.0,0.00516495,6957.8
Colombia,LA,1958,15204000.0,9.2416,2918168000.0,0.00521012,7069.2
Colombia,LA,1959,15604500.0,9.6268,2971839000.0,0.00525079,7174.8
Colombia,LA,1960,16005000.0,10.012,3027112000.0,0.00528722,7275.2
Colombia,LA,1961,16537200.0,10.5116,3084358000.0,0.00536163,7392.4
Colombia,LA,1962,17069400.0,11.0112,3143380000.0,0.00543027,7502.3
Colombia,LA,1963,17601600.0,11.5108,3204489000.0,0.00549279,7605.6
Colombia,LA,1964,18133800.0,12.0104,3268074000.0,0.00554877,7702.8
Colombia,LA,1965,18666000.0,12.51,3334092000.0,0.00559853,7794.5
Colombia,LA,1966,19198200.0,13.0096,3402738000.0,0.00564199,7881.0
Colombia,LA,1967,19730400.0,13.5092,3473827000.0,0.00567973,7962.9
Colombia,LA,1968,20262600.0,14.0088,3546719000.0,0.00571305,8040.5
Colombia,LA,1969,20794800.0,14.508399999999998,3620809000.0,0.00574314,8114.2
Colombia,LA,1970,21327000.0,15.008,3695944000.0,0.00577038,8184.1
Colombia,LA,1971,21882400.0,15.4978,3771809000.0,0.00580157,8236.7
Colombia,LA,1972,22437800.0,15.9876,3847786000.0,0.00583135,8286.7
Colombia,LA,1973,22993200.0,16.4774,3923766000.0,0.00585998,8334.3
Colombia,LA,1974,23548600.0,16.9672,3999654000.0,0.00588766,8379.6
Colombia,LA,1975,24104000.0,17.457,4075437000.0,0.00591446,8422.9
Colombia,LA,1976,24659400.0,17.9468,4150660000.0,0.00594108,8464.2
Colombia,LA,1977,25214800.0,18.4366,4225672000.0,0.00596705,8503.6
Colombia,LA,1978,25770200.0,18.9264,4301501000.0,0.00599098,8541.4
Colombia,LA,1979,26325600.0,19.4162,4378004000.0,0.00601315,8577.6
Colombia,LA,1980,26881000.0,19.906,4456394000.0,0.00603201,8612.3
Colombia,LA,1981,27511500.0,20.2698,4535942000.0,0.00606522,8568.7
Colombia,LA,1982,28142000.0,20.6336,4616948000.0,0.00609537,8527.1
Colombia,LA,1983,28772500.0,20.9974,4699604000.0,0.00612232,8487.3
Colombia,LA,1984,29403000.0,21.3612,4784334000.0,0.00614568,8449.2
Colombia,LA,1985,30033500.0,21.725,4871434000.0,0.00616523,8412.7
Colombia,LA,1986,30664000.0,22.0888,4961120000.0,0.00618086,8377.7
Colombia,LA,1987,31294500.0,22.4526,5052960000.0,0.0061933,8344.1
Colombia,LA,1988,31925000.0,22.8164,5145733000.0,0.00620417,8311.8
Colombia,LA,1989,32555500.0,23.1802,5237968000.0,0.00621529,8280.8
Colombia,LA,1990,33186000.0,23.544,5328602000.0,0.0062279,8251.0
Colombia,LA,1991,33843700.0,24.0776,5417317000.0,0.00624732,8274.0
Colombia,LA,1992,34501400.0,24.6112,5503880000.0,0.00626856,8296.1
Colombia,LA,1993,35159100.0,25.1448,5588359000.0,0.00629149,8317.4
Colombia,LA,1994,35816800.0,25.6784,5671048000.0,0.00631573,8338.0
Colombia,LA,1995,36474500.0,26.212,5752408000.0,0.00634074,8357.8
Colombia,LA,1996,37132200.0,26.7456,5832484000.0,0.00636645,8376.9
Colombia,LA,1997,37789900.0,27.2792,5911415000.0,0.0063927,8395.3
Colombia,LA,1998,38447600.0,27.8128,5989470000.0,0.0064192,8413.1
Colombia,LA,1999,39105300.0,28.3464,6067325000.0,0.00644523,8430.3
Colombia,LA,2000,39763000.0,28.88,6145394000.0,0.00647037,8446.9
Colombia,LA,2001,40416600.0,29.6574,6223661000.0,0.00649402,8534.0
Colombia,LA,2002,41070200.0,30.4348,6302453000.0,0.00651654,8618.3
Colombia,LA,2003,41723800.0,31.2122,6381858000.0,0.00653788,8700.0
Colombia,LA,2004,42377400.0,31.9896,6461988000.0,0.00655795,8779.2
Colombia,LA,2005,43031000.0,32.767,6542867000.0,0.00657678,8855.9
Colombia,LA,2006,43684600.0,33.5444,6624538000.0,0.00659436,8930.4
Colombia,LA,2007,44338200.0,34.3218,6707018000.0,0.00661072,9002.7
Colombia,LA,2008,44991800.0,35.0992,6790025000.0,0.00662616,9072.8
Colombia,LA,2009,45645400.0,35.8766,6874725000.0,0.0066396,9141.0
Colombia,LA,2010,46299000.0,36.654,6959421000.0,0.00665271,9207.2
Colombia,LA,2011,46757400.0,37.6645,7044266000.0,0.00663765,9368.3
Colombia,LA,2012,47215800.0,38.675,7129609000.0,0.0066225,9526.3
Colombia,LA,2013,47674200.0,39.685500000000005,7215047000.0,0.00660761,9681.2
Colombia,LA,2014,48132600.0,40.696000000000005,7300248000.0,0.00659328,9833.1
Colombia,LA,2015,48591000.0,41.706500000000005,7384880000.0,0.0065798,9982.2
Colombia,LA,2016,49049400.0,42.717,7469068000.0,0.006567,10128.5
Colombia,LA,2017,49507800.0,43.7275,7550393000.0,0.00655698,10272.1
Colombia,LA,2018,49966200.0,44.738,7632955000.0,0.00654611,10413.1
Colombia,LA,2019,50424600.0,45.7485,7714577000.0,0.00653628,10551.5
Colombia,LA,2020,50883000.0,46.759,7795482000.0,0.00652724,10687.4
Congo R.D.,Af,1820,5000000.0,2.123,1047270000.0,0.00477432,4938.1
Congo R.D.,Af,1821,5022000.0,2.1326,1052728000.0,0.00477046,4938.7
Congo R.D.,Af,1822,5044000.0,2.1422000000000003,1058224000.0,0.00476648,4939.3
Congo R.D.,Af,1823,5066000.0,2.1518,1063824000.0,0.00476207,4939.9
Congo R.D.,Af,1824,5088000.0,2.1614,1069477000.0,0.00475747,4940.5
Congo R.D.,Af,1825,5110000.0,2.1710000000000003,1075142000.0,0.00475286,4941.0
Congo R.D.,Af,1826,5132000.0,2.1806,1080733000.0,0.00474863,4941.6
Congo R.D.,Af,1827,5154000.0,2.1902,1086318000.0,0.00474447,4942.2
Congo R.D.,Af,1828,5176000.0,2.1998,1091853000.0,0.00474056,4942.8
Congo R.D.,Af,1829,5198000.0,2.2094,1097270000.0,0.00473721,4943.3
Congo R.D.,Af,1830,5220000.0,2.219,1102518000.0,0.00473462,4943.9
Congo R.D.,Af,1831,5242900.0,2.229,1108061000.0,0.0047316,4944.5
Congo R.D.,Af,1832,5265800.0,2.239,1113520000.0,0.00472897,4945.0
Congo R.D.,Af,1833,5288700.0,2.249,1119039000.0,0.00472611,4945.6
Congo R.D.,Af,1834,5311600.0,2.259,1124554000.0,0.00472329,4946.2
Congo R.D.,Af,1835,5334500.0,2.269,1130361000.0,0.00471929,4946.8
Congo R.D.,Af,1836,5357400.0,2.279,1136068000.0,0.00471574,4947.3
Congo R.D.,Af,1837,5380300.0,2.289,1141817000.0,0.00471205,4947.9
Congo R.D.,Af,1838,5403200.0,2.299,1147560000.0,0.00470842,4948.4
Congo R.D.,Af,1839,5426100.0,2.309,1153428000.0,0.00470432,4949.0
Congo R.D.,Af,1840,5449000.0,2.319,1159310000.0,0.00470021,4949.5
Congo R.D.,Af,1841,5472900.0,2.3294,1165435000.0,0.00469601,4950.0
Congo R.D.,Af,1842,5496800.0,2.3398,1171545000.0,0.00469192,4950.5
Congo R.D.,Af,1843,5520700.0,2.3502,1177631000.0,0.00468797,4951.0
Congo R.D.,Af,1844,5544600.0,2.3606,1183818000.0,0.00468366,4951.4
Congo R.D.,Af,1845,5568500.0,2.371,1190091000.0,0.00467905,4951.9
Congo R.D.,Af,1846,5592400.0,2.3814,1196249000.0,0.00467495,4952.4
Congo R.D.,Af,1847,5616300.0,2.3918,1201397000.0,0.00467481,4952.8
Congo R.D.,Af,1848,5640200.0,2.4022,1205963000.0,0.00467693,4953.3
Congo R.D.,Af,1849,5664100.0,2.4126,1211069000.0,0.00467694,4953.8
Congo R.D.,Af,1850,5688000.0,2.423,1216574000.0,0.00467542,4954.2
Congo R.D.,Af,1851,5730700.0,2.4389,1218975000.0,0.00470124,4949.6
Congo R.D.,Af,1852,5773400.0,2.4548,1221557000.0,0.00472626,4945.0
Congo R.D.,Af,1853,5816100.0,2.4707,1224259000.0,0.00475071,4940.5
Congo R.D.,Af,1854,5858800.0,2.4866,1226726000.0,0.00477596,4936.0
Congo R.D.,Af,1855,5901500.0,2.5025,1228814000.0,0.0048026,4931.6
Congo R.D.,Af,1856,5944200.0,2.5184,1231565000.0,0.00482654,4927.3
Congo R.D.,Af,1857,5986900.0,2.5343,1234524000.0,0.00484956,4923.1
Congo R.D.,Af,1858,6029600.0,2.5502,1237487000.0,0.00487246,4918.9
Congo R.D.,Af,1859,6072300.0,2.5661,1240642000.0,0.00489448,4914.7
Congo R.D.,Af,1860,6115000.0,2.582,1243735000.0,0.00491664,4910.7
Congo R.D.,Af,1861,6160900.0,2.5966,1247652000.0,0.004938,4901.6
Congo R.D.,Af,1862,6206800.0,2.6112,1250707000.0,0.00496263,4892.7
Congo R.D.,Af,1863,6252700.0,2.6258,1254013000.0,0.00498615,4884.0
Congo R.D.,Af,1864,6298600.0,2.6404,1257290000.0,0.00500966,4875.3
Congo R.D.,Af,1865,6344500.0,2.655,1260601000.0,0.00503292,4866.8
Congo R.D.,Af,1866,6390400.0,2.6696,1263629000.0,0.00505718,4858.5
Congo R.D.,Af,1867,6436300.0,2.6842,1266809000.0,0.00508072,4850.2
Congo R.D.,Af,1868,6482200.0,2.6988000000000003,1269858000.0,0.00510467,4842.0
Congo R.D.,Af,1869,6528100.0,2.7134,1271405000.0,0.00513456,4834.0
Congo R.D.,Af,1870,6574000.0,2.728,1274661000.0,0.00515745,4826.1
Congo R.D.,Af,1871,6623300.0,2.7526,1282387000.0,0.00516482,4833.4
Congo R.D.,Af,1872,6672600.0,2.7772,1290858000.0,0.00516912,4840.5
Congo R.D.,Af,1873,6721900.0,2.8018,1299848000.0,0.0051713,4847.6
Congo R.D.,Af,1874,6771200.0,2.8264,1309013000.0,0.00517275,4854.5
Congo R.D.,Af,1875,6820500.0,2.851,1318339000.0,0.00517356,4861.4
Congo R.D.,Af,1876,6869800.0,2.8756000000000004,1327814000.0,0.00517377,4868.2
Congo R.D.,Af,1877,6919100.0,2.9002000000000003,1337399000.0,0.00517355,4874.8
Congo R.D.,Af,1878,6968400.0,2.9248000000000003,1347055000.0,0.00517306,4881.4
Congo R.D.,Af,1879,7017700.0,2.9494,1356760000.0,0.0051724,4887.9
Congo R.D.,Af,1880,7067000.0,2.974,1366310000.0,0.00517233,4894.2
Congo R.D.,Af,1881,7120100.0,2.9959,1376041000.0,0.00517434,4893.5
Congo R.D.,Af,1882,7173200.0,3.0178000000000003,1385750000.0,0.0051764,4892.8
Congo R.D.,Af,1883,7226300.0,3.0397000000000003,1395507000.0,0.00517826,4892.1
Congo R.D.,Af,1884,7279400.0,3.0616000000000003,1405536000.0,0.00517909,4891.4
Congo R.D.,Af,1885,7332500.0,3.0835,1415514000.0,0.0051801,4890.7
Congo R.D.,Af,1886,7385600.0,3.1054,1425627000.0,0.0051806,4890.0
Congo R.D.,Af,1887,7438700.0,3.1273,1435759000.0,0.00518102,4889.4
Congo R.D.,Af,1888,7491800.0,3.1492,1445944000.0,0.00518125,4888.7
Congo R.D.,Af,1889,7544900.0,3.1711,1456277000.0,0.00518095,4888.1
Congo R.D.,Af,1890,7598000.0,3.193,1466582000.0,0.00518075,4887.4
Congo R.D.,Af,1891,7648400.0,3.2042,1477705000.0,0.00517586,4872.2
Congo R.D.,Af,1892,7698800.0,3.2154000000000003,1488973000.0,0.00517054,4857.3
Congo R.D.,Af,1893,7749200.0,3.2266,1500286000.0,0.00516515,4842.5
Congo R.D.,Af,1894,7799600.0,3.2378,1511963000.0,0.00515859,4827.9
Congo R.D.,Af,1895,7850000.0,3.249,1523676000.0,0.00515201,4813.5
Congo R.D.,Af,1896,7900400.0,3.2602,1535655000.0,0.00514465,4799.3
Congo R.D.,Af,1897,7950800.0,3.2714000000000003,1547830000.0,0.00513674,4785.2
Congo R.D.,Af,1898,8001200.0,3.2826,1560243000.0,0.00512818,4771.4
Congo R.D.,Af,1899,8051600.0,3.2938,1572611000.0,0.00511989,4757.7
Congo R.D.,Af,1900,8102000.0,3.305,1584867000.0,0.0051121,4744.2
Congo R.D.,Af,1901,8170900.0,3.337,1600044000.0,0.00510667,4749.7
Congo R.D.,Af,1902,8239799.999999999,3.369,1615427000.0,0.00510069,4755.1
Congo R.D.,Af,1903,8308700.000000001,3.401,1630965000.0,0.00509435,4760.5
Congo R.D.,Af,1904,8377600.0,3.4330000000000003,1646581000.0,0.00508788,4765.8
Congo R.D.,Af,1905,8446500.0,3.465,1662453000.0,0.00508075,4771.0
Congo R.D.,Af,1906,8515400.0,3.497,1678596000.0,0.00507293,4776.1
Congo R.D.,Af,1907,8584300.0,3.529,1695030000.0,0.00506439,4781.1
Congo R.D.,Af,1908,8653200.0,3.561,1711586000.0,0.00505566,4786.0
Congo R.D.,Af,1909,8722100.0,3.593,1728501000.0,0.00504605,4790.9
Congo R.D.,Af,1910,8791000.0,3.625,1745736000.0,0.0050357,4795.7
Congo R.D.,Af,1911,8865700.0,3.6471,1762399000.0,0.00503047,4784.3
Congo R.D.,Af,1912,8940400.0,3.6692,1779061000.0,0.00502535,4773.0
Congo R.D.,Af,1913,9015100.0,3.6913,1796080000.0,0.00501932,4762.0
Congo R.D.,Af,1914,9089800.0,3.7134,1808262000.0,0.00502682,4751.1
Congo R.D.,Af,1915,9164500.0,3.7355,1818401000.0,0.00503987,4740.5
Congo R.D.,Af,1916,9239200.0,3.7576,1828586000.0,0.00505265,4729.9
Congo R.D.,Af,1917,9313900.0,3.7797,1839381000.0,0.00506361,4719.6
Congo R.D.,Af,1918,9388600.0,3.8018,1849942000.0,0.00507508,4709.4
Congo R.D.,Af,1919,9463300.0,3.8239,1862569000.0,0.00508078,4699.4
Congo R.D.,Af,1920,9538000.0,3.846,1875297000.0,0.00508613,4689.6
Congo R.D.,Af,1921,9619100.0,3.9037,1886887000.0,0.00509787,4719.8
Congo R.D.,Af,1922,9700200.0,3.9614,1903926000.0,0.00509484,4749.5
Congo R.D.,Af,1923,9781300.0,4.0191,1924127000.0,0.0050835,4778.7
Congo R.D.,Af,1924,9862400.0,4.0768,1946371000.0,0.00506707,4807.5
Congo R.D.,Af,1925,9943500.0,4.1345,1968879000.0,0.00505034,4835.7
Congo R.D.,Af,1926,10024600.0,4.1922,1991829000.0,0.00503286,4863.6
Congo R.D.,Af,1927,10105700.0,4.2499,2014443000.0,0.00501662,4890.9
Congo R.D.,Af,1928,10186800.0,4.3076,2036576000.0,0.00500192,4917.9
Congo R.D.,Af,1929,10267900.0,4.3653,2059103000.0,0.00498659,4944.4
Congo R.D.,Af,1930,10349000.0,4.423,2080211000.0,0.00497498,4970.5
Congo R.D.,Af,1931,10437000.0,4.426,2101812000.0,0.00496572,4931.9
Congo R.D.,Af,1932,10525000.0,4.429,2121508000.0,0.00496109,4894.0
Congo R.D.,Af,1933,10613000.0,4.432,2140973000.0,0.00495709,4856.7
Congo R.D.,Af,1934,10701000.0,4.4350000000000005,2161152000.0,0.00495153,4820.0
Congo R.D.,Af,1935,10789000.0,4.438000000000001,2181702000.0,0.00494522,4783.9
Congo R.D.,Af,1936,10877000.0,4.441,2203365000.0,0.00493654,4748.4
Congo R.D.,Af,1937,10965000.0,4.444,2226159000.0,0.00492552,4713.5
Congo R.D.,Af,1938,11053000.0,4.447,2250491000.0,0.00491137,4679.1
Congo R.D.,Af,1939,11141000.0,4.45,2275307000.0,0.00489648,4645.3
Congo R.D.,Af,1940,11229000.0,4.453,2296743000.0,0.0048891,4612.0
Congo R.D.,Af,1941,11324500.0,4.5298,2313071000.0,0.00489587,4652.0
Congo R.D.,Af,1942,11420000.0,4.6066,2331578000.0,0.00489797,4691.3
Congo R.D.,Af,1943,11515500.0,4.683400000000001,2350140000.0,0.00489992,4730.0
Congo R.D.,Af,1944,11611000.0,4.7602,2368872000.0,0.00490149,4768.0
Congo R.D.,Af,1945,11706500.0,4.837,2394093000.0,0.00488974,4805.4
Congo R.D.,Af,1946,11802000.0,4.9138,2419526000.0,0.00487781,4842.2
Congo R.D.,Af,1947,11897500.0,4.990600000000001,2446628000.0,0.00486282,4878.4
Congo R.D.,Af,1948,11993000.0,5.0674,2473860000.0,0.00484789,4914.0
Congo R.D.,Af,1949,12088500.0,5.1442,2501856000.0,0.00483181,4949.1
Congo R.D.,Af,1950,12184000.0,5.221,2529794000.0,0.0048162,4983.6
Congo R.D.,Af,1951,12490400.0,5.3569,2577776000.0,0.00484542,4987.9
Congo R.D.,Af,1952,12796800.0,5.4928,2624866000.0,0.00487522,4992.0
Congo R.D.,Af,1953,13103200.0,5.6287,2671465000.0,0.00490487,4995.9
Congo R.D.,Af,1954,13409600.0,5.7646,2718563000.0,0.00493261,4999.6
Congo R.D.,Af,1955,13716000.0,5.9005,2766430000.0,0.00495801,5003.1
Congo R.D.,Af,1956,14022400.0,6.0364,2815461000.0,0.0049805,5006.5
Congo R.D.,Af,1957,14328800.0,6.1723,2866148000.0,0.00499932,5009.8
Congo R.D.,Af,1958,14635200.0,6.3082,2918168000.0,0.0050152,5012.9
Congo R.D.,Af,1959,14941600.0,6.4441,2971839000.0,0.00502773,5015.9
Congo R.D.,Af,1960,15248000.0,6.58,3027112000.0,0.00503714,5018.7
Congo R.D.,Af,1961,15724200.0,6.6836,3084358000.0,0.00509805,4943.4
Congo R.D.,Af,1962,16200400.0,6.7872,3143380000.0,0.00515382,4872.4
Congo R.D.,Af,1963,16676599.999999998,6.8908,3204489000.0,0.00520414,4805.5
Congo R.D.,Af,1964,17152800.0,6.9944,3268074000.0,0.0052486,4742.4
Congo R.D.,Af,1965,17629000.0,7.098,3334092000.0,0.0052875,4682.6
Congo R.D.,Af,1966,18105200.0,7.2016,3402738000.0,0.00532077,4626.0
Congo R.D.,Af,1967,18581400.0,7.3052,3473827000.0,0.00534897,4572.3
Congo R.D.,Af,1968,19057600.0,7.408799999999999,3546719000.0,0.0053733,4521.3
Congo R.D.,Af,1969,19533800.0,7.512399999999999,3620809000.0,0.00539487,4472.7
Congo R.D.,Af,1970,20010000.0,7.616,3695944000.0,0.00541404,4426.5
Congo R.D.,Af,1971,20644700.0,7.7557,3771809000.0,0.00547342,4369.1
Congo R.D.,Af,1972,21279400.0,7.895399999999999,3847786000.0,0.0055303,4315.1
Congo R.D.,Af,1973,21914100.0,8.0351,3923766000.0,0.00558497,4264.3
Congo R.D.,Af,1974,22548800.0,8.1748,3999654000.0,0.00563769,4216.3
Congo R.D.,Af,1975,23183500.0,8.314499999999999,4075437000.0,0.00568859,4171.0
Congo R.D.,Af,1976,23818200.0,8.4542,4150660000.0,0.00573841,4128.0
Congo R.D.,Af,1977,24452900.0,8.5939,4225672000.0,0.00578675,4087.3
Congo R.D.,Af,1978,25087600.0,8.7336,4301501000.0,0.00583229,4048.7
Congo R.D.,Af,1979,25722300.0,8.8733,4378004000.0,0.00587535,4011.9
Congo R.D.,Af,1980,26357000.0,9.013,4456394000.0,0.00591442,3977.0
Congo R.D.,Af,1981,27182800.0,9.1598,4535942000.0,0.00599276,3919.0
Congo R.D.,Af,1982,28008600.0,9.3066,4616948000.0,0.00606648,3864.4
Congo R.D.,Af,1983,28834400.0,9.4534,4699604000.0,0.0061355,3812.9
Congo R.D.,Af,1984,29660200.0,9.6002,4784334000.0,0.00619944,3764.3
Congo R.D.,Af,1985,30486000.0,9.747,4871434000.0,0.00625812,3718.3
Congo R.D.,Af,1986,31311800.0,9.8938,4961120000.0,0.00631144,3674.8
Congo R.D.,Af,1987,32137600.0,10.0406,5052960000.0,0.00636015,3633.5
Congo R.D.,Af,1988,32963400.0,10.1874,5145733000.0,0.00640597,3594.3
Congo R.D.,Af,1989,33789200.0,10.3342,5237968000.0,0.00645082,3557.0
Congo R.D.,Af,1990,34615000.0,10.481,5328602000.0,0.00649608,3521.4
Congo R.D.,Af,1991,35861100.0,10.7297,5417317000.0,0.00661972,3479.7
Congo R.D.,Af,1992,37107200.0,10.9784,5503880000.0,0.00674201,3440.8
Congo R.D.,Af,1993,38353300.0,11.2271,5588359000.0,0.00686307,3404.4
Congo R.D.,Af,1994,39599400.0,11.4758,5671048000.0,0.00698273,3370.3
Congo R.D.,Af,1995,40845500.0,11.7245,5752408000.0,0.00710059,3338.3
Congo R.D.,Af,1996,42091600.0,11.9732,5832484000.0,0.00721675,3308.2
Congo R.D.,Af,1997,43337700.0,12.2219,5911415000.0,0.00733119,3279.8
Congo R.D.,Af,1998,44583800.0,12.4706,5989470000.0,0.0074437,3253.0
Congo R.D.,Af,1999,45829900.0,12.7193,6067325000.0,0.00755356,3227.7
Congo R.D.,Af,2000,47076000.0,12.968,6145394000.0,0.00766037,3203.7
Congo R.D.,Af,2001,48820700.0,13.4401,6223661000.0,0.00784437,3201.7
Congo R.D.,Af,2002,50565400.0,13.9122,6302453000.0,0.00802313,3199.8
Congo R.D.,Af,2003,52310100.0,14.3843,6381858000.0,0.00819669,3198.0
Congo R.D.,Af,2004,54054800.0,14.8564,6461988000.0,0.00836504,3196.4
Congo R.D.,Af,2005,55799500.0,15.3285,6542867000.0,0.0085283,3194.8
Congo R.D.,Af,2006,57544200.0,15.8006,6624538000.0,0.00868652,3193.4
Congo R.D.,Af,2007,59288900.0,16.2727,6707018000.0,0.00883983,3192.0
Congo R.D.,Af,2008,61033600.0,16.7448,6790025000.0,0.00898872,3190.7
Congo R.D.,Af,2009,62778300.0,17.2169,6874725000.0,0.00913175,3189.5
Congo R.D.,Af,2010,64523000.0,17.689,6959421000.0,0.00927132,3188.4
Congo R.D.,Af,2011,67026800.0,18.1224,7044266000.0,0.00951509,3144.5
Congo R.D.,Af,2012,69530600.0,18.5558,7129609000.0,0.00975237,3103.7
Congo R.D.,Af,2013,72034400.0,18.9892,7215047000.0,0.00998391,3065.8
Congo R.D.,Af,2014,74538200.0,19.4226,7300248000.0,0.01021037,3030.5
Congo R.D.,Af,2015,77042000.0,19.856,7384880000.0,0.0104324,2997.4
Congo R.D.,Af,2016,79545800.0,20.2894,7469068000.0,0.01065003,2966.4
Congo R.D.,Af,2017,82049600.0,20.7228,7550393000.0,0.01086693,2937.3
Congo R.D.,Af,2018,84553400.0,21.1562,7632955000.0,0.01107741,2910.0
Congo R.D.,Af,2019,87057200.0,21.5896,7714577000.0,0.01128477,2884.2
Congo R.D.,Af,2020,89561000.0,22.023,7795482000.0,0.01148883,2859.8
Costa Rica,LA,1820,63000.0,0.023,1047270000.0,6.016e-05,4245.9
Costa Rica,LA,1821,64099.99999999999,0.0234,1052728000.0,6.089e-05,4245.6
Costa Rica,LA,1822,65200.0,0.0237999999999999,1058224000.0,6.161e-05,4245.3
Costa Rica,LA,1823,66300.0,0.0242,1063824000.0,6.232e-05,4245.0
Costa Rica,LA,1824,67400.0,0.0246,1069477000.0,6.302e-05,4244.8
Costa Rica,LA,1825,68500.0,0.025,1075142000.0,6.371e-05,4244.5
Costa Rica,LA,1826,69600.0,0.0254,1080733000.0,6.44e-05,4244.3
Costa Rica,LA,1827,70700.0,0.0258,1086318000.0,6.508e-05,4244.0
Costa Rica,LA,1828,71800.0,0.0262,1091853000.0,6.576e-05,4243.8
Costa Rica,LA,1829,72900.0,0.0266,1097270000.0,6.644e-05,4243.6
Costa Rica,LA,1830,74000.0,0.027,1102518000.0,6.712e-05,4243.4
Costa Rica,LA,1831,75200.0,0.0275,1108061000.0,6.787e-05,4253.0
Costa Rica,LA,1832,76400.0,0.028,1113520000.0,6.861e-05,4262.3
Costa Rica,LA,1833,77600.0,0.0285,1119039000.0,6.935e-05,4271.3
Costa Rica,LA,1834,78800.0,0.029,1124554000.0,7.007e-05,4280.1
Costa Rica,LA,1835,80000.0,0.0295,1130361000.0,7.077e-05,4288.6
Costa Rica,LA,1836,81200.0,0.03,1136068000.0,7.147e-05,4296.8
Costa Rica,LA,1837,82400.0,0.0305,1141817000.0,7.217e-05,4304.8
Costa Rica,LA,1838,83600.0,0.031,1147560000.0,7.285e-05,4312.6
Costa Rica,LA,1839,84800.0,0.0315,1153428000.0,7.352e-05,4320.1
Costa Rica,LA,1840,86000.0,0.032,1159310000.0,7.418e-05,4327.4
Costa Rica,LA,1841,87500.0,0.0327,1165435000.0,7.508e-05,4346.3
Costa Rica,LA,1842,89000.0,0.0334,1171545000.0,7.597e-05,4364.5
Costa Rica,LA,1843,90500.0,0.0341,1177631000.0,7.685e-05,4382.1
Costa Rica,LA,1844,92000.0,0.0348,1183818000.0,7.771e-05,4399.2
Costa Rica,LA,1845,93500.0,0.0355,1190091000.0,7.857e-05,4415.7
Costa Rica,LA,1846,95000.0,0.0361999999999999,1196249000.0,7.941e-05,4431.6
Costa Rica,LA,1847,96500.0,0.0369,1201397000.0,8.032e-05,4447.1
Costa Rica,LA,1848,98000.0,0.0376,1205963000.0,8.126e-05,4462.1
Costa Rica,LA,1849,99500.0,0.0383,1211069000.0,8.216e-05,4476.7
Costa Rica,LA,1850,101000.0,0.039,1216574000.0,8.302e-05,4490.8
Costa Rica,LA,1851,102700.0,0.0398,1218975000.0,8.425e-05,4507.0
Costa Rica,LA,1852,104400.0,0.0406,1221557000.0,8.546e-05,4522.8
Costa Rica,LA,1853,106100.0,0.0414,1224259000.0,8.666e-05,4538.0
Costa Rica,LA,1854,107800.0,0.0422,1226726000.0,8.788e-05,4552.7
Costa Rica,LA,1855,109500.0,0.043,1228814000.0,8.911e-05,4567.0
Costa Rica,LA,1856,111200.0,0.0438,1231565000.0,9.029e-05,4580.9
Costa Rica,LA,1857,112900.0,0.0446,1234524000.0,9.145e-05,4594.3
Costa Rica,LA,1858,114600.0,0.0454,1237487000.0,9.261e-05,4607.3
Costa Rica,LA,1859,116300.0,0.0462,1240642000.0,9.374e-05,4620.0
Costa Rica,LA,1860,118000.0,0.047,1243735000.0,9.488e-05,4632.3
Costa Rica,LA,1861,119900.0,0.047,1247652000.0,9.61e-05,4558.9
Costa Rica,LA,1862,121800.0,0.047,1250707000.0,9.738e-05,4487.8
Costa Rica,LA,1863,123700.0,0.047,1254013000.0,9.864e-05,4418.8
Costa Rica,LA,1864,125600.0,0.047,1257290000.0,9.99e-05,4352.0
Costa Rica,LA,1865,127500.0,0.047,1260601000.0,0.00010114,4287.1
Costa Rica,LA,1866,129400.0,0.047,1263629000.0,0.0001024,4224.2
Costa Rica,LA,1867,131300.0,0.047,1266809000.0,0.00010365,4163.1
Costa Rica,LA,1868,133200.0,0.047,1269858000.0,0.00010489,4103.7
Costa Rica,LA,1869,135100.0,0.047,1271405000.0,0.00010626,4046.0
Costa Rica,LA,1870,137000.0,0.047,1274661000.0,0.00010748,3989.9
Costa Rica,LA,1871,142400.0,0.0484,1282387000.0,0.00011104,3952.9
Costa Rica,LA,1872,147800.0,0.0498,1290858000.0,0.0001145,3918.6
Costa Rica,LA,1873,153200.0,0.0511999999999999,1299848000.0,0.00011786,3886.8
Costa Rica,LA,1874,158600.0,0.0526,1309013000.0,0.00012116,3857.1
Costa Rica,LA,1875,164000.0,0.054,1318339000.0,0.0001244,3829.4
Costa Rica,LA,1876,169400.0,0.0554,1327814000.0,0.00012758,3803.4
Costa Rica,LA,1877,174800.0,0.0567999999999999,1337399000.0,0.0001307,3779.1
Costa Rica,LA,1878,180200.0,0.0582,1347055000.0,0.00013377,3756.2
Costa Rica,LA,1879,185600.0,0.0596,1356760000.0,0.0001368,3734.6
Costa Rica,LA,1880,191000.0,0.061,1366310000.0,0.00013979,3714.3
Costa Rica,LA,1881,198700.0,0.0639,1376041000.0,0.0001444,3740.1
Costa Rica,LA,1882,206400.0,0.0668,1385750000.0,0.00014894,3764.0
Costa Rica,LA,1883,214100.0,0.0697,1395507000.0,0.00015342,3786.1
Costa Rica,LA,1884,221800.0,0.0726,1405536000.0,0.0001578,3806.8
Costa Rica,LA,1885,229500.0,0.0755,1415514000.0,0.00016213,3826.0
Costa Rica,LA,1886,237200.0,0.0784,1425627000.0,0.00016638,3844.0
Costa Rica,LA,1887,244900.0,0.0813,1435759000.0,0.00017057,3860.8
Costa Rica,LA,1888,252600.0,0.0842,1445944000.0,0.0001747,3876.7
Costa Rica,LA,1889,260300.0,0.0871,1456277000.0,0.00017874,3891.6
Costa Rica,LA,1890,268000.0,0.09,1466582000.0,0.00018274,3905.6
Costa Rica,LA,1891,278600.0,0.0946999999999999,1477705000.0,0.00018854,3953.2
Costa Rica,LA,1892,289200.0,0.0994,1488973000.0,0.00019423,3997.3
Costa Rica,LA,1893,299800.0,0.1041,1500286000.0,0.00019983,4038.3
Costa Rica,LA,1894,310400.0,0.1088,1511963000.0,0.0002053,4076.5
Costa Rica,LA,1895,321000.0,0.1135,1523676000.0,0.00021067,4112.2
Costa Rica,LA,1896,331600.0,0.1182,1535655000.0,0.00021593,4145.6
Costa Rica,LA,1897,342200.0,0.1229,1547830000.0,0.00022108,4176.9
Costa Rica,LA,1898,352800.0,0.1276,1560243000.0,0.00022612,4206.3
Costa Rica,LA,1899,363400.0,0.1323,1572611000.0,0.00023108,4234.0
Costa Rica,LA,1900,374000.0,0.137,1584867000.0,0.00023598,4260.2
Costa Rica,LA,1901,380100.0,0.1441,1600044000.0,0.00023756,4409.1
Costa Rica,LA,1902,386200.0,0.1512,1615427000.0,0.00023907,4553.2
Costa Rica,LA,1903,392300.0,0.1583,1630965000.0,0.00024053,4692.9
Costa Rica,LA,1904,398400.0,0.1654,1646581000.0,0.00024196,4828.3
Costa Rica,LA,1905,404500.0,0.1725,1662453000.0,0.00024332,4959.6
Costa Rica,LA,1906,410600.0,0.1795999999999999,1678596000.0,0.00024461,5087.1
Costa Rica,LA,1907,416700.0,0.1867,1695030000.0,0.00024584,5210.8
Costa Rica,LA,1908,422800.0,0.1938,1711586000.0,0.00024702,5330.9
Costa Rica,LA,1909,428900.0,0.2009,1728501000.0,0.00024813,5447.6
Costa Rica,LA,1910,435000.0,0.208,1745736000.0,0.00024918,5561.0
Costa Rica,LA,1911,442200.0,0.2094,1762399000.0,0.00025091,5507.3
Costa Rica,LA,1912,449400.0,0.2108,1779061000.0,0.00025261,5455.3
Costa Rica,LA,1913,456600.0,0.2122,1796080000.0,0.00025422,5404.9
Costa Rica,LA,1914,463800.0,0.2135999999999999,1808262000.0,0.00025649,5356.1
Costa Rica,LA,1915,471000.0,0.215,1818401000.0,0.00025902,5308.8
Costa Rica,LA,1916,478200.0,0.2164,1828586000.0,0.00026151,5262.9
Costa Rica,LA,1917,485400.0,0.2178,1839381000.0,0.00026389,5218.4
Costa Rica,LA,1918,492600.0,0.2192,1849942000.0,0.00026628,5175.2
Costa Rica,LA,1919,499800.0,0.2206,1862569000.0,0.00026834,5133.2
Costa Rica,LA,1920,507000.0,0.222,1875297000.0,0.00027036,5092.4
Costa Rica,LA,1921,516700.00000000006,0.2279,1886887000.0,0.00027384,5129.6
Costa Rica,LA,1922,526400.0,0.2338,1903926000.0,0.00027648,5165.5
Costa Rica,LA,1923,536100.0,0.2397,1924127000.0,0.00027862,5200.0
Costa Rica,LA,1924,545800.0,0.2456,1946371000.0,0.00028042,5233.3
Costa Rica,LA,1925,555500.0,0.2515,1968879000.0,0.00028214,5265.4
Costa Rica,LA,1926,565200.0,0.2574,1991829000.0,0.00028376,5296.5
Costa Rica,LA,1927,574900.0,0.2633,2014443000.0,0.00028539,5326.5
Costa Rica,LA,1928,584600.0,0.2692,2036576000.0,0.00028705,5355.4
Costa Rica,LA,1929,594300.0,0.2751,2059103000.0,0.00028862,5383.5
Costa Rica,LA,1930,604000.0,0.281,2080211000.0,0.00029036,5410.6
Costa Rica,LA,1931,618500.0,0.2864,2101812000.0,0.00029427,5385.3
Costa Rica,LA,1932,633000.0,0.2918,2121508000.0,0.00029837,5361.2
Costa Rica,LA,1933,647500.0,0.2972,2140973000.0,0.00030243,5338.1
Costa Rica,LA,1934,662000.0,0.3026,2161152000.0,0.00030632,5316.1
Costa Rica,LA,1935,676500.0,0.308,2181702000.0,0.00031008,5295.0
Costa Rica,LA,1936,691000.0,0.3134,2203365000.0,0.00031361,5274.7
Costa Rica,LA,1937,705500.0,0.3188,2226159000.0,0.00031691,5255.3
Costa Rica,LA,1938,720000.0,0.3242,2250491000.0,0.00031993,5236.7
Costa Rica,LA,1939,734500.0,0.3296,2275307000.0,0.00032281,5218.9
Costa Rica,LA,1940,749000.0,0.335,2296743000.0,0.00032611,5201.7
Costa Rica,LA,1941,770700.0,0.3492,2313071000.0,0.00033319,5269.5
Costa Rica,LA,1942,792400.0,0.3634,2331578000.0,0.00033986,5333.6
Costa Rica,LA,1943,814100.0,0.3776,2350140000.0,0.0003464,5394.3
Costa Rica,LA,1944,835800.0,0.3918,2368872000.0,0.00035283,5451.8
Costa Rica,LA,1945,857500.0,0.406,2394093000.0,0.00035817,5506.4
Costa Rica,LA,1946,879200.0,0.4202,2419526000.0,0.00036338,5558.4
Costa Rica,LA,1947,900900.0,0.4344,2446628000.0,0.00036822,5607.8
Costa Rica,LA,1948,922600.0,0.4486,2473860000.0,0.00037294,5654.9
Costa Rica,LA,1949,944300.0,0.4628,2501856000.0,0.00037744,5699.8
Costa Rica,LA,1950,966000.0,0.477,2529794000.0,0.00038185,5742.8
Costa Rica,LA,1951,1002800.0,0.4979,2577776000.0,0.00038902,5774.4
Costa Rica,LA,1952,1039599.9999999999,0.5188,2624866000.0,0.00039606,5803.8
Costa Rica,LA,1953,1076400.0,0.5397000000000001,2671465000.0,0.00040292,5831.2
Costa Rica,LA,1954,1113200.0,0.5606,2718563000.0,0.00040948,5856.8
Costa Rica,LA,1955,1150000.0,0.5815,2766430000.0,0.0004157,5880.7
Costa Rica,LA,1956,1186800.0,0.6024,2815461000.0,0.00042153,5903.2
Costa Rica,LA,1957,1223600.0,0.6233000000000001,2866148000.0,0.00042691,5924.3
Costa Rica,LA,1958,1260400.0,0.6442000000000001,2918168000.0,0.00043191,5944.2
Costa Rica,LA,1959,1297200.0,0.6651,2971839000.0,0.0004365,5962.9
Costa Rica,LA,1960,1334000.0,0.686,3027112000.0,0.00044068,5980.6
Costa Rica,LA,1961,1382700.0,0.7101000000000001,3084358000.0,0.00044829,5972.7
Costa Rica,LA,1962,1431400.0,0.7342000000000001,3143380000.0,0.00045537,5965.3
Costa Rica,LA,1963,1480100.0,0.7583000000000001,3204489000.0,0.00046188,5958.4
Costa Rica,LA,1964,1528800.0,0.7824000000000001,3268074000.0,0.0004678,5951.9
Costa Rica,LA,1965,1577500.0,0.8065,3334092000.0,0.00047314,5945.9
Costa Rica,LA,1966,1626200.0,0.8306,3402738000.0,0.00047791,5940.2
Costa Rica,LA,1967,1674900.0,0.8547,3473827000.0,0.00048215,5934.8
Costa Rica,LA,1968,1723600.0,0.8788,3546719000.0,0.00048597,5929.7
Costa Rica,LA,1969,1772300.0,0.9029,3620809000.0,0.00048948,5924.9
Costa Rica,LA,1970,1821000.0,0.927,3695944000.0,0.0004927,5920.4
Costa Rica,LA,1971,1873600.0,0.967,3771809000.0,0.00049674,6002.5
Costa Rica,LA,1972,1926200.0,1.007,3847786000.0,0.0005006,6080.1
Costa Rica,LA,1973,1978800.0,1.047,3923766000.0,0.00050431,6153.5
Costa Rica,LA,1974,2031400.0,1.087,3999654000.0,0.00050789,6223.2
Costa Rica,LA,1975,2084000.0,1.127,4075437000.0,0.00051136,6289.4
Costa Rica,LA,1976,2136600.0,1.167,4150660000.0,0.00051476,6352.2
Costa Rica,LA,1977,2189200.0,1.207,4225672000.0,0.00051807,6412.1
Costa Rica,LA,1978,2241800.0,1.247,4301501000.0,0.00052117,6469.2
Costa Rica,LA,1979,2294400.0,1.287,4378004000.0,0.00052407,6523.6
Costa Rica,LA,1980,2347000.0,1.327,4456394000.0,0.00052666,6575.6
Costa Rica,LA,1981,2419900.0,1.3837,4535942000.0,0.00053349,6650.0
Costa Rica,LA,1982,2492800.0,1.4404,4616948000.0,0.00053992,6720.1
Costa Rica,LA,1983,2565700.0,1.4971,4699604000.0,0.00054594,6786.2
Costa Rica,LA,1984,2638600.0,1.5537999999999998,4784334000.0,0.00055151,6848.6
Costa Rica,LA,1985,2711500.0,1.6105,4871434000.0,0.00055661,6907.7
Costa Rica,LA,1986,2784400.0,1.6671999999999998,4961120000.0,0.00056124,6963.6
Costa Rica,LA,1987,2857300.0,1.7239,5052960000.0,0.00056547,7016.7
Costa Rica,LA,1988,2930200.0,1.7806,5145733000.0,0.00056944,7067.2
Costa Rica,LA,1989,3003100.0,1.8373,5237968000.0,0.00057333,7115.2
Costa Rica,LA,1990,3076000.0,1.894,5328602000.0,0.00057726,7161.0
Costa Rica,LA,1991,3161300.0,2.0597,5417317000.0,0.00058355,7577.4
Costa Rica,LA,1992,3246600.0,2.2254,5503880000.0,0.00058987,7971.8
Costa Rica,LA,1993,3331900.0,2.3911,5588359000.0,0.00059622,8346.1
Costa Rica,LA,1994,3417200.0,2.5568,5671048000.0,0.00060257,8701.7
Costa Rica,LA,1995,3502500.0,2.7225,5752408000.0,0.00060888,9040.0
Costa Rica,LA,1996,3587800.0,2.8882,5832484000.0,0.00061514,9362.2
Costa Rica,LA,1997,3673100.0,3.0539,5911415000.0,0.00062136,9669.5
Costa Rica,LA,1998,3758400.0,3.2196,5989470000.0,0.0006275,9962.7
Costa Rica,LA,1999,3843700.0,3.3853,6067325000.0,0.00063351,10243.0
Costa Rica,LA,2000,3929000.0,3.551,6145394000.0,0.00063934,10511.1
Costa Rica,LA,2001,3995100.0,3.648,6223661000.0,0.00064192,10619.6
Costa Rica,LA,2002,4061200.0,3.745,6302453000.0,0.00064438,10724.5
Costa Rica,LA,2003,4127300.0,3.842,6381858000.0,0.00064672,10826.1
Costa Rica,LA,2004,4193399.9999999995,3.939,6461988000.0,0.00064893,10924.4
Costa Rica,LA,2005,4259500.0,4.036,6542867000.0,0.00065101,11019.8
Costa Rica,LA,2006,4325600.0,4.133,6624538000.0,0.00065297,11112.2
Costa Rica,LA,2007,4391700.0,4.23,6707018000.0,0.00065479,11201.8
Costa Rica,LA,2008,4457800.0,4.327,6790025000.0,0.00065652,11288.8
Costa Rica,LA,2009,4523900.0,4.424,6874725000.0,0.00065805,11373.2
Costa Rica,LA,2010,4590000.0,4.521,6959421000.0,0.00065954,11455.2
Costa Rica,LA,2011,4640400.0,4.5968,7044266000.0,0.00065875,11520.7
Costa Rica,LA,2012,4690800.0,4.6726,7129609000.0,0.00065793,11584.9
Costa Rica,LA,2013,4741200.0,4.7484,7215047000.0,0.00065713,11647.7
Costa Rica,LA,2014,4791600.0,4.8242,7300248000.0,0.00065636,11709.1
Costa Rica,LA,2015,4842000.0,4.9,7384880000.0,0.00065566,11769.3
Costa Rica,LA,2016,4892400.0,4.9758,7469068000.0,0.00065502,11828.3
Costa Rica,LA,2017,4942800.0,5.0516,7550393000.0,0.00065464,11886.0
Costa Rica,LA,2018,4993200.0,5.1274,7632955000.0,0.00065416,11942.6
Costa Rica,LA,2019,5043600.0,5.2032,7714577000.0,0.00065378,11998.0
Costa Rica,LA,2020,5094000.0,5.279,7795482000.0,0.00065346,12052.4
Cuba,LA,1820,605000.0,0.227,1047270000.0,0.00057769,4363.7
Cuba,LA,1821,620200.0,0.2328,1052728000.0,0.00058914,4365.5
Cuba,LA,1822,635400.0,0.2386,1058224000.0,0.00060044,4367.2
Cuba,LA,1823,650600.0,0.2444,1063824000.0,0.00061157,4368.8
Cuba,LA,1824,665800.0,0.2502,1069477000.0,0.00062255,4370.4
Cuba,LA,1825,681000.0,0.256,1075142000.0,0.0006334,4371.9
Cuba,LA,1826,696200.0,0.2618,1080733000.0,0.00064419,4373.4
Cuba,LA,1827,711400.0,0.2676,1086318000.0,0.00065487,4374.7
Cuba,LA,1828,726600.0,0.2734,1091853000.0,0.00066547,4376.1
Cuba,LA,1829,741800.0,0.2792,1097270000.0,0.00067604,4377.3
Cuba,LA,1830,757000.0,0.285,1102518000.0,0.00068661,4378.5
Cuba,LA,1831,776100.0,0.2925,1108061000.0,0.00070041,4383.2
Cuba,LA,1832,795200.0,0.3,1113520000.0,0.00071413,4387.6
Cuba,LA,1833,814300.0,0.3075,1119039000.0,0.00072768,4391.8
Cuba,LA,1834,833400.0,0.315,1124554000.0,0.00074109,4395.8
Cuba,LA,1835,852500.0,0.3225,1130361000.0,0.00075418,4399.6
Cuba,LA,1836,871600.0,0.3299999999999999,1136068000.0,0.00076721,4403.3
Cuba,LA,1837,890700.0,0.3374999999999999,1141817000.0,0.00078007,4406.8
Cuba,LA,1838,909800.0,0.345,1147560000.0,0.00079281,4410.1
Cuba,LA,1839,928900.0,0.3525,1153428000.0,0.00080534,4413.4
Cuba,LA,1840,948000.0,0.36,1159310000.0,0.00081773,4416.5
Cuba,LA,1841,971800.0,0.3744,1165435000.0,0.00083385,4480.6
Cuba,LA,1842,995600.0,0.3888,1171545000.0,0.00084982,4541.7
Cuba,LA,1843,1019400.0,0.4032,1177631000.0,0.00086564,4600.0
Cuba,LA,1844,1043200.0,0.4175999999999999,1183818000.0,0.00088122,4655.6
Cuba,LA,1845,1067000.0,0.432,1190091000.0,0.00089657,4708.7
Cuba,LA,1846,1090800.0,0.4464,1196249000.0,0.00091185,4759.5
Cuba,LA,1847,1114600.0,0.4608,1201397000.0,0.00092775,4808.1
Cuba,LA,1848,1138400.0,0.4752,1205963000.0,0.00094398,4854.7
Cuba,LA,1849,1162200.0,0.4896,1211069000.0,0.00095965,4899.4
Cuba,LA,1850,1186000.0,0.504,1216574000.0,0.00097487,4942.3
Cuba,LA,1851,1193000.0,0.513,1218975000.0,0.00097869,5001.0
Cuba,LA,1852,1200000.0,0.522,1221557000.0,0.00098235,5059.0
Cuba,LA,1853,1207000.0,0.531,1224259000.0,0.0009859,5116.4
Cuba,LA,1854,1214000.0,0.54,1226726000.0,0.00098963,5173.1
Cuba,LA,1855,1221000.0,0.5489999999999999,1228814000.0,0.00099364,5229.2
Cuba,LA,1856,1228000.0,0.5579999999999999,1231565000.0,0.00099711,5284.6
Cuba,LA,1857,1235000.0,0.567,1234524000.0,0.00100039,5339.4
Cuba,LA,1858,1242000.0,0.576,1237487000.0,0.00100365,5393.6
Cuba,LA,1859,1249000.0,0.585,1240642000.0,0.00100674,5447.2
Cuba,LA,1860,1256000.0,0.594,1243735000.0,0.00100986,5500.2
Cuba,LA,1861,1263500.0,0.5982,1247652000.0,0.0010127,5506.2
Cuba,LA,1862,1271000.0,0.6023999999999999,1250707000.0,0.00101623,5512.1
Cuba,LA,1863,1278500.0,0.6066,1254013000.0,0.00101953,5518.0
Cuba,LA,1864,1286000.0,0.6108,1257290000.0,0.00102283,5523.8
Cuba,LA,1865,1293500.0,0.615,1260601000.0,0.0010261,5529.5
Cuba,LA,1866,1301000.0,0.6192,1263629000.0,0.00102957,5535.2
Cuba,LA,1867,1308500.0,0.6234,1266809000.0,0.00103291,5540.8
Cuba,LA,1868,1316000.0,0.6276,1269858000.0,0.00103634,5546.3
Cuba,LA,1869,1323500.0,0.6318,1271405000.0,0.00104097,5551.8
Cuba,LA,1870,1331000.0,0.636,1274661000.0,0.0010442,5557.2
Cuba,LA,1871,1342800.0,0.6355,1282387000.0,0.00104711,5504.1
Cuba,LA,1872,1354600.0,0.635,1290858000.0,0.00104938,5451.8
Cuba,LA,1873,1366400.0,0.6345000000000001,1299848000.0,0.0010512,5400.5
Cuba,LA,1874,1378200.0,0.634,1309013000.0,0.00105285,5350.0
Cuba,LA,1875,1390000.0,0.6335,1318339000.0,0.00105436,5300.4
Cuba,LA,1876,1401800.0,0.633,1327814000.0,0.00105572,5251.7
Cuba,LA,1877,1413600.0,0.6325000000000001,1337399000.0,0.00105698,5203.7
Cuba,LA,1878,1425400.0,0.632,1347055000.0,0.00105816,5156.6
Cuba,LA,1879,1437200.0,0.6315,1356760000.0,0.00105929,5110.2
Cuba,LA,1880,1449000.0,0.631,1366310000.0,0.00106052,5064.5
Cuba,LA,1881,1461900.0,0.6408,1376041000.0,0.0010624,5097.8
Cuba,LA,1882,1474800.0,0.6506,1385750000.0,0.00106426,5130.5
Cuba,LA,1883,1487700.0,0.6604,1395507000.0,0.00106606,5162.6
Cuba,LA,1884,1500600.0,0.6702,1405536000.0,0.00106764,5194.2
Cuba,LA,1885,1513500.0,0.6799999999999999,1415514000.0,0.00106922,5225.2
Cuba,LA,1886,1526400.0,0.6898,1425627000.0,0.00107069,5255.7
Cuba,LA,1887,1539300.0,0.6996,1435759000.0,0.00107212,5285.7
Cuba,LA,1888,1552200.0,0.7094,1445944000.0,0.00107349,5315.2
Cuba,LA,1889,1565100.0,0.7192,1456277000.0,0.00107473,5344.3
Cuba,LA,1890,1578000.0,0.729,1466582000.0,0.00107597,5372.8
Cuba,LA,1891,1592100.0,0.7423,1477705000.0,0.00107741,5422.4
Cuba,LA,1892,1606200.0,0.7555999999999999,1488973000.0,0.00107873,5471.1
Cuba,LA,1893,1620300.0,0.7689,1500286000.0,0.00107999,5518.9
Cuba,LA,1894,1634400.0,0.7822,1511963000.0,0.00108098,5565.9
Cuba,LA,1895,1648500.0,0.7955,1523676000.0,0.00108192,5612.2
Cuba,LA,1896,1662600.0,0.8088,1535655000.0,0.00108267,5657.6
Cuba,LA,1897,1676700.0,0.8220999999999999,1547830000.0,0.00108326,5702.3
Cuba,LA,1898,1690800.0,0.8354,1560243000.0,0.00108368,5746.2
Cuba,LA,1899,1704900.0,0.8487,1572611000.0,0.00108412,5789.4
Cuba,LA,1900,1719000.0,0.862,1584867000.0,0.00108463,5831.9
Cuba,LA,1901,1785600.0,0.9427,1600044000.0,0.00111597,6140.0
Cuba,LA,1902,1852200.0,1.0234,1615427000.0,0.00114657,6425.9
Cuba,LA,1903,1918800.0,1.1041,1630965000.0,0.00117648,6692.0
Cuba,LA,1904,1985400.0,1.1848,1646581000.0,0.00120577,6940.3
Cuba,LA,1905,2052000.0,1.2655,1662453000.0,0.00123432,7172.4
Cuba,LA,1906,2118600.0,1.3462,1678596000.0,0.00126213,7389.9
Cuba,LA,1907,2185200.0,1.4269,1695030000.0,0.00128918,7594.2
Cuba,LA,1908,2251800.0,1.5076,1711586000.0,0.00131562,7786.4
Cuba,LA,1909,2318400.0,1.5883,1728501000.0,0.00134128,7967.5
Cuba,LA,1910,2385000.0,1.669,1745736000.0,0.00136619,8138.6
Cuba,LA,1911,2468800.0,1.7396,1762399000.0,0.00140082,8194.9
Cuba,LA,1912,2552600.0,1.8102,1779061000.0,0.0014348,8247.5
Cuba,LA,1913,2636400.0,1.8808,1796080000.0,0.00146786,8296.8
Cuba,LA,1914,2720200.0,1.9514,1808262000.0,0.00150432,8343.1
Cuba,LA,1915,2804000.0,2.022,1818401000.0,0.00154201,8386.5
Cuba,LA,1916,2887800.0,2.0926,1828586000.0,0.00157925,8427.5
Cuba,LA,1917,2971600.0,2.1632,1839381000.0,0.00161554,8466.2
Cuba,LA,1918,3055400.0,2.2338,1849942000.0,0.00165162,8502.7
Cuba,LA,1919,3139200.0,2.3044,1862569000.0,0.00168541,8537.3
Cuba,LA,1920,3223000.0,2.375,1875297000.0,0.00171866,8570.0
Cuba,LA,1921,3292900.0,2.3853,1886887000.0,0.00174515,8424.5
Cuba,LA,1922,3362800.0,2.3956,1903926000.0,0.00176625,8285.0
Cuba,LA,1923,3432700.0,2.4059,1924127000.0,0.00178403,8151.2
Cuba,LA,1924,3502600.0,2.4162,1946371000.0,0.00179955,8022.7
Cuba,LA,1925,3572500.0,2.4265,1968879000.0,0.00181448,7899.3
Cuba,LA,1926,3642400.0,2.4368000000000003,1991829000.0,0.00182867,7780.6
Cuba,LA,1927,3712300.0,2.4471000000000003,2014443000.0,0.00184284,7666.3
Cuba,LA,1928,3782200.0,2.4574000000000003,2036576000.0,0.00185714,7556.3
Cuba,LA,1929,3852100.0,2.4677,2059103000.0,0.00187077,7450.3
Cuba,LA,1930,3922000.0,2.478,2080211000.0,0.00188539,7348.1
Cuba,LA,1931,3990700.0,2.5216000000000003,2101812000.0,0.0018987,7348.6
Cuba,LA,1932,4059400.0,2.5652000000000004,2121508000.0,0.00191345,7349.2
Cuba,LA,1933,4128100.0000000005,2.6088,2140973000.0,0.00192814,7349.7
Cuba,LA,1934,4196800.0,2.6524,2161152000.0,0.00194193,7350.2
Cuba,LA,1935,4265500.0,2.696,2181702000.0,0.00195512,7350.7
Cuba,LA,1936,4334200.0,2.7396000000000003,2203365000.0,0.00196708,7351.2
Cuba,LA,1937,4402900.0,2.7832000000000003,2226159000.0,0.0019778,7351.7
Cuba,LA,1938,4471600.0,2.8268,2250491000.0,0.00198694,7352.1
Cuba,LA,1939,4540300.0,2.8704,2275307000.0,0.00199547,7352.5
Cuba,LA,1940,4609000.0,2.914,2296743000.0,0.00200675,7353.0
Cuba,LA,1941,4740100.0,3.1188,2313071000.0,0.00204927,7652.1
Cuba,LA,1942,4871200.0,3.3236,2331578000.0,0.00208923,7935.1
Cuba,LA,1943,5002300.0,3.5284,2350140000.0,0.00212851,8203.3
Cuba,LA,1944,5133400.0,3.7332,2368872000.0,0.00216702,8457.8
Cuba,LA,1945,5264500.0,3.938,2394093000.0,0.00219895,8699.6
Cuba,LA,1946,5395600.0,4.142799999999999,2419526000.0,0.00223002,8929.6
Cuba,LA,1947,5526700.0,4.3476,2446628000.0,0.0022589,9148.8
Cuba,LA,1948,5657800.0,4.5524,2473860000.0,0.00228703,9357.8
Cuba,LA,1949,5788900.0,4.757199999999999,2501856000.0,0.00231384,9557.3
Cuba,LA,1950,5920000.0,4.962,2529794000.0,0.00234011,9748.0
Cuba,LA,1951,6042100.0,5.143,2577776000.0,0.00234392,9899.4
Cuba,LA,1952,6164200.0,5.324,2624866000.0,0.00234839,10044.8
Cuba,LA,1953,6286300.0,5.505,2671465000.0,0.00235313,10184.6
Cuba,LA,1954,6408400.0,5.686,2718563000.0,0.00235727,10319.0
Cuba,LA,1955,6530500.0,5.867,2766430000.0,0.00236062,10448.4
Cuba,LA,1956,6652600.0,6.048,2815461000.0,0.00236288,10573.0
Cuba,LA,1957,6774700.0,6.229,2866148000.0,0.0023637,10693.2
Cuba,LA,1958,6896800.0,6.41,2918168000.0,0.0023634,10809.1
Cuba,LA,1959,7018900.0,6.591,2971839000.0,0.0023618,10921.0
Cuba,LA,1960,7141000.0,6.772,3027112000.0,0.00235901,11029.0
Cuba,LA,1961,7297900.0,6.982200000000001,3084358000.0,0.0023661,11126.9
Cuba,LA,1962,7454800.0,7.1924,3143380000.0,0.00237159,11220.6
Cuba,LA,1963,7611700.0,7.4026,3204489000.0,0.00237532,11310.5
Cuba,LA,1964,7768600.0,7.6128,3268074000.0,0.00237712,11396.8
Cuba,LA,1965,7925500.0,7.823,3334092000.0,0.00237711,11479.6
Cuba,LA,1966,8082400.0,8.0332,3402738000.0,0.00237526,11559.2
Cuba,LA,1967,8239299.999999999,8.243400000000001,3473827000.0,0.00237182,11635.8
Cuba,LA,1968,8396200.0,8.4536,3546719000.0,0.00236731,11709.5
Cuba,LA,1969,8553100.0,8.6638,3620809000.0,0.00236221,11780.5
Cuba,LA,1970,8710000.0,8.874,3695944000.0,0.00235664,11849.0
Cuba,LA,1971,8821300.0,9.291,3771809000.0,0.00233875,12249.3
Cuba,LA,1972,8932600.0,9.708,3847786000.0,0.00232149,12639.5
Cuba,LA,1973,9043900.0,10.125,3923766000.0,0.0023049,13020.2
Cuba,LA,1974,9155200.0,10.542,3999654000.0,0.002289,13391.7
Cuba,LA,1975,9266500.0,10.959,4075437000.0,0.00227374,13754.2
Cuba,LA,1976,9377800.0,11.376,4150660000.0,0.00225935,14108.1
Cuba,LA,1977,9489100.0,11.793,4225672000.0,0.00224558,14453.7
Cuba,LA,1978,9600400.0,12.21,4301501000.0,0.00223187,14791.3
Cuba,LA,1979,9711700.0,12.627,4378004000.0,0.00221829,15121.1
Cuba,LA,1980,9823000.0,13.044,4456394000.0,0.00220425,15443.5
Cuba,LA,1981,9897100.0,13.218,4535942000.0,0.00218193,15532.4
Cuba,LA,1982,9971200.0,13.392,4616948000.0,0.0021597,15619.9
Cuba,LA,1983,10045300.0,13.566,4699604000.0,0.00213748,15706.1
Cuba,LA,1984,10119400.0,13.74,4784334000.0,0.00211511,15791.1
Cuba,LA,1985,10193500.0,13.914,4871434000.0,0.0020925,15874.8
Cuba,LA,1986,10267600.0,14.088,4961120000.0,0.00206961,15957.3
Cuba,LA,1987,10341700.0,14.262,5052960000.0,0.00204666,16038.7
Cuba,LA,1988,10415800.0,14.436,5145733000.0,0.00202416,16118.8
Cuba,LA,1989,10489900.0,14.61,5237968000.0,0.00200267,16197.9
Cuba,LA,1990,10564000.0,14.784,5328602000.0,0.00198251,16275.8
Cuba,LA,1991,10615100.0,14.4716,5417317000.0,0.00195948,15855.2
Cuba,LA,1992,10666200.0,14.1592,5503880000.0,0.00193794,15438.6
Cuba,LA,1993,10717300.0,13.8468,5588359000.0,0.00191779,15026.0
Cuba,LA,1994,10768400.0,13.5344,5671048000.0,0.00189884,14617.3
Cuba,LA,1995,10819500.0,13.222,5752408000.0,0.00188086,14212.5
Cuba,LA,1996,10870600.0,12.9096,5832484000.0,0.0018638,13811.4
Cuba,LA,1997,10921700.0,12.5972,5911415000.0,0.00184756,13414.2
Cuba,LA,1998,10972800.0,12.2848,5989470000.0,0.00183202,13020.6
Cuba,LA,1999,11023900.0,11.9724,6067325000.0,0.00181693,12630.6
Cuba,LA,2000,11075000.0,11.66,6145394000.0,0.00180216,12244.3
Cuba,LA,2001,11087800.0,11.8815,6223661000.0,0.00178156,12462.5
Cuba,LA,2002,11100600.0,12.103,6302453000.0,0.00176131,12680.2
Cuba,LA,2003,11113400.0,12.3245,6381858000.0,0.00174141,12897.4
Cuba,LA,2004,11126200.0,12.546,6461988000.0,0.00172179,13114.1
Cuba,LA,2005,11139000.0,12.7675,6542867000.0,0.00170246,13330.3
Cuba,LA,2006,11151800.0,12.989,6624538000.0,0.00168341,13546.0
Cuba,LA,2007,11164600.0,13.2105,6707018000.0,0.00166461,13761.2
Cuba,LA,2008,11177400.0,13.432,6790025000.0,0.00164615,13975.9
Cuba,LA,2009,11190200.0,13.6535,6874725000.0,0.00162773,14190.1
Cuba,LA,2010,11203000.0,13.875,6959421000.0,0.00160976,14403.8
Cuba,LA,2011,11215400.0,13.5562,7044266000.0,0.00159213,14057.3
Cuba,LA,2012,11227800.0,13.2374,7129609000.0,0.00157481,13711.6
Cuba,LA,2013,11240200.0,12.9186,7215047000.0,0.00155788,13366.6
Cuba,LA,2014,11252600.0,12.5998,7300248000.0,0.0015414,13022.4
Cuba,LA,2015,11265000.0,12.281,7384880000.0,0.00152541,12678.9
Cuba,LA,2016,11277400.0,11.9622,7469068000.0,0.00150988,12336.2
Cuba,LA,2017,11289800.0,11.6434,7550393000.0,0.00149526,11994.3
Cuba,LA,2018,11302200.0,11.3246,7632955000.0,0.00148071,11653.0
Cuba,LA,2019,11314600.0,11.0058,7714577000.0,0.00146665,11312.6
Cuba,LA,2020,11327000.0,10.687,7795482000.0,0.00145302,10972.9
Czechoslovakia,EE,1820,7657000.0,3.289,1047270000.0,0.00731139,4995.6
Czechoslovakia,EE,1821,7706800.0,3.3202000000000003,1052728000.0,0.00732079,5010.4
Czechoslovakia,EE,1822,7756600.0,3.3514,1058224000.0,0.00732983,5025.0
Czechoslovakia,EE,1823,7806400.0,3.3826,1063824000.0,0.00733806,5039.4
Czechoslovakia,EE,1824,7856200.0,3.4138,1069477000.0,0.00734583,5053.7
Czechoslovakia,EE,1825,7906000.0,3.4450000000000003,1075142000.0,0.00735345,5067.7
Czechoslovakia,EE,1826,7955800.0,3.4762,1080733000.0,0.00736149,5081.6
Czechoslovakia,EE,1827,8005600.0,3.5074,1086318000.0,0.00736948,5095.3
Czechoslovakia,EE,1828,8055400.0,3.5386,1091853000.0,0.00737773,5108.9
Czechoslovakia,EE,1829,8105200.0,3.5698,1097270000.0,0.0073867,5122.2
Czechoslovakia,EE,1830,8155000.0,3.601,1102518000.0,0.0073967,5135.5
Czechoslovakia,EE,1831,8208000.0,3.637,1108061000.0,0.00740753,5153.3
Czechoslovakia,EE,1832,8261000.0,3.673,1113520000.0,0.00741882,5170.9
Czechoslovakia,EE,1833,8314000.0,3.709,1119039000.0,0.00742959,5188.3
Czechoslovakia,EE,1834,8367000.0,3.745,1124554000.0,0.00744028,5205.5
Czechoslovakia,EE,1835,8420000.0,3.781,1130361000.0,0.00744895,5222.5
Czechoslovakia,EE,1836,8473000.0,3.817,1136068000.0,0.00745818,5239.2
Czechoslovakia,EE,1837,8526000.0,3.853,1141817000.0,0.00746705,5255.7
Czechoslovakia,EE,1838,8579000.0,3.889,1147560000.0,0.00747586,5272.1
Czechoslovakia,EE,1839,8632000.0,3.925,1153428000.0,0.00748378,5288.2
Czechoslovakia,EE,1840,8685000.0,3.961,1159310000.0,0.00749153,5304.1
Czechoslovakia,EE,1841,8741500.0,3.9986,1165435000.0,0.00750063,5319.9
Czechoslovakia,EE,1842,8798000.0,4.0362,1171545000.0,0.00750974,5335.4
Czechoslovakia,EE,1843,8854500.0,4.073799999999999,1177631000.0,0.00751891,5350.8
Czechoslovakia,EE,1844,8911000.0,4.1114,1183818000.0,0.00752734,5365.9
Czechoslovakia,EE,1845,8967500.0,4.149,1190091000.0,0.00753514,5380.9
Czechoslovakia,EE,1846,9024000.0,4.186599999999999,1196249000.0,0.00754358,5395.6
Czechoslovakia,EE,1847,9080500.0,4.2242,1201397000.0,0.00755828,5410.2
Czechoslovakia,EE,1848,9137000.0,4.2618,1205963000.0,0.00757652,5424.6
Czechoslovakia,EE,1849,9193500.0,4.2994,1211069000.0,0.00759123,5438.8
Czechoslovakia,EE,1850,9250000.0,4.337,1216574000.0,0.00760332,5452.9
Czechoslovakia,EE,1851,9294200.0,4.4016,1218975000.0,0.0076246,5507.8
Czechoslovakia,EE,1852,9338400.0,4.4662,1221557000.0,0.00764467,5562.2
Czechoslovakia,EE,1853,9382600.0,4.530799999999999,1224259000.0,0.0076639,5616.1
Czechoslovakia,EE,1854,9426800.0,4.5954,1226726000.0,0.00768452,5669.4
Czechoslovakia,EE,1855,9471000.0,4.66,1228814000.0,0.00770743,5722.3
Czechoslovakia,EE,1856,9515200.0,4.7246,1231565000.0,0.0077261,5774.7
Czechoslovakia,EE,1857,9559400.0,4.789199999999999,1234524000.0,0.00774339,5826.6
Czechoslovakia,EE,1858,9603600.0,4.8538,1237487000.0,0.00776057,5878.0
Czechoslovakia,EE,1859,9647800.0,4.9184,1240642000.0,0.00777646,5928.9
Czechoslovakia,EE,1860,9692000.0,4.983,1243735000.0,0.00779266,5979.4
Czechoslovakia,EE,1861,9738300.0,5.1376,1247652000.0,0.0078053,6135.6
Czechoslovakia,EE,1862,9784600.0,5.292199999999999,1250707000.0,0.00782326,6290.3
Czechoslovakia,EE,1863,9830900.0,5.4468,1254013000.0,0.00783955,6443.6
Czechoslovakia,EE,1864,9877200.0,5.6014,1257290000.0,0.00785594,6595.4
Czechoslovakia,EE,1865,9923500.0,5.756,1260601000.0,0.00787204,6745.8
Czechoslovakia,EE,1866,9969800.0,5.9106,1263629000.0,0.00788982,6894.9
Czechoslovakia,EE,1867,10016100.0,6.0652,1266809000.0,0.00790656,7042.5
Czechoslovakia,EE,1868,10062400.0,6.219799999999999,1269858000.0,0.00792404,7188.8
Czechoslovakia,EE,1869,10108700.0,6.3744,1271405000.0,0.00795081,7333.7
Czechoslovakia,EE,1870,10155000.0,6.529,1274661000.0,0.00796682,7477.3
Czechoslovakia,EE,1871,10208500.0,6.7177,1282387000.0,0.00796055,7653.1
Czechoslovakia,EE,1872,10262000.0,6.9064,1290858000.0,0.00794975,7827.1
Czechoslovakia,EE,1873,10315500.0,7.0951,1299848000.0,0.00793593,7999.2
Czechoslovakia,EE,1874,10369000.0,7.2838,1309013000.0,0.00792124,8169.6
Czechoslovakia,EE,1875,10422500.0,7.4725,1318339000.0,0.00790578,8338.2
Czechoslovakia,EE,1876,10476000.0,7.6612,1327814000.0,0.00788966,8505.1
Czechoslovakia,EE,1877,10529500.0,7.8499,1337399000.0,0.00787312,8670.3
Czechoslovakia,EE,1878,10583000.0,8.0386,1347055000.0,0.0078564,8833.9
Czechoslovakia,EE,1879,10636500.0,8.2273,1356760000.0,0.00783963,8995.8
Czechoslovakia,EE,1880,10690000.0,8.416,1366310000.0,0.00782399,9156.0
Czechoslovakia,EE,1881,10746300.0,8.6143,1376041000.0,0.00780958,9322.7
Czechoslovakia,EE,1882,10802600.0,8.8126,1385750000.0,0.00779549,9487.6
Czechoslovakia,EE,1883,10858900.0,9.0109,1395507000.0,0.00778133,9650.8
Czechoslovakia,EE,1884,10915200.0,9.2092,1405536000.0,0.00776586,9812.3
Czechoslovakia,EE,1885,10971500.0,9.4075,1415514000.0,0.00775089,9972.1
Czechoslovakia,EE,1886,11027800.0,9.6058,1425627000.0,0.0077354,10130.3
Czechoslovakia,EE,1887,11084100.0,9.8041,1435759000.0,0.00772003,10287.0
Czechoslovakia,EE,1888,11140400.0,10.0024,1445944000.0,0.00770459,10442.0
Czechoslovakia,EE,1889,11196700.0,10.2007,1456277000.0,0.00768858,10595.5
Czechoslovakia,EE,1890,11253000.0,10.399,1466582000.0,0.00767294,10747.4
Czechoslovakia,EE,1891,11341900.0,10.5399,1477705000.0,0.00767535,10807.6
Czechoslovakia,EE,1892,11430800.0,10.6808,1488973000.0,0.00767697,10866.9
Czechoslovakia,EE,1893,11519700.0,10.8217,1500286000.0,0.00767834,10925.3
Czechoslovakia,EE,1894,11608600.0,10.9626,1511963000.0,0.00767783,10982.8
Czechoslovakia,EE,1895,11697500.0,11.1035,1523676000.0,0.00767716,11039.4
Czechoslovakia,EE,1896,11786400.0,11.2444,1535655000.0,0.00767516,11095.2
Czechoslovakia,EE,1897,11875300.0,11.3853,1547830000.0,0.00767222,11150.1
Czechoslovakia,EE,1898,11964200.0,11.5262,1560243000.0,0.00766816,11204.2
Czechoslovakia,EE,1899,12053100.0,11.6671,1572611000.0,0.00766439,11257.5
Czechoslovakia,EE,1900,12142000.0,11.808,1584867000.0,0.00766121,11310.1
Czechoslovakia,EE,1901,12226200.0,11.9675,1600044000.0,0.00764116,11383.9
Czechoslovakia,EE,1902,12310400.0,12.127,1615427000.0,0.00762052,11456.7
Czechoslovakia,EE,1903,12394600.0,12.2865,1630965000.0,0.00759955,11528.6
Czechoslovakia,EE,1904,12478800.0,12.446,1646581000.0,0.00757861,11599.4
Czechoslovakia,EE,1905,12563000.0,12.6055,1662453000.0,0.00755691,11669.3
Czechoslovakia,EE,1906,12647200.0,12.765,1678596000.0,0.00753439,11738.3
Czechoslovakia,EE,1907,12731400.0,12.9245,1695030000.0,0.00751102,11806.4
Czechoslovakia,EE,1908,12815600.0,13.084,1711586000.0,0.00748756,11873.6
Czechoslovakia,EE,1909,12899800.0,13.2435,1728501000.0,0.007463,11939.9
Czechoslovakia,EE,1910,12984000.0,13.403,1745736000.0,0.00743755,12005.3
Czechoslovakia,EE,1911,12983500.0,13.8862,1762399000.0,0.00736695,12438.6
Czechoslovakia,EE,1912,12983000.0,14.3694,1779061000.0,0.00729767,12871.9
Czechoslovakia,EE,1913,12982500.0,14.8526,1796080000.0,0.00722824,13305.3
Czechoslovakia,EE,1914,12982000.0,15.3358,1808262000.0,0.00717927,13738.7
Czechoslovakia,EE,1915,12981500.0,15.819,1818401000.0,0.00713896,14172.1
Czechoslovakia,EE,1916,12981000.0,16.3022,1828586000.0,0.00709893,14605.5
Czechoslovakia,EE,1917,12980500.0,16.7854,1839381000.0,0.00705699,15039.0
Czechoslovakia,EE,1918,12980000.0,17.2686,1849942000.0,0.00701644,15472.6
Czechoslovakia,EE,1919,12979500.0,17.7518,1862569000.0,0.0069686,15906.1
Czechoslovakia,EE,1920,12979000.0,18.235,1875297000.0,0.00692104,16339.7
Czechoslovakia,EE,1921,13077500.0,18.4535,1886887000.0,0.00693073,16411.0
Czechoslovakia,EE,1922,13176000.0,18.672,1903926000.0,0.00692044,16481.1
Czechoslovakia,EE,1923,13274500.0,18.8905,1924127000.0,0.00689897,16550.3
Czechoslovakia,EE,1924,13373000.0,19.109,1946371000.0,0.00687074,16618.4
Czechoslovakia,EE,1925,13471500.0,19.3275,1968879000.0,0.00684222,16685.5
Czechoslovakia,EE,1926,13570000.0,19.546,1991829000.0,0.00681283,16751.7
Czechoslovakia,EE,1927,13668500.0,19.7645,2014443000.0,0.00678525,16816.9
Czechoslovakia,EE,1928,13767000.0,19.983,2036576000.0,0.00675988,16881.1
Czechoslovakia,EE,1929,13865500.0,20.201500000000003,2059103000.0,0.00673376,16944.5
Czechoslovakia,EE,1930,13964000.0,20.42,2080211000.0,0.00671278,17006.9
Czechoslovakia,EE,1931,14038900.0,19.8415,2101812000.0,0.00667943,16436.9
Czechoslovakia,EE,1932,14113800.0,19.263,2121508000.0,0.00665272,15873.0
Czechoslovakia,EE,1933,14188700.0,18.6845,2140973000.0,0.00662722,15315.1
Czechoslovakia,EE,1934,14263600.0,18.106,2161152000.0,0.0066,14762.9
Czechoslovakia,EE,1935,14338500.0,17.5275,2181702000.0,0.00657216,14216.6
Czechoslovakia,EE,1936,14413400.0,16.949,2203365000.0,0.00654154,13675.9
Czechoslovakia,EE,1937,14488300.0,16.3705,2226159000.0,0.00650821,13140.9
Czechoslovakia,EE,1938,14563200.0,15.792,2250491000.0,0.00647112,12611.3
Czechoslovakia,EE,1939,14638100.0,15.2135,2275307000.0,0.00643346,12087.2
Czechoslovakia,EE,1940,14713000.0,14.635,2296743000.0,0.00640603,11568.3
Czechoslovakia,EE,1941,14480600.0,15.7068,2313071000.0,0.00626034,12614.8
Czechoslovakia,EE,1942,14248200.0,16.7786,2331578000.0,0.00611097,13695.4
Czechoslovakia,EE,1943,14015800.0,17.8504,2350140000.0,0.00596381,14811.9
Czechoslovakia,EE,1944,13783400.0,18.9222,2368872000.0,0.00581855,15966.0
Czechoslovakia,EE,1945,13551000.0,19.994,2394093000.0,0.00566018,17159.6
Czechoslovakia,EE,1946,13318600.0,21.0658,2419526000.0,0.00550463,18395.0
Czechoslovakia,EE,1947,13086200.0,22.1376,2446628000.0,0.00534867,19674.2
Czechoslovakia,EE,1948,12853800.0,23.2094,2473860000.0,0.00519585,20999.7
Czechoslovakia,EE,1949,12621400.0,24.2812,2501856000.0,0.00504481,22373.9
Czechoslovakia,EE,1950,12389000.0,25.353,2529794000.0,0.00489724,23799.8
Czechoslovakia,EE,1951,12515500.0,27.1411,2577776000.0,0.00485515,25220.8
Czechoslovakia,EE,1952,12642000.0,28.9292,2624866000.0,0.00481625,26613.4
Czechoslovakia,EE,1953,12768500.0,30.7173,2671465000.0,0.00477959,27978.4
Czechoslovakia,EE,1954,12895000.0,32.5054,2718563000.0,0.00474331,29316.6
Czechoslovakia,EE,1955,13021500.0,34.2935,2766430000.0,0.00470697,30628.8
Czechoslovakia,EE,1956,13148000.0,36.0816,2815461000.0,0.00466993,31915.8
Czechoslovakia,EE,1957,13274500.0,37.8697,2866148000.0,0.00463148,33178.2
Czechoslovakia,EE,1958,13401000.0,39.6578,2918168000.0,0.00459226,34416.9
Czechoslovakia,EE,1959,13527500.0,41.4459,2971839000.0,0.0045519,35632.3
Czechoslovakia,EE,1960,13654000.0,43.234,3027112000.0,0.00451057,36825.2
Czechoslovakia,EE,1961,13720500.0,45.1677,3084358000.0,0.00444841,38285.8
Czechoslovakia,EE,1962,13787000.0,47.1014,3143380000.0,0.00438604,39732.3
Czechoslovakia,EE,1963,13853500.0,49.0351,3204489000.0,0.00432315,41164.9
Czechoslovakia,EE,1964,13920000.0,50.9688,3268074000.0,0.00425939,42583.8
Czechoslovakia,EE,1965,13986500.0,52.9025,3334092000.0,0.004195,43989.3
Czechoslovakia,EE,1966,14053000.0,54.8362,3402738000.0,0.00412991,45381.4
Czechoslovakia,EE,1967,14119500.0,56.7699,3473827000.0,0.00406454,46760.4
Czechoslovakia,EE,1968,14186000.0,58.7036,3546719000.0,0.00399975,48126.5
Czechoslovakia,EE,1969,14252500.0,60.6373,3620809000.0,0.00393628,49479.9
Czechoslovakia,EE,1970,14319000.0,62.571,3695944000.0,0.00387425,50820.6
Czechoslovakia,EE,1971,14412600.0,64.9439,3771809000.0,0.00382114,52405.4
Czechoslovakia,EE,1972,14506200.0,67.3168,3847786000.0,0.00377001,53969.6
Czechoslovakia,EE,1973,14599800.0,69.6897,3923766000.0,0.00372086,55513.9
Czechoslovakia,EE,1974,14693400.0,72.0626,3999654000.0,0.00367367,57038.4
Czechoslovakia,EE,1975,14787000.0,74.43549999999999,4075437000.0,0.00362832,58543.6
Czechoslovakia,EE,1976,14880600.0,76.8084,4150660000.0,0.00358512,60030.0
Czechoslovakia,EE,1977,14974200.0,79.1813,4225672000.0,0.00354363,61497.7
Czechoslovakia,EE,1978,15067800.0,81.5542,4301501000.0,0.00350292,62947.2
Czechoslovakia,EE,1979,15161400.0,83.9271,4378004000.0,0.00346309,64378.8
Czechoslovakia,EE,1980,15255000.0,86.3,4456394000.0,0.00342317,65792.8
Czechoslovakia,EE,1981,15286700.0,85.7732,4535942000.0,0.00337013,65255.6
Czechoslovakia,EE,1982,15318400.0,85.2464,4616948000.0,0.00331786,64720.6
Czechoslovakia,EE,1983,15350100.0,84.7196,4699604000.0,0.00326625,64187.8
Czechoslovakia,EE,1984,15381800.0,84.19279999999999,4784334000.0,0.00321503,63657.2
Czechoslovakia,EE,1985,15413500.0,83.666,4871434000.0,0.00316406,63128.8
Czechoslovakia,EE,1986,15445200.0,83.1392,4961120000.0,0.00311325,62602.5
Czechoslovakia,EE,1987,15476900.0,82.6124,5052960000.0,0.00306294,62078.5
Czechoslovakia,EE,1988,15508600.0,82.0856,5145733000.0,0.00301388,61556.5
Czechoslovakia,EE,1989,15540300.0,81.55879999999999,5237968000.0,0.00296686,61036.7
Czechoslovakia,EE,1990,15572000.0,81.032,5328602000.0,0.00292234,60519.0
Czechoslovakia,EE,1991,15581800.0,79.74549999999999,5417317000.0,0.00287629,59520.7
Czechoslovakia,EE,1992,15591600.0,78.459,5503880000.0,0.00283284,58523.7
Czechoslovakia,EE,1993,15601400.0,77.1725,5588359000.0,0.00279177,57527.9
Czechoslovakia,EE,1994,15611200.0,75.886,5671048000.0,0.00275279,56533.4
Czechoslovakia,EE,1995,15621000.0,74.5995,5752408000.0,0.00271556,55540.1
Czechoslovakia,EE,1996,15630800.0,73.313,5832484000.0,0.00267996,54548.1
Czechoslovakia,EE,1997,15640600.0,72.0265,5911415000.0,0.00264583,53557.3
Czechoslovakia,EE,1998,15650400.0,70.74,5989470000.0,0.00261299,52567.7
Czechoslovakia,EE,1999,15660200.0,69.4535,6067325000.0,0.00258107,51579.4
Czechoslovakia,EE,2000,15670000.0,68.167,6145394000.0,0.00254988,50592.4
Czechoslovakia,EE,2001,15697100.0,67.9351,6223661000.0,0.00252217,50333.2
Czechoslovakia,EE,2002,15724200.0,67.7032,6302453000.0,0.00249493,50074.9
Czechoslovakia,EE,2003,15751300.0,67.4713,6381858000.0,0.00246814,49817.6
Czechoslovakia,EE,2004,15778400.0,67.2394,6461988000.0,0.00244173,49561.1
Czechoslovakia,EE,2005,15805500.0,67.0075,6542867000.0,0.00241568,49305.4
Czechoslovakia,EE,2006,15832600.0,66.7756,6624538000.0,0.00238999,49050.7
Czechoslovakia,EE,2007,15859700.0,66.5437,6707018000.0,0.00236464,48796.8
Czechoslovakia,EE,2008,15886800.0,66.3118,6790025000.0,0.00233973,48543.8
Czechoslovakia,EE,2009,15913900.0,66.0799,6874725000.0,0.00231484,48291.7
Czechoslovakia,EE,2010,15941000.0,65.848,6959421000.0,0.00229056,48040.4
Czechoslovakia,EE,2011,15963800.0,65.0119,7044266000.0,0.00226621,47362.7
Czechoslovakia,EE,2012,15986600.0,64.1758,7129609000.0,0.00224228,46686.9
Czechoslovakia,EE,2013,16009400.0,63.3397,7215047000.0,0.00221889,46013.0
Czechoslovakia,EE,2014,16032200.0,62.5036,7300248000.0,0.00219612,45341.1
Czechoslovakia,EE,2015,16055000.0,61.6675,7384880000.0,0.00217404,44671.0
Czechoslovakia,EE,2016,16077800.0,60.8314,7469068000.0,0.00215258,44002.9
Czechoslovakia,EE,2017,16100600.0,59.9953,7550393000.0,0.00213242,43336.6
Czechoslovakia,EE,2018,16123400.0,59.1592,7632955000.0,0.00211234,42672.2
Czechoslovakia,EE,2019,16146200.0,58.3231,7714577000.0,0.00209295,42009.7
Czechoslovakia,EE,2020,16169000.0,57.487,7795482000.0,0.00207415,41349.1
Denmark,WE,1820,1155000.0,0.64,1047270000.0,0.00110287,6444.3
Denmark,WE,1821,1166800.0,0.6451,1052728000.0,0.00110836,6430.0
Denmark,WE,1822,1178600.0,0.6502,1058224000.0,0.00111375,6415.9
Denmark,WE,1823,1190400.0,0.6553,1063824000.0,0.00111898,6402.2
Denmark,WE,1824,1202200.0,0.6604,1069477000.0,0.0011241,6388.7
Denmark,WE,1825,1214000.0,0.6655,1075142000.0,0.00112915,6375.4
Denmark,WE,1826,1225800.0,0.6706,1080733000.0,0.00113423,6362.4
Denmark,WE,1827,1237600.0,0.6757,1086318000.0,0.00113926,6349.7
Denmark,WE,1828,1249400.0,0.6808,1091853000.0,0.00114429,6337.2
Denmark,WE,1829,1261200.0,0.6859,1097270000.0,0.0011494,6324.9
Denmark,WE,1830,1273000.0,0.691,1102518000.0,0.00115463,6312.9
Denmark,WE,1831,1281400.0,0.7,1108061000.0,0.00115643,6353.2
Denmark,WE,1832,1289800.0,0.709,1113520000.0,0.00115831,6393.0
Denmark,WE,1833,1298200.0,0.718,1119039000.0,0.0011601,6432.2
Denmark,WE,1834,1306600.0,0.727,1124554000.0,0.00116188,6471.0
Denmark,WE,1835,1315000.0,0.736,1130361000.0,0.00116335,6509.3
Denmark,WE,1836,1323400.0,0.745,1136068000.0,0.0011649,6547.0
Denmark,WE,1837,1331800.0,0.754,1141817000.0,0.00116639,6584.3
Denmark,WE,1838,1340200.0,0.763,1147560000.0,0.00116787,6621.2
Denmark,WE,1839,1348600.0,0.772,1153428000.0,0.00116921,6657.5
Denmark,WE,1840,1357000.0,0.781,1159310000.0,0.00117052,6693.5
Denmark,WE,1841,1371200.0,0.7919,1165435000.0,0.00117656,6716.6
Denmark,WE,1842,1385400.0,0.8028000000000001,1171545000.0,0.00118254,6739.3
Denmark,WE,1843,1399600.0,0.8137,1177631000.0,0.00118849,6761.5
Denmark,WE,1844,1413800.0,0.8246,1183818000.0,0.00119427,6783.2
Denmark,WE,1845,1428000.0,0.8355,1190091000.0,0.00119991,6804.5
Denmark,WE,1846,1442200.0,0.8464,1196249000.0,0.0012056,6825.4
Denmark,WE,1847,1456400.0,0.8573000000000001,1201397000.0,0.00121226,6845.9
Denmark,WE,1848,1470600.0,0.8682,1205963000.0,0.00121944,6866.0
Denmark,WE,1849,1484800.0,0.8791,1211069000.0,0.00122602,6885.7
Denmark,WE,1850,1499000.0,0.89,1216574000.0,0.00123215,6905.1
Denmark,WE,1851,1518700.0,0.9078,1218975000.0,0.00124588,6951.8
Denmark,WE,1852,1538400.0,0.9256,1221557000.0,0.00125938,6997.4
Denmark,WE,1853,1558100.0,0.9434,1224259000.0,0.00127269,7041.7
Denmark,WE,1854,1577800.0,0.9612,1226726000.0,0.00128619,7085.0
Denmark,WE,1855,1597500.0,0.979,1228814000.0,0.00130003,7127.2
Denmark,WE,1856,1617200.0,0.9968,1231565000.0,0.00131313,7168.4
Denmark,WE,1857,1636900.0,1.0146,1234524000.0,0.00132594,7208.6
Denmark,WE,1858,1656600.0,1.0324,1237487000.0,0.00133868,7247.9
Denmark,WE,1859,1676300.0,1.0502,1240642000.0,0.00135116,7286.2
Denmark,WE,1860,1696000.0,1.068,1243735000.0,0.00136363,7323.6
Denmark,WE,1861,1715200.0,1.0929,1247652000.0,0.00137474,7410.5
Denmark,WE,1862,1734400.0,1.1178,1250707000.0,0.00138674,7495.4
Denmark,WE,1863,1753600.0,1.1427,1254013000.0,0.00139839,7578.5
Denmark,WE,1864,1772800.0,1.1676,1257290000.0,0.00141002,7659.7
Denmark,WE,1865,1792000.0,1.1925,1260601000.0,0.00142154,7739.3
Denmark,WE,1866,1811200.0,1.2174,1263629000.0,0.00143333,7817.1
Denmark,WE,1867,1830400.0,1.2423,1266809000.0,0.00144489,7893.3
Denmark,WE,1868,1849600.0,1.2672,1269858000.0,0.00145654,7968.0
Denmark,WE,1869,1868800.0,1.2921,1271405000.0,0.00146987,8041.1
Denmark,WE,1870,1888000.0,1.317,1274661000.0,0.00148118,8112.7
Denmark,WE,1871,1907300.0,1.3279999999999998,1282387000.0,0.0014873,8097.6
Denmark,WE,1872,1926600.0,1.339,1290858000.0,0.0014925,8082.9
Denmark,WE,1873,1945900.0,1.35,1299848000.0,0.00149702,8068.5
Denmark,WE,1874,1965200.0,1.361,1309013000.0,0.00150128,8054.4
Denmark,WE,1875,1984500.0,1.372,1318339000.0,0.0015053,8040.5
Denmark,WE,1876,2003800.0,1.383,1327814000.0,0.0015091,8026.9
Denmark,WE,1877,2023100.0,1.394,1337399000.0,0.00151271,8013.6
Denmark,WE,1878,2042400.0,1.405,1347055000.0,0.0015162,8000.5
Denmark,WE,1879,2061699.9999999998,1.416,1356760000.0,0.00151958,7987.6
Denmark,WE,1880,2081000.0,1.427,1366310000.0,0.00152308,7975.0
Denmark,WE,1881,2102300.0,1.457,1376041000.0,0.00152779,8060.2
Denmark,WE,1882,2123600.0,1.487,1385750000.0,0.00153246,8143.6
Denmark,WE,1883,2144900.0,1.517,1395507000.0,0.001537,8225.4
Denmark,WE,1884,2166200.0,1.5470000000000002,1405536000.0,0.00154119,8305.6
Denmark,WE,1885,2187500.0,1.577,1415514000.0,0.00154538,8384.2
Denmark,WE,1886,2208800.0,1.6070000000000002,1425627000.0,0.00154935,8461.3
Denmark,WE,1887,2230100.0,1.637,1435759000.0,0.00155326,8537.0
Denmark,WE,1888,2251400.0,1.667,1445944000.0,0.00155705,8611.2
Denmark,WE,1889,2272700.0,1.697,1456277000.0,0.00156062,8684.0
Denmark,WE,1890,2294000.0,1.727,1466582000.0,0.00156418,8755.5
Denmark,WE,1891,2320700.0,1.7619,1477705000.0,0.00157048,8829.6
Denmark,WE,1892,2347400.0,1.7968000000000002,1488973000.0,0.00157652,8902.1
Denmark,WE,1893,2374100.0,1.8317,1500286000.0,0.00158243,8972.9
Denmark,WE,1894,2400800.0,1.8666,1511963000.0,0.00158787,9042.2
Denmark,WE,1895,2427500.0,1.9015,1523676000.0,0.00159319,9110.0
Denmark,WE,1896,2454200.0,1.9364,1535655000.0,0.00159815,9176.2
Denmark,WE,1897,2480900.0,1.9713,1547830000.0,0.00160282,9241.1
Denmark,WE,1898,2507600.0,2.0062,1560243000.0,0.00160719,9304.6
Denmark,WE,1899,2534300.0,2.0411,1572611000.0,0.00161152,9366.7
Denmark,WE,1900,2561000.0,2.076,1584867000.0,0.00161591,9427.5
Denmark,WE,1901,2593100.0,2.1503,1600044000.0,0.00162064,9644.1
Denmark,WE,1902,2625200.0,2.2246,1615427000.0,0.00162508,9855.3
Denmark,WE,1903,2657300.0,2.2989,1630965000.0,0.00162928,10061.4
Denmark,WE,1904,2689400.0,2.3732,1646581000.0,0.00163332,10262.6
Denmark,WE,1905,2721500.0,2.4475,1662453000.0,0.00163704,10459.1
Denmark,WE,1906,2753600.0,2.5218,1678596000.0,0.00164042,10651.0
Denmark,WE,1907,2785700.0,2.5961,1695030000.0,0.00164345,10838.4
Denmark,WE,1908,2817800.0,2.6704,1711586000.0,0.00164631,11021.6
Denmark,WE,1909,2849900.0,2.7447,1728501000.0,0.00164877,11200.7
Denmark,WE,1910,2882000.0,2.819,1745736000.0,0.00165088,11375.8
Denmark,WE,1911,2918000.0,2.8326,1762399000.0,0.0016557,11289.6
Denmark,WE,1912,2954000.0,2.8462,1779061000.0,0.00166043,11205.6
Denmark,WE,1913,2990000.0,2.8598,1796080000.0,0.00166474,11123.6
Denmark,WE,1914,3026000.0,2.8734,1808262000.0,0.00167343,11043.5
Denmark,WE,1915,3062000.0,2.887,1818401000.0,0.0016839,10965.3
Denmark,WE,1916,3098000.0,2.9006,1828586000.0,0.00169421,10889.0
Denmark,WE,1917,3134000.0,2.9142,1839381000.0,0.00170383,10814.3
Denmark,WE,1918,3170000.0,2.9278,1849942000.0,0.00171357,10741.4
Denmark,WE,1919,3206000.0,2.9414,1862569000.0,0.00172128,10670.1
Denmark,WE,1920,3242000.0,2.955,1875297000.0,0.00172879,10600.4
Denmark,WE,1921,3272000.0,3.1549,1886887000.0,0.00173407,11213.8
Denmark,WE,1922,3302000.0,3.3548,1903926000.0,0.00173431,11816.0
Denmark,WE,1923,3332000.0,3.5547,1924127000.0,0.00173169,12407.3
Denmark,WE,1924,3362000.0,3.7546,1946371000.0,0.00172732,12988.1
Denmark,WE,1925,3392000.0,3.9545,1968879000.0,0.00172281,13558.6
Denmark,WE,1926,3422000.0,4.1544,1991829000.0,0.00171802,14119.1
Denmark,WE,1927,3452000.0,4.3543,2014443000.0,0.00171363,14669.9
Denmark,WE,1928,3482000.0,4.5542,2036576000.0,0.00170973,15211.2
Denmark,WE,1929,3512000.0,4.754099999999999,2059103000.0,0.0017056,15743.2
Denmark,WE,1930,3542000.0,4.954,2080211000.0,0.00170271,16266.2
Denmark,WE,1931,3571000.0,4.8765,2101812000.0,0.00169901,15881.7
Denmark,WE,1932,3600000.0,4.799,2121508000.0,0.00169691,15503.4
Denmark,WE,1933,3629000.0,4.7215,2140973000.0,0.00169502,15131.2
Denmark,WE,1934,3658000.0,4.644,2161152000.0,0.00169262,14764.8
Denmark,WE,1935,3687000.0,4.5665,2181702000.0,0.00168996,14404.2
Denmark,WE,1936,3716000.0,4.489,2203365000.0,0.00168651,14049.3
Denmark,WE,1937,3745000.0,4.4115,2226159000.0,0.00168227,13699.8
Denmark,WE,1938,3774000.0,4.3340000000000005,2250491000.0,0.00167697,13355.7
Denmark,WE,1939,3803000.0,4.2565,2275307000.0,0.00167142,13016.9
Denmark,WE,1940,3832000.0,4.179,2296743000.0,0.00166845,12683.1
Denmark,WE,1941,3875900.0,4.59,2313071000.0,0.00167565,13772.7
Denmark,WE,1942,3919800.0,5.001,2331578000.0,0.00168118,14837.9
Denmark,WE,1943,3963700.0,5.412,2350140000.0,0.00168658,15879.5
Denmark,WE,1944,4007600.0,5.823,2368872000.0,0.00169178,16898.3
Denmark,WE,1945,4051500.0,6.234,2394093000.0,0.00169229,17895.0
Denmark,WE,1946,4095400.0,6.645,2419526000.0,0.00169265,18870.3
Denmark,WE,1947,4139300.0,7.055999999999999,2446628000.0,0.00169184,19824.9
Denmark,WE,1948,4183200.0,7.467,2473860000.0,0.00169096,20759.5
Denmark,WE,1949,4227100.0,7.878,2501856000.0,0.00168959,21674.7
Denmark,WE,1950,4271000.0,8.289,2529794000.0,0.00168828,22571.1
Denmark,WE,1951,4302000.0,8.7288,2577776000.0,0.00166888,23597.4
Denmark,WE,1952,4333000.0,9.1686,2624866000.0,0.00165075,24609.0
Denmark,WE,1953,4364000.0,9.6084,2671465000.0,0.00163356,25606.3
Denmark,WE,1954,4395000.0,10.0482,2718563000.0,0.00161666,26589.4
Denmark,WE,1955,4426000.0,10.488,2766430000.0,0.0015999,27558.8
Denmark,WE,1956,4457000.0,10.9278,2815461000.0,0.00158304,28514.8
Denmark,WE,1957,4488000.0,11.3676,2866148000.0,0.00156586,29457.5
Denmark,WE,1958,4519000.0,11.8074,2918168000.0,0.00154857,30387.3
Denmark,WE,1959,4550000.0,12.2472,2971839000.0,0.00153104,31304.4
Denmark,WE,1960,4581000.0,12.687,3027112000.0,0.00151332,32209.1
Denmark,WE,1961,4615800.0,13.5791,3084358000.0,0.00149652,34214.0
Denmark,WE,1962,4650600.0,14.4712,3143380000.0,0.00147949,36188.9
Denmark,WE,1963,4685400.0,15.3633,3204489000.0,0.00146214,38134.5
Denmark,WE,1964,4720200.0,16.2554,3268074000.0,0.00144434,40051.3
Denmark,WE,1965,4755000.0,17.1475,3334092000.0,0.00142618,41940.2
Denmark,WE,1966,4789800.0,18.0396,3402738000.0,0.00140763,43801.5
Denmark,WE,1967,4824600.0,18.9317,3473827000.0,0.00138884,45636.0
Denmark,WE,1968,4859400.0,19.8238,3546719000.0,0.00137011,47444.3
Denmark,WE,1969,4894200.0,20.7159,3620809000.0,0.00135169,49226.8
Denmark,WE,1970,4929000.0,21.608,3695944000.0,0.00133362,50984.2
Denmark,WE,1971,4948400.0,21.5149,3771809000.0,0.00131194,50565.5
Denmark,WE,1972,4967800.0,21.4218,3847786000.0,0.00129108,50150.1
Denmark,WE,1973,4987200.0,21.3287,3923766000.0,0.00127102,49737.9
Denmark,WE,1974,5006600.0,21.2356,3999654000.0,0.00125176,49328.9
Denmark,WE,1975,5026000.0,21.1425,4075437000.0,0.00123324,48923.1
Denmark,WE,1976,5045400.0,21.0494,4150660000.0,0.00121557,48520.3
Denmark,WE,1977,5064800.0,20.9563,4225672000.0,0.00119858,48120.7
Denmark,WE,1978,5084200.0,20.8632,4301501000.0,0.00118196,47724.1
Denmark,WE,1979,5103600.0,20.7701,4378004000.0,0.00116574,47330.6
Denmark,WE,1980,5123000.0,20.677,4456394000.0,0.00114958,46940.0
Denmark,WE,1981,5124800.0,20.4264,4535942000.0,0.00112982,46354.8
Denmark,WE,1982,5126600.0,20.1758,4616948000.0,0.00111039,45770.0
Denmark,WE,1983,5128400.0,19.9252,4699604000.0,0.00109124,45185.6
Denmark,WE,1984,5130200.0,19.6746,4784334000.0,0.00107229,44601.7
Denmark,WE,1985,5132000.0,19.424,4871434000.0,0.00105349,44018.1
Denmark,WE,1986,5133800.0,19.1734,4961120000.0,0.00103481,43435.0
Denmark,WE,1987,5135600.0,18.9228,5052960000.0,0.00101635,42852.3
Denmark,WE,1988,5137400.0,18.6722,5145733000.0,0.00099838,42270.0
Denmark,WE,1989,5139200.0,18.4216,5237968000.0,0.00098114,41688.0
Denmark,WE,1990,5141000.0,18.171,5328602000.0,0.00096479,41106.5
Denmark,WE,1991,5160600.0,18.5612,5417317000.0,0.00095261,41829.8
Denmark,WE,1992,5180200.0,18.9514,5503880000.0,0.00094119,42547.5
Denmark,WE,1993,5199800.0,19.3416,5588359000.0,0.00093047,43259.9
Denmark,WE,1994,5219400.0,19.7318,5671048000.0,0.00092036,43966.9
Denmark,WE,1995,5239000.0,20.122,5752408000.0,0.00091075,44668.6
Denmark,WE,1996,5258600.0,20.5122,5832484000.0,0.00090161,45365.1
Denmark,WE,1997,5278200.0,20.9024,5911415000.0,0.00089288,46056.4
Denmark,WE,1998,5297800.0,21.2926,5989470000.0,0.00088452,46742.6
Denmark,WE,1999,5317400.0,21.6828,6067325000.0,0.0008764,47423.7
Denmark,WE,2000,5337000.0,22.073,6145394000.0,0.00086846,48099.9
Denmark,WE,2001,5358800.0,22.2072,6223661000.0,0.00086104,48195.4
Denmark,WE,2002,5380600.0,22.3414,6302453000.0,0.00085373,48290.2
Denmark,WE,2003,5402400.0,22.4756,6381858000.0,0.00084652,48384.3
Denmark,WE,2004,5424200.0,22.6098,6461988000.0,0.0008394,48477.6
Denmark,WE,2005,5446000.0,22.744,6542867000.0,0.00083236,48570.1
Denmark,WE,2006,5467800.0,22.8782,6624538000.0,0.00082539,48661.9
Denmark,WE,2007,5489600.0,23.0124,6707018000.0,0.00081849,48753.0
Denmark,WE,2008,5511400.0,23.1466,6790025000.0,0.00081169,48843.3
Denmark,WE,2009,5533200.0,23.2808,6874725000.0,0.00080486,48932.9
Denmark,WE,2010,5555000.0,23.415,6959421000.0,0.0007982,49021.9
Denmark,WE,2011,5578700.0,22.87,7044266000.0,0.00079195,47677.4
Denmark,WE,2012,5602400.0,22.325,7129609000.0,0.00078579,46344.4
Denmark,WE,2013,5626100.0,21.78,7215047000.0,0.00077977,45022.6
Denmark,WE,2014,5649800.0,21.235,7300248000.0,0.00077392,43711.8
Denmark,WE,2015,5673500.0,20.69,7384880000.0,0.00076826,42412.0
Denmark,WE,2016,5697200.0,20.145,7469068000.0,0.00076277,41123.1
Denmark,WE,2017,5720900.0,19.6,7550393000.0,0.0007577,39844.8
Denmark,WE,2018,5744600.0,19.055,7632955000.0,0.0007526,38577.0
Denmark,WE,2019,5768300.0,18.51,7714577000.0,0.00074771,37319.7
Denmark,WE,2020,5792000.0,17.965,7795482000.0,0.00074299,36072.7
Dominican Rep.,LA,1820,89000.0,0.033,1047270000.0,8.498e-05,4312.2
Dominican Rep.,LA,1821,90600.0,0.0336,1052728000.0,8.606e-05,4313.1
Dominican Rep.,LA,1822,92200.0,0.0342,1058224000.0,8.713e-05,4313.9
Dominican Rep.,LA,1823,93800.0,0.0348,1063824000.0,8.817e-05,4314.8
Dominican Rep.,LA,1824,95400.0,0.0354,1069477000.0,8.92e-05,4315.5
Dominican Rep.,LA,1825,97000.0,0.036,1075142000.0,9.022e-05,4316.3
Dominican Rep.,LA,1826,98600.0,0.0366,1080733000.0,9.123e-05,4317.0
Dominican Rep.,LA,1827,100200.0,0.0372,1086318000.0,9.224e-05,4317.7
Dominican Rep.,LA,1828,101800.0,0.0378,1091853000.0,9.324e-05,4318.4
Dominican Rep.,LA,1829,103400.0,0.0384,1097270000.0,9.423e-05,4319.1
Dominican Rep.,LA,1830,105000.0,0.039,1102518000.0,9.524e-05,4319.7
Dominican Rep.,LA,1831,106900.0,0.0397,1108061000.0,9.647e-05,4319.1
Dominican Rep.,LA,1832,108800.0,0.0404,1113520000.0,9.771e-05,4318.5
Dominican Rep.,LA,1833,110700.0,0.0411,1119039000.0,9.892e-05,4317.9
Dominican Rep.,LA,1834,112600.0,0.0418,1124554000.0,0.00010013,4317.4
Dominican Rep.,LA,1835,114500.0,0.0424999999999999,1130361000.0,0.0001013,4316.8
Dominican Rep.,LA,1836,116400.0,0.0432,1136068000.0,0.00010246,4316.3
Dominican Rep.,LA,1837,118300.0,0.0439,1141817000.0,0.00010361,4315.8
Dominican Rep.,LA,1838,120200.0,0.0446,1147560000.0,0.00010474,4315.3
Dominican Rep.,LA,1839,122100.0,0.0453,1153428000.0,0.00010586,4314.8
Dominican Rep.,LA,1840,124000.0,0.046,1159310000.0,0.00010696,4314.4
Dominican Rep.,LA,1841,126200.0,0.047,1165435000.0,0.00010829,4331.3
Dominican Rep.,LA,1842,128400.0,0.048,1171545000.0,0.0001096,4347.7
Dominican Rep.,LA,1843,130600.0,0.049,1177631000.0,0.0001109,4363.5
Dominican Rep.,LA,1844,132800.0,0.05,1183818000.0,0.00011218,4378.8
Dominican Rep.,LA,1845,135000.0,0.051,1190091000.0,0.00011344,4393.6
Dominican Rep.,LA,1846,137200.0,0.052,1196249000.0,0.00011469,4407.9
Dominican Rep.,LA,1847,139400.0,0.053,1201397000.0,0.00011603,4421.7
Dominican Rep.,LA,1848,141600.0,0.054,1205963000.0,0.00011742,4435.2
Dominican Rep.,LA,1849,143800.0,0.055,1211069000.0,0.00011874,4448.2
Dominican Rep.,LA,1850,146000.0,0.056,1216574000.0,0.00012001,4460.8
Dominican Rep.,LA,1851,150200.0,0.058,1218975000.0,0.00012322,4490.9
Dominican Rep.,LA,1852,154400.0,0.06,1221557000.0,0.0001264,4519.4
Dominican Rep.,LA,1853,158600.0,0.062,1224259000.0,0.00012955,4546.4
Dominican Rep.,LA,1854,162800.0,0.064,1226726000.0,0.00013271,4572.0
Dominican Rep.,LA,1855,167000.0,0.066,1228814000.0,0.0001359,4596.3
Dominican Rep.,LA,1856,171200.0,0.068,1231565000.0,0.00013901,4619.4
Dominican Rep.,LA,1857,175400.0,0.0699999999999999,1234524000.0,0.00014208,4641.4
Dominican Rep.,LA,1858,179600.0,0.072,1237487000.0,0.00014513,4662.4
Dominican Rep.,LA,1859,183800.0,0.074,1240642000.0,0.00014815,4682.4
Dominican Rep.,LA,1860,188000.0,0.076,1243735000.0,0.00015116,4701.5
Dominican Rep.,LA,1861,193400.0,0.0771,1247652000.0,0.00015501,4636.4
Dominican Rep.,LA,1862,198800.0,0.0781999999999999,1250707000.0,0.00015895,4574.8
Dominican Rep.,LA,1863,204200.0,0.0793,1254013000.0,0.00016284,4516.4
Dominican Rep.,LA,1864,209600.0,0.0804,1257290000.0,0.00016671,4461.1
Dominican Rep.,LA,1865,215000.0,0.0814999999999999,1260601000.0,0.00017055,4408.6
Dominican Rep.,LA,1866,220400.0,0.0825999999999999,1263629000.0,0.00017442,4358.6
Dominican Rep.,LA,1867,225800.0,0.0837,1266809000.0,0.00017824,4311.0
Dominican Rep.,LA,1868,231200.0,0.0848,1269858000.0,0.00018207,4265.7
Dominican Rep.,LA,1869,236600.0,0.0858999999999999,1271405000.0,0.00018609,4222.4
Dominican Rep.,LA,1870,242000.0,0.087,1274661000.0,0.00018985,4181.0
Dominican Rep.,LA,1871,251100.0,0.089,1282387000.0,0.00019581,4122.1
Dominican Rep.,LA,1872,260200.0,0.091,1290858000.0,0.00020157,4067.4
Dominican Rep.,LA,1873,269300.0,0.093,1299848000.0,0.00020718,4016.3
Dominican Rep.,LA,1874,278400.0,0.095,1309013000.0,0.00021268,3968.6
Dominican Rep.,LA,1875,287500.0,0.097,1318339000.0,0.00021808,3923.9
Dominican Rep.,LA,1876,296600.0,0.099,1327814000.0,0.00022337,3881.9
Dominican Rep.,LA,1877,305700.0,0.1009999999999999,1337399000.0,0.00022858,3842.4
Dominican Rep.,LA,1878,314800.0,0.103,1347055000.0,0.00023369,3805.2
Dominican Rep.,LA,1879,323900.0,0.105,1356760000.0,0.00023873,3770.1
Dominican Rep.,LA,1880,333000.0,0.107,1366310000.0,0.00024372,3737.0
Dominican Rep.,LA,1881,345600.0,0.1112,1376041000.0,0.00025116,3742.1
Dominican Rep.,LA,1882,358200.0,0.1154,1385750000.0,0.00025849,3746.8
Dominican Rep.,LA,1883,370800.0,0.1196,1395507000.0,0.00026571,3751.2
Dominican Rep.,LA,1884,383400.0,0.1238,1405536000.0,0.00027278,3755.3
Dominican Rep.,LA,1885,396000.0,0.128,1415514000.0,0.00027976,3759.2
Dominican Rep.,LA,1886,408600.0,0.1321999999999999,1425627000.0,0.00028661,3762.8
Dominican Rep.,LA,1887,421200.0,0.1364,1435759000.0,0.00029336,3766.2
Dominican Rep.,LA,1888,433800.0,0.1406,1445944000.0,0.00030001,3769.4
Dominican Rep.,LA,1889,446400.0,0.1447999999999999,1456277000.0,0.00030654,3772.5
Dominican Rep.,LA,1890,459000.0,0.149,1466582000.0,0.00031297,3775.3
Dominican Rep.,LA,1891,476400.0,0.1562,1477705000.0,0.00032239,3813.2
Dominican Rep.,LA,1892,493800.0,0.1634,1488973000.0,0.00033164,3848.4
Dominican Rep.,LA,1893,511200.0,0.1706,1500286000.0,0.00034074,3881.2
Dominican Rep.,LA,1894,528600.0,0.1777999999999999,1511963000.0,0.00034961,3911.9
Dominican Rep.,LA,1895,546000.0,0.185,1523676000.0,0.00035834,3940.6
Dominican Rep.,LA,1896,563400.0,0.1921999999999999,1535655000.0,0.00036688,3967.5
Dominican Rep.,LA,1897,580800.0,0.1994,1547830000.0,0.00037524,3992.8
Dominican Rep.,LA,1898,598200.0,0.2066,1560243000.0,0.0003834,4016.6
Dominican Rep.,LA,1899,615600.0,0.2138,1572611000.0,0.00039145,4039.1
Dominican Rep.,LA,1900,633000.0,0.221,1584867000.0,0.0003994,4060.4
Dominican Rep.,LA,1901,647800.0,0.2323,1600044000.0,0.00040486,4170.5
Dominican Rep.,LA,1902,662600.0,0.2436,1615427000.0,0.00041017,4275.7
Dominican Rep.,LA,1903,677400.0,0.2549,1630965000.0,0.00041534,4376.3
Dominican Rep.,LA,1904,692200.0,0.2662,1646581000.0,0.00042039,4472.6
Dominican Rep.,LA,1905,707000.0,0.2775,1662453000.0,0.00042528,4564.8
Dominican Rep.,LA,1906,721800.0,0.2888,1678596000.0,0.00043,4653.3
Dominican Rep.,LA,1907,736600.0,0.3001,1695030000.0,0.00043456,4738.2
Dominican Rep.,LA,1908,751400.0,0.3114,1711586000.0,0.00043901,4819.8
Dominican Rep.,LA,1909,766200.0,0.3227,1728501000.0,0.00044327,4898.2
Dominican Rep.,LA,1910,781000.0,0.334,1745736000.0,0.00044738,4973.6
Dominican Rep.,LA,1911,795800.0,0.3406,1762399000.0,0.00045154,4977.6
Dominican Rep.,LA,1912,810600.0,0.3472,1779061000.0,0.00045563,4981.4
Dominican Rep.,LA,1913,825400.0,0.3538,1796080000.0,0.00045956,4985.1
Dominican Rep.,LA,1914,840200.0,0.3604,1808262000.0,0.00046465,4988.6
Dominican Rep.,LA,1915,855000.0,0.367,1818401000.0,0.00047019,4992.1
Dominican Rep.,LA,1916,869800.0,0.3736,1828586000.0,0.00047567,4995.4
Dominican Rep.,LA,1917,884600.0,0.3802,1839381000.0,0.00048092,4998.6
Dominican Rep.,LA,1918,899400.0,0.3868,1849942000.0,0.00048618,5001.6
Dominican Rep.,LA,1919,914200.0,0.3934,1862569000.0,0.00049083,5004.6
Dominican Rep.,LA,1920,929000.0,0.4,1875297000.0,0.00049539,5007.5
Dominican Rep.,LA,1921,969100.0,0.4169,1886887000.0,0.0005136,5003.1
Dominican Rep.,LA,1922,1009200.0,0.4338,1903926000.0,0.00053006,4999.1
Dominican Rep.,LA,1923,1049300.0,0.4507,1924127000.0,0.00054534,4995.4
Dominican Rep.,LA,1924,1089400.0,0.4676,1946371000.0,0.00055971,4991.9
Dominican Rep.,LA,1925,1129500.0,0.4845,1968879000.0,0.00057368,4988.7
Dominican Rep.,LA,1926,1169600.0,0.5014,1991829000.0,0.0005872,4985.7
Dominican Rep.,LA,1927,1209700.0,0.5183,2014443000.0,0.00060051,4982.9
Dominican Rep.,LA,1928,1249800.0,0.5351999999999999,2036576000.0,0.00061368,4980.3
Dominican Rep.,LA,1929,1289900.0,0.5520999999999999,2059103000.0,0.00062644,4977.8
Dominican Rep.,LA,1930,1330000.0,0.569,2080211000.0,0.00063936,4975.5
Dominican Rep.,LA,1931,1382800.0,0.5928,2101812000.0,0.00065791,4985.7
Dominican Rep.,LA,1932,1435600.0,0.6165999999999999,2121508000.0,0.00067669,4995.2
Dominican Rep.,LA,1933,1488400.0,0.6404,2140973000.0,0.0006952,5003.9
Dominican Rep.,LA,1934,1541200.0,0.6642,2161152000.0,0.00071314,5012.1
Dominican Rep.,LA,1935,1594000.0,0.688,2181702000.0,0.00073062,5019.7
Dominican Rep.,LA,1936,1646800.0,0.7118,2203365000.0,0.0007474,5026.9
Dominican Rep.,LA,1937,1699600.0,0.7356,2226159000.0,0.00076347,5033.6
Dominican Rep.,LA,1938,1752400.0,0.7594000000000001,2250491000.0,0.00077867,5039.8
Dominican Rep.,LA,1939,1805200.0,0.7832,2275307000.0,0.00079339,5045.8
Dominican Rep.,LA,1940,1858000.0,0.807,2296743000.0,0.00080897,5051.4
Dominican Rep.,LA,1941,1908700.0,0.8263,2313071000.0,0.00082518,5034.8
Dominican Rep.,LA,1942,1959400.0,0.8456,2331578000.0,0.00084038,5019.1
Dominican Rep.,LA,1943,2010100.0,0.8649,2350140000.0,0.00085531,5004.1
Dominican Rep.,LA,1944,2060800.0000000002,0.8842,2368872000.0,0.00086995,4989.9
Dominican Rep.,LA,1945,2111500.0,0.9035,2394093000.0,0.00088196,4976.4
Dominican Rep.,LA,1946,2162200.0,0.9228,2419526000.0,0.00089365,4963.5
Dominican Rep.,LA,1947,2212900.0,0.9421,2446628000.0,0.00090447,4951.3
Dominican Rep.,LA,1948,2263600.0,0.9614,2473860000.0,0.00091501,4939.5
Dominican Rep.,LA,1949,2314300.0,0.9807,2501856000.0,0.00092503,4928.3
Dominican Rep.,LA,1950,2365000.0,1.0,2529794000.0,0.00093486,4917.5
Dominican Rep.,LA,1951,2457900.0,1.0524,2577776000.0,0.0009535,4979.6
Dominican Rep.,LA,1952,2550800.0,1.1048,2624866000.0,0.00097178,5037.2
Dominican Rep.,LA,1953,2643700.0,1.1572,2671465000.0,0.00098961,5090.7
Dominican Rep.,LA,1954,2736600.0,1.2096,2718563000.0,0.00100663,5140.6
Dominican Rep.,LA,1955,2829500.0,1.262,2766430000.0,0.0010228,5187.2
Dominican Rep.,LA,1956,2922400.0,1.3144,2815461000.0,0.00103798,5230.8
Dominican Rep.,LA,1957,3015300.0,1.3668,2866148000.0,0.00105204,5271.7
Dominican Rep.,LA,1958,3108200.0,1.4192,2918168000.0,0.00106512,5310.2
Dominican Rep.,LA,1959,3201100.0,1.4716,2971839000.0,0.00107714,5346.5
Dominican Rep.,LA,1960,3294000.0,1.524,3027112000.0,0.00108817,5380.7
Dominican Rep.,LA,1961,3414800.0,1.578,3084358000.0,0.00110713,5374.3
Dominican Rep.,LA,1962,3535600.0,1.632,3143380000.0,0.00112478,5368.3
Dominican Rep.,LA,1963,3656400.0,1.686,3204489000.0,0.00114102,5362.7
Dominican Rep.,LA,1964,3777200.0,1.74,3268074000.0,0.00115579,5357.5
Dominican Rep.,LA,1965,3898000.0,1.794,3334092000.0,0.00116913,5352.5
Dominican Rep.,LA,1966,4018800.0,1.848,3402738000.0,0.00118105,5347.9
Dominican Rep.,LA,1967,4139600.0000000005,1.902,3473827000.0,0.00119165,5343.6
Dominican Rep.,LA,1968,4260400.0,1.956,3546719000.0,0.00120122,5339.5
Dominican Rep.,LA,1969,4381200.0,2.01,3620809000.0,0.00121001,5335.6
Dominican Rep.,LA,1970,4502000.0,2.064,3695944000.0,0.00121809,5331.9
Dominican Rep.,LA,1971,4632600.0,2.1797,3771809000.0,0.00122822,5472.1
Dominican Rep.,LA,1972,4763200.0,2.2954,3847786000.0,0.00123791,5604.5
Dominican Rep.,LA,1973,4893800.0,2.4111,3923766000.0,0.00124722,5729.9
Dominican Rep.,LA,1974,5024400.0,2.5268,3999654000.0,0.00125621,5848.8
Dominican Rep.,LA,1975,5155000.0,2.6425,4075437000.0,0.0012649,5961.6
Dominican Rep.,LA,1976,5285600.0,2.7582,4150660000.0,0.00127344,6068.9
Dominican Rep.,LA,1977,5416200.0,2.8739,4225672000.0,0.00128174,6171.0
Dominican Rep.,LA,1978,5546800.0,2.9896000000000003,4301501000.0,0.0012895,6268.3
Dominican Rep.,LA,1979,5677400.0,3.1053,4378004000.0,0.0012968,6361.1
Dominican Rep.,LA,1980,5808000.0,3.221,4456394000.0,0.0013033,6449.8
Dominican Rep.,LA,1981,5945100.0,3.3633,4535942000.0,0.00131066,6579.4
Dominican Rep.,LA,1982,6082200.0,3.5056000000000003,4616948000.0,0.00131736,6703.2
Dominican Rep.,LA,1983,6219300.0,3.6479,4699604000.0,0.00132337,6821.5
Dominican Rep.,LA,1984,6356400.0,3.7902,4784334000.0,0.00132859,6934.7
Dominican Rep.,LA,1985,6493500.0,3.9325,4871434000.0,0.00133298,7043.2
Dominican Rep.,LA,1986,6630600.0,4.0748,4961120000.0,0.00133651,7147.2
Dominican Rep.,LA,1987,6767700.0,4.2171,5052960000.0,0.00133935,7246.9
Dominican Rep.,LA,1988,6904800.0,4.3594,5145733000.0,0.00134185,7342.7
Dominican Rep.,LA,1989,7041900.0,4.5017000000000005,5237968000.0,0.0013444,7434.8
Dominican Rep.,LA,1990,7179000.0,4.644,5328602000.0,0.00134726,7523.3
Dominican Rep.,LA,1991,7317100.0,5.0517,5417317000.0,0.00135069,8029.3
Dominican Rep.,LA,1992,7455200.0,5.4594000000000005,5503880000.0,0.00135454,8516.6
Dominican Rep.,LA,1993,7593300.0,5.867100000000001,5588359000.0,0.00135877,8986.1
Dominican Rep.,LA,1994,7731400.0,6.2748,5671048000.0,0.00136331,9438.9
Dominican Rep.,LA,1995,7869500.0,6.6825,5752408000.0,0.00136804,9875.8
Dominican Rep.,LA,1996,8007600.0,7.0902,5832484000.0,0.00137293,10297.6
Dominican Rep.,LA,1997,8145700.0,7.4979,5911415000.0,0.00137796,10705.1
Dominican Rep.,LA,1998,8283799.999999999,7.9056,5989470000.0,0.00138306,11099.0
Dominican Rep.,LA,1999,8421900.0,8.3133,6067325000.0,0.00138807,11480.0
Dominican Rep.,LA,2000,8560000.0,8.721,6145394000.0,0.00139291,11848.7
Dominican Rep.,LA,2001,8693900.0,8.7546,6223661000.0,0.00139691,11711.2
Dominican Rep.,LA,2002,8827800.0,8.7882,6302453000.0,0.00140069,11577.8
Dominican Rep.,LA,2003,8961700.0,8.8218,6381858000.0,0.00140425,11448.4
Dominican Rep.,LA,2004,9095600.0,8.8554,6461988000.0,0.00140755,11322.9
Dominican Rep.,LA,2005,9229500.0,8.889,6542867000.0,0.00141062,11200.9
Dominican Rep.,LA,2006,9363400.0,8.922600000000001,6624538000.0,0.00141344,11082.5
Dominican Rep.,LA,2007,9497300.0,8.9562,6707018000.0,0.00141602,10967.4
Dominican Rep.,LA,2008,9631200.0,8.9898,6790025000.0,0.00141843,10855.5
Dominican Rep.,LA,2009,9765100.0,9.0234,6874725000.0,0.00142043,10746.7
Dominican Rep.,LA,2010,9899000.0,9.057,6959421000.0,0.00142239,10640.8
Dominican Rep.,LA,2011,9993900.0,9.3677,7044266000.0,0.00141873,10901.3
Dominican Rep.,LA,2012,10088800.0,9.6784,7129609000.0,0.00141506,11156.9
Dominican Rep.,LA,2013,10183700.0,9.9891,7215047000.0,0.00141145,11407.8
Dominican Rep.,LA,2014,10278600.0,10.2998,7300248000.0,0.00140798,11654.0
Dominican Rep.,LA,2015,10373500.0,10.6105,7384880000.0,0.00140469,11895.7
Dominican Rep.,LA,2016,10468400.0,10.9212,7469068000.0,0.00140157,12133.0
Dominican Rep.,LA,2017,10563300.0,11.2319,7550393000.0,0.00139904,12366.1
Dominican Rep.,LA,2018,10658200.0,11.5426,7632955000.0,0.00139634,12595.0
Dominican Rep.,LA,2019,10753100.0,11.8533,7714577000.0,0.00139387,12819.9
Dominican Rep.,LA,2020,10848000.0,12.164,7795482000.0,0.00139158,13040.9
Ecuador,LA,1820,500000.0,0.186,1047270000.0,0.00047743,4326.4
Ecuador,LA,1821,508900.0,0.1893,1052728000.0,0.00048341,4326.1
Ecuador,LA,1822,517799.99999999994,0.1926,1058224000.0,0.00048931,4325.9
Ecuador,LA,1823,526700.0,0.1959,1063824000.0,0.0004951,4325.6
Ecuador,LA,1824,535600.0,0.1992,1069477000.0,0.00050081,4325.4
Ecuador,LA,1825,544500.0,0.2025,1075142000.0,0.00050644,4325.2
Ecuador,LA,1826,553400.0,0.2057999999999999,1080733000.0,0.00051206,4325.0
Ecuador,LA,1827,562300.0,0.2091,1086318000.0,0.00051762,4324.8
Ecuador,LA,1828,571200.0,0.2124,1091853000.0,0.00052315,4324.6
Ecuador,LA,1829,580100.0,0.2157,1097270000.0,0.00052868,4324.4
Ecuador,LA,1830,589000.0,0.219,1102518000.0,0.00053423,4324.2
Ecuador,LA,1831,599400.0,0.2231,1108061000.0,0.00054094,4328.8
Ecuador,LA,1832,609800.0,0.2272,1113520000.0,0.00054763,4333.1
Ecuador,LA,1833,620200.0,0.2313,1119039000.0,0.00055423,4337.3
Ecuador,LA,1834,630600.0,0.2354,1124554000.0,0.00056076,4341.4
Ecuador,LA,1835,641000.0,0.2395,1130361000.0,0.00056708,4345.4
Ecuador,LA,1836,651400.0,0.2436,1136068000.0,0.00057338,4349.2
Ecuador,LA,1837,661800.0,0.2477,1141817000.0,0.0005796,4352.9
Ecuador,LA,1838,672200.0,0.2518,1147560000.0,0.00058576,4356.5
Ecuador,LA,1839,682600.0,0.2559,1153428000.0,0.0005918,4360.0
Ecuador,LA,1840,693000.0,0.26,1159310000.0,0.00059777,4363.3
Ecuador,LA,1841,705300.0,0.2653,1165435000.0,0.00060518,4374.6
Ecuador,LA,1842,717600.0,0.2706,1171545000.0,0.00061252,4385.6
Ecuador,LA,1843,729900.0,0.2759,1177631000.0,0.0006198,4396.1
Ecuador,LA,1844,742200.0,0.2812,1183818000.0,0.00062695,4406.3
Ecuador,LA,1845,754500.0,0.2865,1190091000.0,0.00063399,4416.2
Ecuador,LA,1846,766800.0,0.2918,1196249000.0,0.000641,4425.7
Ecuador,LA,1847,779100.0,0.2971,1201397000.0,0.0006485,4435.0
Ecuador,LA,1848,791400.0,0.3024,1205963000.0,0.00065624,4443.9
Ecuador,LA,1849,803700.0,0.3077,1211069000.0,0.00066363,4452.6
Ecuador,LA,1850,816000.0,0.313,1216574000.0,0.00067074,4461.0
Ecuador,LA,1851,825300.0,0.3183,1218975000.0,0.00067704,4485.4
Ecuador,LA,1852,834600.0,0.3236,1221557000.0,0.00068323,4509.3
Ecuador,LA,1853,843900.0,0.3288999999999999,1224259000.0,0.00068931,4532.7
Ecuador,LA,1854,853200.0,0.3342,1226726000.0,0.00069551,4555.5
Ecuador,LA,1855,862500.0,0.3395,1228814000.0,0.0007019,4577.8
Ecuador,LA,1856,871800.0,0.3448,1231565000.0,0.00070788,4599.7
Ecuador,LA,1857,881100.0,0.3500999999999999,1234524000.0,0.00071372,4621.1
Ecuador,LA,1858,890400.0,0.3554,1237487000.0,0.00071952,4642.1
Ecuador,LA,1859,899700.0,0.3607,1240642000.0,0.00072519,4662.6
Ecuador,LA,1860,909000.0,0.366,1243735000.0,0.00073086,4682.7
Ecuador,LA,1861,919400.0,0.3641999999999999,1247652000.0,0.0007369,4607.0
Ecuador,LA,1862,929800.0,0.3624,1250707000.0,0.00074342,4532.9
Ecuador,LA,1863,940200.0,0.3606,1254013000.0,0.00074975,4460.5
Ecuador,LA,1864,950600.0,0.3588,1257290000.0,0.00075607,4389.7
Ecuador,LA,1865,961000.0,0.357,1260601000.0,0.00076233,4320.4
Ecuador,LA,1866,971400.0,0.3551999999999999,1263629000.0,0.00076874,4252.6
Ecuador,LA,1867,981800.0,0.3534,1266809000.0,0.00077502,4186.2
Ecuador,LA,1868,992200.0,0.3515999999999999,1269858000.0,0.00078135,4121.3
Ecuador,LA,1869,1002600.0,0.3498,1271405000.0,0.00078858,4057.6
Ecuador,LA,1870,1013000.0,0.348,1274661000.0,0.00079472,3995.3
Ecuador,LA,1871,1023900.0,0.3488,1282387000.0,0.00079843,3961.9
Ecuador,LA,1872,1034800.0,0.3495999999999999,1290858000.0,0.00080164,3929.1
Ecuador,LA,1873,1045700.0,0.3504,1299848000.0,0.00080448,3897.1
Ecuador,LA,1874,1056600.0,0.3511999999999999,1309013000.0,0.00080717,3865.7
Ecuador,LA,1875,1067500.0,0.352,1318339000.0,0.00080973,3834.9
Ecuador,LA,1876,1078400.0,0.3528,1327814000.0,0.00081216,3804.8
Ecuador,LA,1877,1089300.0,0.3535999999999999,1337399000.0,0.00081449,3775.2
Ecuador,LA,1878,1100200.0,0.3544,1347055000.0,0.00081674,3746.3
Ecuador,LA,1879,1111100.0,0.3551999999999999,1356760000.0,0.00081894,3717.9
Ecuador,LA,1880,1122000.0,0.356,1366310000.0,0.00082119,3690.1
Ecuador,LA,1881,1134000.0,0.3601,1376041000.0,0.0008241,3693.1
Ecuador,LA,1882,1146000.0,0.3641999999999999,1385750000.0,0.00082699,3696.0
Ecuador,LA,1883,1158000.0,0.3683,1395507000.0,0.00082981,3698.9
Ecuador,LA,1884,1170000.0,0.3724,1405536000.0,0.00083242,3701.7
Ecuador,LA,1885,1182000.0,0.3765,1415514000.0,0.00083503,3704.5
Ecuador,LA,1886,1194000.0,0.3806,1425627000.0,0.00083753,3707.2
Ecuador,LA,1887,1206000.0,0.3847,1435759000.0,0.00083997,3709.8
Ecuador,LA,1888,1218000.0,0.3888,1445944000.0,0.00084236,3712.4
Ecuador,LA,1889,1230000.0,0.3929,1456277000.0,0.00084462,3715.0
Ecuador,LA,1890,1242000.0,0.397,1466582000.0,0.00084687,3717.5
Ecuador,LA,1891,1255400.0,0.4044,1477705000.0,0.00084956,3746.4
Ecuador,LA,1892,1268800.0,0.4118,1488973000.0,0.00085213,3774.6
Ecuador,LA,1893,1282200.0,0.4192,1500286000.0,0.00085464,3802.3
Ecuador,LA,1894,1295600.0,0.4266,1511963000.0,0.0008569,3829.4
Ecuador,LA,1895,1309000.0,0.434,1523676000.0,0.00085911,3855.9
Ecuador,LA,1896,1322400.0,0.4414,1535655000.0,0.00086113,3881.9
Ecuador,LA,1897,1335800.0,0.4488,1547830000.0,0.00086301,3907.4
Ecuador,LA,1898,1349200.0,0.4562,1560243000.0,0.00086474,3932.4
Ecuador,LA,1899,1362600.0,0.4635999999999999,1572611000.0,0.00086646,3956.9
Ecuador,LA,1900,1376000.0,0.471,1584867000.0,0.00086821,3980.9
Ecuador,LA,1901,1388700.0,0.4877999999999999,1600044000.0,0.00086791,4085.2
Ecuador,LA,1902,1401400.0,0.5045999999999999,1615427000.0,0.00086751,4187.6
Ecuador,LA,1903,1414100.0,0.5214,1630965000.0,0.00086703,4288.2
Ecuador,LA,1904,1426800.0,0.5382,1646581000.0,0.00086652,4386.9
Ecuador,LA,1905,1439500.0,0.5549999999999999,1662453000.0,0.00086589,4484.0
Ecuador,LA,1906,1452200.0,0.5718,1678596000.0,0.00086513,4579.3
Ecuador,LA,1907,1464900.0,0.5886,1695030000.0,0.00086423,4673.0
Ecuador,LA,1908,1477600.0,0.6053999999999999,1711586000.0,0.00086329,4765.0
Ecuador,LA,1909,1490300.0,0.6222,1728501000.0,0.00086219,4855.5
Ecuador,LA,1910,1503000.0,0.639,1745736000.0,0.00086095,4944.5
Ecuador,LA,1911,1515700.0,0.6445,1762399000.0,0.00086002,4945.3
Ecuador,LA,1912,1528400.0,0.65,1779061000.0,0.0008591,4946.0
Ecuador,LA,1913,1541100.0,0.6555,1796080000.0,0.00085804,4946.8
Ecuador,LA,1914,1553800.0,0.661,1808262000.0,0.00085928,4947.5
Ecuador,LA,1915,1566500.0,0.6665,1818401000.0,0.00086147,4948.2
Ecuador,LA,1916,1579200.0,0.6719999999999999,1828586000.0,0.00086362,4948.9
Ecuador,LA,1917,1591900.0,0.6775,1839381000.0,0.00086545,4949.6
Ecuador,LA,1918,1604600.0,0.6829999999999999,1849942000.0,0.00086738,4950.3
Ecuador,LA,1919,1617300.0,0.6885,1862569000.0,0.00086832,4951.0
Ecuador,LA,1920,1630000.0,0.694,1875297000.0,0.0008692,4951.7
Ecuador,LA,1921,1672300.0,0.7186999999999999,1886887000.0,0.00088627,4998.2
Ecuador,LA,1922,1714600.0,0.7434,1903926000.0,0.00090056,5042.4
Ecuador,LA,1923,1756900.0,0.7681,1924127000.0,0.00091309,5084.5
Ecuador,LA,1924,1799200.0,0.7928,1946371000.0,0.00092439,5124.6
Ecuador,LA,1925,1841500.0,0.8174999999999999,1968879000.0,0.0009353,5162.9
Ecuador,LA,1926,1883800.0,0.8422,1991829000.0,0.00094576,5199.5
Ecuador,LA,1927,1926100.0,0.8669,2014443000.0,0.00095615,5234.4
Ecuador,LA,1928,1968400.0,0.8916,2036576000.0,0.00096652,5267.9
Ecuador,LA,1929,2010700.0,0.9163,2059103000.0,0.00097649,5299.9
Ecuador,LA,1930,2053000.0,0.941,2080211000.0,0.00098692,5330.7
Ecuador,LA,1931,2109100.0,0.9695,2101812000.0,0.00100347,5346.0
Ecuador,LA,1932,2165200.0,0.998,2121508000.0,0.00102059,5360.6
Ecuador,LA,1933,2221300.0,1.0265,2140973000.0,0.00103752,5374.4
Ecuador,LA,1934,2277400.0,1.055,2161152000.0,0.00105379,5387.6
Ecuador,LA,1935,2333500.0,1.0835,2181702000.0,0.00106958,5400.1
Ecuador,LA,1936,2389600.0,1.112,2203365000.0,0.00108452,5412.0
Ecuador,LA,1937,2445700.0,1.1405,2226159000.0,0.00109862,5423.4
Ecuador,LA,1938,2501800.0,1.169,2250491000.0,0.00111167,5434.3
Ecuador,LA,1939,2557900.0,1.1975,2275307000.0,0.0011242,5444.7
Ecuador,LA,1940,2614000.0,1.226,2296743000.0,0.00113813,5454.6
Ecuador,LA,1941,2691300.0,1.2713,2313071000.0,0.00116352,5493.7
Ecuador,LA,1942,2768600.0,1.3166,2331578000.0,0.00118744,5530.6
Ecuador,LA,1943,2845900.0,1.3619,2350140000.0,0.00121095,5565.5
Ecuador,LA,1944,2923200.0,1.4072,2368872000.0,0.00123401,5598.6
Ecuador,LA,1945,3000500.0,1.4525,2394093000.0,0.00125329,5629.9
Ecuador,LA,1946,3077800.0,1.4978,2419526000.0,0.00127207,5659.7
Ecuador,LA,1947,3155100.0,1.5431,2446628000.0,0.00128957,5688.0
Ecuador,LA,1948,3232400.0,1.5884,2473860000.0,0.00130662,5715.0
Ecuador,LA,1949,3309700.0,1.6337000000000002,2501856000.0,0.0013229,5740.7
Ecuador,LA,1950,3387000.0,1.679,2529794000.0,0.00133884,5765.2
Ecuador,LA,1951,3492200.0,1.7391,2577776000.0,0.00135473,5791.7
Ecuador,LA,1952,3597400.0,1.7992,2624866000.0,0.00137051,5816.6
Ecuador,LA,1953,3702600.0,1.8593,2671465000.0,0.00138598,5840.1
Ecuador,LA,1954,3807800.0,1.9194,2718563000.0,0.00140067,5862.3
Ecuador,LA,1955,3913000.0,1.9795,2766430000.0,0.00141446,5883.4
Ecuador,LA,1956,4018200.0,2.0396,2815461000.0,0.00142719,5903.3
Ecuador,LA,1957,4123399.9999999995,2.0997,2866148000.0,0.00143866,5922.2
Ecuador,LA,1958,4228600.0,2.1598,2918168000.0,0.00144906,5940.1
Ecuador,LA,1959,4333800.0,2.2199,2971839000.0,0.00145829,5957.2
Ecuador,LA,1960,4439000.0,2.28,3027112000.0,0.00146641,5973.5
Ecuador,LA,1961,4592100.0,2.3305,3084358000.0,0.00148883,5902.2
Ecuador,LA,1962,4745200.0,2.381,3143380000.0,0.00150959,5835.6
Ecuador,LA,1963,4898300.0,2.4315,3204489000.0,0.00152857,5773.1
Ecuador,LA,1964,5051400.0,2.482,3268074000.0,0.00154568,5714.4
Ecuador,LA,1965,5204500.0,2.5325,3334092000.0,0.00156099,5659.1
Ecuador,LA,1966,5357600.0,2.583,3402738000.0,0.0015745,5607.0
Ecuador,LA,1967,5510700.0,2.6335,3473827000.0,0.00158635,5557.8
Ecuador,LA,1968,5663800.0,2.684,3546719000.0,0.00159691,5511.3
Ecuador,LA,1969,5816900.0,2.7345,3620809000.0,0.00160652,5467.2
Ecuador,LA,1970,5970000.0,2.785,3695944000.0,0.00161528,5425.4
Ecuador,LA,1971,6169100.0,2.9906,3771809000.0,0.00163558,5637.9
Ecuador,LA,1972,6368200.0,3.1962,3847786000.0,0.00165503,5837.1
Ecuador,LA,1973,6567300.0,3.4018,3923766000.0,0.00167372,6024.2
Ecuador,LA,1974,6766400.0,3.6074,3999654000.0,0.00169175,6200.4
Ecuador,LA,1975,6965500.0,3.813,4075437000.0,0.00170914,6366.4
Ecuador,LA,1976,7164600.0,4.0186,4150660000.0,0.00172614,6523.2
Ecuador,LA,1977,7363700.0,4.2242,4225672000.0,0.00174261,6671.6
Ecuador,LA,1978,7562800.0,4.4298,4301501000.0,0.00175818,6812.1
Ecuador,LA,1979,7761900.0,4.635400000000001,4378004000.0,0.00177293,6945.4
Ecuador,LA,1980,7961000.0,4.841,4456394000.0,0.00178642,7072.1
Ecuador,LA,1981,8192100.0,5.141,4535942000.0,0.00180604,7298.5
Ecuador,LA,1982,8423200.0,5.441,4616948000.0,0.00182441,7512.4
Ecuador,LA,1983,8654300.0,5.741,4699604000.0,0.0018415,7715.0
Ecuador,LA,1984,8885400.0,6.041,4784334000.0,0.00185719,7907.0
Ecuador,LA,1985,9116500.0,6.341,4871434000.0,0.00187142,8089.3
Ecuador,LA,1986,9347600.0,6.641,4961120000.0,0.00188417,8262.5
Ecuador,LA,1987,9578700.0,6.941000000000001,5052960000.0,0.00189566,8427.4
Ecuador,LA,1988,9809800.0,7.241,5145733000.0,0.0019064,8584.6
Ecuador,LA,1989,10040900.0,7.541,5237968000.0,0.00191695,8734.5
Ecuador,LA,1990,10272000.0,7.841,5328602000.0,0.00192771,8877.6
Ecuador,LA,1991,10475300.0,8.0102,5417317000.0,0.00193367,8893.2
Ecuador,LA,1992,10678600.0,8.1794,5503880000.0,0.00194019,8908.1
Ecuador,LA,1993,10881900.0,8.3486,5588359000.0,0.00194724,8922.5
Ecuador,LA,1994,11085200.0,8.5178,5671048000.0,0.0019547,8936.4
Ecuador,LA,1995,11288500.0,8.687,5752408000.0,0.0019624,8949.8
Ecuador,LA,1996,11491800.0,8.8562,5832484000.0,0.00197031,8962.7
Ecuador,LA,1997,11695100.0,9.0254,5911415000.0,0.00197839,8975.2
Ecuador,LA,1998,11898400.0,9.1946,5989470000.0,0.00198655,8987.2
Ecuador,LA,1999,12101700.0,9.3638,6067325000.0,0.00199457,8998.8
Ecuador,LA,2000,12305000.0,9.533,6145394000.0,0.00200231,9010.1
Ecuador,LA,2001,12544500.0,9.9902,6223661000.0,0.00201561,9261.9
Ecuador,LA,2002,12784000.0,10.4474,6302453000.0,0.00202842,9504.3
Ecuador,LA,2003,13023500.0,10.9046,6381858000.0,0.00204071,9737.8
Ecuador,LA,2004,13263000.0,11.3618,6461988000.0,0.00205246,9962.9
Ecuador,LA,2005,13502500.0,11.819,6542867000.0,0.0020637,10180.0
Ecuador,LA,2006,13742000.0,12.2762,6624538000.0,0.00207441,10389.5
Ecuador,LA,2007,13981500.0,12.7334,6707018000.0,0.00208461,10591.8
Ecuador,LA,2008,14221000.0,13.1906,6790025000.0,0.0020944,10787.3
Ecuador,LA,2009,14460500.0,13.6478,6874725000.0,0.00210343,10976.4
Ecuador,LA,2010,14700000.0,14.105,6959421000.0,0.00211224,11159.3
Ecuador,LA,2011,14994300.0,14.1851,7044266000.0,0.00212858,11002.4
Ecuador,LA,2012,15288600.0,14.2652,7129609000.0,0.00214438,10851.5
Ecuador,LA,2013,15582900.0,14.3453,7215047000.0,0.00215978,10706.3
Ecuador,LA,2014,15877200.0,14.4254,7300248000.0,0.00217489,10566.6
Ecuador,LA,2015,16171500.0,14.5055,7384880000.0,0.00218981,10431.9
Ecuador,LA,2016,16465800.0,14.5856,7469068000.0,0.00220453,10302.0
Ecuador,LA,2017,16760099.999999998,14.6657,7550393000.0,0.00221977,10176.7
Ecuador,LA,2018,17054400.0,14.7458,7632955000.0,0.00223431,10055.7
Ecuador,LA,2019,17348700.0,14.8259,7714577000.0,0.00224882,9938.8
Ecuador,LA,2020,17643000.0,14.906,7795482000.0,0.00226323,9825.8
Egypt,Af,1820,4194000.0,1.781,1047270000.0,0.0040047,4938.7
Egypt,Af,1821,4239900.0,1.8007,1052728000.0,0.00402754,4939.3
Egypt,Af,1822,4285800.0,1.8204,1058224000.0,0.00404999,4939.9
Egypt,Af,1823,4331700.0,1.8401,1063824000.0,0.00407182,4940.4
Egypt,Af,1824,4377600.0,1.8598,1069477000.0,0.00409322,4940.9
Egypt,Af,1825,4423500.0,1.8795,1075142000.0,0.00411434,4941.5
Egypt,Af,1826,4469400.0,1.8992,1080733000.0,0.00413553,4942.0
Egypt,Af,1827,4515300.0,1.9189,1086318000.0,0.00415652,4942.5
Egypt,Af,1828,4561200.0,1.9386,1091853000.0,0.00417749,4943.0
Egypt,Af,1829,4607100.0,1.9583,1097270000.0,0.00419869,4943.5
Egypt,Af,1830,4653000.0,1.978,1102518000.0,0.00422034,4943.9
Egypt,Af,1831,4703900.0,1.9999,1108061000.0,0.00424516,4944.6
Egypt,Af,1832,4754800.0,2.0218,1113520000.0,0.00427006,4945.2
Egypt,Af,1833,4805700.0,2.0437,1119039000.0,0.00429449,4945.8
Egypt,Af,1834,4856600.0,2.0656,1124554000.0,0.00431869,4946.4
Egypt,Af,1835,4907500.0,2.0875,1130361000.0,0.00434153,4947.0
Egypt,Af,1836,4958400.0,2.1094,1136068000.0,0.00436453,4947.6
Egypt,Af,1837,5009300.0,2.1313,1141817000.0,0.00438713,4948.2
Egypt,Af,1838,5060200.0,2.1532,1147560000.0,0.00440953,4948.8
Egypt,Af,1839,5111100.0,2.1751,1153428000.0,0.00443123,4949.3
Egypt,Af,1840,5162000.0,2.197,1159310000.0,0.00445265,4949.8
Egypt,Af,1841,5218500.0,2.2213000000000003,1165435000.0,0.00447773,4950.4
Egypt,Af,1842,5275000.0,2.2456,1171545000.0,0.0045026,4951.0
Egypt,Af,1843,5331500.0,2.2699,1177631000.0,0.00452731,4951.5
Egypt,Af,1844,5388000.0,2.2942,1183818000.0,0.00455138,4952.0
Egypt,Af,1845,5444500.0,2.3185,1190091000.0,0.00457486,4952.5
Egypt,Af,1846,5501000.0,2.3428,1196249000.0,0.00459854,4953.1
Egypt,Af,1847,5557500.0,2.3671,1201397000.0,0.00462586,4953.6
Egypt,Af,1848,5614000.0,2.3914,1205963000.0,0.0046552,4954.0
Egypt,Af,1849,5670500.0,2.4157,1211069000.0,0.00468223,4954.5
Egypt,Af,1850,5727000.0,2.44,1216574000.0,0.00470748,4955.0
Egypt,Af,1851,5789700.0,2.4643,1218975000.0,0.00474965,4950.1
Egypt,Af,1852,5852400.0,2.4886,1221557000.0,0.00479093,4945.4
Egypt,Af,1853,5915100.0,2.5129,1224259000.0,0.00483158,4940.7
Egypt,Af,1854,5977800.0,2.5372,1226726000.0,0.00487297,4936.2
Egypt,Af,1855,6040500.0,2.5615,1228814000.0,0.00491572,4931.8
Egypt,Af,1856,6103200.0,2.5858,1231565000.0,0.00495565,4927.4
Egypt,Af,1857,6165900.0,2.6101,1234524000.0,0.00499456,4923.1
Egypt,Af,1858,6228600.0,2.6344,1237487000.0,0.00503326,4918.9
Egypt,Af,1859,6291300.0,2.6587,1240642000.0,0.005071,4914.8
Egypt,Af,1860,6354000.0,2.683,1243735000.0,0.00510881,4910.8
Egypt,Af,1861,6423500.0,2.7072,1247652000.0,0.00514847,4901.5
Egypt,Af,1862,6493000.0,2.7314,1250707000.0,0.00519146,4892.4
Egypt,Af,1863,6562500.0,2.7556,1254013000.0,0.0052332,4883.4
Egypt,Af,1864,6632000.0,2.7798,1257290000.0,0.00527484,4874.7
Egypt,Af,1865,6701500.0,2.804,1260601000.0,0.00531612,4866.2
Egypt,Af,1866,6771000.0,2.8282,1263629000.0,0.00535838,4857.8
Egypt,Af,1867,6840500.0,2.8524,1266809000.0,0.00539979,4849.6
Egypt,Af,1868,6910000.0,2.8766,1269858000.0,0.00544155,4841.5
Egypt,Af,1869,6979500.0,2.9008,1271405000.0,0.0054896,4833.6
Egypt,Af,1870,7049000.0,2.925,1274661000.0,0.0055301,4825.9
Egypt,Af,1871,7144100.0,2.9691,1282387000.0,0.00557094,4833.4
Egypt,Af,1872,7239200.0,3.0132,1290858000.0,0.00560805,4840.8
Egypt,Af,1873,7334300.0,3.0573,1299848000.0,0.00564243,4848.0
Egypt,Af,1874,7429400.0,3.1014,1309013000.0,0.00567557,4854.9
Egypt,Af,1875,7524500.0,3.1455,1318339000.0,0.00570756,4861.7
Egypt,Af,1876,7619600.0,3.1896,1327814000.0,0.00573845,4868.4
Egypt,Af,1877,7714700.0,3.2337,1337399000.0,0.00576844,4874.8
Egypt,Af,1878,7809800.0,3.2778,1347055000.0,0.00579768,4881.2
Egypt,Af,1879,7904900.0,3.3219000000000003,1356760000.0,0.00582631,4887.3
Egypt,Af,1880,8000000.0,3.366,1366310000.0,0.00585519,4893.3
Egypt,Af,1881,8107800.0,3.4109000000000003,1376041000.0,0.00589212,4892.7
Egypt,Af,1882,8215600.0,3.4558,1385750000.0,0.00592863,4892.0
Egypt,Af,1883,8323400.0,3.5007,1395507000.0,0.00596443,4891.4
Egypt,Af,1884,8431200.0,3.5456,1405536000.0,0.00599857,4890.8
Egypt,Af,1885,8539000.0,3.5905,1415514000.0,0.00603244,4890.2
Egypt,Af,1886,8646800.0,3.6354,1425627000.0,0.00606526,4889.6
Egypt,Af,1887,8754600.0,3.6803,1435759000.0,0.00609754,4889.1
Egypt,Af,1888,8862400.0,3.7252,1445944000.0,0.00612914,4888.5
Egypt,Af,1889,8970200.0,3.7701,1456277000.0,0.00615968,4888.0
Egypt,Af,1890,9078000.0,3.815,1466582000.0,0.0061899,4887.5
Egypt,Af,1891,9200400.0,3.8537,1477705000.0,0.00622614,4871.4
Egypt,Af,1892,9322800.0,3.8924,1488973000.0,0.00626123,4855.7
Egypt,Af,1893,9445200.0,3.9311,1500286000.0,0.0062956,4840.4
Egypt,Af,1894,9567600.0,3.9698,1511963000.0,0.00632793,4825.5
Egypt,Af,1895,9690000.0,4.0085,1523676000.0,0.00635962,4811.0
Egypt,Af,1896,9812400.0,4.0472,1535655000.0,0.00638972,4796.9
Egypt,Af,1897,9934800.0,4.0859,1547830000.0,0.00641853,4783.1
Egypt,Af,1898,10057200.0,4.1246,1560243000.0,0.00644592,4769.6
Egypt,Af,1899,10179600.0,4.1633,1572611000.0,0.00647306,4756.5
Egypt,Af,1900,10302000.0,4.202,1584867000.0,0.00650023,4743.7
Egypt,Af,1901,10441000.0,4.264,1600044000.0,0.00652545,4749.6
Egypt,Af,1902,10580000.0,4.326,1615427000.0,0.00654935,4755.3
Egypt,Af,1903,10719000.0,4.388,1630965000.0,0.00657218,4760.9
Egypt,Af,1904,10858000.0,4.45,1646581000.0,0.00659427,4766.4
Egypt,Af,1905,10997000.0,4.5120000000000005,1662453000.0,0.00661492,4771.7
Egypt,Af,1906,11136000.0,4.574,1678596000.0,0.00663412,4776.9
Egypt,Af,1907,11275000.0,4.636,1695030000.0,0.0066518,4782.0
Egypt,Af,1908,11414000.0,4.698,1711586000.0,0.00666867,4786.9
Egypt,Af,1909,11553000.0,4.76,1728501000.0,0.00668383,4791.7
Egypt,Af,1910,11692000.0,4.822,1745736000.0,0.00669746,4796.4
Egypt,Af,1911,11872200.0,4.9097,1762399000.0,0.00673639,4809.5
Egypt,Af,1912,12052400.0,4.9974,1779061000.0,0.00677459,4822.3
Egypt,Af,1913,12232600.0,5.0851,1796080000.0,0.00681072,4834.6
Egypt,Af,1914,12412800.0,5.1728,1808262000.0,0.00686449,4846.6
Egypt,Af,1915,12593000.0,5.2605,1818401000.0,0.00692532,4858.2
Egypt,Af,1916,12773200.0,5.3482,1828586000.0,0.00698529,4869.5
Egypt,Af,1917,12953400.0,5.4359,1839381000.0,0.00704226,4880.5
Egypt,Af,1918,13133600.0,5.5236,1849942000.0,0.00709947,4891.2
Egypt,Af,1919,13313800.0,5.6113,1862569000.0,0.00714808,4901.6
Egypt,Af,1920,13494000.0,5.699,1875297000.0,0.00719566,4911.8
Egypt,Af,1921,13713200.0,5.909,1886887000.0,0.00726763,5011.4
Egypt,Af,1922,13932400.0,6.119,1903926000.0,0.00731772,5107.8
Egypt,Af,1923,14151600.0,6.329,1924127000.0,0.00735482,5201.3
Egypt,Af,1924,14370800.0,6.539,1946371000.0,0.00738338,5291.9
Egypt,Af,1925,14590000.0,6.7490000000000006,1968879000.0,0.00741031,5379.8
Egypt,Af,1926,14809200.0,6.959,1991829000.0,0.00743498,5465.1
Egypt,Af,1927,15028400.0,7.1690000000000005,2014443000.0,0.00746033,5547.9
Egypt,Af,1928,15247600.0,7.379,2036576000.0,0.00748688,5628.3
Egypt,Af,1929,15466800.0,7.589,2059103000.0,0.00751143,5706.4
Egypt,Af,1930,15686000.0,7.799,2080211000.0,0.00754058,5782.4
Egypt,Af,1931,15940900.0,7.8977,2101812000.0,0.00758436,5761.9
Egypt,Af,1932,16195800.0,7.9964,2121508000.0,0.0076341,5742.1
Egypt,Af,1933,16450700.0,8.0951,2140973000.0,0.00768375,5722.9
Egypt,Af,1934,16705599.999999998,8.1938,2161152000.0,0.00772995,5704.3
Egypt,Af,1935,16960500.0,8.2925,2181702000.0,0.00777398,5686.3
Egypt,Af,1936,17215400.0,8.3912,2203365000.0,0.00781323,5668.7
Egypt,Af,1937,17470300.0,8.4899,2226159000.0,0.00784773,5651.7
Egypt,Af,1938,17725200.0,8.5886,2250491000.0,0.00787615,5635.2
Egypt,Af,1939,17980100.0,8.6873,2275307000.0,0.00790227,5619.2
Egypt,Af,1940,18235000.0,8.786,2296743000.0,0.0079395,5603.6
Egypt,Af,1941,18531300.0,9.1662,2313071000.0,0.00801156,5752.6
Egypt,Af,1942,18827600.0,9.5464,2331578000.0,0.00807505,5896.9
Egypt,Af,1943,19123900.0,9.9266,2350140000.0,0.00813735,6036.8
Egypt,Af,1944,19420200.0,10.3068,2368872000.0,0.00819808,6172.3
Egypt,Af,1945,19716500.0,10.687,2394093000.0,0.00823548,6303.8
Egypt,Af,1946,20012800.0,11.0672,2419526000.0,0.00827137,6431.5
Egypt,Af,1947,20309100.0,11.4474,2446628000.0,0.00830085,6555.4
Egypt,Af,1948,20605400.0,11.8276,2473860000.0,0.00832925,6675.7
Egypt,Af,1949,20901700.0,12.2078,2501856000.0,0.00835448,6792.6
Egypt,Af,1950,21198000.0,12.588,2529794000.0,0.00837934,6906.2
Egypt,Af,1951,21762900.0,12.9142,2577776000.0,0.00844251,6901.3
Egypt,Af,1952,22327800.0,13.2404,2624866000.0,0.00850626,6896.6
Egypt,Af,1953,22892700.0,13.5666,2671465000.0,0.00856934,6892.1
Egypt,Af,1954,23457600.0,13.8928,2718563000.0,0.00862868,6887.9
Egypt,Af,1955,24022500.0,14.219,2766430000.0,0.00868357,6883.8
Egypt,Af,1956,24587400.0,14.5452,2815461000.0,0.00873299,6880.0
Egypt,Af,1957,25152300.0,14.8714,2866148000.0,0.00877565,6876.3
Egypt,Af,1958,25717200.0,15.1976,2918168000.0,0.00881279,6872.8
Egypt,Af,1959,26282100.0,15.5238,2971839000.0,0.00884372,6869.4
Egypt,Af,1960,26847000.0,15.85,3027112000.0,0.00886885,6866.1
Egypt,Af,1961,27519700.0,16.0602,3084358000.0,0.00892234,6787.1
Egypt,Af,1962,28192400.0,16.2704,3143380000.0,0.00896882,6711.9
Egypt,Af,1963,28865100.0,16.4806,3204489000.0,0.00900771,6640.2
Egypt,Af,1964,29537800.0,16.6908,3268074000.0,0.00903829,6571.7
Egypt,Af,1965,30210500.0,16.901,3334092000.0,0.00906109,6506.3
Egypt,Af,1966,30883200.0,17.1112,3402738000.0,0.00907599,6443.7
Egypt,Af,1967,31555900.0,17.3214,3473827000.0,0.0090839,6383.8
Egypt,Af,1968,32228600.0,17.5316,3546719000.0,0.00908688,6326.4
Egypt,Af,1969,32901300.000000004,17.7418,3620809000.0,0.00908673,6271.4
Egypt,Af,1970,33574000.0,17.952,3695944000.0,0.00908401,6218.6
Egypt,Af,1971,34480000.0,19.0777,3771809000.0,0.0091415,6434.9
Egypt,Af,1972,35386000.0,20.2034,3847786000.0,0.00919646,6640.1
Egypt,Af,1973,36292000.0,21.3291,3923766000.0,0.00924928,6835.0
Egypt,Af,1974,37198000.0,22.4548,3999654000.0,0.0093003,7020.5
Egypt,Af,1975,38104000.0,23.5805,4075437000.0,0.00934967,7197.2
Egypt,Af,1976,39010000.0,24.7062,4150660000.0,0.00939851,7365.6
Egypt,Af,1977,39916000.0,25.8319,4225672000.0,0.00944607,7526.4
Egypt,Af,1978,40822000.0,26.9576,4301501000.0,0.00949018,7680.1
Egypt,Af,1979,41728000.0,28.0833,4378004000.0,0.00953128,7827.1
Egypt,Af,1980,42634000.0,29.209,4456394000.0,0.00956693,7967.8
Egypt,Af,1981,44040000.0,31.0516,4535942000.0,0.00970912,8200.0
Egypt,Af,1982,45446000.0,32.8942,4616948000.0,0.0098433,8417.9
Egypt,Af,1983,46852000.0,34.7368,4699604000.0,0.00996935,8622.7
Egypt,Af,1984,48258000.0,36.5794,4784334000.0,0.01008667,8815.5
Egypt,Af,1985,49664000.0,38.422,4871434000.0,0.01019494,8997.4
Egypt,Af,1986,51070000.0,40.2646,4961120000.0,0.01029405,9169.3
Egypt,Af,1987,52476000.0,42.1072,5052960000.0,0.0103852,9332.0
Egypt,Af,1988,53882000.0,43.9498,5145733000.0,0.0104712,9486.2
Egypt,Af,1989,55288000.0,45.7924,5237968000.0,0.01055524,9632.6
Egypt,Af,1990,56694000.0,47.635,5328602000.0,0.01063956,9771.7
Egypt,Af,1991,58015200.0,49.4295,5417317000.0,0.01070921,9908.9
Egypt,Af,1992,59336400.0,51.224,5503880000.0,0.01078083,10040.0
Egypt,Af,1993,60657600.0,53.0185,5588359000.0,0.01085428,10165.3
Egypt,Af,1994,61978800.0,54.813,5671048000.0,0.01092899,10285.4
Egypt,Af,1995,63300000.0,56.6075,5752408000.0,0.01100409,10400.4
Egypt,Af,1996,64621200.0,58.402,5832484000.0,0.01107953,10510.7
Egypt,Af,1997,65942399.99999999,60.1965,5911415000.0,0.0111551,10616.6
Egypt,Af,1998,67263600.0,61.991,5989470000.0,0.01123031,10718.4
Egypt,Af,1999,68584800.0,63.7855,6067325000.0,0.01130396,10816.2
Egypt,Af,2000,69906000.0,65.58,6145394000.0,0.01137535,10910.3
Egypt,Af,2001,71326200.0,68.8516,6223661000.0,0.01146049,11226.5
Egypt,Af,2002,72746400.0,72.1232,6302453000.0,0.01154255,11530.4
Egypt,Af,2003,74166600.0,75.3948,6381858000.0,0.01162147,11822.6
Egypt,Af,2004,75586800.0,78.6664,6461988000.0,0.01169714,12103.8
Egypt,Af,2005,77007000.0,81.938,6542867000.0,0.01176961,12374.7
Egypt,Af,2006,78427200.0,85.2096,6624538000.0,0.01183889,12635.8
Egypt,Af,2007,79847400.0,88.4812,6707018000.0,0.01190505,12887.5
Egypt,Af,2008,81267600.0,91.7528,6790025000.0,0.01196867,13130.5
Egypt,Af,2009,82687800.0,95.0244,6874725000.0,0.0120278,13365.1
Egypt,Af,2010,84108000.0,98.296,6959421000.0,0.01208549,13591.8
Egypt,Af,2011,85930600.0,99.5617,7044266000.0,0.01219866,13474.9
Egypt,Af,2012,87753200.0,100.8274,7129609000.0,0.01230828,13362.7
Egypt,Af,2013,89575800.0,102.0931,7215047000.0,0.01241514,13255.2
Egypt,Af,2014,91398400.0,103.3588,7300248000.0,0.0125199,13151.9
Egypt,Af,2015,93221000.0,104.6245,7384880000.0,0.01262322,13052.7
Egypt,Af,2016,95043600.0,105.8902,7469068000.0,0.01272496,12957.2
Egypt,Af,2017,96866200.0,107.1559,7550393000.0,0.01282929,12865.4
Egypt,Af,2018,98688800.0,108.4216,7632955000.0,0.0129293,12777.0
Egypt,Af,2019,100511400.0,109.6873,7714577000.0,0.01302876,12691.7
Egypt,Af,2020,102334000.0,110.953,7795482000.0,0.01312735,12609.5
El Salvador,LA,1820,248000.0,0.092,1047270000.0,0.00023681,4314.4
El Salvador,LA,1821,251400.0,0.0933,1052728000.0,0.00023881,4316.1
El Salvador,LA,1822,254800.0,0.0946,1058224000.0,0.00024078,4317.9
El Salvador,LA,1823,258200.0,0.0959,1063824000.0,0.00024271,4319.6
El Salvador,LA,1824,261600.00000000003,0.0972,1069477000.0,0.00024461,4321.2
El Salvador,LA,1825,265000.0,0.0985,1075142000.0,0.00024648,4322.8
El Salvador,LA,1826,268400.0,0.0998,1080733000.0,0.00024835,4324.4
El Salvador,LA,1827,271800.0,0.1011,1086318000.0,0.0002502,4325.9
El Salvador,LA,1828,275200.0,0.1023999999999999,1091853000.0,0.00025205,4327.4
El Salvador,LA,1829,278600.0,0.1037,1097270000.0,0.0002539,4328.9
El Salvador,LA,1830,282000.0,0.105,1102518000.0,0.00025578,4330.3
El Salvador,LA,1831,285900.0,0.1065,1108061000.0,0.00025802,4332.3
El Salvador,LA,1832,289800.0,0.108,1113520000.0,0.00026026,4334.2
El Salvador,LA,1833,293700.0,0.1095,1119039000.0,0.00026246,4336.0
El Salvador,LA,1834,297600.0,0.111,1124554000.0,0.00026464,4337.8
El Salvador,LA,1835,301500.0,0.1124999999999999,1130361000.0,0.00026673,4339.6
El Salvador,LA,1836,305400.0,0.1139999999999999,1136068000.0,0.00026882,4341.3
El Salvador,LA,1837,309300.0,0.1154999999999999,1141817000.0,0.00027088,4342.9
El Salvador,LA,1838,313200.0,0.1169999999999999,1147560000.0,0.00027293,4344.5
El Salvador,LA,1839,317100.0,0.1185,1153428000.0,0.00027492,4346.1
El Salvador,LA,1840,321000.0,0.12,1159310000.0,0.00027689,4347.7
El Salvador,LA,1841,325500.0,0.122,1165435000.0,0.00027929,4359.0
El Salvador,LA,1842,330000.0,0.124,1171545000.0,0.00028168,4370.1
El Salvador,LA,1843,334500.0,0.126,1177631000.0,0.00028404,4380.8
El Salvador,LA,1844,339000.0,0.128,1183818000.0,0.00028636,4391.3
El Salvador,LA,1845,343500.0,0.13,1190091000.0,0.00028863,4401.5
El Salvador,LA,1846,348000.0,0.132,1196249000.0,0.00029091,4411.4
El Salvador,LA,1847,352500.0,0.134,1201397000.0,0.00029341,4421.0
El Salvador,LA,1848,357000.0,0.136,1205963000.0,0.00029603,4430.5
El Salvador,LA,1849,361500.0,0.138,1211069000.0,0.0002985,4439.7
El Salvador,LA,1850,366000.0,0.14,1216574000.0,0.00030084,4448.6
El Salvador,LA,1851,371800.0,0.1431,1218975000.0,0.00030501,4476.2
El Salvador,LA,1852,377600.0,0.1462,1221557000.0,0.00030911,4502.9
El Salvador,LA,1853,383400.0,0.1493,1224259000.0,0.00031317,4528.8
El Salvador,LA,1854,389200.0,0.1524,1226726000.0,0.00031727,4554.0
El Salvador,LA,1855,395000.0,0.1555,1228814000.0,0.00032145,4578.4
El Salvador,LA,1856,400800.0,0.1586,1231565000.0,0.00032544,4602.1
El Salvador,LA,1857,406600.0,0.1617,1234524000.0,0.00032936,4625.1
El Salvador,LA,1858,412400.0,0.1648,1237487000.0,0.00033326,4647.5
El Salvador,LA,1859,418200.0,0.1679,1240642000.0,0.00033708,4669.2
El Salvador,LA,1860,424000.0,0.171,1243735000.0,0.00034091,4690.4
El Salvador,LA,1861,430800.0,0.1708,1247652000.0,0.00034529,4611.0
El Salvador,LA,1862,437600.0,0.1706,1250707000.0,0.00034988,4534.0
El Salvador,LA,1863,444400.0,0.1704,1254013000.0,0.00035438,4459.4
El Salvador,LA,1864,451200.0,0.1702,1257290000.0,0.00035887,4387.0
El Salvador,LA,1865,458000.0,0.17,1260601000.0,0.00036332,4316.8
El Salvador,LA,1866,464800.0,0.1698,1263629000.0,0.00036783,4248.7
El Salvador,LA,1867,471600.0,0.1696,1266809000.0,0.00037227,4182.5
El Salvador,LA,1868,478400.0,0.1694,1269858000.0,0.00037674,4118.1
El Salvador,LA,1869,485200.0,0.1692,1271405000.0,0.00038163,4055.6
El Salvador,LA,1870,492000.0,0.169,1274661000.0,0.00038598,3994.9
El Salvador,LA,1871,504000.0,0.1715,1282387000.0,0.00039302,3957.4
El Salvador,LA,1872,516000.0,0.174,1290858000.0,0.00039973,3921.7
El Salvador,LA,1873,528000.0,0.1765,1299848000.0,0.0004062,3887.7
El Salvador,LA,1874,540000.0,0.179,1309013000.0,0.00041252,3855.1
El Salvador,LA,1875,552000.0,0.1815,1318339000.0,0.00041871,3824.0
El Salvador,LA,1876,564000.0,0.184,1327814000.0,0.00042476,3794.2
El Salvador,LA,1877,576000.0,0.1865,1337399000.0,0.00043069,3765.6
El Salvador,LA,1878,588000.0,0.189,1347055000.0,0.00043651,3738.2
El Salvador,LA,1879,600000.0,0.1915,1356760000.0,0.00044223,3711.9
El Salvador,LA,1880,612000.0,0.194,1366310000.0,0.00044792,3686.6
El Salvador,LA,1881,626900.0,0.1989,1376041000.0,0.00045558,3689.9
El Salvador,LA,1882,641800.0,0.2038,1385750000.0,0.00046314,3693.0
El Salvador,LA,1883,656700.0,0.2087,1395507000.0,0.00047058,3696.0
El Salvador,LA,1884,671600.0,0.2136,1405536000.0,0.00047782,3698.9
El Salvador,LA,1885,686500.0,0.2185,1415514000.0,0.00048498,3701.6
El Salvador,LA,1886,701400.0,0.2234,1425627000.0,0.00049199,3704.2
El Salvador,LA,1887,716300.0,0.2283,1435759000.0,0.0004989,3706.7
El Salvador,LA,1888,731200.0,0.2332,1445944000.0,0.00050569,3709.1
El Salvador,LA,1889,746100.0,0.2381,1456277000.0,0.00051233,3711.4
El Salvador,LA,1890,761000.0,0.243,1466582000.0,0.00051889,3713.7
El Salvador,LA,1891,779500.0,0.2511,1477705000.0,0.00052751,3746.4
El Salvador,LA,1892,798000.0,0.2592,1488973000.0,0.00053594,3777.6
El Salvador,LA,1893,816500.0,0.2673,1500286000.0,0.00054423,3807.3
El Salvador,LA,1894,835000.0,0.2754,1511963000.0,0.00055226,3835.8
El Salvador,LA,1895,853500.0,0.2835,1523676000.0,0.00056016,3863.0
El Salvador,LA,1896,872000.0,0.2915999999999999,1535655000.0,0.00056784,3889.1
El Salvador,LA,1897,890500.0,0.2997,1547830000.0,0.00057532,3914.1
El Salvador,LA,1898,909000.0,0.3078,1560243000.0,0.0005826,3938.1
El Salvador,LA,1899,927500.0,0.3159,1572611000.0,0.00058978,3961.1
El Salvador,LA,1900,946000.0,0.324,1584867000.0,0.0005969,3983.2
El Salvador,LA,1901,968500.0,0.3402,1600044000.0,0.0006053,4085.2
El Salvador,LA,1902,991000.0,0.3564,1615427000.0,0.00061346,4182.6
El Salvador,LA,1903,1013500.0,0.3726,1630965000.0,0.00062141,4275.6
El Salvador,LA,1904,1036000.0,0.3888,1646581000.0,0.00062918,4364.6
El Salvador,LA,1905,1058500.0,0.405,1662453000.0,0.00063671,4449.8
El Salvador,LA,1906,1081000.0,0.4212,1678596000.0,0.00064399,4531.5
El Salvador,LA,1907,1103500.0,0.4374,1695030000.0,0.00065102,4609.8
El Salvador,LA,1908,1126000.0,0.4536,1711586000.0,0.00065787,4685.1
El Salvador,LA,1909,1148500.0,0.4698,1728501000.0,0.00066445,4757.3
El Salvador,LA,1910,1171000.0,0.486,1745736000.0,0.00067078,4826.8
El Salvador,LA,1911,1192300.0,0.4952999999999999,1762399000.0,0.00067652,4831.3
El Salvador,LA,1912,1213600.0,0.5045999999999999,1779061000.0,0.00068216,4835.6
El Salvador,LA,1913,1234900.0,0.5139,1796080000.0,0.00068755,4839.8
El Salvador,LA,1914,1256200.0,0.5232,1808262000.0,0.0006947,4843.8
El Salvador,LA,1915,1277500.0,0.5325,1818401000.0,0.00070254,4847.7
El Salvador,LA,1916,1298800.0,0.5418,1828586000.0,0.00071028,4851.5
El Salvador,LA,1917,1320100.0,0.5510999999999999,1839381000.0,0.00071769,4855.2
El Salvador,LA,1918,1341400.0,0.5604,1849942000.0,0.0007251,4858.7
El Salvador,LA,1919,1362700.0,0.5697,1862569000.0,0.00073162,4862.1
El Salvador,LA,1920,1384000.0,0.579,1875297000.0,0.00073802,4865.4
El Salvador,LA,1921,1415900.0,0.596,1886887000.0,0.00075039,4895.5
El Salvador,LA,1922,1447800.0,0.613,1903926000.0,0.00076043,4924.2
El Salvador,LA,1923,1479700.0,0.63,1924127000.0,0.00076902,4951.6
El Salvador,LA,1924,1511600.0,0.647,1946371000.0,0.00077662,4977.9
El Salvador,LA,1925,1543500.0,0.6639999999999999,1968879000.0,0.00078395,5003.1
El Salvador,LA,1926,1575400.0,0.681,1991829000.0,0.00079093,5027.3
El Salvador,LA,1927,1607300.0,0.698,2014443000.0,0.00079789,5050.5
El Salvador,LA,1928,1639200.0,0.715,2036576000.0,0.00080488,5072.9
El Salvador,LA,1929,1671100.0,0.732,2059103000.0,0.00081157,5094.3
El Salvador,LA,1930,1703000.0,0.749,2080211000.0,0.00081867,5115.0
El Salvador,LA,1931,1725500.0,0.7554,2101812000.0,0.00082096,5091.5
El Salvador,LA,1932,1748000.0,0.7618,2121508000.0,0.00082394,5068.5
El Salvador,LA,1933,1770500.0,0.7682,2140973000.0,0.00082696,5046.1
El Salvador,LA,1934,1793000.0,0.7746,2161152000.0,0.00082965,5024.3
El Salvador,LA,1935,1815500.0,0.7809999999999999,2181702000.0,0.00083215,5003.0
El Salvador,LA,1936,1838000.0,0.7874,2203365000.0,0.00083418,4982.3
El Salvador,LA,1937,1860500.0,0.7938,2226159000.0,0.00083574,4962.0
El Salvador,LA,1938,1883000.0,0.8001999999999999,2250491000.0,0.00083671,4942.3
El Salvador,LA,1939,1905500.0,0.8066,2275307000.0,0.00083747,4923.0
El Salvador,LA,1940,1928000.0,0.813,2296743000.0,0.00083945,4904.1
El Salvador,LA,1941,1955200.0,0.8241999999999999,2313071000.0,0.00084528,4902.5
El Salvador,LA,1942,1982400.0,0.8353999999999999,2331578000.0,0.00085024,4901.0
El Salvador,LA,1943,2009600.0,0.8466,2350140000.0,0.0008551,4899.5
El Salvador,LA,1944,2036800.0,0.8578,2368872000.0,0.00085982,4898.0
El Salvador,LA,1945,2064000.0,0.869,2394093000.0,0.00086212,4896.5
El Salvador,LA,1946,2091199.9999999998,0.8802,2419526000.0,0.0008643,4895.1
El Salvador,LA,1947,2118400.0,0.8914,2446628000.0,0.00086584,4893.8
El Salvador,LA,1948,2145600.0,0.9026,2473860000.0,0.00086731,4892.4
El Salvador,LA,1949,2172800.0,0.9138,2501856000.0,0.00086848,4891.2
El Salvador,LA,1950,2200000.0,0.925,2529794000.0,0.00086964,4889.9
El Salvador,LA,1951,2257300.0,0.9484,2577776000.0,0.00087568,4886.3
El Salvador,LA,1952,2314600.0,0.9718,2624866000.0,0.0008818,4882.9
El Salvador,LA,1953,2371900.0,0.9952,2671465000.0,0.00088786,4879.7
El Salvador,LA,1954,2429200.0,1.0186,2718563000.0,0.00089356,4876.6
El Salvador,LA,1955,2486500.0,1.042,2766430000.0,0.00089881,4873.7
El Salvador,LA,1956,2543800.0,1.0654,2815461000.0,0.00090351,4870.9
El Salvador,LA,1957,2601100.0,1.0888,2866148000.0,0.00090752,4868.2
El Salvador,LA,1958,2658400.0,1.1122,2918168000.0,0.00091098,4865.7
El Salvador,LA,1959,2715700.0,1.1356,2971839000.0,0.00091381,4863.2
El Salvador,LA,1960,2773000.0,1.159,3027112000.0,0.00091605,4860.9
El Salvador,LA,1961,2869700.0,1.1826,3084358000.0,0.0009304,4792.7
El Salvador,LA,1962,2966400.0,1.2062,3143380000.0,0.0009437,4729.0
El Salvador,LA,1963,3063100.0,1.2298,3204489000.0,0.00095588,4669.3
El Salvador,LA,1964,3159800.0,1.2534,3268074000.0,0.00096687,4613.3
El Salvador,LA,1965,3256500.0,1.277,3334092000.0,0.00097673,4560.6
El Salvador,LA,1966,3353200.0,1.3006,3402738000.0,0.00098544,4510.9
El Salvador,LA,1967,3449900.0,1.3242,3473827000.0,0.00099311,4464.0
El Salvador,LA,1968,3546600.0,1.3478,3546719000.0,0.00099997,4419.7
El Salvador,LA,1969,3643300.0,1.3714,3620809000.0,0.00100621,4377.7
El Salvador,LA,1970,3740000.0,1.395,3695944000.0,0.00101192,4337.9
El Salvador,LA,1971,3832000.0,1.4501,3771809000.0,0.00101596,4401.0
El Salvador,LA,1972,3924000.0,1.5052,3847786000.0,0.00101981,4461.1
El Salvador,LA,1973,4016000.0,1.5603,3923766000.0,0.00102351,4518.5
El Salvador,LA,1974,4108000.0,1.6154,3999654000.0,0.00102709,4573.3
El Salvador,LA,1975,4200000.0,1.6705,4075437000.0,0.00103056,4625.7
El Salvador,LA,1976,4292000.0,1.7256,4150660000.0,0.00103405,4675.8
El Salvador,LA,1977,4384000.0,1.7807,4225672000.0,0.00103747,4723.9
El Salvador,LA,1978,4476000.0,1.8358,4301501000.0,0.00104057,4770.0
El Salvador,LA,1979,4568000.0,1.8909,4378004000.0,0.0010434,4814.2
El Salvador,LA,1980,4660000.0,1.946,4456394000.0,0.00104569,4856.6
El Salvador,LA,1981,4726600.0,1.9577,4535942000.0,0.00104203,4817.0
El Salvador,LA,1982,4793200.0,1.9694,4616948000.0,0.00103818,4778.5
El Salvador,LA,1983,4859800.0,1.9811,4699604000.0,0.00103409,4741.0
El Salvador,LA,1984,4926400.0,1.9928,4784334000.0,0.00102969,4704.5
El Salvador,LA,1985,4993000.0,2.0045,4871434000.0,0.00102495,4669.0
El Salvador,LA,1986,5059600.0,2.0162,4961120000.0,0.00101985,4634.4
El Salvador,LA,1987,5126200.0,2.0279000000000003,5052960000.0,0.00101449,4600.8
El Salvador,LA,1988,5192800.0,2.0396,5145733000.0,0.00100915,4568.0
El Salvador,LA,1989,5259400.0,2.0513000000000003,5237968000.0,0.00100409,4536.0
El Salvador,LA,1990,5326000.0,2.063,5328602000.0,0.00099951,4504.8
El Salvador,LA,1991,5387600.0,2.1947,5417317000.0,0.00099451,4737.6
El Salvador,LA,1992,5449200.0,2.3264,5503880000.0,0.00099007,4965.1
El Salvador,LA,1993,5510800.0,2.4581,5588359000.0,0.00098612,5187.6
El Salvador,LA,1994,5572400.0,2.5898000000000003,5671048000.0,0.0009826,5405.1
El Salvador,LA,1995,5634000.0,2.7215,5752408000.0,0.00097942,5617.9
El Salvador,LA,1996,5695600.0,2.8532,5832484000.0,0.00097653,5826.0
El Salvador,LA,1997,5757200.0,2.9849,5911415000.0,0.00097391,6029.7
El Salvador,LA,1998,5818800.0,3.1166,5989470000.0,0.0009715,6229.1
El Salvador,LA,1999,5880400.0,3.2483,6067325000.0,0.00096919,6424.3
El Salvador,LA,2000,5942000.0,3.38,6145394000.0,0.0009669,6615.5
El Salvador,LA,2001,5967000.0,3.4478,6223661000.0,0.00095876,6719.9
El Salvador,LA,2002,5992000.0,3.5156,6302453000.0,0.00095074,6823.5
El Salvador,LA,2003,6017000.0,3.5834,6381858000.0,0.00094283,6926.2
El Salvador,LA,2004,6042000.0,3.6512,6461988000.0,0.00093501,7028.0
El Salvador,LA,2005,6067000.0,3.719,6542867000.0,0.00092727,7129.1
El Salvador,LA,2006,6092000.0,3.7868,6624538000.0,0.00091961,7229.2
El Salvador,LA,2007,6117000.0,3.8546,6707018000.0,0.00091203,7328.6
El Salvador,LA,2008,6142000.0,3.9224,6790025000.0,0.00090456,7427.1
El Salvador,LA,2009,6167000.0,3.9902,6874725000.0,0.00089705,7524.9
El Salvador,LA,2010,6192000.0,4.058,6959421000.0,0.00088973,7621.9
El Salvador,LA,2011,6221400.0,4.0899,7044266000.0,0.00088319,7645.5
El Salvador,LA,2012,6250800.0,4.1218,7129609000.0,0.00087674,7668.9
El Salvador,LA,2013,6280200.0,4.1537,7215047000.0,0.00087043,7692.0
El Salvador,LA,2014,6309600.0,4.1856,7300248000.0,0.0008643,7715.0
El Salvador,LA,2015,6339000.0,4.217499999999999,7384880000.0,0.00085838,7737.7
El Salvador,LA,2016,6368400.0,4.2494,7469068000.0,0.00085264,7760.3
El Salvador,LA,2017,6397800.0,4.2813,7550393000.0,0.00084735,7782.6
El Salvador,LA,2018,6427200.0,4.3132,7632955000.0,0.00084203,7804.7
El Salvador,LA,2019,6456600.0,4.3451,7714577000.0,0.00083694,7826.6
El Salvador,LA,2020,6486000.0,4.377,7795482000.0,0.00083202,7848.4
Eritrea & Ethiopia,Af,1820,3154000.0,1.339,1047270000.0,0.00301164,4937.4
Eritrea & Ethiopia,Af,1821,3204300.0,1.3606,1052728000.0,0.00304381,4938.3
Eritrea & Ethiopia,Af,1822,3254600.0,1.3822,1058224000.0,0.00307553,4939.2
Eritrea & Ethiopia,Af,1823,3304900.0,1.4038,1063824000.0,0.00310662,4940.0
Eritrea & Ethiopia,Af,1824,3355200.0,1.4254,1069477000.0,0.00313723,4940.8
Eritrea & Ethiopia,Af,1825,3405500.0,1.447,1075142000.0,0.00316749,4941.6
Eritrea & Ethiopia,Af,1826,3455800.0,1.4686,1080733000.0,0.00319764,4942.4
Eritrea & Ethiopia,Af,1827,3506100.0,1.4902,1086318000.0,0.00322751,4943.1
Eritrea & Ethiopia,Af,1828,3556400.0,1.5118,1091853000.0,0.00325722,4943.8
Eritrea & Ethiopia,Af,1829,3606700.0,1.5334,1097270000.0,0.00328698,4944.5
Eritrea & Ethiopia,Af,1830,3657000.0,1.555,1102518000.0,0.00331695,4945.2
Eritrea & Ethiopia,Af,1831,3715300.0,1.5799,1108061000.0,0.00335297,4945.6
Eritrea & Ethiopia,Af,1832,3773600.0,1.6048,1113520000.0,0.00338889,4945.9
Eritrea & Ethiopia,Af,1833,3831900.0,1.6297,1119039000.0,0.00342428,4946.2
Eritrea & Ethiopia,Af,1834,3890200.0,1.6546,1124554000.0,0.00345933,4946.5
Eritrea & Ethiopia,Af,1835,3948500.0,1.6795,1130361000.0,0.00349313,4946.8
Eritrea & Ethiopia,Af,1836,4006800.0,1.7044,1136068000.0,0.0035269,4947.1
Eritrea & Ethiopia,Af,1837,4065100.0,1.7293,1141817000.0,0.0035602,4947.4
Eritrea & Ethiopia,Af,1838,4123399.9999999995,1.7542,1147560000.0,0.00359319,4947.7
Eritrea & Ethiopia,Af,1839,4181700.0,1.7791,1153428000.0,0.00362545,4948.0
Eritrea & Ethiopia,Af,1840,4240000.0,1.804,1159310000.0,0.00365735,4948.2
Eritrea & Ethiopia,Af,1841,4307600.0,1.833,1165435000.0,0.00369613,4948.9
Eritrea & Ethiopia,Af,1842,4375200.0,1.862,1171545000.0,0.00373456,4949.5
Eritrea & Ethiopia,Af,1843,4442800.0,1.891,1177631000.0,0.00377266,4950.1
Eritrea & Ethiopia,Af,1844,4510400.0,1.92,1183818000.0,0.00381005,4950.7
Eritrea & Ethiopia,Af,1845,4578000.0,1.949,1190091000.0,0.00384676,4951.3
Eritrea & Ethiopia,Af,1846,4645600.0,1.978,1196249000.0,0.00388347,4951.8
Eritrea & Ethiopia,Af,1847,4713200.0,2.007,1201397000.0,0.0039231,4952.3
Eritrea & Ethiopia,Af,1848,4780800.0,2.036,1205963000.0,0.0039643,4952.9
Eritrea & Ethiopia,Af,1849,4848400.0,2.065,1211069000.0,0.00400341,4953.4
Eritrea & Ethiopia,Af,1850,4916000.0,2.094,1216574000.0,0.00404086,4953.9
Eritrea & Ethiopia,Af,1851,4994300.0,2.1252,1218975000.0,0.00409713,4948.9
Eritrea & Ethiopia,Af,1852,5072600.0,2.1564,1221557000.0,0.00415257,4944.0
Eritrea & Ethiopia,Af,1853,5150900.0,2.1876,1224259000.0,0.00420736,4939.3
Eritrea & Ethiopia,Af,1854,5229200.0,2.2188,1226726000.0,0.00426273,4934.7
Eritrea & Ethiopia,Af,1855,5307500.0,2.25,1228814000.0,0.00431921,4930.3
Eritrea & Ethiopia,Af,1856,5385800.0,2.2812,1231565000.0,0.00437313,4926.0
Eritrea & Ethiopia,Af,1857,5464100.0,2.3124,1234524000.0,0.00442608,4921.8
Eritrea & Ethiopia,Af,1858,5542400.0,2.3436,1237487000.0,0.00447875,4917.7
Eritrea & Ethiopia,Af,1859,5620700.0,2.3748,1240642000.0,0.00453048,4913.8
Eritrea & Ethiopia,Af,1860,5699000.0,2.406,1243735000.0,0.00458217,4909.9
Eritrea & Ethiopia,Af,1861,5789900.0,2.4396,1247652000.0,0.00464064,4900.4
Eritrea & Ethiopia,Af,1862,5880800.0,2.4732000000000003,1250707000.0,0.00470198,4891.1
Eritrea & Ethiopia,Af,1863,5971700.0,2.5068,1254013000.0,0.00476207,4882.0
Eritrea & Ethiopia,Af,1864,6062600.0,2.5404,1257290000.0,0.00482196,4873.3
Eritrea & Ethiopia,Af,1865,6153500.0,2.574,1260601000.0,0.0048814,4864.8
Eritrea & Ethiopia,Af,1866,6244400.0,2.6076,1263629000.0,0.00494164,4856.6
Eritrea & Ethiopia,Af,1867,6335300.0,2.6412,1266809000.0,0.00500099,4848.6
Eritrea & Ethiopia,Af,1868,6426200.0,2.6748,1269858000.0,0.00506057,4840.8
Eritrea & Ethiopia,Af,1869,6517100.0,2.7084,1271405000.0,0.0051259,4833.2
Eritrea & Ethiopia,Af,1870,6608000.0,2.742,1274661000.0,0.00518412,4825.9
Eritrea & Ethiopia,Af,1871,6713300.0,2.7902,1282387000.0,0.005235,4833.7
Eritrea & Ethiopia,Af,1872,6818600.0,2.8384,1290858000.0,0.00528222,4841.3
Eritrea & Ethiopia,Af,1873,6923900.0,2.8866,1299848000.0,0.0053267,4848.6
Eritrea & Ethiopia,Af,1874,7029200.0,2.9348,1309013000.0,0.00536985,4855.7
Eritrea & Ethiopia,Af,1875,7134500.0,2.983,1318339000.0,0.00541173,4862.6
Eritrea & Ethiopia,Af,1876,7239800.0,3.0312,1327814000.0,0.00545242,4869.3
Eritrea & Ethiopia,Af,1877,7345100.0,3.0794,1337399000.0,0.00549208,4875.8
Eritrea & Ethiopia,Af,1878,7450400.0,3.1276,1347055000.0,0.00553088,4882.2
Eritrea & Ethiopia,Af,1879,7555700.0,3.1758,1356760000.0,0.00556893,4888.3
Eritrea & Ethiopia,Af,1880,7661000.0,3.224,1366310000.0,0.00560707,4894.3
Eritrea & Ethiopia,Af,1881,7783100.0,3.2748000000000004,1376041000.0,0.00565615,4893.4
Eritrea & Ethiopia,Af,1882,7905200.0,3.3256,1385750000.0,0.00570464,4892.6
Eritrea & Ethiopia,Af,1883,8027300.0,3.3764000000000003,1395507000.0,0.00575225,4891.7
Eritrea & Ethiopia,Af,1884,8149400.0,3.4272,1405536000.0,0.00579807,4891.0
Eritrea & Ethiopia,Af,1885,8271500.0,3.478,1415514000.0,0.00584346,4890.2
Eritrea & Ethiopia,Af,1886,8393600.0,3.5288000000000004,1425627000.0,0.00588766,4889.4
Eritrea & Ethiopia,Af,1887,8515700.0,3.5796,1435759000.0,0.00593115,4888.7
Eritrea & Ethiopia,Af,1888,8637800.0,3.6304,1445944000.0,0.00597381,4888.0
Eritrea & Ethiopia,Af,1889,8759900.0,3.6812,1456277000.0,0.00601527,4887.3
Eritrea & Ethiopia,Af,1890,8882000.0,3.732,1466582000.0,0.00605626,4886.6
Eritrea & Ethiopia,Af,1891,9023600.0,3.7788,1477705000.0,0.0061065,4870.3
Eritrea & Ethiopia,Af,1892,9165200.0,3.8256,1488973000.0,0.00615538,4854.4
Eritrea & Ethiopia,Af,1893,9306800.0,3.8724,1500286000.0,0.00620335,4839.0
Eritrea & Ethiopia,Af,1894,9448400.0,3.9192,1511963000.0,0.00624909,4824.1
Eritrea & Ethiopia,Af,1895,9590000.0,3.966,1523676000.0,0.00629399,4809.7
Eritrea & Ethiopia,Af,1896,9731600.0,4.0128,1535655000.0,0.0063371,4795.6
Eritrea & Ethiopia,Af,1897,9873200.0,4.0596000000000005,1547830000.0,0.00637874,4781.9
Eritrea & Ethiopia,Af,1898,10014800.0,4.1064,1560243000.0,0.00641874,4768.7
Eritrea & Ethiopia,Af,1899,10156400.0,4.1532,1572611000.0,0.0064583,4755.8
Eritrea & Ethiopia,Af,1900,10298000.0,4.2,1584867000.0,0.00649771,4743.3
Eritrea & Ethiopia,Af,1901,10462200.0,4.2724,1600044000.0,0.0065387,4749.3
Eritrea & Ethiopia,Af,1902,10626400.0,4.3448,1615427000.0,0.00657808,4755.1
Eritrea & Ethiopia,Af,1903,10790600.0,4.4172,1630965000.0,0.00661608,4760.8
Eritrea & Ethiopia,Af,1904,10954800.0,4.4896,1646581000.0,0.00665306,4766.3
Eritrea & Ethiopia,Af,1905,11119000.0,4.562,1662453000.0,0.00668831,4771.7
Eritrea & Ethiopia,Af,1906,11283200.0,4.6344,1678596000.0,0.00672181,4776.8
Eritrea & Ethiopia,Af,1907,11447400.0,4.7068,1695030000.0,0.00675351,4781.9
Eritrea & Ethiopia,Af,1908,11611600.0,4.7792,1711586000.0,0.00678412,4786.8
Eritrea & Ethiopia,Af,1909,11775800.0,4.8516,1728501000.0,0.00681272,4791.5
Eritrea & Ethiopia,Af,1910,11940000.0,4.924,1745736000.0,0.00683952,4796.2
Eritrea & Ethiopia,Af,1911,12130400.0,4.989000000000001,1762399000.0,0.00688289,4783.2
Eritrea & Ethiopia,Af,1912,12320800.0,5.054,1779061000.0,0.00692545,4770.6
Eritrea & Ethiopia,Af,1913,12511200.0,5.119,1796080000.0,0.00696584,4758.5
Eritrea & Ethiopia,Af,1914,12701600.0,5.184,1808262000.0,0.0070242,4746.6
Eritrea & Ethiopia,Af,1915,12892000.0,5.2490000000000006,1818401000.0,0.00708975,4735.2
Eritrea & Ethiopia,Af,1916,13082400.0,5.314,1828586000.0,0.00715438,4724.0
Eritrea & Ethiopia,Af,1917,13272800.0,5.379,1839381000.0,0.00721591,4713.2
Eritrea & Ethiopia,Af,1918,13463200.0,5.444,1849942000.0,0.00727763,4702.7
Eritrea & Ethiopia,Af,1919,13653600.0,5.509,1862569000.0,0.00733052,4692.5
Eritrea & Ethiopia,Af,1920,13844000.0,5.574,1875297000.0,0.0073823,4682.6
Eritrea & Ethiopia,Af,1921,14064700.0,5.6601,1886887000.0,0.00745392,4680.3
Eritrea & Ethiopia,Af,1922,14285400.0,5.7462,1903926000.0,0.00750313,4678.1
Eritrea & Ethiopia,Af,1923,14506100.0,5.8323,1924127000.0,0.00753906,4675.9
Eritrea & Ethiopia,Af,1924,14726800.0,5.9184,1946371000.0,0.00756629,4673.9
Eritrea & Ethiopia,Af,1925,14947500.0,6.0045,1968879000.0,0.00759188,4671.8
Eritrea & Ethiopia,Af,1926,15168200.0,6.0906,1991829000.0,0.00761521,4669.9
Eritrea & Ethiopia,Af,1927,15388900.0,6.176699999999999,2014443000.0,0.00763928,4668.0
Eritrea & Ethiopia,Af,1928,15609600.0,6.2628,2036576000.0,0.00766463,4666.1
Eritrea & Ethiopia,Af,1929,15830300.0,6.3489,2059103000.0,0.00768796,4664.3
Eritrea & Ethiopia,Af,1930,16051000.0,6.435,2080211000.0,0.00771604,4662.6
Eritrea & Ethiopia,Af,1931,16306800.0,6.494199999999999,2101812000.0,0.00775845,4631.7
Eritrea & Ethiopia,Af,1932,16562599.999999998,6.5534,2121508000.0,0.00780699,4601.7
Eritrea & Ethiopia,Af,1933,16818400.0,6.6126,2140973000.0,0.00785549,4572.6
Eritrea & Ethiopia,Af,1934,17074200.0,6.6718,2161152000.0,0.00790051,4544.5
Eritrea & Ethiopia,Af,1935,17330000.0,6.731,2181702000.0,0.00794334,4517.1
Eritrea & Ethiopia,Af,1936,17585800.0,6.7902,2203365000.0,0.00798134,4490.6
Eritrea & Ethiopia,Af,1937,17841600.0,6.8494,2226159000.0,0.00801452,4464.8
Eritrea & Ethiopia,Af,1938,18097400.0,6.9086,2250491000.0,0.00804153,4439.7
Eritrea & Ethiopia,Af,1939,18353200.0,6.9678,2275307000.0,0.00806625,4415.3
Eritrea & Ethiopia,Af,1940,18609000.0,7.027,2296743000.0,0.00810234,4391.6
Eritrea & Ethiopia,Af,1941,18905800.0,7.164,2313071000.0,0.00817346,4407.0
Eritrea & Ethiopia,Af,1942,19202600.0,7.301,2331578000.0,0.00823588,4421.8
Eritrea & Ethiopia,Af,1943,19499400.0,7.438000000000001,2350140000.0,0.00829712,4436.2
Eritrea & Ethiopia,Af,1944,19796200.0,7.575,2368872000.0,0.0083568,4450.2
Eritrea & Ethiopia,Af,1945,20093000.0,7.712,2394093000.0,0.00839274,4463.8
Eritrea & Ethiopia,Af,1946,20389800.0,7.849,2419526000.0,0.00842719,4476.9
Eritrea & Ethiopia,Af,1947,20686600.0,7.986000000000001,2446628000.0,0.00845515,4489.7
Eritrea & Ethiopia,Af,1948,20983400.0,8.123000000000001,2473860000.0,0.00848205,4502.2
Eritrea & Ethiopia,Af,1949,21280200.0,8.26,2501856000.0,0.00850577,4514.2
Eritrea & Ethiopia,Af,1950,21577000.0,8.397,2529794000.0,0.00852915,4526.0
Eritrea & Ethiopia,Af,1951,21997600.0,8.5198,2577776000.0,0.00853356,4504.4
Eritrea & Ethiopia,Af,1952,22418200.0,8.6426,2624866000.0,0.0085407,4483.6
Eritrea & Ethiopia,Af,1953,22838800.0,8.7654,2671465000.0,0.00854917,4463.5
Eritrea & Ethiopia,Af,1954,23259400.0,8.8882,2718563000.0,0.00855577,4444.2
Eritrea & Ethiopia,Af,1955,23680000.0,9.011,2766430000.0,0.00855977,4425.6
Eritrea & Ethiopia,Af,1956,24100600.0,9.1338,2815461000.0,0.00856009,4407.6
Eritrea & Ethiopia,Af,1957,24521200.0,9.2566,2866148000.0,0.00855545,4390.3
Eritrea & Ethiopia,Af,1958,24941800.0,9.3794,2918168000.0,0.00854707,4373.5
Eritrea & Ethiopia,Af,1959,25362400.0,9.5022,2971839000.0,0.00853424,4357.3
Eritrea & Ethiopia,Af,1960,25783000.0,9.625,3027112000.0,0.00851736,4341.6
Eritrea & Ethiopia,Af,1961,26367600.0,9.6914,3084358000.0,0.00854881,4274.6
Eritrea & Ethiopia,Af,1962,26952200.0,9.7578,3143380000.0,0.00857427,4210.5
Eritrea & Ethiopia,Af,1963,27536800.0,9.8242,3204489000.0,0.0085932,4149.2
Eritrea & Ethiopia,Af,1964,28121400.0,9.8906,3268074000.0,0.00860488,4090.4
Eritrea & Ethiopia,Af,1965,28706000.0,9.957,3334092000.0,0.00860984,4034.0
Eritrea & Ethiopia,Af,1966,29290600.0,10.0234,3402738000.0,0.00860795,3979.8
Eritrea & Ethiopia,Af,1967,29875200.0,10.0898,3473827000.0,0.00860008,3927.8
Eritrea & Ethiopia,Af,1968,30459800.0,10.1562,3546719000.0,0.00858816,3877.8
Eritrea & Ethiopia,Af,1969,31044400.0,10.2226,3620809000.0,0.00857389,3829.6
Eritrea & Ethiopia,Af,1970,31629000.0,10.289,3695944000.0,0.00855776,3783.3
Eritrea & Ethiopia,Af,1971,32326600.0,10.4223,3771809000.0,0.00857058,3749.6
Eritrea & Ethiopia,Af,1972,33024199.999999996,10.5556,3847786000.0,0.00858265,3717.3
Eritrea & Ethiopia,Af,1973,33721800.0,10.6889,3923766000.0,0.00859424,3686.4
Eritrea & Ethiopia,Af,1974,34419400.0,10.8222,3999654000.0,0.00860559,3656.7
Eritrea & Ethiopia,Af,1975,35117000.0,10.9555,4075437000.0,0.00861674,3628.2
Eritrea & Ethiopia,Af,1976,35814600.0,11.0888,4150660000.0,0.00862865,3600.8
Eritrea & Ethiopia,Af,1977,36512200.0,11.2221,4225672000.0,0.00864057,3574.5
Eritrea & Ethiopia,Af,1978,37209800.0,11.3554,4301501000.0,0.00865042,3549.2
Eritrea & Ethiopia,Af,1979,37907400.0,11.4887,4378004000.0,0.0086586,3524.7
Eritrea & Ethiopia,Af,1980,38605000.0,11.622,4456394000.0,0.00866283,3501.2
Eritrea & Ethiopia,Af,1981,39863900.0,11.8709,4535942000.0,0.00878845,3463.2
Eritrea & Ethiopia,Af,1982,41122800.0,12.1198,4616948000.0,0.00890692,3427.6
Eritrea & Ethiopia,Af,1983,42381700.0,12.3687,4699604000.0,0.00901814,3394.1
Eritrea & Ethiopia,Af,1984,43640600.0,12.6176,4784334000.0,0.00912156,3362.5
Eritrea & Ethiopia,Af,1985,44899500.0,12.8665,4871434000.0,0.0092169,3332.7
Eritrea & Ethiopia,Af,1986,46158400.0,13.1154,4961120000.0,0.00930403,3304.5
Eritrea & Ethiopia,Af,1987,47417300.0,13.3643,5052960000.0,0.00938406,3277.9
Eritrea & Ethiopia,Af,1988,48676200.0,13.6132,5145733000.0,0.00945953,3252.5
Eritrea & Ethiopia,Af,1989,49935100.0,13.8621,5237968000.0,0.0095333,3228.5
Eritrea & Ethiopia,Af,1990,51194000.0,14.111,5328602000.0,0.0096074,3205.7
Eritrea & Ethiopia,Af,1991,53067600.0,14.5738,5417317000.0,0.00979592,3193.9
Eritrea & Ethiopia,Af,1992,54941200.0,15.0366,5503880000.0,0.00998227,3183.0
Eritrea & Ethiopia,Af,1993,56814800.0,15.4994,5588359000.0,0.01016663,3172.7
Eritrea & Ethiopia,Af,1994,58688400.0,15.9622,5671048000.0,0.01034878,3163.2
Eritrea & Ethiopia,Af,1995,60562000.0,16.425,5752408000.0,0.01052811,3154.2
Eritrea & Ethiopia,Af,1996,62435600.0,16.8878,5832484000.0,0.0107048,3145.7
Eritrea & Ethiopia,Af,1997,64309200.0,17.3506,5911415000.0,0.01087882,3137.8
Eritrea & Ethiopia,Af,1998,66182800.0,17.8134,5989470000.0,0.01104986,3130.3
Eritrea & Ethiopia,Af,1999,68056400.0,18.2762,6067325000.0,0.01121687,3123.2
Eritrea & Ethiopia,Af,2000,69930000.0,18.739,6145394000.0,0.01137925,3116.5
Eritrea & Ethiopia,Af,2001,72146400.0,19.4212,6223661000.0,0.01159228,3130.7
Eritrea & Ethiopia,Af,2002,74362800.0,20.1034,6302453000.0,0.01179902,3144.1
Eritrea & Ethiopia,Af,2003,76579200.0,20.7856,6381858000.0,0.01199951,3156.7
Eritrea & Ethiopia,Af,2004,78795600.0,21.4678,6461988000.0,0.01219371,3168.6
Eritrea & Ethiopia,Af,2005,81012000.0,22.15,6542867000.0,0.01238173,3179.8
Eritrea & Ethiopia,Af,2006,83228400.0,22.8322,6624538000.0,0.01256365,3190.5
Eritrea & Ethiopia,Af,2007,85444800.0,23.5144,6707018000.0,0.01273961,3200.6
Eritrea & Ethiopia,Af,2008,87661200.0,24.1966,6790025000.0,0.01291029,3210.2
Eritrea & Ethiopia,Af,2009,89877600.0,24.8788,6874725000.0,0.01307363,3219.3
Eritrea & Ethiopia,Af,2010,92094000.0,25.561,6959421000.0,0.013233,3227.9
Eritrea & Ethiopia,Af,2011,94735600.0,26.3619,7044266000.0,0.01344861,3236.3
Eritrea & Ethiopia,Af,2012,97377200.0,27.1628,7129609000.0,0.01365814,3244.1
Eritrea & Ethiopia,Af,2013,100018800.0,27.9637,7215047000.0,0.01386253,3251.6
Eritrea & Ethiopia,Af,2014,102660400.0,28.7646,7300248000.0,0.01406259,3258.6
Eritrea & Ethiopia,Af,2015,105302000.0,29.5655,7384880000.0,0.01425913,3265.3
Eritrea & Ethiopia,Af,2016,107943600.0,30.3664,7469068000.0,0.01445208,3271.7
Eritrea & Ethiopia,Af,2017,110585200.0,31.1673,7550393000.0,0.01464628,3277.8
Eritrea & Ethiopia,Af,2018,113226800.0,31.9682,7632955000.0,0.01483394,3283.6
Eritrea & Ethiopia,Af,2019,115868400.0,32.7691,7714577000.0,0.01501941,3289.1
Eritrea & Ethiopia,Af,2020,118510000.0,33.57,7795482000.0,0.0152024,3294.4
F. USSR,EE,1820,54765000.0,23.524,1047270000.0,0.0522931,4995.6
F. USSR,EE,1821,55336200.0,23.7701,1052728000.0,0.05256458,4995.8
F. USSR,EE,1822,55907400.0,24.0162,1058224000.0,0.05283135,4995.9
F. USSR,EE,1823,56478600.0,24.2623,1063824000.0,0.05309017,4996.1
F. USSR,EE,1824,57049800.0,24.5084,1069477000.0,0.05334364,4996.2
F. USSR,EE,1825,57621000.0,24.7545,1075142000.0,0.05359385,4996.4
F. USSR,EE,1826,58192200.0,25.0006,1080733000.0,0.05384512,4996.5
F. USSR,EE,1827,58763400.0,25.2467,1086318000.0,0.05409411,4996.6
F. USSR,EE,1828,59334600.0,25.4928,1091853000.0,0.05434303,4996.8
F. USSR,EE,1829,59905800.0,25.7389,1097270000.0,0.05459531,4996.9
F. USSR,EE,1830,60477000.0,25.985,1102518000.0,0.05485353,4997.0
F. USSR,EE,1831,61107700.0,26.2551,1108061000.0,0.05514832,4996.9
F. USSR,EE,1832,61738400.0,26.5252,1113520000.0,0.05544436,4996.7
F. USSR,EE,1833,62369100.0,26.7953,1119039000.0,0.05573452,4996.5
F. USSR,EE,1834,62999800.0,27.0654,1124554000.0,0.05602203,4996.4
F. USSR,EE,1835,63630500.0,27.3355,1130361000.0,0.05629219,4996.2
F. USSR,EE,1836,64261200.0,27.6056,1136068000.0,0.05656457,4996.1
F. USSR,EE,1837,64891900.0,27.8757,1141817000.0,0.05683214,4995.9
F. USSR,EE,1838,65522600.0,28.1458,1147560000.0,0.05709732,4995.8
F. USSR,EE,1839,66153300.0,28.4159,1153428000.0,0.05735364,4995.6
F. USSR,EE,1840,66784000.0,28.686,1159310000.0,0.05760668,4995.5
F. USSR,EE,1841,67480600.0,28.9865,1165435000.0,0.05790164,4995.7
F. USSR,EE,1842,68177200.0,29.287,1171545000.0,0.05819426,4995.9
F. USSR,EE,1843,68873800.0,29.5875,1177631000.0,0.05848504,4996.1
F. USSR,EE,1844,69570400.0,29.888,1183818000.0,0.05876782,4996.3
F. USSR,EE,1845,70267000.0,30.1885,1190091000.0,0.05904338,4996.5
F. USSR,EE,1846,70963600.0,30.489,1196249000.0,0.05932176,4996.7
F. USSR,EE,1847,71660200.0,30.7895,1201397000.0,0.05964739,4996.9
F. USSR,EE,1848,72356800.0,31.09,1205963000.0,0.05999919,4997.1
F. USSR,EE,1849,73053400.0,31.3905,1211069000.0,0.06032142,4997.3
F. USSR,EE,1850,73750000.0,31.691,1216574000.0,0.06062106,4997.5
F. USSR,EE,1851,74461700.0,31.933,1218975000.0,0.0610855,4987.5
F. USSR,EE,1852,75173400.0,32.175,1221557000.0,0.061539,4977.8
F. USSR,EE,1853,75885100.0,32.417,1224259000.0,0.06198451,4968.2
F. USSR,EE,1854,76596800.0,32.659,1226726000.0,0.06244002,4958.7
F. USSR,EE,1855,77308500.0,32.901,1228814000.0,0.0629131,4949.5
F. USSR,EE,1856,78020200.0,33.143,1231565000.0,0.06335045,4940.4
F. USSR,EE,1857,78731900.0,33.385,1234524000.0,0.06377511,4931.5
F. USSR,EE,1858,79443600.0,33.626999999999995,1237487000.0,0.06419752,4922.8
F. USSR,EE,1859,80155300.0,33.869,1240642000.0,0.06460792,4914.2
F. USSR,EE,1860,80867000.0,34.111,1243735000.0,0.06501948,4905.7
F. USSR,EE,1861,81647500.0,34.5491,1247652000.0,0.06544092,4921.2
F. USSR,EE,1862,82428000.0,34.987199999999994,1250707000.0,0.06590512,4936.4
F. USSR,EE,1863,83208500.0,35.4253,1254013000.0,0.06635378,4951.4
F. USSR,EE,1864,83989000.0,35.8634,1257290000.0,0.06680161,4966.0
F. USSR,EE,1865,84769500.0,36.3015,1260601000.0,0.06724531,4980.4
F. USSR,EE,1866,85550000.0,36.7396,1263629000.0,0.06770183,4994.5
F. USSR,EE,1867,86330500.0,37.1777,1266809000.0,0.068148,5008.4
F. USSR,EE,1868,87111000.0,37.6158,1269858000.0,0.06859901,5022.0
F. USSR,EE,1869,87891500.0,38.0539,1271405000.0,0.06912943,5035.4
F. USSR,EE,1870,88672000.0,38.492,1274661000.0,0.06956516,5048.5
F. USSR,EE,1871,89710700.0,39.1877,1282387000.0,0.06995603,5080.3
F. USSR,EE,1872,90749400.0,39.8834,1290858000.0,0.07030161,5111.3
F. USSR,EE,1873,91788100.0,40.5791,1299848000.0,0.07061449,5141.6
F. USSR,EE,1874,92826800.0,41.2748,1309013000.0,0.07091358,5171.2
F. USSR,EE,1875,93865500.0,41.9705,1318339000.0,0.07119982,5200.2
F. USSR,EE,1876,94904200.0,42.6662,1327814000.0,0.07147402,5228.5
F. USSR,EE,1877,95942900.0,43.3619,1337399000.0,0.07173843,5256.2
F. USSR,EE,1878,96981600.0,44.0576,1347055000.0,0.07199528,5283.4
F. USSR,EE,1879,98020300.0,44.7533,1356760000.0,0.07224587,5309.9
F. USSR,EE,1880,99059000.0,45.449,1366310000.0,0.07250112,5335.9
F. USSR,EE,1881,100219500.0,46.2249,1376041000.0,0.07283177,5364.2
F. USSR,EE,1882,101380000.0,47.0008,1385750000.0,0.07315894,5391.8
F. USSR,EE,1883,102540500.0,47.7767,1395507000.0,0.07347903,5418.8
F. USSR,EE,1884,103701000.0,48.5526,1405536000.0,0.07378039,5445.1
F. USSR,EE,1885,104861500.0,49.3285,1415514000.0,0.07408016,5470.9
F. USSR,EE,1886,106022000.0,50.1044,1425627000.0,0.07436868,5496.2
F. USSR,EE,1887,107182500.0,50.8803,1435759000.0,0.07465215,5520.8
F. USSR,EE,1888,108343000.0,51.6562,1445944000.0,0.0749289,5545.0
F. USSR,EE,1889,109503500.0,52.4321,1456277000.0,0.07519414,5568.6
F. USSR,EE,1890,110664000.0,53.208,1466582000.0,0.07545708,5591.8
F. USSR,EE,1891,112047600.0,55.2253,1477705000.0,0.07582542,5732.1
F. USSR,EE,1892,113431200.0,57.2426,1488973000.0,0.07618083,5869.0
F. USSR,EE,1893,114814800.0,59.2599,1500286000.0,0.07652861,6002.6
F. USSR,EE,1894,116198400.0,61.2772,1511963000.0,0.07685267,6133.1
F. USSR,EE,1895,117582000.0,63.2945,1523676000.0,0.07716995,6260.4
F. USSR,EE,1896,118965600.0,65.3118,1535655000.0,0.07746896,6384.8
F. USSR,EE,1897,120349200.0,67.3291,1547830000.0,0.0777535,6506.4
F. USSR,EE,1898,121732800.0,69.3464,1560243000.0,0.07802169,6625.2
F. USSR,EE,1899,123116400.0,71.3637,1572611000.0,0.07828789,6741.3
F. USSR,EE,1900,124500000.0,73.381,1584867000.0,0.07855549,6854.8
F. USSR,EE,1901,126872700.0,74.5888,1600044000.0,0.07929326,6837.3
F. USSR,EE,1902,129245400.0,75.7966,1615427000.0,0.08000696,6820.5
F. USSR,EE,1903,131618100.0,77.0044,1630965000.0,0.08069952,6804.2
F. USSR,EE,1904,133990799.99999999,78.2122,1646581000.0,0.08137516,6788.6
F. USSR,EE,1905,136363500.0,79.42,1662453000.0,0.08202548,6773.5
F. USSR,EE,1906,138736200.0,80.62780000000001,1678596000.0,0.08265014,6758.9
F. USSR,EE,1907,141108900.0,81.8356,1695030000.0,0.08324862,6744.8
F. USSR,EE,1908,143481600.0,83.0434,1711586000.0,0.08382962,6731.1
F. USSR,EE,1909,145854300.0,84.2512,1728501000.0,0.08438196,6717.9
F. USSR,EE,1910,148227000.0,85.459,1745736000.0,0.08490803,6705.2
F. USSR,EE,1911,148865000.0,83.2392,1762399000.0,0.08446725,6503.0
F. USSR,EE,1912,149503000.0,81.0194,1779061000.0,0.08403478,6302.6
F. USSR,EE,1913,150141000.0,78.7996,1796080000.0,0.08359372,6103.9
F. USSR,EE,1914,150779000.0,76.5798,1808262000.0,0.08338338,5906.8
F. USSR,EE,1915,151417000.0,74.36,1818401000.0,0.08326931,5711.4
F. USSR,EE,1916,152055000.0,72.14020000000001,1828586000.0,0.08315442,5517.7
F. USSR,EE,1917,152693000.0,69.9204,1839381000.0,0.08301325,5325.6
F. USSR,EE,1918,153331000.0,67.70060000000001,1849942000.0,0.08288422,5135.0
F. USSR,EE,1919,153969000.0,65.4808,1862569000.0,0.08266486,4946.1
F. USSR,EE,1920,154607000.0,63.261,1875297000.0,0.08244401,4758.7
F. USSR,EE,1921,156567500.0,67.379,1886887000.0,0.08297662,5005.0
F. USSR,EE,1922,158528000.0,71.497,1903926000.0,0.08326374,5245.2
F. USSR,EE,1923,160488500.0,75.61500000000001,1924127000.0,0.08340848,5479.5
F. USSR,EE,1924,162449000.0,79.733,1946371000.0,0.08346251,5708.2
F. USSR,EE,1925,164409500.0,83.851,1968879000.0,0.08350412,5931.5
F. USSR,EE,1926,166370000.0,87.96900000000001,1991829000.0,0.08352625,6149.4
F. USSR,EE,1927,168330500.0,92.087,2014443000.0,0.08356181,6362.3
F. USSR,EE,1928,170291000.0,96.205,2036576000.0,0.08361632,6570.3
F. USSR,EE,1929,172251500.0,100.323,2059103000.0,0.08365366,6773.6
F. USSR,EE,1930,174212000.0,104.441,2080211000.0,0.08374727,6972.2
F. USSR,EE,1931,176387800.0,114.2167,2101812000.0,0.08392178,7530.8
F. USSR,EE,1932,178563600.0,123.9924,2121508000.0,0.08416824,8075.7
F. USSR,EE,1933,180739400.0,133.7681,2140973000.0,0.08441928,8607.5
F. USSR,EE,1934,182915200.0,143.5438,2161152000.0,0.08463782,9126.7
F. USSR,EE,1935,185091000.0,153.3195,2181702000.0,0.08483789,9633.7
F. USSR,EE,1936,187266800.0,163.0952,2203365000.0,0.08499127,10128.8
F. USSR,EE,1937,189442600.0,172.8709,2226159000.0,0.08509841,10612.7
F. USSR,EE,1938,191618400.0,182.6466,2250491000.0,0.08514515,11085.5
F. USSR,EE,1939,193794200.0,192.4223,2275307000.0,0.08517277,11547.7
F. USSR,EE,1940,195970000.0,202.198,2296743000.0,0.08532518,11999.6
F. USSR,EE,1941,194330100.0,207.1193,2313071000.0,0.08401389,12395.4
F. USSR,EE,1942,192690200.0,212.0406,2331578000.0,0.08264369,12797.9
F. USSR,EE,1943,191050300.0,216.9619,2350140000.0,0.08129316,13207.3
F. USSR,EE,1944,189410400.0,221.8832,2368872000.0,0.07995806,13623.9
F. USSR,EE,1945,187770500.0,226.8045,2394093000.0,0.07843075,14047.7
F. USSR,EE,1946,186130600.0,231.7258,2419526000.0,0.07692854,14478.9
F. USSR,EE,1947,184490700.0,236.6471,2446628000.0,0.07540611,14917.9
F. USSR,EE,1948,182850800.0,241.5684,2473860000.0,0.07391316,15364.7
F. USSR,EE,1949,181210900.0,246.4897,2501856000.0,0.07243059,15819.6
F. USSR,EE,1950,179571000.0,251.411,2529794000.0,0.07098246,16282.8
F. USSR,EE,1951,182991900.0,278.8583,2577776000.0,0.07098829,17722.8
F. USSR,EE,1952,186412800.0,306.3056,2624866000.0,0.07101803,19109.9
F. USSR,EE,1953,189833700.0,333.7529,2671465000.0,0.07105977,20447.1
F. USSR,EE,1954,193254600.0,361.2002,2718563000.0,0.07108704,21736.9
F. USSR,EE,1955,196675500.0,388.6475,2766430000.0,0.07109361,22981.9
F. USSR,EE,1956,200096400.0,416.0948,2815461000.0,0.07107056,24184.3
F. USSR,EE,1957,203517300.0,443.5421,2866148000.0,0.07100725,25346.2
F. USSR,EE,1958,206938200.0,470.9894000000001,2918168000.0,0.07091374,26469.8
F. USSR,EE,1959,210359100.0,498.4367,2971839000.0,0.07078415,27556.8
F. USSR,EE,1960,213780000.0,525.884,3027112000.0,0.07062177,28609.0
F. USSR,EE,1961,216649800.0,552.2532,3084358000.0,0.07024146,29645.6
F. USSR,EE,1962,219519600.0,578.6224,3143380000.0,0.06983553,30655.0
F. USSR,EE,1963,222389400.0,604.9916000000001,3204489000.0,0.06939933,31638.4
F. USSR,EE,1964,225259200.0,631.3608,3268074000.0,0.0689272,32596.8
F. USSR,EE,1965,228129000.0,657.73,3334092000.0,0.06842313,33531.0
F. USSR,EE,1966,230998800.0,684.0992,3402738000.0,0.06788616,34442.1
F. USSR,EE,1967,233868600.0,710.4684,3473827000.0,0.06732304,35330.7
F. USSR,EE,1968,236738400.0,736.8376000000001,3546719000.0,0.06674856,36197.9
F. USSR,EE,1969,239608200.0,763.2068,3620809000.0,0.06617532,37044.2
F. USSR,EE,1970,242478000.0,789.576,3695944000.0,0.06560651,37870.5
F. USSR,EE,1971,244823800.0,828.1189,3771809000.0,0.06490885,39338.6
F. USSR,EE,1972,247169600.0,866.6618000000001,3847786000.0,0.06423684,40778.8
F. USSR,EE,1973,249515400.0,905.2047,3923766000.0,0.0635908,42191.9
F. USSR,EE,1974,251861200.0,943.7476,3999654000.0,0.06297075,43578.7
F. USSR,EE,1975,254207000.0,982.2905,4075437000.0,0.0623754,44939.9
F. USSR,EE,1976,256552800.0,1020.8334,4150660000.0,0.06181012,46276.2
F. USSR,EE,1977,258898600.0,1059.3763,4225672000.0,0.06126803,47588.3
F. USSR,EE,1978,261244400.0,1097.9192,4301501000.0,0.06073331,48876.8
F. USSR,EE,1979,263590200.0,1136.4621000000002,4378004000.0,0.06020785,50142.4
F. USSR,EE,1980,265936000.0,1175.005,4456394000.0,0.05967515,51385.7
F. USSR,EE,1981,268117500.0,1198.3744000000002,4535942000.0,0.05910955,51981.3
F. USSR,EE,1982,270299000.0,1221.7438000000002,4616948000.0,0.05854495,52567.3
F. USSR,EE,1983,272480500.0,1245.1132,4699604000.0,0.05797946,53143.9
F. USSR,EE,1984,274662000.0,1268.4826,4784334000.0,0.05740862,53711.3
F. USSR,EE,1985,276843500.0,1291.852,4871434000.0,0.05682998,54269.8
F. USSR,EE,1986,279025000.0,1315.2214,4961120000.0,0.05624234,54819.5
F. USSR,EE,1987,281206500.0,1338.5908000000002,5052960000.0,0.05565184,55360.8
F. USSR,EE,1988,283388000.0,1361.9602,5145733000.0,0.05507243,55893.7
F. USSR,EE,1989,285569500.0,1385.3296,5237968000.0,0.05451914,56418.4
F. USSR,EE,1990,287751000.0,1408.699,5328602000.0,0.05400122,56935.2
F. USSR,EE,1991,287726200.0,1359.4022,5417317000.0,0.05311231,54947.5
F. USSR,EE,1992,287701400.0,1310.1054,5503880000.0,0.05227247,52959.5
F. USSR,EE,1993,287676600.0,1260.8086,5588359000.0,0.05147783,50971.1
F. USSR,EE,1994,287651800.0,1211.5118,5671048000.0,0.05072286,48982.4
F. USSR,EE,1995,287627000.0,1162.215,5752408000.0,0.05000115,46993.4
F. USSR,EE,1996,287602200.0,1112.9182,5832484000.0,0.04931041,45004.0
F. USSR,EE,1997,287577400.0,1063.6214,5911415000.0,0.04864781,43014.2
F. USSR,EE,1998,287552600.0,1014.3246,5989470000.0,0.04800969,41024.1
F. USSR,EE,1999,287527800.0,965.0278,6067325000.0,0.04738955,39033.7
F. USSR,EE,2000,287503000.0,915.731,6145394000.0,0.04678349,37042.9
F. USSR,EE,2001,287569400.0,923.1194,6223661000.0,0.04620583,37333.2
F. USSR,EE,2002,287635800.0,930.5078,6302453000.0,0.04563871,37623.3
F. USSR,EE,2003,287702200.0,937.8962,6381858000.0,0.04508126,37913.3
F. USSR,EE,2004,287768600.0,945.2846,6461988000.0,0.04453252,38203.1
F. USSR,EE,2005,287835000.0,952.673,6542867000.0,0.04399218,38492.8
F. USSR,EE,2006,287901400.0,960.0614,6624538000.0,0.04345985,38782.4
F. USSR,EE,2007,287967800.0,967.4498,6707018000.0,0.0429353,39071.9
F. USSR,EE,2008,288034200.0,974.8382,6790025000.0,0.0424202,39361.2
F. USSR,EE,2009,288100600.0,982.2266,6874725000.0,0.04190722,39650.4
F. USSR,EE,2010,288167000.0,989.615,6959421000.0,0.04140675,39939.4
F. USSR,EE,2011,289402000.0,989.6178,7044266000.0,0.04108334,39769.1
F. USSR,EE,2012,290637000.0,989.6206,7129609000.0,0.04076479,39600.2
F. USSR,EE,2013,291872000.0,989.6234,7215047000.0,0.04045324,39432.8
F. USSR,EE,2014,293107000.0,989.6262,7300248000.0,0.04015028,39266.7
F. USSR,EE,2015,294342000.0,989.629,7384880000.0,0.03985738,39102.1
F. USSR,EE,2016,295577000.0,989.6318,7469068000.0,0.03957348,38938.8
F. USSR,EE,2017,296812000.0,989.6346,7550393000.0,0.0393108,38776.9
F. USSR,EE,2018,298047000.0,989.6374,7632955000.0,0.03904739,38616.3
F. USSR,EE,2019,299282000.0,989.6402,7714577000.0,0.03879435,38457.1
F. USSR,EE,2020,300517000.0,989.643,7795482000.0,0.03855015,38299.2
Finland,WE,1820,1169000.0,1.134,1047270000.0,0.00111624,11281.8
Finland,WE,1821,1188500.0,1.1423,1052728000.0,0.00112897,11177.9
Finland,WE,1822,1208000.0,1.1505999999999998,1058224000.0,0.00114154,11077.4
Finland,WE,1823,1227500.0,1.1589,1063824000.0,0.00115386,10980.0
Finland,WE,1824,1247000.0,1.1672,1069477000.0,0.00116599,10885.8
Finland,WE,1825,1266500.0,1.1755,1075142000.0,0.00117798,10794.4
Finland,WE,1826,1286000.0,1.1838,1080733000.0,0.00118993,10705.7
Finland,WE,1827,1305500.0,1.1921,1086318000.0,0.00120177,10619.8
Finland,WE,1828,1325000.0,1.2004,1091853000.0,0.00121353,10536.3
Finland,WE,1829,1344500.0,1.2087,1097270000.0,0.00122531,10455.3
Finland,WE,1830,1364000.0,1.217,1102518000.0,0.00123717,10376.6
Finland,WE,1831,1371700.0,1.2173,1108061000.0,0.00123793,10320.9
Finland,WE,1832,1379400.0,1.2176,1113520000.0,0.00123877,10265.8
Finland,WE,1833,1387100.0,1.2179,1119039000.0,0.00123955,10211.4
Finland,WE,1834,1394800.0,1.2182,1124554000.0,0.00124031,10157.5
Finland,WE,1835,1402500.0,1.2185,1130361000.0,0.00124075,10104.2
Finland,WE,1836,1410200.0,1.2188,1136068000.0,0.0012413,10051.5
Finland,WE,1837,1417900.0,1.2191,1141817000.0,0.00124179,9999.4
Finland,WE,1838,1425600.0,1.2194,1147560000.0,0.00124229,9947.8
Finland,WE,1839,1433300.0,1.2197,1153428000.0,0.00124264,9896.8
Finland,WE,1840,1441000.0,1.22,1159310000.0,0.00124298,9846.4
Finland,WE,1841,1459700.0,1.2267,1165435000.0,0.00125249,9773.6
Finland,WE,1842,1478400.0,1.2334,1171545000.0,0.00126192,9702.7
Finland,WE,1843,1497100.0,1.2401,1177631000.0,0.00127128,9633.5
Finland,WE,1844,1515800.0,1.2468,1183818000.0,0.00128043,9566.1
Finland,WE,1845,1534500.0,1.2534999999999998,1190091000.0,0.0012894,9500.3
Finland,WE,1846,1553200.0,1.2602,1196249000.0,0.00129839,9436.1
Finland,WE,1847,1571900.0,1.2669,1201397000.0,0.00130839,9373.4
Finland,WE,1848,1590600.0,1.2735999999999998,1205963000.0,0.00131895,9312.2
Finland,WE,1849,1609300.0,1.2803,1211069000.0,0.00132883,9252.4
Finland,WE,1850,1628000.0,1.287,1216574000.0,0.00133818,9194.0
Finland,WE,1851,1639000.0,1.2944,1218975000.0,0.00134457,9184.8
Finland,WE,1852,1650000.0,1.3017999999999998,1221557000.0,0.00135074,9175.7
Finland,WE,1853,1661000.0,1.3092,1224259000.0,0.00135674,9166.8
Finland,WE,1854,1672000.0,1.3166,1226726000.0,0.00136298,9157.9
Finland,WE,1855,1683000.0,1.3239999999999998,1228814000.0,0.00136961,9149.2
Finland,WE,1856,1694000.0,1.3314,1231565000.0,0.00137549,9140.6
Finland,WE,1857,1705000.0,1.3388,1234524000.0,0.0013811,9132.1
Finland,WE,1858,1716000.0,1.3462,1237487000.0,0.00138668,9123.7
Finland,WE,1859,1727000.0,1.3536,1240642000.0,0.00139202,9115.4
Finland,WE,1860,1738000.0,1.361,1243735000.0,0.0013974,9107.3
Finland,WE,1861,1739600.0,1.362,1247652000.0,0.0013943,9105.6
Finland,WE,1862,1741200.0,1.363,1250707000.0,0.00139217,9103.9
Finland,WE,1863,1742800.0,1.364,1254013000.0,0.00138978,9102.2
Finland,WE,1864,1744400.0,1.365,1257290000.0,0.00138743,9100.5
Finland,WE,1865,1746000.0,1.366,1260601000.0,0.00138505,9098.8
Finland,WE,1866,1747600.0,1.367,1263629000.0,0.001383,9097.2
Finland,WE,1867,1749200.0,1.368,1266809000.0,0.00138079,9095.5
Finland,WE,1868,1750800.0,1.369,1269858000.0,0.00137874,9093.8
Finland,WE,1869,1752400.0,1.37,1271405000.0,0.00137832,9092.2
Finland,WE,1870,1754000.0,1.371,1274661000.0,0.00137605,9090.5
Finland,WE,1871,1783300.0,1.3879,1282387000.0,0.00139061,9051.4
Finland,WE,1872,1812600.0,1.4048,1290858000.0,0.00140418,9013.5
Finland,WE,1873,1841900.0,1.4217,1299848000.0,0.00141701,8976.8
Finland,WE,1874,1871200.0,1.4386,1309013000.0,0.00142947,8941.3
Finland,WE,1875,1900500.0,1.4555,1318339000.0,0.00144159,8906.8
Finland,WE,1876,1929800.0,1.4724,1327814000.0,0.00145337,8873.5
Finland,WE,1877,1959100.0,1.4893,1337399000.0,0.00146486,8841.1
Finland,WE,1878,1988400.0,1.5062,1347055000.0,0.00147611,8809.6
Finland,WE,1879,2017700.0,1.5231,1356760000.0,0.00148715,8779.1
Finland,WE,1880,2047000.0,1.54,1366310000.0,0.0014982,8749.5
Finland,WE,1881,2078699.9999999998,1.5591,1376041000.0,0.00151064,8722.9
Finland,WE,1882,2110400.0,1.5782,1385750000.0,0.00152293,8697.2
Finland,WE,1883,2142100.0,1.5973000000000002,1395507000.0,0.001535,8672.1
Finland,WE,1884,2173800.0,1.6164,1405536000.0,0.0015466,8647.9
Finland,WE,1885,2205500.0,1.6355,1415514000.0,0.00155809,8624.3
Finland,WE,1886,2237200.0,1.6546,1425627000.0,0.00156927,8601.4
Finland,WE,1887,2268900.0,1.6737000000000002,1435759000.0,0.00158028,8579.1
Finland,WE,1888,2300600.0,1.6928,1445944000.0,0.00159107,8557.4
Finland,WE,1889,2332300.0,1.7119,1456277000.0,0.00160155,8536.4
Finland,WE,1890,2364000.0,1.731,1466582000.0,0.00161191,8515.9
Finland,WE,1891,2392200.0,1.7609,1477705000.0,0.00161886,8560.9
Finland,WE,1892,2420400.0,1.7908,1488973000.0,0.00162555,8604.8
Finland,WE,1893,2448600.0,1.8207,1500286000.0,0.00163209,8647.7
Finland,WE,1894,2476800.0,1.8506,1511963000.0,0.00163814,8689.6
Finland,WE,1895,2505000.0,1.8805,1523676000.0,0.00164405,8730.6
Finland,WE,1896,2533200.0,1.9104,1535655000.0,0.00164959,8770.7
Finland,WE,1897,2561400.0,1.9403,1547830000.0,0.00165483,8809.9
Finland,WE,1898,2589600.0,1.9702,1560243000.0,0.00165974,8848.2
Finland,WE,1899,2617800.0,2.0001,1572611000.0,0.00166462,8885.8
Finland,WE,1900,2646000.0,2.03,1584867000.0,0.00166954,8922.5
Finland,WE,1901,2674300.0,2.0736,1600044000.0,0.00167139,9017.7
Finland,WE,1902,2702600.0,2.1172,1615427000.0,0.00167299,9110.9
Finland,WE,1903,2730900.0,2.1608,1630965000.0,0.00167441,9202.1
Finland,WE,1904,2759200.0,2.2044,1646581000.0,0.00167571,9291.5
Finland,WE,1905,2787500.0,2.248,1662453000.0,0.00167674,9379.1
Finland,WE,1906,2815800.0,2.2916,1678596000.0,0.00167747,9464.9
Finland,WE,1907,2844100.0,2.3352,1695030000.0,0.00167791,9549.0
Finland,WE,1908,2872400.0,2.3788,1711586000.0,0.00167821,9631.5
Finland,WE,1909,2900700.0,2.4224,1728501000.0,0.00167816,9712.3
Finland,WE,1910,2929000.0,2.466,1745736000.0,0.0016778,9791.6
Finland,WE,1911,2949400.0,2.4628,1762399000.0,0.00167351,9711.3
Finland,WE,1912,2969800.0,2.4596,1779061000.0,0.00166931,9632.0
Finland,WE,1913,2990200.0,2.4564000000000004,1796080000.0,0.00166485,9553.9
Finland,WE,1914,3010600.0,2.4532000000000003,1808262000.0,0.00166491,9476.8
Finland,WE,1915,3031000.0,2.45,1818401000.0,0.00166685,9400.7
Finland,WE,1916,3051400.0,2.4468,1828586000.0,0.00166872,9325.6
Finland,WE,1917,3071800.0,2.4436,1839381000.0,0.00167002,9251.6
Finland,WE,1918,3092200.0,2.4404000000000003,1849942000.0,0.00167151,9178.5
Finland,WE,1919,3112600.0,2.4372000000000003,1862569000.0,0.00167113,9106.4
Finland,WE,1920,3133000.0,2.434,1875297000.0,0.00167067,9035.2
Finland,WE,1921,3164600.0,2.4907000000000004,1886887000.0,0.00167715,9153.4
Finland,WE,1922,3196200.0,2.5474,1903926000.0,0.00167874,9269.2
Finland,WE,1923,3227800.0,2.6041,1924127000.0,0.00167754,9382.8
Finland,WE,1924,3259400.0,2.6608,1946371000.0,0.0016746,9494.1
Finland,WE,1925,3291000.0,2.7175,1968879000.0,0.00167151,9603.3
Finland,WE,1926,3322600.0,2.7742,1991829000.0,0.00166812,9710.5
Finland,WE,1927,3354200.0,2.8309,2014443000.0,0.00166508,9815.6
Finland,WE,1928,3385800.0,2.8876,2036576000.0,0.0016625,9918.7
Finland,WE,1929,3417400.0,2.9443,2059103000.0,0.00165965,10020.0
Finland,WE,1930,3449000.0,3.001,2080211000.0,0.001658,10119.3
Finland,WE,1931,3473900.0,3.1243,2101812000.0,0.00165281,10459.6
Finland,WE,1932,3498800.0,3.2476,2121508000.0,0.0016492,10795.0
Finland,WE,1933,3523700.0,3.3709,2140973000.0,0.00164584,11125.7
Finland,WE,1934,3548600.0,3.4942,2161152000.0,0.00164199,11451.7
Finland,WE,1935,3573500.0,3.6175,2181702000.0,0.00163794,11773.2
Finland,WE,1936,3598400.0,3.7408,2203365000.0,0.00163314,12090.2
Finland,WE,1937,3623300.0,3.8641,2226159000.0,0.0016276,12402.9
Finland,WE,1938,3648200.0,3.9874,2250491000.0,0.00162107,12711.3
Finland,WE,1939,3673100.0,4.1107,2275307000.0,0.00161433,13015.6
Finland,WE,1940,3698000.0,4.234,2296743000.0,0.00161011,13315.7
Finland,WE,1941,3729100.0,4.2541,2313071000.0,0.00161219,13267.3
Finland,WE,1942,3760200.0,4.2742,2331578000.0,0.00161273,13219.8
Finland,WE,1943,3791300.0,4.2943,2350140000.0,0.00161322,13173.0
Finland,WE,1944,3822400.0,4.3144,2368872000.0,0.00161359,13127.0
Finland,WE,1945,3853500.0,4.3345,2394093000.0,0.00160959,13081.7
Finland,WE,1946,3884600.0,4.3546,2419526000.0,0.00160552,13037.1
Finland,WE,1947,3915700.0,4.3747,2446628000.0,0.00160045,12993.3
Finland,WE,1948,3946800.0,4.3948,2473860000.0,0.0015954,12950.1
Finland,WE,1949,3977900.0,4.414899999999999,2501856000.0,0.00158998,12907.6
Finland,WE,1950,4009000.0,4.435,2529794000.0,0.00158471,12865.8
Finland,WE,1951,4051100.0,4.7591,2577776000.0,0.00157155,13662.5
Finland,WE,1952,4093200.0,5.0832,2624866000.0,0.00155939,14442.9
Finland,WE,1953,4135300.0,5.407299999999999,2671465000.0,0.00154795,15207.3
Finland,WE,1954,4177399.9999999995,5.7314,2718563000.0,0.00153662,15956.4
Finland,WE,1955,4219500.0,6.0555,2766430000.0,0.00152525,16690.5
Finland,WE,1956,4261600.0,6.3796,2815461000.0,0.00151364,17410.1
Finland,WE,1957,4303700.0,6.7037,2866148000.0,0.00150156,18115.6
Finland,WE,1958,4345800.0,7.0278,2918168000.0,0.00148922,18807.4
Finland,WE,1959,4387900.0,7.3519,2971839000.0,0.00147649,19486.0
Finland,WE,1960,4430000.0,7.676,3027112000.0,0.00146344,20151.7
Finland,WE,1961,4447600.0,8.5417,3084358000.0,0.00144199,22335.6
Finland,WE,1962,4465200.0,9.4074,3143380000.0,0.00142051,24502.4
Finland,WE,1963,4482800.0,10.2731,3204489000.0,0.00139891,26652.1
Finland,WE,1964,4500400.0,11.1388,3268074000.0,0.00137708,28785.1
Finland,WE,1965,4518000.0,12.0045,3334092000.0,0.00135509,30901.4
Finland,WE,1966,4535600.0,12.8702,3402738000.0,0.00133293,33001.2
Finland,WE,1967,4553200.0,13.7359,3473827000.0,0.00131072,35084.9
Finland,WE,1968,4570800.0,14.601599999999998,3546719000.0,0.00128874,37152.5
Finland,WE,1969,4588400.0,15.467299999999998,3620809000.0,0.00126723,39204.2
Finland,WE,1970,4606000.0,16.333,3695944000.0,0.00124623,41240.3
Finland,WE,1971,4623400.0,17.0812,3771809000.0,0.00122578,42967.2
Finland,WE,1972,4640800.0,17.8294,3847786000.0,0.0012061,44681.1
Finland,WE,1973,4658200.0,18.5776,3923766000.0,0.00118718,46382.2
Finland,WE,1974,4675600.0,19.3258,3999654000.0,0.001169,48070.6
Finland,WE,1975,4693000.0,20.074,4075437000.0,0.00115153,49746.6
Finland,WE,1976,4710400.0,20.8222,4150660000.0,0.00113486,51410.1
Finland,WE,1977,4727800.0,21.5704,4225672000.0,0.00111883,53061.4
Finland,WE,1978,4745200.0,22.3186,4301501000.0,0.00110315,54700.6
Finland,WE,1979,4762600.0,23.0668,4378004000.0,0.00108785,56327.8
Finland,WE,1980,4780000.0,23.815,4456394000.0,0.00107262,57943.2
Finland,WE,1981,4800600.0,24.5449,4535942000.0,0.00105835,59462.8
Finland,WE,1982,4821200.0,25.274800000000003,4616948000.0,0.00104424,60969.5
Finland,WE,1983,4841800.0,26.0047,4699604000.0,0.00103026,62463.3
Finland,WE,1984,4862400.0,26.7346,4784334000.0,0.00101632,63944.4
Finland,WE,1985,4883000.0,27.4645,4871434000.0,0.00100237,65413.1
Finland,WE,1986,4903600.0,28.1944,4961120000.0,0.00098841,66869.4
Finland,WE,1987,4924200.0,28.9243,5052960000.0,0.00097452,68313.6
Finland,WE,1988,4944800.0,29.654200000000003,5145733000.0,0.00096095,69745.7
Finland,WE,1989,4965400.0,30.3841,5237968000.0,0.00094796,71165.9
Finland,WE,1990,4986000.0,31.114,5328602000.0,0.00093571,72574.4
Finland,WE,1991,5004300.0,31.5673,5417317000.0,0.00092376,73362.4
Finland,WE,1992,5022600.0,32.0206,5503880000.0,0.00091256,74144.8
Finland,WE,1993,5040900.0,32.4739,5588359000.0,0.00090204,74921.4
Finland,WE,1994,5059200.0,32.9272,5671048000.0,0.00089211,75692.5
Finland,WE,1995,5077500.0,33.3805,5752408000.0,0.00088267,76457.9
Finland,WE,1996,5095800.0,33.8338,5832484000.0,0.00087369,77217.9
Finland,WE,1997,5114100.0,34.2871,5911415000.0,0.00086512,77972.5
Finland,WE,1998,5132400.0,34.7404,5989470000.0,0.0008569,78721.6
Finland,WE,1999,5150700.0,35.1937,6067325000.0,0.00084892,79465.5
Finland,WE,2000,5169000.0,35.647,6145394000.0,0.00084112,80204.0
Finland,WE,2001,5188700.0,35.8437,6223661000.0,0.00083371,80340.4
Finland,WE,2002,5208400.0,36.0404,6302453000.0,0.00082641,80475.7
Finland,WE,2003,5228100.0,36.2371,6381858000.0,0.00081921,80610.1
Finland,WE,2004,5247800.0,36.4338,6461988000.0,0.0008121,80743.4
Finland,WE,2005,5267500.0,36.6305,6542867000.0,0.00080508,80875.7
Finland,WE,2006,5287200.0,36.8272,6624538000.0,0.00079812,81007.0
Finland,WE,2007,5306900.0,37.0239,6707018000.0,0.00079125,81137.4
Finland,WE,2008,5326600.0,37.2206,6790025000.0,0.00078447,81266.8
Finland,WE,2009,5346300.0,37.4173,6874725000.0,0.00077767,81395.2
Finland,WE,2010,5366000.0,37.614,6959421000.0,0.00077104,81522.7
Finland,WE,2011,5383500.0,37.2051,7044266000.0,0.00076424,80374.3
Finland,WE,2012,5401000.0,36.7962,7129609000.0,0.00075755,79233.4
Finland,WE,2013,5418500.0,36.3873,7215047000.0,0.000751,78099.9
Finland,WE,2014,5436000.0,35.9784,7300248000.0,0.00074463,76973.7
Finland,WE,2015,5453500.0,35.5695,7384880000.0,0.00073847,75854.6
Finland,WE,2016,5471000.0,35.160599999999995,7469068000.0,0.00073249,74742.8
Finland,WE,2017,5488500.0,34.7517,7550393000.0,0.00072692,73638.0
Finland,WE,2018,5506000.0,34.3428,7632955000.0,0.00072135,72540.3
Finland,WE,2019,5523500.0,33.9339,7714577000.0,0.00071598,71449.5
Finland,WE,2020,5541000.0,33.525,7795482000.0,0.0007108,70365.6
France,WE,1820,30250000.0,12.485,1047270000.0,0.02888462,4800.0
France,WE,1821,30462000.0,12.5675,1052728000.0,0.02893625,4798.1
France,WE,1822,30674000.0,12.65,1058224000.0,0.0289863,4796.2
France,WE,1823,30886000.0,12.7325,1063824000.0,0.029033,4794.4
France,WE,1824,31098000.0,12.815,1069477000.0,0.02907776,4792.5
France,WE,1825,31310000.0,12.8975,1075142000.0,0.02912173,4790.7
France,WE,1826,31522000.0,12.98,1080733000.0,0.02916724,4789.0
France,WE,1827,31734000.0,13.0625,1086318000.0,0.02921244,4787.2
France,WE,1828,31946000.0,13.145,1091853000.0,0.02925852,4785.5
France,WE,1829,32158000.0,13.2275,1097270000.0,0.02930728,4783.7
France,WE,1830,32370000.0,13.31,1102518000.0,0.02936006,4782.1
France,WE,1831,32541000.0,13.544,1108061000.0,0.02936752,4840.6
France,WE,1832,32712000.0,13.778,1113520000.0,0.02937711,4898.5
France,WE,1833,32883000.0,14.012,1119039000.0,0.02938503,4955.7
France,WE,1834,33054000.0,14.246,1124554000.0,0.02939299,5012.4
France,WE,1835,33225000.0,14.48,1130361000.0,0.02939326,5068.5
France,WE,1836,33396000.0,14.714,1136068000.0,0.02939613,5124.1
France,WE,1837,33567000.0,14.948,1141817000.0,0.02939788,5179.1
France,WE,1838,33738000.0,15.182,1147560000.0,0.02939977,5233.5
France,WE,1839,33909000.0,15.416,1153428000.0,0.02939845,5287.3
France,WE,1840,34080000.0,15.65,1159310000.0,0.0293968,5340.7
France,WE,1841,34235000.0,15.8994,1165435000.0,0.0293753,5401.2
France,WE,1842,34390000.0,16.1488,1171545000.0,0.0293544,5461.2
France,WE,1843,34545000.0,16.3982,1177631000.0,0.02933432,5520.7
France,WE,1844,34700000.0,16.6476,1183818000.0,0.02931194,5579.6
France,WE,1845,34855000.0,16.897,1190091000.0,0.02928768,5638.0
France,WE,1846,35010000.0,17.1464,1196249000.0,0.02926648,5695.9
France,WE,1847,35165000.0,17.395799999999998,1201397000.0,0.02927009,5753.3
France,WE,1848,35320000.0,17.6452,1205963000.0,0.0292878,5810.1
France,WE,1849,35475000.0,17.894599999999997,1211069000.0,0.0292923,5866.5
France,WE,1850,35630000.0,18.144,1216574000.0,0.02928716,5922.4
France,WE,1851,35718000.0,18.6171,1218975000.0,0.02930167,6061.8
France,WE,1852,35806000.0,19.0902,1221557000.0,0.02931177,6200.6
France,WE,1853,35894000.0,19.5633,1224259000.0,0.02931896,6338.7
France,WE,1854,35982000.0,20.0364,1226726000.0,0.02933173,6476.1
France,WE,1855,36070000.0,20.5095,1228814000.0,0.02935351,6612.8
France,WE,1856,36158000.0,20.9826,1231565000.0,0.02935939,6748.9
France,WE,1857,36246000.0,21.4557,1234524000.0,0.0293603,6884.3
France,WE,1858,36334000.0,21.9288,1237487000.0,0.02936112,7019.1
France,WE,1859,36422000.0,22.4019,1240642000.0,0.02935738,7153.2
France,WE,1860,36510000.0,22.875,1243735000.0,0.02935513,7286.7
France,WE,1861,36546000.0,23.1796,1247652000.0,0.02929182,7376.4
France,WE,1862,36582000.0,23.4842,1250707000.0,0.02924906,7466.0
France,WE,1863,36618000.0,23.7888,1254013000.0,0.02920065,7555.4
France,WE,1864,36654000.0,24.0934,1257290000.0,0.02915318,7644.6
France,WE,1865,36690000.0,24.398,1260601000.0,0.02910516,7733.7
France,WE,1866,36726000.0,24.7026,1263629000.0,0.02906391,7822.6
France,WE,1867,36762000.0,25.0072,1266809000.0,0.02901937,7911.3
France,WE,1868,36798000.0,25.3118,1269858000.0,0.02897804,7999.8
France,WE,1869,36834000.0,25.6164,1271405000.0,0.0289711,8088.1
France,WE,1870,36870000.0,25.921,1274661000.0,0.02892534,8176.3
France,WE,1871,36928000.0,26.5397,1282387000.0,0.0287963,8358.3
France,WE,1872,36986000.0,27.1584,1290858000.0,0.02865226,8539.8
France,WE,1873,37044000.0,27.7771,1299848000.0,0.02849872,8720.6
France,WE,1874,37102000.0,28.3958,1309013000.0,0.02834349,8901.0
France,WE,1875,37160000.0,29.0145,1318339000.0,0.02818698,9080.7
France,WE,1876,37218000.0,29.6332,1327814000.0,0.02802953,9259.9
France,WE,1877,37276000.0,30.2519,1337399000.0,0.02787201,9438.5
France,WE,1878,37334000.0,30.8706,1347055000.0,0.02771528,9616.6
France,WE,1879,37392000.0,31.4893,1356760000.0,0.02755977,9794.1
France,WE,1880,37450000.0,32.108,1366310000.0,0.02740959,9971.1
France,WE,1881,37543000.0,32.732699999999994,1376041000.0,0.02728334,10139.9
France,WE,1882,37636000.0,33.3574,1385750000.0,0.0271593,10307.9
France,WE,1883,37729000.0,33.9821,1395507000.0,0.02703605,10475.0
France,WE,1884,37822000.0,34.6068,1405536000.0,0.02690931,10641.3
France,WE,1885,37915000.0,35.2315,1415514000.0,0.02678532,10806.9
France,WE,1886,38008000.0,35.856199999999994,1425627000.0,0.02666055,10971.6
France,WE,1887,38101000.0,36.4809,1435759000.0,0.02653718,11135.5
France,WE,1888,38194000.0,37.1056,1445944000.0,0.02641458,11298.6
France,WE,1889,38287000.0,37.7303,1456277000.0,0.02629101,11460.9
France,WE,1890,38380000.0,38.355,1466582000.0,0.02616969,11622.4
France,WE,1891,38432000.0,39.1332,1477705000.0,0.0260079,11842.2
France,WE,1892,38484000.0,39.9114,1488973000.0,0.025846,12061.4
France,WE,1893,38536000.0,40.6896,1500286000.0,0.02568577,12279.9
France,WE,1894,38588000.0,41.4678,1511963000.0,0.02552179,12497.9
France,WE,1895,38640000.0,42.246,1523676000.0,0.02535972,12715.3
France,WE,1896,38692000.0,43.0242,1535655000.0,0.02519576,12932.2
France,WE,1897,38744000.0,43.8024,1547830000.0,0.02503117,13148.4
France,WE,1898,38796000.0,44.5806,1560243000.0,0.02486536,13364.1
France,WE,1899,38848000.0,45.3588,1572611000.0,0.02470287,13579.2
France,WE,1900,38900000.0,46.137,1584867000.0,0.02454465,13793.7
France,WE,1901,38964000.0,46.7132,1600044000.0,0.02435183,13943.0
France,WE,1902,39028000.0,47.2894,1615427000.0,0.02415956,14091.8
France,WE,1903,39092000.0,47.8656,1630965000.0,0.02396863,14240.2
France,WE,1904,39156000.0,48.4418,1646581000.0,0.02378018,14388.0
France,WE,1905,39220000.0,49.018,1662453000.0,0.02359164,14535.4
France,WE,1906,39284000.0,49.5942,1678596000.0,0.02340289,14682.3
France,WE,1907,39348000.0,50.1704,1695030000.0,0.02321375,14828.8
France,WE,1908,39412000.0,50.7466,1711586000.0,0.0230266,14974.7
France,WE,1909,39476000.0,51.3228,1728501000.0,0.02283829,15120.2
France,WE,1910,39540000.0,51.899,1745736000.0,0.02264947,15265.2
France,WE,1911,39488300.0,51.9477,1762399000.0,0.02240599,15299.5
France,WE,1912,39436600.0,51.9964,1779061000.0,0.02216709,15333.9
France,WE,1913,39384900.0,52.045100000000005,1796080000.0,0.02192825,15368.4
France,WE,1914,39333200.0,52.0938,1808262000.0,0.02175194,15403.0
France,WE,1915,39281500.0,52.1425,1818401000.0,0.02160222,15437.7
France,WE,1916,39229800.0,52.1912,1828586000.0,0.02145363,15472.5
France,WE,1917,39178100.0,52.239900000000006,1839381000.0,0.02129961,15507.4
France,WE,1918,39126400.0,52.2886,1849942000.0,0.02115007,15542.4
France,WE,1919,39074700.0,52.3373,1862569000.0,0.02097893,15577.4
France,WE,1920,39023000.0,52.386,1875297000.0,0.02080897,15612.6
France,WE,1921,39281700.0,54.9417,1886887000.0,0.02081826,16266.4
France,WE,1922,39540400.0,57.4974,1903926000.0,0.02076782,16911.7
France,WE,1923,39799100.0,60.0531,1924127000.0,0.02068424,17548.6
France,WE,1924,40057800.0,62.6088,1946371000.0,0.02058076,18177.2
France,WE,1925,40316500.0,65.1645,1968879000.0,0.02047688,18797.8
France,WE,1926,40575200.0,67.7202,1991829000.0,0.02037083,19410.5
France,WE,1927,40833900.0,70.27590000000001,2014443000.0,0.02027057,20015.4
France,WE,1928,41092600.0,72.8316,2036576000.0,0.0201773,20612.8
France,WE,1929,41351300.0,75.3873,2059103000.0,0.02008219,21202.6
France,WE,1930,41610000.0,77.943,2080211000.0,0.02000278,21785.1
France,WE,1931,41549000.0,75.1223,2101812000.0,0.01976818,21027.5
France,WE,1932,41488000.0,72.3016,2121508000.0,0.0195559,20267.7
France,WE,1933,41427000.0,69.48089999999999,2140973000.0,0.01934961,19505.7
France,WE,1934,41366000.0,66.6602,2161152000.0,0.01914072,18741.4
France,WE,1935,41305000.0,63.8395,2181702000.0,0.01893247,17974.9
France,WE,1936,41244000.0,61.0188,2203365000.0,0.01871864,17206.1
France,WE,1937,41183000.0,58.1981,2226159000.0,0.01849958,16435.0
France,WE,1938,41122000.0,55.3774,2250491000.0,0.01827246,15661.7
France,WE,1939,41061000.0,52.5567,2275307000.0,0.01804636,14886.0
France,WE,1940,41000000.0,49.736,2296743000.0,0.01785137,14108.0
France,WE,1941,41083600.0,51.517,2313071000.0,0.0177615,14583.5
France,WE,1942,41167200.0,53.298,2331578000.0,0.01765637,15057.0
France,WE,1943,41250800.0,55.079,2350140000.0,0.01755249,15528.6
France,WE,1944,41334400.0,56.86,2368872000.0,0.01744898,15998.3
France,WE,1945,41418000.0,58.641000000000005,2394093000.0,0.01730008,16466.1
France,WE,1946,41501600.0,60.422,2419526000.0,0.01715278,16932.1
France,WE,1947,41585200.0,62.203,2446628000.0,0.01699694,17396.1
France,WE,1948,41668800.0,63.98400000000001,2473860000.0,0.01684364,17858.3
France,WE,1949,41752400.0,65.76500000000001,2501856000.0,0.01668857,18318.6
France,WE,1950,41836000.0,67.546,2529794000.0,0.01653731,18777.1
France,WE,1951,42220800.0,69.99640000000001,2577776000.0,0.01637877,19281.0
France,WE,1952,42605600.0,72.44680000000001,2624866000.0,0.01623153,19775.7
France,WE,1953,42990400.0,74.8972,2671465000.0,0.01609244,20261.6
France,WE,1954,43375200.0,77.3476,2718563000.0,0.01595519,20738.9
France,WE,1955,43760000.0,79.798,2766430000.0,0.01581822,21207.7
France,WE,1956,44144800.0,82.2484,2815461000.0,0.01567942,21668.4
France,WE,1957,44529600.0,84.6988,2866148000.0,0.01553639,22121.2
France,WE,1958,44914400.0,87.14920000000001,2918168000.0,0.0153913,22566.2
France,WE,1959,45299200.0,89.5996,2971839000.0,0.01524282,23003.6
France,WE,1960,45684000.0,92.05,3027112000.0,0.01509161,23433.6
France,WE,1961,46192800.0,99.1661,3084358000.0,0.01497647,24967.1
France,WE,1962,46701600.0,106.2822,3143380000.0,0.01485713,26467.2
France,WE,1963,47210400.0,113.3983,3204489000.0,0.01473258,27935.0
France,WE,1964,47719200.0,120.5144,3268074000.0,0.01460163,29371.5
France,WE,1965,48228000.0,127.6305,3334092000.0,0.01446511,30777.6
France,WE,1966,48736800.0,134.7466,3402738000.0,0.01432282,32154.4
France,WE,1967,49245600.0,141.86270000000002,3473827000.0,0.01417618,33502.8
France,WE,1968,49754400.0,148.9788,3546719000.0,0.01402829,34823.5
France,WE,1969,50263200.0,156.0949,3620809000.0,0.01388176,36117.6
France,WE,1970,50772000.0,163.211,3695944000.0,0.01373722,37385.6
France,WE,1971,51082800.0,167.1578,3771809000.0,0.01354332,38056.7
France,WE,1972,51393600.0,171.1046,3847786000.0,0.01335667,38719.7
France,WE,1973,51704400.0,175.0514,3923766000.0,0.01317724,39374.7
France,WE,1974,52015200.0,178.9982,3999654000.0,0.01300492,40021.9
France,WE,1975,52326000.0,182.945,4075437000.0,0.01283936,40661.4
France,WE,1976,52636800.0,186.8918,4150660000.0,0.01268155,41293.4
France,WE,1977,52947600.0,190.8386,4225672000.0,0.01252998,41917.9
France,WE,1978,53258400.0,194.7854,4301501000.0,0.01238135,42535.2
France,WE,1979,53569200.0,198.7322,4378004000.0,0.01223599,43145.2
France,WE,1980,53880000.0,202.679,4456394000.0,0.01209049,43748.3
France,WE,1981,54165500.0,206.835,4535942000.0,0.0119414,44410.0
France,WE,1982,54451000.0,210.991,4616948000.0,0.01179372,45064.8
France,WE,1983,54736500.0,215.147,4699604000.0,0.01164705,45712.8
France,WE,1984,55022000.0,219.303,4784334000.0,0.01150045,46354.1
France,WE,1985,55307500.0,223.459,4871434000.0,0.01135343,46988.7
France,WE,1986,55593000.0,227.615,4961120000.0,0.01120574,47616.8
France,WE,1987,55878500.0,231.771,5052960000.0,0.01105857,48238.5
France,WE,1988,56164000.0,235.927,5145733000.0,0.01091467,48853.9
France,WE,1989,56449500.0,240.083,5237968000.0,0.01077698,49463.1
France,WE,1990,56735000.0,244.239,5328602000.0,0.01064726,50066.1
France,WE,1991,56999700.0,248.234,5417317000.0,0.01052176,50648.7
France,WE,1992,57264400.0,252.229,5503880000.0,0.01040437,51225.9
France,WE,1993,57529100.0,256.224,5588359000.0,0.01029445,51797.9
France,WE,1994,57793800.0,260.219,5671048000.0,0.01019103,52364.6
France,WE,1995,58058500.0,264.214,5752408000.0,0.0100929,52926.1
France,WE,1996,58323200.0,268.209,5832484000.0,0.00999972,53482.5
France,WE,1997,58587900.0,272.204,5911415000.0,0.00991098,54033.9
France,WE,1998,58852600.0,276.199,5989470000.0,0.00982601,54580.3
France,WE,1999,59117300.0,280.194,6067325000.0,0.00974355,55121.9
France,WE,2000,59382000.0,284.189,6145394000.0,0.00966285,55658.6
France,WE,2001,59746500.0,284.4178,6223661000.0,0.0095999,55363.6
France,WE,2002,60111000.0,284.64660000000003,6302453000.0,0.00953771,55072.1
France,WE,2003,60475500.0,284.8754,6381858000.0,0.00947616,54784.2
France,WE,2004,60840000.0,285.1042,6461988000.0,0.00941506,54499.7
France,WE,2005,61204500.0,285.333,6542867000.0,0.00935439,54218.6
France,WE,2006,61569000.0,285.5618,6624538000.0,0.00929408,53940.8
France,WE,2007,61933500.0,285.7906,6707018000.0,0.00923413,53666.3
France,WE,2008,62298000.0,286.0194,6790025000.0,0.00917493,53395.1
France,WE,2009,62662500.0,286.2482,6874725000.0,0.00911491,53126.9
France,WE,2010,63027000.0,286.477,6959421000.0,0.00905636,52861.9
France,WE,2011,63251700.0,282.2722,7044266000.0,0.00897918,51901.0
France,WE,2012,63476400.0,278.0674,7129609000.0,0.00890321,50946.9
France,WE,2013,63701100.0,273.8626,7215047000.0,0.00882892,49999.5
France,WE,2014,63925800.0,269.6578,7300248000.0,0.00875666,49058.8
France,WE,2015,64150500.0,265.453,7384880000.0,0.00868674,48124.6
France,WE,2016,64375200.0,261.2482,7469068000.0,0.00861891,47197.0
France,WE,2017,64599900.0,257.0434,7550393000.0,0.00855583,46275.8
France,WE,2018,64824600.0,252.8386,7632955000.0,0.00849273,45361.1
France,WE,2019,65049300.0,248.6338,7714577000.0,0.008432,44452.6
France,WE,2020,65274000.0,244.429,7795482000.0,0.00837331,43550.4
Germany,WE,1820,26101000.0,9.834,1047270000.0,0.02492289,4381.8
Germany,WE,1821,26430200.0,9.9317,1052728000.0,0.02510639,4370.2
Germany,WE,1822,26759400.0,10.0294,1058224000.0,0.02528708,4358.9
Germany,WE,1823,27088600.0,10.1271,1063824000.0,0.02546342,4347.9
Germany,WE,1824,27417800.0,10.2248,1069477000.0,0.02563664,4337.1
Germany,WE,1825,27747000.0,10.3225,1075142000.0,0.02580775,4326.6
Germany,WE,1826,28076200.0,10.4202,1080733000.0,0.02597885,4316.4
Germany,WE,1827,28405400.0,10.5179,1086318000.0,0.02614833,4306.3
Germany,WE,1828,28734600.0,10.6156,1091853000.0,0.02631728,4296.5
Germany,WE,1829,29063800.0,10.7133,1097270000.0,0.02648737,4287.0
Germany,WE,1830,29393000.0,10.811,1102518000.0,0.02665988,4277.6
Germany,WE,1831,29715800.0,11.0333,1108061000.0,0.02681784,4318.1
Germany,WE,1832,30038600.0,11.2556,1113520000.0,0.02697626,4357.8
Germany,WE,1833,30361400.0,11.4779,1119039000.0,0.02713167,4396.6
Germany,WE,1834,30684200.0,11.7002,1124554000.0,0.02728566,4434.6
Germany,WE,1835,31007000.0,11.9225,1130361000.0,0.02743106,4471.9
Germany,WE,1836,31329800.0,12.1448,1136068000.0,0.0275774,4508.3
Germany,WE,1837,31652600.0,12.3671,1141817000.0,0.02772125,4544.0
Germany,WE,1838,31975400.0,12.5894,1147560000.0,0.02786382,4579.0
Germany,WE,1839,32298200.0,12.8117,1153428000.0,0.02800192,4613.3
Germany,WE,1840,32621000.0,13.034,1159310000.0,0.02813829,4646.9
Germany,WE,1841,32890100.0,13.2245,1165435000.0,0.02822131,4676.2
Germany,WE,1842,33159199.999999996,13.415,1171545000.0,0.02830382,4705.1
Germany,WE,1843,33428300.000000004,13.6055,1177631000.0,0.02838606,4733.5
Germany,WE,1844,33697400.0,13.796,1183818000.0,0.02846502,4761.4
Germany,WE,1845,33966500.0,13.9865,1190091000.0,0.02854109,4788.9
Germany,WE,1846,34235600.0,14.177,1196249000.0,0.02861913,4816.0
Germany,WE,1847,34504700.0,14.3675,1201397000.0,0.02872048,4842.6
Germany,WE,1848,34773800.0,14.558,1205963000.0,0.02883488,4868.9
Germany,WE,1849,35042900.0,14.7485,1211069000.0,0.02893551,4894.7
Germany,WE,1850,35312000.0,14.939,1216574000.0,0.02902577,4920.2
Germany,WE,1851,35541900.0,15.6301,1218975000.0,0.0291572,5114.5
Germany,WE,1852,35771800.0,16.3212,1221557000.0,0.02928377,5306.3
Germany,WE,1853,36001700.0,17.0123,1224259000.0,0.02940693,5495.7
Germany,WE,1854,36231600.0,17.703400000000002,1226726000.0,0.0295352,5682.6
Germany,WE,1855,36461500.0,18.3945,1228814000.0,0.02967211,5867.2
Germany,WE,1856,36691400.0,19.0856,1231565000.0,0.0297925,6049.5
Germany,WE,1857,36921300.0,19.7767,1234524000.0,0.02990732,6229.5
Germany,WE,1858,37151200.0,20.4678,1237487000.0,0.03002149,6407.3
Germany,WE,1859,37381100.0,21.158900000000003,1240642000.0,0.03013045,6583.0
Germany,WE,1860,37611000.0,21.85,1243735000.0,0.03024036,6756.4
Germany,WE,1861,37930400.0,22.9015,1247652000.0,0.03040143,7021.9
Germany,WE,1862,38249800.0,23.953000000000003,1250707000.0,0.03058254,7283.0
Germany,WE,1863,38569200.0,25.0045,1254013000.0,0.03075662,7539.8
Germany,WE,1864,38888600.0,26.056,1257290000.0,0.03093049,7792.3
Germany,WE,1865,39208000.0,27.1075,1260601000.0,0.03110262,8040.7
Germany,WE,1866,39527400.0,28.159,1263629000.0,0.03128086,8285.1
Germany,WE,1867,39846800.0,29.210500000000003,1266809000.0,0.03145447,8525.6
Germany,WE,1868,40166200.0,30.262,1269858000.0,0.03163047,8762.3
Germany,WE,1869,40485600.0,31.313500000000005,1271405000.0,0.0318432,8995.2
Germany,WE,1870,40805000.0,32.365,1274661000.0,0.03201243,9224.5
Germany,WE,1871,41234000.0,33.7533,1282387000.0,0.0321541,9520.1
Germany,WE,1872,41663000.0,35.141600000000004,1290858000.0,0.03227543,9809.6
Germany,WE,1873,42092000.0,36.5299,1299848000.0,0.03238225,10093.2
Germany,WE,1874,42521000.0,37.9182,1309013000.0,0.03248325,10371.1
Germany,WE,1875,42950000.0,39.3065,1318339000.0,0.03257887,10643.4
Germany,WE,1876,43379000.0,40.6948,1327814000.0,0.03266949,10910.4
Germany,WE,1877,43808000.0,42.0831,1337399000.0,0.03275612,11172.1
Germany,WE,1878,44237000.0,43.4714,1347055000.0,0.03283979,11428.7
Germany,WE,1879,44666000.0,44.8597,1356760000.0,0.03292108,11680.4
Germany,WE,1880,45095000.0,46.248,1366310000.0,0.03300495,11927.4
Germany,WE,1881,45509600.0,48.3345,1376041000.0,0.03307285,12351.9
Germany,WE,1882,45924200.0,50.421,1385750000.0,0.03314032,12768.8
Germany,WE,1883,46338800.0,52.5075,1395507000.0,0.03320571,13178.2
Germany,WE,1884,46753400.0,54.594,1405536000.0,0.03326375,13580.4
Germany,WE,1885,47168000.0,56.6805,1415514000.0,0.03332217,13975.5
Germany,WE,1886,47582600.0,58.767,1425627000.0,0.03337661,14363.7
Germany,WE,1887,47997200.0,60.8535,1435759000.0,0.03342984,14745.2
Germany,WE,1888,48411800.0,62.94,1445944000.0,0.0334811,15120.1
Germany,WE,1889,48826400.0,65.0265,1456277000.0,0.03352824,15488.7
Germany,WE,1890,49241000.0,67.113,1466582000.0,0.03357535,15851.1
Germany,WE,1891,49921500.0,70.3393,1477705000.0,0.03378313,16386.6
Germany,WE,1892,50602000.0,73.5656,1488973000.0,0.0339845,16907.8
Germany,WE,1893,51282500.0,76.7919,1500286000.0,0.03418182,17415.1
Germany,WE,1894,51963000.0,80.01820000000001,1511963000.0,0.0343679,17909.1
Germany,WE,1895,52643500.0,83.2445,1523676000.0,0.03455032,18390.4
Germany,WE,1896,53324000.0,86.4708,1535655000.0,0.03472395,18859.3
Germany,WE,1897,54004500.0,89.6971,1547830000.0,0.03489046,19316.5
Germany,WE,1898,54685000.0,92.9234,1560243000.0,0.03504903,19762.3
Germany,WE,1899,55365500.0,96.1497,1572611000.0,0.0352061,20197.1
Germany,WE,1900,56046000.0,99.376,1584867000.0,0.03536322,20621.3
Germany,WE,1901,56898200.0,102.725,1600044000.0,0.0355604,20997.0
Germany,WE,1902,57750400.0,106.074,1615427000.0,0.03574931,21361.6
Germany,WE,1903,58602600.0,109.423,1630965000.0,0.03593124,21715.6
Germany,WE,1904,59454800.0,112.772,1646581000.0,0.03610803,22059.4
Germany,WE,1905,60307000.0,116.121,1662453000.0,0.03627591,22393.5
Germany,WE,1906,61159200.0,119.47,1678596000.0,0.03643473,22718.3
Germany,WE,1907,62011400.0,122.81900000000002,1695030000.0,0.03658425,23034.2
Germany,WE,1908,62863600.0,126.168,1711586000.0,0.03672827,23341.5
Germany,WE,1909,63715800.0,129.51700000000002,1728501000.0,0.03686188,23640.6
Germany,WE,1910,64568000.0,132.866,1745736000.0,0.03698612,23931.8
Germany,WE,1911,64414000.0,132.0061,1762399000.0,0.03654904,23833.8
Germany,WE,1912,64260000.0,131.14620000000002,1779061000.0,0.03612018,23735.3
Germany,WE,1913,64106000.0,130.2863,1796080000.0,0.03569217,23636.3
Germany,WE,1914,63952000.0,129.4264,1808262000.0,0.03536656,23536.9
Germany,WE,1915,63798000.0,128.56650000000002,1818401000.0,0.03508467,23436.9
Germany,WE,1916,63644000.0,127.7066,1828586000.0,0.03480504,23336.5
Germany,WE,1917,63490000.0,126.8467,1839381000.0,0.03451705,23235.6
Germany,WE,1918,63336000.0,125.9868,1849942000.0,0.03423675,23134.2
Germany,WE,1919,63182000.0,125.1269,1862569000.0,0.03392196,23032.3
Germany,WE,1920,63028000.0,124.267,1875297000.0,0.03360961,22929.9
Germany,WE,1921,63233600.0,127.4908,1886887000.0,0.03351213,23448.3
Germany,WE,1922,63439200.0,130.7146,1903926000.0,0.0333202,23963.3
Germany,WE,1923,63644800.0,133.9384,1924127000.0,0.03307723,24475.0
Germany,WE,1924,63850400.0,137.16219999999998,1946371000.0,0.03280485,24983.3
Germany,WE,1925,64056000.0,140.386,1968879000.0,0.03253425,25488.5
Germany,WE,1926,64261600.0,143.6098,1991829000.0,0.03226261,25990.4
Germany,WE,1927,64467200.0,146.8336,2014443000.0,0.03200249,26489.0
Germany,WE,1928,64672800.0,150.0574,2036576000.0,0.03175565,26984.6
Germany,WE,1929,64878400.0,153.28119999999998,2059103000.0,0.03150809,27476.9
Germany,WE,1930,65084000.0,156.505,2080211000.0,0.03128721,27966.2
Germany,WE,1931,65559100.00000001,158.8863,2101812000.0,0.03119171,28186.0
Germany,WE,1932,66034200.0,161.2676,2121508000.0,0.03112607,28402.6
Germany,WE,1933,66509300.0,163.6489,2140973000.0,0.03106499,28616.1
Germany,WE,1934,66984399.99999999,166.0302,2161152000.0,0.03099477,28826.6
Germany,WE,1935,67459500.0,168.4115,2181702000.0,0.03092058,29034.1
Germany,WE,1936,67934600.0,170.7928,2203365000.0,0.0308322,29238.7
Germany,WE,1937,68409700.0,173.1741,2226159000.0,0.03072993,29440.5
Germany,WE,1938,68884800.0,175.55540000000002,2250491000.0,0.03060879,29639.5
Germany,WE,1939,69359900.0,177.9367,2275307000.0,0.03048375,29835.7
Germany,WE,1940,69835000.0,180.318,2296743000.0,0.0304061,30029.3
Germany,WE,1941,69689000.0,176.818,2313071000.0,0.03012834,29508.1
Germany,WE,1942,69543000.0,173.318,2331578000.0,0.02982658,28984.8
Germany,WE,1943,69397000.0,169.818,2350140000.0,0.02952888,28459.2
Germany,WE,1944,69251000.0,166.318,2368872000.0,0.02923375,27931.4
Germany,WE,1945,69105000.0,162.818,2394093000.0,0.02886479,27401.4
Germany,WE,1946,68959000.0,159.318,2419526000.0,0.02850104,26869.1
Germany,WE,1947,68813000.0,155.818,2446628000.0,0.02812565,26334.6
Germany,WE,1948,68667000.0,152.318,2473860000.0,0.02775703,25797.8
Germany,WE,1949,68521000.0,148.818,2501856000.0,0.02738807,25258.7
Germany,WE,1950,68375000.0,145.318,2529794000.0,0.02702789,24717.3
Germany,WE,1951,68785600.0,151.3564,2577776000.0,0.02668409,25590.7
Germany,WE,1952,69196200.0,157.3948,2624866000.0,0.0263618,26453.8
Germany,WE,1953,69606800.0,163.4332,2671465000.0,0.02605567,27306.6
Germany,WE,1954,70017400.0,169.4716,2718563000.0,0.0257553,28149.5
Germany,WE,1955,70428000.0,175.51,2766430000.0,0.02545808,28982.5
Germany,WE,1956,70838600.0,181.5484,2815461000.0,0.02516057,29805.9
Germany,WE,1957,71249200.0,187.5868,2866148000.0,0.02485887,30619.8
Germany,WE,1958,71659800.0,193.6252,2918168000.0,0.02455643,31424.3
Germany,WE,1959,72070400.0,199.6636,2971839000.0,0.02425111,32219.7
Germany,WE,1960,72481000.0,205.702,3027112000.0,0.02394394,33006.1
Germany,WE,1961,73011200.0,215.065,3084358000.0,0.02367144,34257.8
Germany,WE,1962,73541400.0,224.428,3143380000.0,0.02339564,35491.5
Germany,WE,1963,74071600.0,233.791,3204489000.0,0.02311495,36707.6
Germany,WE,1964,74601800.0,243.154,3268074000.0,0.02282745,37906.3
Germany,WE,1965,75132000.0,252.517,3334092000.0,0.02253447,39088.2
Germany,WE,1966,75662200.0,261.88,3402738000.0,0.02223568,40253.4
Germany,WE,1967,76192400.0,271.243,3473827000.0,0.02193327,41402.5
Germany,WE,1968,76722600.0,280.606,3546719000.0,0.02163199,42535.7
Germany,WE,1969,77252800.0,289.969,3620809000.0,0.02133578,43653.3
Germany,WE,1970,77783000.0,299.332,3695944000.0,0.0210455,44755.7
Germany,WE,1971,77834500.0,306.1831,3771809000.0,0.02063585,45749.8
Germany,WE,1972,77886000.0,313.0342,3847786000.0,0.02024177,46742.5
Germany,WE,1973,77937500.0,319.88530000000003,3923766000.0,0.01986293,47734.0
Germany,WE,1974,77989000.0,326.7364,3999654000.0,0.01949894,48724.1
Germany,WE,1975,78040500.0,333.5875,4075437000.0,0.01914899,49712.9
Germany,WE,1976,78092000.0,340.4386,4150660000.0,0.01881436,50700.5
Germany,WE,1977,78143500.0,347.28970000000004,4225672000.0,0.01849256,51686.7
Germany,WE,1978,78195000.0,354.1408,4301501000.0,0.01817854,52671.6
Germany,WE,1979,78246500.0,360.9919,4378004000.0,0.01787264,53655.3
Germany,WE,1980,78298000.0,367.843,4456394000.0,0.01756981,54637.6
Germany,WE,1981,78406200.0,367.8804,4535942000.0,0.01728554,54567.7
Germany,WE,1982,78514400.0,367.9178,4616948000.0,0.01700569,54498.1
Germany,WE,1983,78622600.0,367.9552,4699604000.0,0.01672962,54428.6
Germany,WE,1984,78730800.0,367.9926,4784334000.0,0.01645596,54359.3
Germany,WE,1985,78839000.0,368.03,4871434000.0,0.01618394,54290.2
Germany,WE,1986,78947200.0,368.0674,4961120000.0,0.01591318,54221.4
Germany,WE,1987,79055400.0,368.1048,5052960000.0,0.01564536,54152.6
Germany,WE,1988,79163600.0,368.1422,5145733000.0,0.01538432,54084.1
Germany,WE,1989,79271800.0,368.1796,5237968000.0,0.01513407,54015.8
Germany,WE,1990,79380000.0,368.217,5328602000.0,0.01489697,53947.6
Germany,WE,1991,79660800.0,366.7872,5417317000.0,0.01470484,53548.7
Germany,WE,1992,79941600.0,365.3574,5503880000.0,0.01452459,53152.6
Germany,WE,1993,80222400.0,363.9276,5588359000.0,0.01435527,52759.3
Germany,WE,1994,80503200.0,362.4978,5671048000.0,0.01419547,52368.7
Germany,WE,1995,80784000.0,361.068,5752408000.0,0.01404351,51980.8
Germany,WE,1996,81064800.0,359.6382,5832484000.0,0.01389885,51595.7
Germany,WE,1997,81345600.0,358.2084,5911415000.0,0.01376077,51213.1
Germany,WE,1998,81626400.0,356.7786,5989470000.0,0.01362832,50833.2
Germany,WE,1999,81907200.0,355.3488,6067325000.0,0.01349972,50456.0
Germany,WE,2000,82188000.0,353.919,6145394000.0,0.01337392,50081.3
Germany,WE,2001,82199400.0,354.09619999999995,6223661000.0,0.01320756,50099.4
Germany,WE,2002,82210800.0,354.2734,6302453000.0,0.01304425,50117.5
Germany,WE,2003,82222200.0,354.4506,6381858000.0,0.01288374,50135.6
Germany,WE,2004,82233600.0,354.6278,6461988000.0,0.01272574,50153.7
Germany,WE,2005,82245000.0,354.80499999999995,6542867000.0,0.01257018,50171.8
Germany,WE,2006,82256400.0,354.9822,6624538000.0,0.01241693,50189.9
Germany,WE,2007,82267800.0,355.1594,6707018000.0,0.01226593,50208.0
Germany,WE,2008,82279200.0,355.3366,6790025000.0,0.01211766,50226.1
Germany,WE,2009,82290600.0,355.51379999999995,6874725000.0,0.01197002,50244.2
Germany,WE,2010,82302000.0,355.691,6959421000.0,0.01182598,50262.3
Germany,WE,2011,82450200.0,353.57039999999995,7044266000.0,0.01170458,49872.8
Germany,WE,2012,82598400.0,351.4498,7129609000.0,0.01158526,49484.7
Germany,WE,2013,82746600.0,349.3292,7215047000.0,0.01146862,49098.1
Germany,WE,2014,82894800.0,347.2086,7300248000.0,0.01135507,48712.8
Germany,WE,2015,83043000.0,345.088,7384880000.0,0.011245,48328.9
Germany,WE,2016,83191200.0,342.9674,7469068000.0,0.0111381,47946.3
Germany,WE,2017,83339400.0,340.84680000000003,7550393000.0,0.01103776,47565.1
Germany,WE,2018,83487600.0,338.7262,7632955000.0,0.01093778,47185.3
Germany,WE,2019,83635800.0,336.6056,7714577000.0,0.01084127,46806.8
Germany,WE,2020,83784000.0,334.485,7795482000.0,0.01074776,46429.6
Greece,WE,1820,2312000.0,0.859,1047270000.0,0.00220764,4321.0
Greece,WE,1821,2334200.0,0.8632,1052728000.0,0.00221729,4300.8
Greece,WE,1822,2356400.0,0.8674,1058224000.0,0.00222675,4281.0
Greece,WE,1823,2378600.0,0.8716,1063824000.0,0.0022359,4261.6
Greece,WE,1824,2400800.0,0.8758,1069477000.0,0.00224484,4242.6
Greece,WE,1825,2423000.0,0.88,1075142000.0,0.00225366,4223.9
Greece,WE,1826,2445200.0,0.8842,1080733000.0,0.00226254,4205.5
Greece,WE,1827,2467400.0,0.8884,1086318000.0,0.00227134,4187.4
Greece,WE,1828,2489600.0,0.8926000000000001,1091853000.0,0.00228016,4169.7
Greece,WE,1829,2511800.0,0.8968,1097270000.0,0.00228914,4152.3
Greece,WE,1830,2534000.0,0.901,1102518000.0,0.00229838,4135.2
Greece,WE,1831,2558300.0,0.9108,1108061000.0,0.00230881,4140.5
Greece,WE,1832,2582600.0,0.9206,1113520000.0,0.00231931,4145.7
Greece,WE,1833,2606900.0,0.9304,1119039000.0,0.00232959,4150.7
Greece,WE,1834,2631200.0,0.9402,1124554000.0,0.00233977,4155.7
Greece,WE,1835,2655500.0,0.95,1130361000.0,0.00234925,4160.6
Greece,WE,1836,2679800.0,0.9598,1136068000.0,0.00235884,4165.4
Greece,WE,1837,2704100.0,0.9696,1141817000.0,0.00236824,4170.1
Greece,WE,1838,2728400.0,0.9794,1147560000.0,0.00237757,4174.8
Greece,WE,1839,2752700.0,0.9892,1153428000.0,0.00238654,4179.3
Greece,WE,1840,2777000.0,0.999,1159310000.0,0.00239539,4183.8
Greece,WE,1841,2803700.0,1.005,1165435000.0,0.00240571,4168.8
Greece,WE,1842,2830400.0,1.011,1171545000.0,0.00241595,4154.2
Greece,WE,1843,2857100.0,1.017,1177631000.0,0.00242614,4139.8
Greece,WE,1844,2883800.0,1.023,1183818000.0,0.00243602,4125.6
Greece,WE,1845,2910500.0,1.029,1190091000.0,0.00244561,4111.8
Greece,WE,1846,2937200.0,1.035,1196249000.0,0.00245534,4098.1
Greece,WE,1847,2963900.0,1.041,1201397000.0,0.00246704,4084.8
Greece,WE,1848,2990600.0,1.047,1205963000.0,0.00247984,4071.6
Greece,WE,1849,3017300.0,1.053,1211069000.0,0.00249144,4058.7
Greece,WE,1850,3044000.0,1.059,1216574000.0,0.00250211,4046.0
Greece,WE,1851,3073200.0,1.0662,1218975000.0,0.00252113,4034.9
Greece,WE,1852,3102400.0,1.0734,1221557000.0,0.00253971,4023.9
Greece,WE,1853,3131600.0,1.0806,1224259000.0,0.00255796,4013.1
Greece,WE,1854,3160800.0,1.0878,1226726000.0,0.00257661,4002.5
Greece,WE,1855,3190000.0,1.095,1228814000.0,0.002596,3992.1
Greece,WE,1856,3219200.0,1.1022,1231565000.0,0.00261391,3981.9
Greece,WE,1857,3248400.0,1.1094,1234524000.0,0.0026313,3971.9
Greece,WE,1858,3277600.0,1.1166,1237487000.0,0.00264859,3962.1
Greece,WE,1859,3306800.0,1.1238,1240642000.0,0.00266539,3952.4
Greece,WE,1860,3336000.0,1.131,1243735000.0,0.00268224,3942.9
Greece,WE,1861,3368100.0,1.1392,1247652000.0,0.00269955,3933.6
Greece,WE,1862,3400200.0,1.1474,1250707000.0,0.00271862,3924.6
Greece,WE,1863,3432300.0,1.1556,1254013000.0,0.00273705,3915.6
Greece,WE,1864,3464400.0,1.1638,1257290000.0,0.00275545,3906.9
Greece,WE,1865,3496500.0,1.1720000000000002,1260601000.0,0.00277368,3898.3
Greece,WE,1866,3528600.0,1.1802,1263629000.0,0.00279243,3889.9
Greece,WE,1867,3560700.0,1.1884,1266809000.0,0.00281076,3881.6
Greece,WE,1868,3592800.0,1.1966,1269858000.0,0.00282929,3873.4
Greece,WE,1869,3624900.0,1.2048,1271405000.0,0.0028511,3865.4
Greece,WE,1870,3657000.0,1.213,1274661000.0,0.002869,3857.6
Greece,WE,1871,3696200.0,1.2175,1282387000.0,0.00288228,3830.8
Greece,WE,1872,3735400.0,1.222,1290858000.0,0.00289373,3804.6
Greece,WE,1873,3774600.0,1.2265,1299848000.0,0.00290388,3779.0
Greece,WE,1874,3813800.0,1.231,1309013000.0,0.00291349,3753.9
Greece,WE,1875,3853000.0,1.2355,1318339000.0,0.00292262,3729.3
Greece,WE,1876,3892200.0,1.24,1327814000.0,0.00293128,3705.2
Greece,WE,1877,3931400.0,1.2445,1337399000.0,0.00293959,3681.5
Greece,WE,1878,3970600.0,1.249,1347055000.0,0.00294762,3658.4
Greece,WE,1879,4009800.0,1.2535,1356760000.0,0.00295542,3635.6
Greece,WE,1880,4049000.0,1.258,1366310000.0,0.00296346,3613.4
Greece,WE,1881,4092300.0,1.2672,1376041000.0,0.00297397,3601.3
Greece,WE,1882,4135600.0000000005,1.2764,1385750000.0,0.00298438,3589.5
Greece,WE,1883,4178899.9999999995,1.2856,1395507000.0,0.00299454,3577.9
Greece,WE,1884,4222200.0,1.2948,1405536000.0,0.00300398,3566.5
Greece,WE,1885,4265500.0,1.304,1415514000.0,0.00301339,3555.4
Greece,WE,1886,4308800.0,1.3132,1425627000.0,0.00302239,3544.5
Greece,WE,1887,4352100.0,1.3224,1435759000.0,0.00303122,3533.8
Greece,WE,1888,4395400.0,1.3316,1445944000.0,0.00303981,3523.3
Greece,WE,1889,4438700.0,1.3408,1456277000.0,0.00304798,3513.1
Greece,WE,1890,4482000.0,1.35,1466582000.0,0.00305609,3503.0
Greece,WE,1891,4530000.0,1.3598,1477705000.0,0.00306556,3491.1
Greece,WE,1892,4578000.0,1.3696000000000002,1488973000.0,0.0030746,3479.3
Greece,WE,1893,4626000.0,1.3794,1500286000.0,0.00308341,3467.9
Greece,WE,1894,4674000.0,1.3892,1511963000.0,0.00309135,3456.7
Greece,WE,1895,4722000.0,1.399,1523676000.0,0.00309908,3445.7
Greece,WE,1896,4770000.0,1.4088,1535655000.0,0.00310617,3434.9
Greece,WE,1897,4818000.0,1.4186,1547830000.0,0.00311274,3424.3
Greece,WE,1898,4866000.0,1.4284,1560243000.0,0.00311874,3414.0
Greece,WE,1899,4914000.0,1.4382,1572611000.0,0.00312474,3403.8
Greece,WE,1900,4962000.0,1.448,1584867000.0,0.00313086,3393.8
Greece,WE,1901,4997800.0,1.4587,1600044000.0,0.00312354,3394.4
Greece,WE,1902,5033600.0,1.4694,1615427000.0,0.00311596,3395.0
Greece,WE,1903,5069400.0,1.4801,1630965000.0,0.00310822,3395.6
Greece,WE,1904,5105200.0,1.4908,1646581000.0,0.00310049,3396.1
Greece,WE,1905,5141000.0,1.5015,1662453000.0,0.00309242,3396.7
Greece,WE,1906,5176800.0,1.5122,1678596000.0,0.00308401,3397.3
Greece,WE,1907,5212600.0,1.5229,1695030000.0,0.00307523,3397.8
Greece,WE,1908,5248400.0,1.5336,1711586000.0,0.0030664,3398.3
Greece,WE,1909,5284200.0,1.5443,1728501000.0,0.0030571,3398.9
Greece,WE,1910,5320000.0,1.555,1745736000.0,0.00304743,3399.4
Greece,WE,1911,5358000.0,1.5738,1762399000.0,0.00304017,3416.1
Greece,WE,1912,5396000.0,1.5926,1779061000.0,0.00303306,3432.5
Greece,WE,1913,5434000.0,1.6114,1796080000.0,0.00302548,3448.8
Greece,WE,1914,5472000.0,1.6302,1808262000.0,0.00302611,3464.8
Greece,WE,1915,5510000.0,1.649,1818401000.0,0.00303013,3480.6
Greece,WE,1916,5548000.0,1.6678,1828586000.0,0.00303404,3496.1
Greece,WE,1917,5586000.0,1.6866,1839381000.0,0.00303689,3511.5
Greece,WE,1918,5624000.0,1.7054,1849942000.0,0.0030401,3526.6
Greece,WE,1919,5662000.0,1.7242000000000002,1862569000.0,0.00303989,3541.6
Greece,WE,1920,5700000.0,1.743,1875297000.0,0.00303952,3556.3
Greece,WE,1921,5765100.0,1.7976,1886887000.0,0.00305535,3626.3
Greece,WE,1922,5830200.0,1.8522,1903926000.0,0.0030622,3694.7
Greece,WE,1923,5895300.0,1.9068,1924127000.0,0.00306388,3761.7
Greece,WE,1924,5960400.0,1.9614,1946371000.0,0.00306231,3827.1
Greece,WE,1925,6025500.0,2.016,1968879000.0,0.00306037,3891.1
Greece,WE,1926,6090600.0,2.0706,1991829000.0,0.00305779,3953.8
Greece,WE,1927,6155700.0,2.1252,2014443000.0,0.00305578,4015.2
Greece,WE,1928,6220800.0,2.1798,2036576000.0,0.00305454,4075.2
Greece,WE,1929,6285900.0,2.2344,2059103000.0,0.00305274,4134.0
Greece,WE,1930,6351000.0,2.289,2080211000.0,0.00305306,4191.6
Greece,WE,1931,6443900.0,2.2786,2101812000.0,0.00306588,4112.4
Greece,WE,1932,6536800.0,2.2682,2121508000.0,0.0030812,4035.5
Greece,WE,1933,6629700.0,2.2578,2140973000.0,0.00309658,3960.7
Greece,WE,1934,6722600.0,2.2474000000000003,2161152000.0,0.00311066,3888.0
Greece,WE,1935,6815500.0,2.237,2181702000.0,0.00312394,3817.2
Greece,WE,1936,6908400.0,2.2266,2203365000.0,0.00313539,3748.4
Greece,WE,1937,7001300.0,2.2162,2226159000.0,0.00314501,3681.4
Greece,WE,1938,7094200.0,2.2058,2250491000.0,0.00315229,3616.1
Greece,WE,1939,7187100.0,2.1954,2275307000.0,0.00315874,3552.5
Greece,WE,1940,7280000.0,2.185,2296743000.0,0.00316971,3490.6
Greece,WE,1941,7308600.0,2.2658,2313071000.0,0.0031597,3605.5
Greece,WE,1942,7337200.0,2.3466,2331578000.0,0.00314688,3719.5
Greece,WE,1943,7365800.0,2.4274,2350140000.0,0.0031342,3832.7
Greece,WE,1944,7394400.0,2.5082,2368872000.0,0.00312149,3944.9
Greece,WE,1945,7423000.0,2.589,2394093000.0,0.00310055,4056.3
Greece,WE,1946,7451600.0,2.6698,2419526000.0,0.00307978,4166.9
Greece,WE,1947,7480200.0,2.7506,2446628000.0,0.00305735,4276.6
Greece,WE,1948,7508800.0,2.8314,2473860000.0,0.00303526,4385.4
Greece,WE,1949,7537400.0,2.9122,2501856000.0,0.00301272,4493.4
Greece,WE,1950,7566000.0,2.993,2529794000.0,0.00299076,4600.7
Greece,WE,1951,7642100.0,3.2974,2577776000.0,0.00296461,5018.1
Greece,WE,1952,7718200.0,3.6018,2624866000.0,0.00294042,5427.3
Greece,WE,1953,7794300.0,3.9062,2671465000.0,0.00291761,5828.5
Greece,WE,1954,7870400.0,4.2106,2718563000.0,0.00289506,6222.0
Greece,WE,1955,7946500.0,4.515,2766430000.0,0.00287247,6607.9
Greece,WE,1956,8022600.0,4.8194,2815461000.0,0.00284948,6986.5
Greece,WE,1957,8098700.0,5.123799999999999,2866148000.0,0.00282564,7357.9
Greece,WE,1958,8174800.0,5.4282,2918168000.0,0.00280135,7722.5
Greece,WE,1959,8250900.0,5.7326,2971839000.0,0.00277636,8080.3
Greece,WE,1960,8327000.0,6.037,3027112000.0,0.00275081,8431.6
Greece,WE,1961,8373600.0,6.5628,3084358000.0,0.00271486,9115.0
Greece,WE,1962,8420200.0,7.0886,3143380000.0,0.00267871,9790.8
Greece,WE,1963,8466800.0,7.6144,3204489000.0,0.00264217,10459.1
Greece,WE,1964,8513400.0,8.1402,3268074000.0,0.00260502,11120.2
Greece,WE,1965,8560000.0,8.666,3334092000.0,0.00256742,11774.0
Greece,WE,1966,8606600.0,9.1918,3402738000.0,0.00252932,12420.8
Greece,WE,1967,8653200.0,9.7176,3473827000.0,0.00249097,13060.6
Greece,WE,1968,8699800.0,10.2434,3546719000.0,0.00245291,13693.5
Greece,WE,1969,8746400.0,10.7692,3620809000.0,0.00241559,14319.7
Greece,WE,1970,8793000.0,11.295,3695944000.0,0.00237909,14939.3
Greece,WE,1971,8878000.0,12.0263,3771809000.0,0.00235378,15754.2
Greece,WE,1972,8963000.0,12.7576,3847786000.0,0.00232939,16553.7
Greece,WE,1973,9048000.0,13.4889,3923766000.0,0.00230595,17338.2
Greece,WE,1974,9133000.0,14.2202,3999654000.0,0.00228345,18108.1
Greece,WE,1975,9218000.0,14.9515,4075437000.0,0.00226184,18863.7
Greece,WE,1976,9303000.0,15.6828,4150660000.0,0.00224133,19605.6
Greece,WE,1977,9388000.0,16.4141,4225672000.0,0.00222166,20334.0
Greece,WE,1978,9473000.0,17.145400000000002,4301501000.0,0.00220225,21049.4
Greece,WE,1979,9558000.0,17.8767,4378004000.0,0.00218319,21752.0
Greece,WE,1980,9643000.0,18.608,4456394000.0,0.00216386,22442.3
Greece,WE,1981,9691700.0,19.2356,4535942000.0,0.00213665,23082.6
Greece,WE,1982,9740400.0,19.8632,4616948000.0,0.00210971,23716.6
Greece,WE,1983,9789100.0,20.4908,4699604000.0,0.00208296,24344.2
Greece,WE,1984,9837800.0,21.1184,4784334000.0,0.00205625,24965.6
Greece,WE,1985,9886500.0,21.746,4871434000.0,0.00202948,25580.9
Greece,WE,1986,9935200.0,22.3736,4961120000.0,0.00200261,26190.2
Greece,WE,1987,9983900.0,23.0012,5052960000.0,0.00197585,26793.5
Greece,WE,1988,10032600.0,23.6288,5145733000.0,0.00194969,27391.0
Greece,WE,1989,10081300.0,24.2564,5237968000.0,0.00192466,27982.7
Greece,WE,1990,10130000.0,24.884,5328602000.0,0.00190106,28568.7
Greece,WE,1991,10172900.0,25.6019,5417317000.0,0.00187785,29268.9
Greece,WE,1992,10215800.0,26.3198,5503880000.0,0.00185611,29963.3
Greece,WE,1993,10258700.0,27.0377,5588359000.0,0.00183573,30651.9
Greece,WE,1994,10301600.0,27.7556,5671048000.0,0.00181652,31334.7
Greece,WE,1995,10344500.0,28.4735,5752408000.0,0.00179829,32011.9
Greece,WE,1996,10387400.0,29.1914,5832484000.0,0.00178096,32683.4
Greece,WE,1997,10430300.0,29.9093,5911415000.0,0.00176443,33349.5
Greece,WE,1998,10473200.0,30.6272,5989470000.0,0.0017486,34010.1
Greece,WE,1999,10516100.0,31.3451,6067325000.0,0.00173323,34665.3
Greece,WE,2000,10559000.0,32.063,6145394000.0,0.0017182,35315.2
Greece,WE,2001,10591900.0,32.1775,6223661000.0,0.00170188,35331.2
Greece,WE,2002,10624800.0,32.292,6302453000.0,0.00168582,35347.1
Greece,WE,2003,10657700.0,32.4065,6381858000.0,0.00167,35362.9
Greece,WE,2004,10690600.0,32.521,6461988000.0,0.00165438,35378.7
Greece,WE,2005,10723500.0,32.6355,6542867000.0,0.00163896,35394.3
Greece,WE,2006,10756400.0,32.75,6624538000.0,0.00162372,35409.8
Greece,WE,2007,10789300.0,32.8645,6707018000.0,0.00160866,35425.3
Greece,WE,2008,10822200.0,32.979,6790025000.0,0.00159384,35440.6
Greece,WE,2009,10855100.0,33.0935,6874725000.0,0.00157899,35455.9
Greece,WE,2010,10888000.0,33.208,6959421000.0,0.0015645,35471.1
Greece,WE,2011,10841500.0,32.585899999999995,7044266000.0,0.00153905,34955.9
Greece,WE,2012,10795000.0,31.9638,7129609000.0,0.00151411,34436.2
Greece,WE,2013,10748500.0,31.3417,7215047000.0,0.00148973,33912.1
Greece,WE,2014,10702000.0,30.7196,7300248000.0,0.00146598,33383.4
Greece,WE,2015,10655500.0,30.0975,7384880000.0,0.00144288,32850.1
Greece,WE,2016,10609000.0,29.4754,7469068000.0,0.00142039,32312.1
Greece,WE,2017,10562500.0,28.8533,7550393000.0,0.00139893,31769.4
Greece,WE,2018,10516000.0,28.2312,7632955000.0,0.00137771,31221.8
Greece,WE,2019,10469500.0,27.6091,7714577000.0,0.00135711,30669.5
Greece,WE,2020,10423000.0,26.987,7795482000.0,0.00133706,30112.1
Guatemala,LA,1820,595000.0,0.219,1047270000.0,0.00056814,4280.6
Guatemala,LA,1821,602500.0,0.2217,1052728000.0,0.00057232,4279.5
Guatemala,LA,1822,610000.0,0.2244,1058224000.0,0.00057644,4278.3
Guatemala,LA,1823,617500.0,0.2271,1063824000.0,0.00058045,4277.2
Guatemala,LA,1824,625000.0,0.2298,1069477000.0,0.0005844,4276.1
Guatemala,LA,1825,632500.0,0.2324999999999999,1075142000.0,0.00058829,4275.1
Guatemala,LA,1826,640000.0,0.2352,1080733000.0,0.00059219,4274.0
Guatemala,LA,1827,647500.0,0.2379,1086318000.0,0.00059605,4273.0
Guatemala,LA,1828,655000.0,0.2406,1091853000.0,0.0005999,4272.0
Guatemala,LA,1829,662500.0,0.2433,1097270000.0,0.00060377,4271.1
Guatemala,LA,1830,670000.0,0.246,1102518000.0,0.0006077,4270.1
Guatemala,LA,1831,678500.0,0.2494,1108061000.0,0.00061233,4274.9
Guatemala,LA,1832,687000.0,0.2528,1113520000.0,0.00061696,4279.6
Guatemala,LA,1833,695500.0,0.2562,1119039000.0,0.00062152,4284.1
Guatemala,LA,1834,704000.0,0.2596,1124554000.0,0.00062603,4288.6
Guatemala,LA,1835,712500.0,0.263,1130361000.0,0.00063033,4292.9
Guatemala,LA,1836,721000.0,0.2664,1136068000.0,0.00063465,4297.1
Guatemala,LA,1837,729500.0,0.2698,1141817000.0,0.00063889,4301.3
Guatemala,LA,1838,738000.0,0.2732,1147560000.0,0.0006431,4305.3
Guatemala,LA,1839,746500.0,0.2766,1153428000.0,0.0006472,4309.3
Guatemala,LA,1840,755000.0,0.28,1159310000.0,0.00065125,4313.1
Guatemala,LA,1841,764500.0,0.2843,1165435000.0,0.00065598,4324.9
Guatemala,LA,1842,774000.0,0.2886,1171545000.0,0.00066067,4336.5
Guatemala,LA,1843,783500.0,0.2929,1177631000.0,0.00066532,4347.7
Guatemala,LA,1844,793000.0,0.2972,1183818000.0,0.00066987,4358.7
Guatemala,LA,1845,802500.0,0.3015,1190091000.0,0.00067432,4369.4
Guatemala,LA,1846,812000.0,0.3058,1196249000.0,0.00067879,4379.9
Guatemala,LA,1847,821500.0,0.3101,1201397000.0,0.00068379,4390.1
Guatemala,LA,1848,831000.0,0.3144,1205963000.0,0.00068908,4400.1
Guatemala,LA,1849,840500.0,0.3187,1211069000.0,0.00069401,4409.9
Guatemala,LA,1850,850000.0,0.323,1216574000.0,0.00069868,4419.4
Guatemala,LA,1851,860800.0,0.3289,1218975000.0,0.00070617,4443.7
Guatemala,LA,1852,871600.0,0.3348,1221557000.0,0.00071352,4467.3
Guatemala,LA,1853,882400.0,0.3407,1224259000.0,0.00072076,4490.4
Guatemala,LA,1854,893200.0,0.3466,1226726000.0,0.00072812,4512.9
Guatemala,LA,1855,904000.0,0.3525,1228814000.0,0.00073567,4534.9
Guatemala,LA,1856,914800.0,0.3584,1231565000.0,0.00074279,4556.4
Guatemala,LA,1857,925600.0,0.3643,1234524000.0,0.00074976,4577.4
Guatemala,LA,1858,936400.0,0.3702,1237487000.0,0.00075669,4597.8
Guatemala,LA,1859,947200.0,0.3761,1240642000.0,0.00076348,4617.9
Guatemala,LA,1860,958000.0,0.382,1243735000.0,0.00077026,4637.4
Guatemala,LA,1861,970200.0,0.3805,1247652000.0,0.00077762,4561.1
Guatemala,LA,1862,982400.0,0.379,1250707000.0,0.00078548,4486.7
Guatemala,LA,1863,994600.0,0.3775,1254013000.0,0.00079313,4414.2
Guatemala,LA,1864,1006800.0,0.376,1257290000.0,0.00080077,4343.3
Guatemala,LA,1865,1019000.0,0.3745,1260601000.0,0.00080834,4274.2
Guatemala,LA,1866,1031200.0,0.373,1263629000.0,0.00081606,4206.7
Guatemala,LA,1867,1043400.0000000001,0.3715,1266809000.0,0.00082364,4140.8
Guatemala,LA,1868,1055600.0,0.37,1269858000.0,0.00083127,4076.4
Guatemala,LA,1869,1067800.0,0.3685,1271405000.0,0.00083986,4013.5
Guatemala,LA,1870,1080000.0,0.367,1274661000.0,0.00084728,3952.0
Guatemala,LA,1871,1077100.0,0.3633,1282387000.0,0.00083992,3922.7
Guatemala,LA,1872,1074200.0,0.3596,1290858000.0,0.00083216,3893.3
Guatemala,LA,1873,1071300.0,0.3559,1299848000.0,0.00082417,3863.6
Guatemala,LA,1874,1068400.0,0.3522,1309013000.0,0.00081619,3833.9
Guatemala,LA,1875,1065500.0,0.3485,1318339000.0,0.00080821,3803.9
Guatemala,LA,1876,1062600.0,0.3448,1327814000.0,0.00080026,3773.8
Guatemala,LA,1877,1059700.0,0.3411,1337399000.0,0.00079236,3743.5
Guatemala,LA,1878,1056800.0,0.3374,1347055000.0,0.00078453,3713.1
Guatemala,LA,1879,1053900.0,0.3337,1356760000.0,0.00077678,3682.4
Guatemala,LA,1880,1051000.0,0.33,1366310000.0,0.00076923,3651.7
Guatemala,LA,1881,1048200.0,0.3294,1376041000.0,0.00076175,3654.8
Guatemala,LA,1882,1045400.0000000001,0.3288,1385750000.0,0.00075439,3657.9
Guatemala,LA,1883,1042599.9999999999,0.3282,1395507000.0,0.00074711,3661.0
Guatemala,LA,1884,1039800.0,0.3276,1405536000.0,0.00073979,3664.2
Guatemala,LA,1885,1037000.0,0.327,1415514000.0,0.0007326,3667.3
Guatemala,LA,1886,1034200.0,0.3264,1425627000.0,0.00072544,3670.5
Guatemala,LA,1887,1031400.0000000001,0.3258,1435759000.0,0.00071837,3673.7
Guatemala,LA,1888,1028599.9999999999,0.3252,1445944000.0,0.00071137,3676.9
Guatemala,LA,1889,1025800.0,0.3246,1456277000.0,0.0007044,3680.2
Guatemala,LA,1890,1023000.0,0.324,1466582000.0,0.00069754,3683.4
Guatemala,LA,1891,1020300.0,0.3255,1477705000.0,0.00069046,3710.2
Guatemala,LA,1892,1017600.0,0.327,1488973000.0,0.00068342,3737.2
Guatemala,LA,1893,1014900.0,0.3285,1500286000.0,0.00067647,3764.4
Guatemala,LA,1894,1012200.0,0.33,1511963000.0,0.00066946,3791.6
Guatemala,LA,1895,1009500.0,0.3315,1523676000.0,0.00066254,3819.1
Guatemala,LA,1896,1006800.0,0.333,1535655000.0,0.00065562,3846.6
Guatemala,LA,1897,1004100.0,0.3345,1547830000.0,0.00064871,3874.4
Guatemala,LA,1898,1001400.0,0.336,1560243000.0,0.00064182,3902.2
Guatemala,LA,1899,998700.0,0.3375,1572611000.0,0.00063506,3930.2
Guatemala,LA,1900,996000.0,0.339,1584867000.0,0.00062844,3958.4
Guatemala,LA,1901,1019600.0,0.3568,1600044000.0,0.00063723,4069.8
Guatemala,LA,1902,1043200.0,0.3746,1615427000.0,0.00064577,4176.2
Guatemala,LA,1903,1066800.0,0.3924,1630965000.0,0.00065409,4277.9
Guatemala,LA,1904,1090400.0,0.4102,1646581000.0,0.00066222,4375.1
Guatemala,LA,1905,1114000.0,0.428,1662453000.0,0.00067009,4468.3
Guatemala,LA,1906,1137600.0,0.4458,1678596000.0,0.00067771,4557.5
Guatemala,LA,1907,1161200.0,0.4636,1695030000.0,0.00068506,4643.2
Guatemala,LA,1908,1184800.0,0.4814,1711586000.0,0.00069222,4725.4
Guatemala,LA,1909,1208400.0,0.4992,1728501000.0,0.0006991,4804.4
Guatemala,LA,1910,1232000.0,0.517,1745736000.0,0.00070572,4880.4
Guatemala,LA,1911,1251000.0,0.5242,1762399000.0,0.00070983,4873.3
Guatemala,LA,1912,1270000.0,0.5314,1779061000.0,0.00071386,4866.3
Guatemala,LA,1913,1289000.0,0.5386,1796080000.0,0.00071767,4859.5
Guatemala,LA,1914,1308000.0,0.5458,1808262000.0,0.00072335,4852.9
Guatemala,LA,1915,1327000.0,0.5529999999999999,1818401000.0,0.00072976,4846.6
Guatemala,LA,1916,1346000.0,0.5602,1828586000.0,0.00073609,4840.4
Guatemala,LA,1917,1365000.0,0.5674,1839381000.0,0.0007421,4834.3
Guatemala,LA,1918,1384000.0,0.5746,1849942000.0,0.00074813,4828.5
Guatemala,LA,1919,1403000.0,0.5818,1862569000.0,0.00075326,4822.8
Guatemala,LA,1920,1422000.0,0.589,1875297000.0,0.00075828,4817.2
Guatemala,LA,1921,1476800.0,0.6164999999999999,1886887000.0,0.00078266,4855.0
Guatemala,LA,1922,1531600.0,0.644,1903926000.0,0.00080444,4890.1
Guatemala,LA,1923,1586400.0,0.6715,1924127000.0,0.00082448,4922.8
Guatemala,LA,1924,1641200.0,0.699,1946371000.0,0.00084321,4953.3
Guatemala,LA,1925,1696000.0,0.7264999999999999,1968879000.0,0.0008614,4981.8
Guatemala,LA,1926,1750800.0,0.754,1991829000.0,0.00087899,5008.6
Guatemala,LA,1927,1805600.0,0.7815,2014443000.0,0.00089633,5033.7
Guatemala,LA,1928,1860400.0,0.8089999999999999,2036576000.0,0.00091349,5057.3
Guatemala,LA,1929,1915200.0,0.8365,2059103000.0,0.00093011,5079.6
Guatemala,LA,1930,1970000.0,0.864,2080211000.0,0.00094702,5100.7
Guatemala,LA,1931,2019300.0,0.893,2101812000.0,0.00096074,5143.2
Guatemala,LA,1932,2068600.0,0.922,2121508000.0,0.00097506,5183.6
Guatemala,LA,1933,2117900.0,0.951,2140973000.0,0.00098922,5222.2
Guatemala,LA,1934,2167200.0,0.98,2161152000.0,0.0010028,5259.0
Guatemala,LA,1935,2216500.0,1.009,2181702000.0,0.00101595,5294.2
Guatemala,LA,1936,2265800.0,1.0379999999999998,2203365000.0,0.00102834,5327.9
Guatemala,LA,1937,2315100.0,1.067,2226159000.0,0.00103995,5360.1
Guatemala,LA,1938,2364400.0,1.096,2250491000.0,0.00105062,5391.0
Guatemala,LA,1939,2413700.0,1.125,2275307000.0,0.00106082,5420.6
Guatemala,LA,1940,2463000.0,1.154,2296743000.0,0.00107239,5449.1
Guatemala,LA,1941,2531300.0,1.1839,2313071000.0,0.00109435,5439.4
Guatemala,LA,1942,2599600.0,1.2138,2331578000.0,0.00111495,5430.3
Guatemala,LA,1943,2667900.0,1.2437,2350140000.0,0.00113521,5421.6
Guatemala,LA,1944,2736200.0,1.2736,2368872000.0,0.00115506,5413.3
Guatemala,LA,1945,2804500.0,1.3035,2394093000.0,0.00117142,5405.5
Guatemala,LA,1946,2872800.0,1.3334,2419526000.0,0.00118734,5398.0
Guatemala,LA,1947,2941100.0,1.3633,2446628000.0,0.0012021,5390.9
Guatemala,LA,1948,3009400.0,1.3932,2473860000.0,0.00121648,5384.1
Guatemala,LA,1949,3077700.0,1.4231,2501856000.0,0.00123017,5377.6
Guatemala,LA,1950,3146000.0,1.453,2529794000.0,0.00124358,5371.4
Guatemala,LA,1951,3245400.0,1.4786,2577776000.0,0.00125899,5298.6
Guatemala,LA,1952,3344800.0,1.5042,2624866000.0,0.00127427,5230.2
Guatemala,LA,1953,3444200.0,1.5298,2671465000.0,0.00128926,5165.7
Guatemala,LA,1954,3543600.0,1.5554,2718563000.0,0.00130348,5104.8
Guatemala,LA,1955,3643000.0,1.581,2766430000.0,0.00131686,5047.2
Guatemala,LA,1956,3742400.0,1.6066,2815461000.0,0.00132923,4992.7
Guatemala,LA,1957,3841800.0,1.6322,2866148000.0,0.00134041,4941.0
Guatemala,LA,1958,3941200.0,1.6578000000000002,2918168000.0,0.00135057,4892.0
Guatemala,LA,1959,4040600.0,1.6834,2971839000.0,0.00135963,4845.3
Guatemala,LA,1960,4140000.0,1.709,3027112000.0,0.00136764,4800.9
Guatemala,LA,1961,4267900.0,1.746,3084358000.0,0.00138372,4757.8
Guatemala,LA,1962,4395800.0,1.783,3143380000.0,0.00139843,4717.3
Guatemala,LA,1963,4523700.0,1.82,3204489000.0,0.00141168,4679.0
Guatemala,LA,1964,4651600.0,1.857,3268074000.0,0.00142335,4642.9
Guatemala,LA,1965,4779500.0,1.894,3334092000.0,0.00143352,4608.7
Guatemala,LA,1966,4907400.0,1.931,3402738000.0,0.00144219,4576.3
Guatemala,LA,1967,5035300.0,1.968,3473827000.0,0.0014495,4545.5
Guatemala,LA,1968,5163200.0,2.0050000000000003,3546719000.0,0.00145577,4516.2
Guatemala,LA,1969,5291100.0,2.0420000000000003,3620809000.0,0.0014613,4488.4
Guatemala,LA,1970,5419000.0,2.079,3695944000.0,0.0014662,4461.9
Guatemala,LA,1971,5578500.0,2.1691000000000003,3771809000.0,0.001479,4522.1
Guatemala,LA,1972,5738000.0,2.2592000000000003,3847786000.0,0.00149125,4579.0
Guatemala,LA,1973,5897500.0,2.3493000000000004,3923766000.0,0.00150302,4632.9
Guatemala,LA,1974,6057000.0,2.4394,3999654000.0,0.00151438,4683.9
Guatemala,LA,1975,6216500.0,2.5295,4075437000.0,0.00152536,4732.3
Guatemala,LA,1976,6376000.0,2.6196,4150660000.0,0.00153614,4778.2
Guatemala,LA,1977,6535500.0,2.7097,4225672000.0,0.00154662,4821.9
Guatemala,LA,1978,6695000.0,2.7998000000000003,4301501000.0,0.00155643,4863.6
Guatemala,LA,1979,6854500.0,2.8899,4378004000.0,0.00156567,4903.3
Guatemala,LA,1980,7014000.0,2.98,4456394000.0,0.00157392,4941.2
Guatemala,LA,1981,7203400.0,3.005,4535942000.0,0.00158807,4851.6
Guatemala,LA,1982,7392800.0,3.03,4616948000.0,0.00160123,4766.7
Guatemala,LA,1983,7582200.0,3.055,4699604000.0,0.00161337,4685.9
Guatemala,LA,1984,7771600.0,3.08,4784334000.0,0.00162438,4609.1
Guatemala,LA,1985,7961000.0,3.105,4871434000.0,0.00163422,4536.0
Guatemala,LA,1986,8150400.0,3.13,4961120000.0,0.00164285,4466.3
Guatemala,LA,1987,8339799.999999999,3.155,5052960000.0,0.00165048,4399.7
Guatemala,LA,1988,8529200.0,3.18,5145733000.0,0.00165753,4336.1
Guatemala,LA,1989,8718600.0,3.205,5237968000.0,0.0016645,4275.2
Guatemala,LA,1990,8908000.0,3.23,5328602000.0,0.00167173,4217.0
Guatemala,LA,1991,9140100.0,3.4545,5417317000.0,0.0016872,4395.6
Guatemala,LA,1992,9372200.0,3.679,5503880000.0,0.00170284,4565.3
Guatemala,LA,1993,9604300.0,3.9035,5588359000.0,0.00171863,4726.8
Guatemala,LA,1994,9836400.0,4.128,5671048000.0,0.00173449,4880.7
Guatemala,LA,1995,10068500.0,4.3525,5752408000.0,0.00175031,5027.5
Guatemala,LA,1996,10300600.0,4.577,5832484000.0,0.00176607,5167.7
Guatemala,LA,1997,10532700.0,4.8015,5911415000.0,0.00178176,5301.7
Guatemala,LA,1998,10764800.0,5.026,5989470000.0,0.00179729,5430.0
Guatemala,LA,1999,10996900.0,5.2505,6067325000.0,0.00181248,5552.8
Guatemala,LA,2000,11229000.0,5.475,6145394000.0,0.00182722,5670.5
Guatemala,LA,2001,11543700.0,5.6323,6223661000.0,0.00185481,5674.4
Guatemala,LA,2002,11858400.0,5.7896,6302453000.0,0.00188155,5678.1
Guatemala,LA,2003,12173100.0,5.946899999999999,6381858000.0,0.00190745,5681.6
Guatemala,LA,2004,12487800.0,6.1042,6461988000.0,0.0019325,5684.9
Guatemala,LA,2005,12802500.0,6.2615,6542867000.0,0.00195671,5688.0
Guatemala,LA,2006,13117200.0,6.4188,6624538000.0,0.00198009,5691.1
Guatemala,LA,2007,13431900.0,6.5761,6707018000.0,0.00200266,5693.9
Guatemala,LA,2008,13746600.0,6.7334,6790025000.0,0.00202453,5696.6
Guatemala,LA,2009,14061300.0,6.8907,6874725000.0,0.00204536,5699.2
Guatemala,LA,2010,14376000.0,7.048,6959421000.0,0.00206569,5701.7
Guatemala,LA,2011,14730000.0,7.343,7044266000.0,0.00209106,5797.6
Guatemala,LA,2012,15084000.0,7.638,7129609000.0,0.00211568,5889.0
Guatemala,LA,2013,15438000.0,7.933,7215047000.0,0.0021397,5976.2
Guatemala,LA,2014,15792000.0,8.228,7300248000.0,0.00216321,6059.5
Guatemala,LA,2015,16146000.0,8.523,7384880000.0,0.00218636,6139.1
Guatemala,LA,2016,16500000.0,8.818,7469068000.0,0.00220911,6215.4
Guatemala,LA,2017,16854000.0,9.113,7550393000.0,0.0022322,6288.4
Guatemala,LA,2018,17208000.0,9.408,7632955000.0,0.00225443,6358.4
Guatemala,LA,2019,17562000.0,9.703,7714577000.0,0.00227647,6425.6
Guatemala,LA,2020,17916000.0,9.998,7795482000.0,0.00229825,6490.1
Haïti,LA,1820,723000.0,0.263,1047270000.0,0.00069037,4230.6
Haïti,LA,1821,729600.0,0.2654,1052728000.0,0.00069306,4230.5
Haïti,LA,1822,736200.0,0.2678,1058224000.0,0.00069569,4230.5
Haïti,LA,1823,742800.0,0.2702,1063824000.0,0.00069824,4230.5
Haïti,LA,1824,749400.0,0.2726,1069477000.0,0.00070072,4230.5
Haïti,LA,1825,756000.0,0.275,1075142000.0,0.00070316,4230.5
Haïti,LA,1826,762600.0,0.2774,1080733000.0,0.00070563,4230.5
Haïti,LA,1827,769200.0,0.2798,1086318000.0,0.00070808,4230.5
Haïti,LA,1828,775800.0,0.2822,1091853000.0,0.00071054,4230.5
Haïti,LA,1829,782400.0,0.2845999999999999,1097270000.0,0.00071304,4230.4
Haïti,LA,1830,789000.0,0.287,1102518000.0,0.00071563,4230.4
Haïti,LA,1831,796100.0,0.2899,1108061000.0,0.00071846,4235.1
Haïti,LA,1832,803200.0,0.2928,1113520000.0,0.00072132,4239.6
Haïti,LA,1833,810300.0,0.2956999999999999,1119039000.0,0.0007241,4244.1
Haïti,LA,1834,817400.0,0.2986,1124554000.0,0.00072687,4248.5
Haïti,LA,1835,824500.0,0.3015,1130361000.0,0.00072941,4252.8
Haïti,LA,1836,831600.0,0.3044,1136068000.0,0.000732,4257.1
Haïti,LA,1837,838700.0,0.3073,1141817000.0,0.00073453,4261.2
Haïti,LA,1838,845800.0,0.3102,1147560000.0,0.00073704,4265.3
Haïti,LA,1839,852900.0,0.3131,1153428000.0,0.00073945,4269.4
Haïti,LA,1840,860000.0,0.316,1159310000.0,0.00074182,4273.3
Haïti,LA,1841,867800.0,0.3197,1165435000.0,0.00074461,4284.5
Haïti,LA,1842,875600.0,0.3234,1171545000.0,0.00074739,4295.5
Haïti,LA,1843,883400.0,0.3271,1177631000.0,0.00075015,4306.3
Haïti,LA,1844,891200.0,0.3308,1183818000.0,0.00075282,4316.9
Haïti,LA,1845,899000.0,0.3345,1190091000.0,0.0007554,4327.3
Haïti,LA,1846,906800.0,0.3382,1196249000.0,0.00075804,4337.5
Haïti,LA,1847,914600.0,0.3419,1201397000.0,0.00076128,4347.6
Haïti,LA,1848,922400.0,0.3455999999999999,1205963000.0,0.00076487,4357.5
Haïti,LA,1849,930200.0,0.3493,1211069000.0,0.00076808,4367.2
Haïti,LA,1850,938000.0,0.353,1216574000.0,0.00077102,4376.7
Haïti,LA,1851,948100.0,0.3586999999999999,1218975000.0,0.00077778,4400.0
Haïti,LA,1852,958200.0,0.3644,1221557000.0,0.00078441,4422.8
Haïti,LA,1853,968300.0,0.3701,1224259000.0,0.00079093,4445.2
Haïti,LA,1854,978400.0,0.3757999999999999,1226726000.0,0.00079757,4467.0
Haïti,LA,1855,988500.0,0.3814999999999999,1228814000.0,0.00080443,4488.5
Haïti,LA,1856,998600.0,0.3872,1231565000.0,0.00081084,4509.4
Haïti,LA,1857,1008700.0,0.3928999999999999,1234524000.0,0.00081708,4530.0
Haïti,LA,1858,1018800.0,0.3985999999999999,1237487000.0,0.00082328,4550.2
Haïti,LA,1859,1028900.0000000001,0.4043,1240642000.0,0.00082933,4569.9
Haïti,LA,1860,1039000.0,0.41,1243735000.0,0.00083539,4589.3
Haïti,LA,1861,1050100.0,0.4076999999999999,1247652000.0,0.00084166,4515.3
Haïti,LA,1862,1061200.0,0.4054,1250707000.0,0.00084848,4442.9
Haïti,LA,1863,1072300.0,0.4031,1254013000.0,0.00085509,4372.0
Haïti,LA,1864,1083400.0,0.4008,1257290000.0,0.00086169,4302.5
Haïti,LA,1865,1094500.0,0.3984999999999999,1260601000.0,0.00086824,4234.4
Haïti,LA,1866,1105600.0,0.3962,1263629000.0,0.00087494,4167.7
Haïti,LA,1867,1116700.0,0.3939,1266809000.0,0.00088151,4102.3
Haïti,LA,1868,1127800.0,0.3916,1269858000.0,0.00088813,4038.2
Haïti,LA,1869,1138900.0,0.3893,1271405000.0,0.00089578,3975.4
Haïti,LA,1870,1150000.0,0.387,1274661000.0,0.0009022,3913.7
Haïti,LA,1871,1151300.0,0.3844,1282387000.0,0.00089778,3883.1
Haïti,LA,1872,1152600.0,0.3818,1290858000.0,0.00089289,3852.5
Haïti,LA,1873,1153900.0,0.3792,1299848000.0,0.00088772,3821.9
Haïti,LA,1874,1155200.0,0.3766,1309013000.0,0.0008825,3791.4
Haïti,LA,1875,1156500.0,0.374,1318339000.0,0.00087724,3761.0
Haïti,LA,1876,1157800.0,0.3714,1327814000.0,0.00087196,3730.7
Haïti,LA,1877,1159100.0,0.3688,1337399000.0,0.00086668,3700.4
Haïti,LA,1878,1160400.0,0.3661999999999999,1347055000.0,0.00086143,3670.2
Haïti,LA,1879,1161700.0,0.3636,1356760000.0,0.00085623,3640.1
Haïti,LA,1880,1163000.0,0.361,1366310000.0,0.0008512,3610.0
Haïti,LA,1881,1164200.0,0.362,1376041000.0,0.00084605,3616.3
Haïti,LA,1882,1165400.0,0.363,1385750000.0,0.00084099,3622.5
Haïti,LA,1883,1166600.0,0.364,1395507000.0,0.00083597,3628.8
Haïti,LA,1884,1167800.0,0.365,1405536000.0,0.00083086,3635.0
Haïti,LA,1885,1169000.0,0.366,1415514000.0,0.00082585,3641.2
Haïti,LA,1886,1170200.0,0.367,1425627000.0,0.00082083,3647.4
Haïti,LA,1887,1171400.0,0.368,1435759000.0,0.00081588,3653.6
Haïti,LA,1888,1172600.0,0.369,1445944000.0,0.00081096,3659.8
Haïti,LA,1889,1173800.0,0.37,1456277000.0,0.00080603,3666.0
Haïti,LA,1890,1175000.0,0.371,1466582000.0,0.00080118,3672.1
Haïti,LA,1891,1176300.0,0.3739,1477705000.0,0.00079603,3696.7
Haïti,LA,1892,1177600.0,0.3768,1488973000.0,0.00079088,3721.3
Haïti,LA,1893,1178900.0,0.3797,1500286000.0,0.00078578,3745.8
Haïti,LA,1894,1180200.0,0.3826,1511963000.0,0.00078057,3770.2
Haïti,LA,1895,1181500.0,0.3855,1523676000.0,0.00077543,3794.6
Haïti,LA,1896,1182800.0,0.3884,1535655000.0,0.00077023,3819.0
Haïti,LA,1897,1184100.0,0.3913,1547830000.0,0.00076501,3843.3
Haïti,LA,1898,1185400.0,0.3942,1560243000.0,0.00075975,3867.5
Haïti,LA,1899,1186700.0,0.3971,1572611000.0,0.0007546,3891.7
Haïti,LA,1900,1188000.0,0.4,1584867000.0,0.00074959,3915.8
Haïti,LA,1901,1229800.0,0.4258,1600044000.0,0.0007686,4026.7
Haïti,LA,1902,1271600.0,0.4516,1615427000.0,0.00078716,4130.3
Haïti,LA,1903,1313400.0,0.4774,1630965000.0,0.00080529,4227.3
Haïti,LA,1904,1355200.0,0.5032,1646581000.0,0.00082304,4318.3
Haïti,LA,1905,1397000.0,0.529,1662453000.0,0.00084032,4403.9
Haïti,LA,1906,1438800.0,0.5548,1678596000.0,0.00085714,4484.5
Haïti,LA,1907,1480600.0,0.5806,1695030000.0,0.00087349,4560.6
Haïti,LA,1908,1522400.0,0.6064,1711586000.0,0.00088947,4632.4
Haïti,LA,1909,1564200.0,0.6322,1728501000.0,0.00090495,4700.5
Haïti,LA,1910,1606000.0,0.658,1745736000.0,0.00091996,4765.0
Haïti,LA,1911,1646800.0,0.6746,1762399000.0,0.00093441,4764.1
Haïti,LA,1912,1687600.0,0.6912,1779061000.0,0.00094859,4763.4
Haïti,LA,1913,1728400.0,0.7078,1796080000.0,0.00096232,4762.6
Haïti,LA,1914,1769200.0,0.7244,1808262000.0,0.0009784,4761.9
Haïti,LA,1915,1810000.0,0.741,1818401000.0,0.00099538,4761.2
Haïti,LA,1916,1850800.0,0.7576,1828586000.0,0.00101215,4760.6
Haïti,LA,1917,1891600.0,0.7742,1839381000.0,0.00102839,4760.0
Haïti,LA,1918,1932400.0,0.7908,1849942000.0,0.00104457,4759.4
Haïti,LA,1919,1973200.0,0.8074,1862569000.0,0.0010594,4758.8
Haïti,LA,1920,2014000.0,0.824,1875297000.0,0.00107396,4758.3
Haïti,LA,1921,2042500.0,0.8373999999999999,1886887000.0,0.00108247,4768.2
Haïti,LA,1922,2071000.0,0.8508,1903926000.0,0.00108775,4777.8
Haïti,LA,1923,2099500.0,0.8642,1924127000.0,0.00109114,4787.2
Haïti,LA,1924,2128000.0,0.8775999999999999,1946371000.0,0.00109332,4796.3
Haïti,LA,1925,2156500.0,0.891,1968879000.0,0.00109529,4805.2
Haïti,LA,1926,2185000.0,0.9044,1991829000.0,0.00109698,4813.8
Haïti,LA,1927,2213500.0,0.9178,2014443000.0,0.00109881,4822.2
Haïti,LA,1928,2242000.0,0.9312,2036576000.0,0.00110087,4830.4
Haïti,LA,1929,2270500.0,0.9446,2059103000.0,0.00110266,4838.4
Haïti,LA,1930,2299000.0,0.958,2080211000.0,0.00110518,4846.3
Haïti,LA,1931,2338000.0,0.9702,2101812000.0,0.00111237,4826.1
Haïti,LA,1932,2377000.0,0.9824,2121508000.0,0.00112043,4806.6
Haïti,LA,1933,2416000.0,0.9946,2140973000.0,0.00112846,4787.7
Haïti,LA,1934,2455000.0,1.0068,2161152000.0,0.00113597,4769.5
Haïti,LA,1935,2494000.0,1.019,2181702000.0,0.00114314,4751.8
Haïti,LA,1936,2533000.0,1.0312,2203365000.0,0.00114961,4734.6
Haïti,LA,1937,2572000.0,1.0434,2226159000.0,0.00115535,4718.0
Haïti,LA,1938,2611000.0,1.0556,2250491000.0,0.00116019,4701.9
Haïti,LA,1939,2650000.0,1.0678,2275307000.0,0.00116468,4686.2
Haïti,LA,1940,2689000.0,1.08,2296743000.0,0.00117079,4671.0
Haïti,LA,1941,2742200.0,1.0949,2313071000.0,0.00118552,4643.6
Haïti,LA,1942,2795400.0,1.1098,2331578000.0,0.00119893,4617.2
Haïti,LA,1943,2848600.0,1.1247,2350140000.0,0.0012121,4591.8
Haïti,LA,1944,2901800.0,1.1396000000000002,2368872000.0,0.00122497,4567.4
Haïti,LA,1945,2955000.0,1.1545,2394093000.0,0.00123429,4543.8
Haïti,LA,1946,3008200.0,1.1694,2419526000.0,0.0012433,4521.0
Haïti,LA,1947,3061400.0,1.1843,2446628000.0,0.00125127,4499.1
Haïti,LA,1948,3114600.0,1.1992,2473860000.0,0.001259,4477.8
Haïti,LA,1949,3167800.0,1.2141000000000002,2501856000.0,0.00126618,4457.3
Haïti,LA,1950,3221000.0,1.229,2529794000.0,0.00127323,4437.5
Haïti,LA,1951,3285800.0,1.2408,2577776000.0,0.00127466,4391.8
Haïti,LA,1952,3350600.0,1.2526000000000002,2624866000.0,0.00127648,4347.8
Haïti,LA,1953,3415400.0,1.2644,2671465000.0,0.00127847,4305.5
Haïti,LA,1954,3480200.0,1.2762,2718563000.0,0.00128016,4264.8
Haïti,LA,1955,3545000.0,1.288,2766430000.0,0.00128143,4225.5
Haïti,LA,1956,3609800.0,1.2998,2815461000.0,0.00128213,4187.7
Haïti,LA,1957,3674600.0,1.3116,2866148000.0,0.00128207,4151.2
Haïti,LA,1958,3739400.0,1.3234,2918168000.0,0.00128142,4115.9
Haïti,LA,1959,3804200.0,1.3352,2971839000.0,0.00128008,4081.9
Haïti,LA,1960,3869000.0,1.347,3027112000.0,0.00127812,4049.0
Haïti,LA,1961,3953400.0,1.3457,3084358000.0,0.00128176,3958.7
Haïti,LA,1962,4037800.0,1.3444,3143380000.0,0.00128454,3872.3
Haïti,LA,1963,4122200.0,1.3431,3204489000.0,0.00128638,3789.3
Haïti,LA,1964,4206600.0,1.3418,3268074000.0,0.00128718,3709.7
Haïti,LA,1965,4291000.0,1.3405,3334092000.0,0.00128701,3633.2
Haïti,LA,1966,4375400.0,1.3392,3402738000.0,0.00128585,3559.7
Haïti,LA,1967,4459800.0,1.3379,3473827000.0,0.00128383,3488.9
Haïti,LA,1968,4544200.0,1.3366,3546719000.0,0.00128124,3420.8
Haïti,LA,1969,4628600.0,1.3353000000000002,3620809000.0,0.00127833,3355.1
Haïti,LA,1970,4713000.0,1.334,3695944000.0,0.00127518,3291.8
Haïti,LA,1971,4810800.0,1.3491,3771809000.0,0.00127546,3261.4
Haïti,LA,1972,4908600.0,1.3642,3847786000.0,0.00127569,3232.2
Haïti,LA,1973,5006400.0,1.3793000000000002,3923766000.0,0.00127592,3204.2
Haïti,LA,1974,5104200.0,1.3944,3999654000.0,0.00127616,3177.2
Haïti,LA,1975,5202000.0,1.4095,4075437000.0,0.00127643,3151.2
Haïti,LA,1976,5299800.0,1.4246,4150660000.0,0.00127686,3126.2
Haïti,LA,1977,5397600.0,1.4397000000000002,4225672000.0,0.00127734,3102.1
Haïti,LA,1978,5495400.0,1.4548,4301501000.0,0.00127755,3078.8
Haïti,LA,1979,5593200.0,1.4699,4378004000.0,0.00127757,3056.4
Haïti,LA,1980,5691000.0,1.485,4456394000.0,0.00127704,3034.7
Haïti,LA,1981,5832800.0,1.4779,4535942000.0,0.00128591,2946.8
Haïti,LA,1982,5974600.0,1.4708,4616948000.0,0.00129406,2863.0
Haïti,LA,1983,6116400.0,1.4637,4699604000.0,0.00130147,2783.1
Haïti,LA,1984,6258200.0,1.4566,4784334000.0,0.00130806,2706.9
Haïti,LA,1985,6400000.0,1.4495,4871434000.0,0.00131378,2634.0
Haïti,LA,1986,6541800.0,1.4424,4961120000.0,0.00131861,2564.3
Haïti,LA,1987,6683600.0,1.4353,5052960000.0,0.00132271,2497.5
Haïti,LA,1988,6825400.0,1.4282,5145733000.0,0.00132642,2433.6
Haïti,LA,1989,6967200.0,1.4211,5237968000.0,0.00133013,2372.2
Haïti,LA,1990,7109000.0,1.414,5328602000.0,0.00133412,2313.2
Haïti,LA,1991,7255900.0,1.4581,5417317000.0,0.00133939,2337.1
Haïti,LA,1992,7402800.0,1.5022,5503880000.0,0.00134501,2360.0
Haïti,LA,1993,7549700.0,1.5463,5588359000.0,0.00135097,2382.0
Haïti,LA,1994,7696600.0,1.5904,5671048000.0,0.00135717,2403.2
Haïti,LA,1995,7843500.0,1.6345,5752408000.0,0.00136352,2423.6
Haïti,LA,1996,7990400.0,1.6786,5832484000.0,0.00136998,2443.2
Haïti,LA,1997,8137300.0,1.7227,5911415000.0,0.00137654,2462.1
Haïti,LA,1998,8284200.000000001,1.7668,5989470000.0,0.00138313,2480.4
Haïti,LA,1999,8431100.0,1.8109,6067325000.0,0.00138959,2498.0
Haïti,LA,2000,8578000.0,1.855,6145394000.0,0.00139584,2515.0
Haïti,LA,2001,8729100.0,1.8972,6223661000.0,0.00140257,2527.7
Haïti,LA,2002,8880200.0,1.9394,6302453000.0,0.00140901,2539.9
Haïti,LA,2003,9031300.0,1.9816,6381858000.0,0.00141515,2551.8
Haïti,LA,2004,9182400.0,2.0238,6461988000.0,0.00142099,2563.3
Haïti,LA,2005,9333500.0,2.066,6542867000.0,0.00142652,2574.3
Haïti,LA,2006,9484600.0,2.1082,6624538000.0,0.00143174,2585.1
Haïti,LA,2007,9635700.0,2.1504000000000003,6707018000.0,0.00143666,2595.5
Haïti,LA,2008,9786800.0,2.1926,6790025000.0,0.00144135,2605.5
Haïti,LA,2009,9937900.0,2.2348,6874725000.0,0.00144557,2615.3
Haïti,LA,2010,10089000.0,2.277,6959421000.0,0.00144969,2624.8
Haïti,LA,2011,10220400.0,2.306,7044266000.0,0.00145088,2624.0
Haïti,LA,2012,10351800.0,2.335,7129609000.0,0.00145194,2623.3
Haïti,LA,2013,10483200.0,2.3640000000000003,7215047000.0,0.00145296,2622.6
Haïti,LA,2014,10614600.0,2.393,7300248000.0,0.00145401,2621.9
Haïti,LA,2015,10746000.0,2.422,7384880000.0,0.00145514,2621.2
Haïti,LA,2016,10877400.0,2.451,7469068000.0,0.00145633,2620.6
Haïti,LA,2017,11008800.0,2.48,7550393000.0,0.00145804,2619.9
Haïti,LA,2018,11140200.0,2.5090000000000003,7632955000.0,0.00145949,2619.3
Haïti,LA,2019,11271600.0,2.5380000000000003,7714577000.0,0.00146108,2618.7
Haïti,LA,2020,11403000.0,2.567,7795482000.0,0.00146277,2618.1
Honduras,LA,1820,135000.0,0.05,1047270000.0,0.00012891,4307.4
Honduras,LA,1821,140000.0,0.0518,1052728000.0,0.00013299,4303.1
Honduras,LA,1822,145000.0,0.0536,1058224000.0,0.00013702,4299.1
Honduras,LA,1823,150000.0,0.0554,1063824000.0,0.000141,4295.3
Honduras,LA,1824,155000.0,0.0572,1069477000.0,0.00014493,4291.8
Honduras,LA,1825,160000.0,0.059,1075142000.0,0.00014882,4288.6
Honduras,LA,1826,165000.0,0.0608,1080733000.0,0.00015267,4285.5
Honduras,LA,1827,170000.0,0.0626,1086318000.0,0.00015649,4282.6
Honduras,LA,1828,175000.0,0.0644,1091853000.0,0.00016028,4279.8
Honduras,LA,1829,180000.0,0.0662,1097270000.0,0.00016404,4277.3
Honduras,LA,1830,185000.0,0.068,1102518000.0,0.0001678,4274.8
Honduras,LA,1831,192000.0,0.0707,1108061000.0,0.00017328,4282.5
Honduras,LA,1832,199000.0,0.0734,1113520000.0,0.00017871,4289.7
Honduras,LA,1833,206000.0,0.0761,1119039000.0,0.00018409,4296.3
Honduras,LA,1834,213000.0,0.0788,1124554000.0,0.00018941,4302.6
Honduras,LA,1835,220000.0,0.0815,1130361000.0,0.00019463,4308.4
Honduras,LA,1836,227000.0,0.0842,1136068000.0,0.00019981,4313.9
Honduras,LA,1837,234000.0,0.0869,1141817000.0,0.00020494,4319.0
Honduras,LA,1838,241000.0,0.0896,1147560000.0,0.00021001,4323.9
Honduras,LA,1839,248000.0,0.0923,1153428000.0,0.00021501,4328.4
Honduras,LA,1840,255000.0,0.095,1159310000.0,0.00021996,4332.7
Honduras,LA,1841,264500.0,0.0988,1165435000.0,0.00022695,4344.2
Honduras,LA,1842,274000.0,0.1026,1171545000.0,0.00023388,4354.9
Honduras,LA,1843,283500.0,0.1064,1177631000.0,0.00024074,4364.8
Honduras,LA,1844,293000.0,0.1102,1183818000.0,0.0002475,4374.2
Honduras,LA,1845,302500.0,0.114,1190091000.0,0.00025418,4382.9
Honduras,LA,1846,312000.0,0.1178,1196249000.0,0.00026082,4391.1
Honduras,LA,1847,321500.0,0.1216,1201397000.0,0.00026761,4398.8
Honduras,LA,1848,331000.0,0.1254,1205963000.0,0.00027447,4406.0
Honduras,LA,1849,340500.0,0.1292,1211069000.0,0.00028116,4412.9
Honduras,LA,1850,350000.0,0.133,1216574000.0,0.00028769,4419.4
Honduras,LA,1851,352600.0,0.1347,1218975000.0,0.00028926,4442.9
Honduras,LA,1852,355200.0,0.1364,1221557000.0,0.00029078,4466.0
Honduras,LA,1853,357800.0,0.1381,1224259000.0,0.00029226,4488.8
Honduras,LA,1854,360400.0,0.1398,1226726000.0,0.00029379,4511.3
Honduras,LA,1855,363000.0,0.1415,1228814000.0,0.00029541,4533.5
Honduras,LA,1856,365600.0,0.1432,1231565000.0,0.00029686,4555.3
Honduras,LA,1857,368200.0,0.1449,1234524000.0,0.00029825,4576.8
Honduras,LA,1858,370800.0,0.1466,1237487000.0,0.00029964,4598.1
Honduras,LA,1859,373400.0,0.1483,1240642000.0,0.00030097,4619.0
Honduras,LA,1860,376000.0,0.15,1243735000.0,0.00030232,4639.6
Honduras,LA,1861,378800.0,0.1487,1247652000.0,0.00030361,4565.4
Honduras,LA,1862,381600.0,0.1474,1250707000.0,0.00030511,4492.3
Honduras,LA,1863,384400.0,0.1461,1254013000.0,0.00030654,4420.2
Honduras,LA,1864,387200.0,0.1448,1257290000.0,0.00030796,4349.2
Honduras,LA,1865,390000.0,0.1435,1260601000.0,0.00030938,4279.2
Honduras,LA,1866,392800.0,0.1422,1263629000.0,0.00031085,4210.2
Honduras,LA,1867,395600.0,0.1409,1266809000.0,0.00031228,4142.2
Honduras,LA,1868,398400.0,0.1396,1269858000.0,0.00031374,4075.2
Honduras,LA,1869,401200.0,0.1383,1271405000.0,0.00031556,4009.0
Honduras,LA,1870,404000.0,0.137,1274661000.0,0.00031695,3943.8
Honduras,LA,1871,405100.0,0.1363,1282387000.0,0.0003159,3913.0
Honduras,LA,1872,406200.0,0.1356,1290858000.0,0.00031467,3882.4
Honduras,LA,1873,407300.0,0.1349,1299848000.0,0.00031334,3851.9
Honduras,LA,1874,408400.0,0.1342,1309013000.0,0.00031199,3821.6
Honduras,LA,1875,409500.0,0.1335,1318339000.0,0.00031062,3791.5
Honduras,LA,1876,410600.0,0.1328,1327814000.0,0.00030923,3761.5
Honduras,LA,1877,411700.0,0.1321,1337399000.0,0.00030784,3731.7
Honduras,LA,1878,412800.0,0.1314,1347055000.0,0.00030645,3702.0
Honduras,LA,1879,413900.0,0.1307,1356760000.0,0.00030507,3672.5
Honduras,LA,1880,415000.0,0.13,1366310000.0,0.00030374,3643.1
Honduras,LA,1881,416100.0,0.1305,1376041000.0,0.00030239,3647.5
Honduras,LA,1882,417200.0,0.131,1385750000.0,0.00030106,3651.8
Honduras,LA,1883,418300.0,0.1315,1395507000.0,0.00029975,3656.1
Honduras,LA,1884,419400.0,0.132,1405536000.0,0.00029839,3660.4
Honduras,LA,1885,420500.0,0.1325,1415514000.0,0.00029707,3664.6
Honduras,LA,1886,421600.0,0.133,1425627000.0,0.00029573,3668.9
Honduras,LA,1887,422700.0,0.1335,1435759000.0,0.00029441,3673.1
Honduras,LA,1888,423800.0,0.134,1445944000.0,0.0002931,3677.3
Honduras,LA,1889,424900.0,0.1345,1456277000.0,0.00029177,3681.4
Honduras,LA,1890,426000.0,0.135,1466582000.0,0.00029047,3685.6
Honduras,LA,1891,427100.0,0.1364,1477705000.0,0.00028903,3714.2
Honduras,LA,1892,428200.0,0.1378,1488973000.0,0.00028758,3742.7
Honduras,LA,1893,429300.0,0.1392,1500286000.0,0.00028615,3771.0
Honduras,LA,1894,430400.0,0.1406,1511963000.0,0.00028466,3799.2
Honduras,LA,1895,431500.0,0.142,1523676000.0,0.0002832,3827.3
Honduras,LA,1896,432600.0,0.1434,1535655000.0,0.0002817,3855.2
Honduras,LA,1897,433700.0,0.1447999999999999,1547830000.0,0.0002802,3882.9
Honduras,LA,1898,434800.0,0.1462,1560243000.0,0.00027867,3910.5
Honduras,LA,1899,435900.0,0.1476,1572611000.0,0.00027718,3938.0
Honduras,LA,1900,437000.0,0.149,1584867000.0,0.00027573,3965.4
Honduras,LA,1901,450500.0,0.1578999999999999,1600044000.0,0.00028155,4076.3
Honduras,LA,1902,464000.0,0.1668,1615427000.0,0.00028723,4180.8
Honduras,LA,1903,477500.0,0.1757,1630965000.0,0.00029277,4279.4
Honduras,LA,1904,491000.0,0.1846,1646581000.0,0.00029819,4372.5
Honduras,LA,1905,504500.0,0.1935,1662453000.0,0.00030347,4460.7
Honduras,LA,1906,518000.0,0.2024,1678596000.0,0.00030859,4544.2
Honduras,LA,1907,531500.0,0.2113,1695030000.0,0.00031356,4623.6
Honduras,LA,1908,545000.0,0.2202,1711586000.0,0.00031842,4698.9
Honduras,LA,1909,558500.0,0.2291,1728501000.0,0.00032311,4770.7
Honduras,LA,1910,572000.0,0.238,1745736000.0,0.00032766,4839.1
Honduras,LA,1911,589700.0,0.2462,1762399000.0,0.0003346,4855.5
Honduras,LA,1912,607400.0,0.2544,1779061000.0,0.00034142,4871.0
Honduras,LA,1913,625100.0,0.2626,1796080000.0,0.00034804,4885.7
Honduras,LA,1914,642800.0,0.2708,1808262000.0,0.00035548,4899.5
Honduras,LA,1915,660500.0,0.279,1818401000.0,0.00036323,4912.6
Honduras,LA,1916,678200.0,0.2872,1828586000.0,0.00037089,4925.0
Honduras,LA,1917,695900.0,0.2954,1839381000.0,0.00037833,4936.8
Honduras,LA,1918,713600.0,0.3036,1849942000.0,0.00038574,4948.0
Honduras,LA,1919,731300.0,0.3118,1862569000.0,0.00039263,4958.6
Honduras,LA,1920,749000.0,0.32,1875297000.0,0.0003994,4968.8
Honduras,LA,1921,772900.0,0.3297,1886887000.0,0.00040962,4961.1
Honduras,LA,1922,796800.0,0.3394,1903926000.0,0.0004185,4953.8
Honduras,LA,1923,820700.0,0.3491,1924127000.0,0.00042653,4947.0
Honduras,LA,1924,844600.0,0.3588,1946371000.0,0.00043394,4940.6
Honduras,LA,1925,868500.0,0.3685,1968879000.0,0.00044111,4934.5
Honduras,LA,1926,892400.0,0.3782,1991829000.0,0.00044803,4928.8
Honduras,LA,1927,916300.0,0.3878999999999999,2014443000.0,0.00045487,4923.4
Honduras,LA,1928,940200.0,0.3975999999999999,2036576000.0,0.00046166,4918.2
Honduras,LA,1929,964100.0,0.4073,2059103000.0,0.00046821,4913.3
Honduras,LA,1930,988000.0,0.417,2080211000.0,0.00047495,4908.6
Honduras,LA,1931,1008800.0,0.4332999999999999,2101812000.0,0.00047997,4995.3
Honduras,LA,1932,1029599.9999999999,0.4496,2121508000.0,0.00048532,5078.5
Honduras,LA,1933,1050400.0,0.4659,2140973000.0,0.00049062,5158.4
Honduras,LA,1934,1071200.0,0.4821999999999999,2161152000.0,0.00049566,5235.2
Honduras,LA,1935,1092000.0,0.4984999999999999,2181702000.0,0.00050053,5309.1
Honduras,LA,1936,1112800.0,0.5147999999999999,2203365000.0,0.00050505,5380.2
Honduras,LA,1937,1133600.0,0.5311,2226159000.0,0.00050922,5448.7
Honduras,LA,1938,1154400.0,0.5474,2250491000.0,0.00051295,5514.8
Honduras,LA,1939,1175200.0,0.5637,2275307000.0,0.0005165,5578.5
Honduras,LA,1940,1196000.0,0.58,2296743000.0,0.00052074,5640.0
Honduras,LA,1941,1225100.0,0.5922,2313071000.0,0.00052964,5621.8
Honduras,LA,1942,1254200.0,0.6043999999999999,2331578000.0,0.00053792,5604.5
Honduras,LA,1943,1283300.0,0.6165999999999999,2350140000.0,0.00054605,5588.0
Honduras,LA,1944,1312400.0,0.6287999999999999,2368872000.0,0.00055402,5572.2
Honduras,LA,1945,1341500.0,0.641,2394093000.0,0.00056034,5557.1
Honduras,LA,1946,1370600.0,0.6532,2419526000.0,0.00056647,5542.6
Honduras,LA,1947,1399700.0,0.6654,2446628000.0,0.00057209,5528.8
Honduras,LA,1948,1428800.0,0.6776,2473860000.0,0.00057756,5515.5
Honduras,LA,1949,1457900.0,0.6898,2501856000.0,0.00058273,5502.7
Honduras,LA,1950,1487000.0,0.702,2529794000.0,0.00058779,5490.4
Honduras,LA,1951,1538600.0,0.7213999999999999,2577776000.0,0.00059687,5452.9
Honduras,LA,1952,1590200.0,0.7408,2624866000.0,0.00060582,5417.9
Honduras,LA,1953,1641800.0,0.7602,2671465000.0,0.00061457,5385.0
Honduras,LA,1954,1693400.0,0.7796,2718563000.0,0.0006229,5354.2
Honduras,LA,1955,1745000.0,0.7989999999999999,2766430000.0,0.00063078,5325.1
Honduras,LA,1956,1796600.0,0.8184,2815461000.0,0.00063812,5297.8
Honduras,LA,1957,1848200.0,0.8378,2866148000.0,0.00064484,5271.9
Honduras,LA,1958,1899800.0,0.8572,2918168000.0,0.00065102,5247.5
Honduras,LA,1959,1951400.0,0.8766,2971839000.0,0.00065663,5224.4
Honduras,LA,1960,2003000.0,0.896,3027112000.0,0.00066169,5202.4
Honduras,LA,1961,2071800.0000000002,0.915,3084358000.0,0.00067171,5136.3
Honduras,LA,1962,2140600.0,0.934,3143380000.0,0.00068099,5074.5
Honduras,LA,1963,2209400.0,0.953,3204489000.0,0.00068947,5016.5
Honduras,LA,1964,2278200.0,0.972,3268074000.0,0.00069711,4962.0
Honduras,LA,1965,2347000.0,0.991,3334092000.0,0.00070394,4910.7
Honduras,LA,1966,2415800.0,1.01,3402738000.0,0.00070996,4862.3
Honduras,LA,1967,2484600.0,1.029,3473827000.0,0.00071523,4816.6
Honduras,LA,1968,2553400.0,1.048,3546719000.0,0.00071993,4773.3
Honduras,LA,1969,2622200.0,1.0670000000000002,3620809000.0,0.0007242,4732.4
Honduras,LA,1970,2691000.0,1.086,3695944000.0,0.0007281,4693.5
Honduras,LA,1971,2785300.0,1.1215000000000002,3771809000.0,0.00073845,4682.8
Honduras,LA,1972,2879600.0,1.157,3847786000.0,0.00074838,4672.8
Honduras,LA,1973,2973900.0,1.1925,3923766000.0,0.00075792,4663.5
Honduras,LA,1974,3068200.0,1.228,3999654000.0,0.00076712,4654.7
Honduras,LA,1975,3162500.0,1.2635,4075437000.0,0.00077599,4646.5
Honduras,LA,1976,3256800.0,1.299,4150660000.0,0.00078465,4638.7
Honduras,LA,1977,3351100.0,1.3345,4225672000.0,0.00079303,4631.4
Honduras,LA,1978,3445400.0,1.37,4301501000.0,0.00080098,4624.5
Honduras,LA,1979,3539700.0,1.4055,4378004000.0,0.00080852,4617.9
Honduras,LA,1980,3634000.0,1.441,4456394000.0,0.00081546,4611.7
Honduras,LA,1981,3760700.0,1.4963,4535942000.0,0.00082909,4627.3
Honduras,LA,1982,3887400.0,1.5516,4616948000.0,0.00084198,4641.9
Honduras,LA,1983,4014100.0,1.6069,4699604000.0,0.00085414,4655.7
Honduras,LA,1984,4140800.0,1.6622,4784334000.0,0.00086549,4668.5
Honduras,LA,1985,4267500.0,1.7175,4871434000.0,0.00087603,4680.6
Honduras,LA,1986,4394200.0,1.7728000000000002,4961120000.0,0.00088573,4692.0
Honduras,LA,1987,4520900.0,1.8281,5052960000.0,0.0008947,4702.8
Honduras,LA,1988,4647600.0,1.8834,5145733000.0,0.00090319,4713.0
Honduras,LA,1989,4774300.0,1.9387,5237968000.0,0.00091148,4722.6
Honduras,LA,1990,4901000.0,1.994,5328602000.0,0.00091975,4731.7
Honduras,LA,1991,5034300.0,2.0772,5417317000.0,0.0009293,4798.6
Honduras,LA,1992,5167600.0,2.1604,5503880000.0,0.0009389,4862.1
Honduras,LA,1993,5300900.0,2.2436,5588359000.0,0.00094856,4922.4
Honduras,LA,1994,5434200.0,2.3268,5671048000.0,0.00095824,4979.7
Honduras,LA,1995,5567500.0,2.41,5752408000.0,0.00096786,5034.3
Honduras,LA,1996,5700800.0,2.4932,5832484000.0,0.00097742,5086.3
Honduras,LA,1997,5834100.0,2.5764,5911415000.0,0.00098692,5135.9
Honduras,LA,1998,5967400.0,2.6596,5989470000.0,0.00099632,5183.4
Honduras,LA,1999,6100700.0,2.7428,6067325000.0,0.0010055,5228.7
Honduras,LA,2000,6234000.0,2.826,6145394000.0,0.00101442,5272.1
Honduras,LA,2001,6370600.0,2.9419,6223661000.0,0.00102361,5370.7
Honduras,LA,2002,6507200.0,3.0578,6302453000.0,0.00103249,5465.1
Honduras,LA,2003,6643800.0,3.1737,6381858000.0,0.00104104,5555.6
Honduras,LA,2004,6780400.0,3.2896,6461988000.0,0.00104927,5642.4
Honduras,LA,2005,6917000.0,3.4055,6542867000.0,0.00105718,5725.9
Honduras,LA,2006,7053600.0,3.5214,6624538000.0,0.00106477,5806.1
Honduras,LA,2007,7190200.0,3.6373,6707018000.0,0.00107204,5883.3
Honduras,LA,2008,7326800.0,3.7532,6790025000.0,0.00107905,5957.5
Honduras,LA,2009,7463400.0,3.8691,6874725000.0,0.00108563,6029.1
Honduras,LA,2010,7600000.0,3.985,6959421000.0,0.00109204,6098.1
Honduras,LA,2011,7830500.0,4.069,7044266000.0,0.00111161,6043.4
Honduras,LA,2012,8061000.0,4.153,7129609000.0,0.00113064,5991.7
Honduras,LA,2013,8291500.0,4.237,7215047000.0,0.0011492,5943.0
Honduras,LA,2014,8522000.0,4.321,7300248000.0,0.00116736,5896.9
Honduras,LA,2015,8752500.0,4.405,7384880000.0,0.00118519,5853.2
Honduras,LA,2016,8983000.0,4.489,7469068000.0,0.00120269,5811.8
Honduras,LA,2017,9213500.0,4.573,7550393000.0,0.00122027,5772.4
Honduras,LA,2018,9444000.0,4.657,7632955000.0,0.00123727,5735.0
Honduras,LA,2019,9674500.0,4.7410000000000005,7714577000.0,0.00125405,5699.3
Honduras,LA,2020,9905000.0,4.825,7795482000.0,0.00127061,5665.3
Hungary,EE,1820,4146000.0,1.781,1047270000.0,0.00395886,4995.9
Hungary,EE,1821,4177399.9999999995,1.7945,1052728000.0,0.00396817,4995.9
Hungary,EE,1822,4208800.0,1.808,1058224000.0,0.00397723,4996.0
Hungary,EE,1823,4240200.0,1.8215,1063824000.0,0.00398581,4996.0
Hungary,EE,1824,4271600.0,1.835,1069477000.0,0.0039941,4996.0
Hungary,EE,1825,4303000.0,1.8485,1075142000.0,0.00400226,4996.1
Hungary,EE,1826,4334400.0,1.862,1080733000.0,0.00401061,4996.1
Hungary,EE,1827,4365800.0,1.8755,1086318000.0,0.0040189,4996.1
Hungary,EE,1828,4397200.0,1.889,1091853000.0,0.00402728,4996.1
Hungary,EE,1829,4428600.0,1.9025,1097270000.0,0.00403602,4996.2
Hungary,EE,1830,4460000.0,1.916,1102518000.0,0.00404529,4996.2
Hungary,EE,1831,4493800.0,1.9304,1108061000.0,0.00405555,4995.9
Hungary,EE,1832,4527600.0,1.9448,1113520000.0,0.00406602,4995.6
Hungary,EE,1833,4561400.0,1.9592,1119039000.0,0.00407618,4995.3
Hungary,EE,1834,4595200.0,1.9736,1124554000.0,0.00408624,4995.0
Hungary,EE,1835,4629000.0,1.988,1130361000.0,0.00409515,4994.7
Hungary,EE,1836,4662800.0,2.0024,1136068000.0,0.00410433,4994.4
Hungary,EE,1837,4696600.0,2.0168,1141817000.0,0.00411327,4994.1
Hungary,EE,1838,4730400.0,2.0312,1147560000.0,0.00412214,4993.8
Hungary,EE,1839,4764200.0,2.0456,1153428000.0,0.00413047,4993.6
Hungary,EE,1840,4798000.0,2.06,1159310000.0,0.00413867,4993.3
Hungary,EE,1841,4834300.0,2.0755,1165435000.0,0.00414806,4993.1
Hungary,EE,1842,4870600.0,2.091,1171545000.0,0.00415742,4992.9
Hungary,EE,1843,4906900.0,2.1065,1177631000.0,0.00416676,4992.7
Hungary,EE,1844,4943200.0,2.122,1183818000.0,0.00417564,4992.5
Hungary,EE,1845,4979500.0,2.1375,1190091000.0,0.00418413,4992.3
Hungary,EE,1846,5015800.0,2.153,1196249000.0,0.00419294,4992.1
Hungary,EE,1847,5052100.0,2.1685,1201397000.0,0.00420519,4991.9
Hungary,EE,1848,5088400.0,2.184,1205963000.0,0.00421937,4991.7
Hungary,EE,1849,5124700.0,2.1995,1211069000.0,0.00423155,4991.5
Hungary,EE,1850,5161000.0,2.215,1216574000.0,0.00424224,4991.4
Hungary,EE,1851,5197500.0,2.2461,1218975000.0,0.00426383,5025.9
Hungary,EE,1852,5234000.0,2.2772,1221557000.0,0.0042847,5060.0
Hungary,EE,1853,5270500.0,2.3083,1224259000.0,0.00430505,5093.5
Hungary,EE,1854,5307000.0,2.3394,1226726000.0,0.00432615,5126.7
Hungary,EE,1855,5343500.0,2.3705,1228814000.0,0.0043485,5159.3
Hungary,EE,1856,5380000.0,2.4016,1231565000.0,0.00436843,5191.6
Hungary,EE,1857,5416500.0,2.4327,1234524000.0,0.00438752,5223.4
Hungary,EE,1858,5453000.0,2.4638,1237487000.0,0.00440651,5254.7
Hungary,EE,1859,5489500.0,2.4949,1240642000.0,0.00442473,5285.7
Hungary,EE,1860,5526000.0,2.526,1243735000.0,0.00444307,5316.2
Hungary,EE,1861,5565100.0,2.5789,1247652000.0,0.00446046,5389.4
Hungary,EE,1862,5604200.0,2.6318,1250707000.0,0.00448083,5461.6
Hungary,EE,1863,5643300.0,2.6847,1254013000.0,0.00450019,5532.8
Hungary,EE,1864,5682400.0,2.7376,1257290000.0,0.00451956,5603.0
Hungary,EE,1865,5721500.0,2.7905,1260601000.0,0.00453871,5672.2
Hungary,EE,1866,5760600.0,2.8434,1263629000.0,0.00455877,5740.5
Hungary,EE,1867,5799700.0,2.8963,1266809000.0,0.0045782,5807.9
Hungary,EE,1868,5838800.0,2.9492000000000003,1269858000.0,0.00459799,5874.4
Hungary,EE,1869,5877900.0,3.0021,1271405000.0,0.00462315,5939.9
Hungary,EE,1870,5917000.0,3.055,1274661000.0,0.00464202,6004.7
Hungary,EE,1871,5951300.0,3.1013,1282387000.0,0.0046408,6060.5
Hungary,EE,1872,5985600.0,3.1476,1290858000.0,0.00463692,6115.8
Hungary,EE,1873,6019900.0,3.1939,1299848000.0,0.00463123,6170.4
Hungary,EE,1874,6054200.0,3.2402,1309013000.0,0.00462501,6224.4
Hungary,EE,1875,6088500.0,3.2865,1318339000.0,0.00461831,6277.7
Hungary,EE,1876,6122800.0,3.3328,1327814000.0,0.00461119,6330.5
Hungary,EE,1877,6157100.0,3.3791,1337399000.0,0.00460379,6382.7
Hungary,EE,1878,6191400.0,3.4254,1347055000.0,0.00459625,6434.3
Hungary,EE,1879,6225700.0,3.4717,1356760000.0,0.00458865,6485.4
Hungary,EE,1880,6260000.0,3.518,1366310000.0,0.00458168,6535.8
Hungary,EE,1881,6296200.0,3.5848,1376041000.0,0.00457559,6621.6
Hungary,EE,1882,6332400.0,3.6516,1385750000.0,0.00456966,6706.5
Hungary,EE,1883,6368600.0,3.7184,1395507000.0,0.00456365,6790.3
Hungary,EE,1884,6404800.0,3.7852,1405536000.0,0.00455684,6873.3
Hungary,EE,1885,6441000.0,3.852,1415514000.0,0.00455029,6955.2
Hungary,EE,1886,6477200.0,3.9188,1425627000.0,0.0045434,7036.3
Hungary,EE,1887,6513400.0,3.9856,1435759000.0,0.00453656,7116.5
Hungary,EE,1888,6549600.0,4.0524,1445944000.0,0.00452964,7195.8
Hungary,EE,1889,6585800.0,4.1192,1456277000.0,0.00452235,7274.2
Hungary,EE,1890,6622000.0,4.186,1466582000.0,0.00451526,7351.7
Hungary,EE,1891,6672500.0,4.3247,1477705000.0,0.00451545,7537.8
Hungary,EE,1892,6723000.0,4.4634,1488973000.0,0.00451519,7721.2
Hungary,EE,1893,6773500.0,4.6021,1500286000.0,0.00451481,7901.7
Hungary,EE,1894,6824000.0,4.7408,1511963000.0,0.00451334,8079.6
Hungary,EE,1895,6874500.0,4.8795,1523676000.0,0.00451179,8254.9
Hungary,EE,1896,6925000.0,5.0182,1535655000.0,0.00450948,8427.7
Hungary,EE,1897,6975500.0,5.1569,1547830000.0,0.00450663,8597.9
Hungary,EE,1898,7026000.0,5.2956,1560243000.0,0.00450314,8765.7
Hungary,EE,1899,7076500.0,5.4343,1572611000.0,0.00449984,8931.1
Hungary,EE,1900,7127000.0,5.573,1584867000.0,0.00449691,9094.1
Hungary,EE,1901,7178700.0,5.6642,1600044000.0,0.00448656,9176.4
Hungary,EE,1902,7230400.0,5.755400000000001,1615427000.0,0.00447584,9257.5
Hungary,EE,1903,7282100.0,5.8466000000000005,1630965000.0,0.0044649,9337.4
Hungary,EE,1904,7333800.0,5.9378,1646581000.0,0.00445396,9416.2
Hungary,EE,1905,7385500.0,6.029,1662453000.0,0.00444253,9493.9
Hungary,EE,1906,7437200.0,6.1202000000000005,1678596000.0,0.00443061,9570.5
Hungary,EE,1907,7488900.0,6.2114,1695030000.0,0.00441815,9646.1
Hungary,EE,1908,7540600.0,6.3026,1711586000.0,0.00440562,9720.6
Hungary,EE,1909,7592300.0,6.393800000000001,1728501000.0,0.00439242,9794.1
Hungary,EE,1910,7644000.0,6.485,1745736000.0,0.00437867,9866.6
Hungary,EE,1911,7674600.0,6.3394,1762399000.0,0.00435463,9606.7
Hungary,EE,1912,7705200.0,6.1938,1779061000.0,0.00433105,9348.7
Hungary,EE,1913,7735800.0,6.0482000000000005,1796080000.0,0.00430705,9092.9
Hungary,EE,1914,7766400.0,5.9026000000000005,1808262000.0,0.00429495,8839.0
Hungary,EE,1915,7797000.0,5.757,1818401000.0,0.00428783,8587.1
Hungary,EE,1916,7827600.0,5.6114,1828586000.0,0.00428068,8337.2
Hungary,EE,1917,7858200.0,5.4658,1839381000.0,0.0042722,8089.3
Hungary,EE,1918,7888800.0,5.3202,1849942000.0,0.00426435,7843.3
Hungary,EE,1919,7919400.0,5.1746,1862569000.0,0.00425187,7599.1
Hungary,EE,1920,7950000.0,5.029,1875297000.0,0.00423933,7356.9
Hungary,EE,1921,8019900.0,5.1721,1886887000.0,0.00425033,7500.3
Hungary,EE,1922,8089800.0,5.3152,1903926000.0,0.00424901,7641.2
Hungary,EE,1923,8159700.0,5.4583,1924127000.0,0.00424073,7779.7
Hungary,EE,1924,8229600.0,5.6014,1946371000.0,0.00422818,7915.9
Hungary,EE,1925,8299500.0,5.7445,1968879000.0,0.00421534,8049.7
Hungary,EE,1926,8369400.0,5.8876,1991829000.0,0.00420187,8181.3
Hungary,EE,1927,8439300.0,6.0307,2014443000.0,0.0041894,8310.8
Hungary,EE,1928,8509200.0,6.1738,2036576000.0,0.00417819,8438.1
Hungary,EE,1929,8579100.0,6.3169,2059103000.0,0.00416643,8563.3
Hungary,EE,1930,8649000.0,6.46,2080211000.0,0.00415775,8686.5
Hungary,EE,1931,8712800.0,6.5744,2101812000.0,0.00414538,8775.6
Hungary,EE,1932,8776600.0,6.6888,2121508000.0,0.00413696,8863.4
Hungary,EE,1933,8840400.0,6.8032,2140973000.0,0.00412915,8950.0
Hungary,EE,1934,8904200.0,6.9176,2161152000.0,0.00412012,9035.3
Hungary,EE,1935,8968000.0,7.032,2181702000.0,0.00411055,9119.3
Hungary,EE,1936,9031800.0,7.1464,2203365000.0,0.00409909,9202.2
Hungary,EE,1937,9095600.0,7.2608,2226159000.0,0.00408578,9284.0
Hungary,EE,1938,9159400.0,7.3752,2250491000.0,0.00406996,9364.5
Hungary,EE,1939,9223200.0,7.4896,2275307000.0,0.00405361,9444.0
Hungary,EE,1940,9287000.0,7.604,2296743000.0,0.00404355,9522.4
Hungary,EE,1941,9292100.0,7.7836,2313071000.0,0.00401721,9742.0
Hungary,EE,1942,9297200.0,7.9632,2331578000.0,0.00398751,9961.3
Hungary,EE,1943,9302300.0,8.142800000000001,2350140000.0,0.00395819,10180.4
Hungary,EE,1944,9307400.0,8.3224,2368872000.0,0.00392904,10399.2
Hungary,EE,1945,9312500.0,8.502,2394093000.0,0.00388978,10617.8
Hungary,EE,1946,9317600.0,8.6816,2419526000.0,0.003851,10836.2
Hungary,EE,1947,9322700.0,8.8612,2446628000.0,0.00381043,11054.3
Hungary,EE,1948,9327800.0,9.0408,2473860000.0,0.00377054,11272.2
Hungary,EE,1949,9332900.0,9.2204,2501856000.0,0.00373039,11489.8
Hungary,EE,1950,9338000.0,9.4,2529794000.0,0.00369121,11707.2
Hungary,EE,1951,9402600.0,10.0514,2577776000.0,0.00364756,12432.5
Hungary,EE,1952,9467200.0,10.7028,2624866000.0,0.00360674,13147.9
Hungary,EE,1953,9531800.0,11.3542,2671465000.0,0.003568,13853.6
Hungary,EE,1954,9596400.0,12.0056,2718563000.0,0.00352995,14549.7
Hungary,EE,1955,9661000.0,12.657,2766430000.0,0.00349223,15236.6
Hungary,EE,1956,9725600.0,13.3084,2815461000.0,0.00345435,15914.4
Hungary,EE,1957,9790200.0,13.9598,2866148000.0,0.0034158,16583.2
Hungary,EE,1958,9854800.0,14.6112,2918168000.0,0.00337705,17243.2
Hungary,EE,1959,9919400.0,15.2626,2971839000.0,0.0033378,17894.6
Hungary,EE,1960,9984000.0,15.914,3027112000.0,0.00329819,18537.6
Hungary,EE,1961,10019300.0,16.3847,3084358000.0,0.00324842,19018.7
Hungary,EE,1962,10054600.0,16.8554,3143380000.0,0.00319866,19496.4
Hungary,EE,1963,10089900.0,17.3261,3204489000.0,0.00314868,19970.7
Hungary,EE,1964,10125200.0,17.796799999999998,3268074000.0,0.00309822,20441.7
Hungary,EE,1965,10160500.0,18.2675,3334092000.0,0.00304746,20909.5
Hungary,EE,1966,10195800.0,18.7382,3402738000.0,0.00299635,21374.0
Hungary,EE,1967,10231100.0,19.2089,3473827000.0,0.0029452,21835.3
Hungary,EE,1968,10266400.0,19.6796,3546719000.0,0.00289462,22293.5
Hungary,EE,1969,10301700.0,20.1503,3620809000.0,0.00284514,22748.5
Hungary,EE,1970,10337000.0,20.621,3695944000.0,0.00279685,23200.4
Hungary,EE,1971,10374400.0,21.5185,3771809000.0,0.00275051,24122.9
Hungary,EE,1972,10411800.0,22.416,3847786000.0,0.00270592,25038.7
Hungary,EE,1973,10449200.0,23.3135,3923766000.0,0.00266305,25948.0
Hungary,EE,1974,10486600.0,24.211,3999654000.0,0.00262188,26850.8
Hungary,EE,1975,10524000.0,25.1085,4075437000.0,0.0025823,27747.2
Hungary,EE,1976,10561400.0,26.006,4150660000.0,0.00254451,28637.3
Hungary,EE,1977,10598800.0,26.9035,4225672000.0,0.00250819,29521.1
Hungary,EE,1978,10636200.0,27.801,4301501000.0,0.00247267,30398.6
Hungary,EE,1979,10673600.0,28.698500000000003,4378004000.0,0.00243801,31270.0
Hungary,EE,1980,10711000.0,29.596,4456394000.0,0.00240351,32135.3
Hungary,EE,1981,10677700.0,29.6791,4535942000.0,0.00235402,32326.1
Hungary,EE,1982,10644400.0,29.7622,4616948000.0,0.00230551,32518.0
Hungary,EE,1983,10611100.0,29.8453,4699604000.0,0.00225787,32711.1
Hungary,EE,1984,10577800.0,29.9284,4784334000.0,0.00221092,32905.5
Hungary,EE,1985,10544500.0,30.0115,4871434000.0,0.00216456,33101.0
Hungary,EE,1986,10511200.0,30.0946,4961120000.0,0.00211872,33297.8
Hungary,EE,1987,10477900.0,30.1777,5052960000.0,0.00207362,33495.9
Hungary,EE,1988,10444600.0,30.2608,5145733000.0,0.00202976,33695.2
Hungary,EE,1989,10411300.0,30.3439,5237968000.0,0.00198766,33895.8
Hungary,EE,1990,10378000.0,30.427,5328602000.0,0.0019476,34097.7
Hungary,EE,1991,10362300.0,30.0046,5417317000.0,0.00191281,33675.3
Hungary,EE,1992,10346600.0,29.5822,5503880000.0,0.00187987,33251.6
Hungary,EE,1993,10330900.0,29.1598,5588359000.0,0.00184865,32826.6
Hungary,EE,1994,10315200.0,28.7374,5671048000.0,0.00181892,32400.3
Hungary,EE,1995,10299500.0,28.315,5752408000.0,0.00179047,31972.8
Hungary,EE,1996,10283800.0,27.8926,5832484000.0,0.00176319,31543.9
Hungary,EE,1997,10268100.0,27.4702,5911415000.0,0.001737,31113.7
Hungary,EE,1998,10252400.0,27.0478,5989470000.0,0.00171174,30682.2
Hungary,EE,1999,10236700.0,26.6254,6067325000.0,0.00168719,30249.3
Hungary,EE,2000,10221000.0,26.203,6145394000.0,0.0016632,29815.2
Hungary,EE,2001,10191700.0,26.2575,6223661000.0,0.00163757,29963.1
Hungary,EE,2002,10162400.0,26.312,6302453000.0,0.00161245,30111.8
Hungary,EE,2003,10133100.0,26.3665,6381858000.0,0.0015878,30261.5
Hungary,EE,2004,10103800.0,26.421,6461988000.0,0.00156357,30411.9
Hungary,EE,2005,10074500.0,26.4755,6542867000.0,0.00153977,30563.3
Hungary,EE,2006,10045200.0,26.53,6624538000.0,0.00151636,30715.6
Hungary,EE,2007,10015900.0,26.5845,6707018000.0,0.00149335,30868.7
Hungary,EE,2008,9986600.0,26.639,6790025000.0,0.00147078,31022.7
Hungary,EE,2009,9957300.0,26.6935,6874725000.0,0.00144839,31177.7
Hungary,EE,2010,9928000.0,26.748,6959421000.0,0.00142656,31333.5
Hungary,EE,2011,9901200.0,26.7048,7044266000.0,0.00140557,31367.6
Hungary,EE,2012,9874400.0,26.6616,7129609000.0,0.00138498,31401.8
Hungary,EE,2013,9847600.0,26.6184,7215047000.0,0.00136487,31436.3
Hungary,EE,2014,9820800.0,26.5752,7300248000.0,0.00134527,31470.9
Hungary,EE,2015,9794000.0,26.532,7384880000.0,0.00132622,31505.7
Hungary,EE,2016,9767200.0,26.4888,7469068000.0,0.00130769,31540.7
Hungary,EE,2017,9740400.0,26.4456,7550393000.0,0.00129005,31575.9
Hungary,EE,2018,9713600.0,26.4024,7632955000.0,0.00127259,31611.3
Hungary,EE,2019,9686800.0,26.3592,7714577000.0,0.00125565,31646.9
Hungary,EE,2020,9660000.0,26.316,7795482000.0,0.00123918,31682.7
India,As,1820,209000000.0,60.374,1047270000.0,0.19956649,3359.6
India,As,1821,209857700.0,60.6203,1052728000.0,0.19934655,3359.5
India,As,1822,210715400.0,60.866600000000005,1058224000.0,0.19912174,3359.4
India,As,1823,211573100.0,61.1129,1063824000.0,0.1988798,3359.3
India,As,1824,212430800.0,61.3592,1069477000.0,0.19863055,3359.2
India,As,1825,213288500.0,61.605500000000006,1075142000.0,0.1983817,3359.2
India,As,1826,214146200.0,61.8518,1080733000.0,0.19814903,3359.1
India,As,1827,215003900.0,62.0981,1086318000.0,0.19791985,3359.0
India,As,1828,215861600.0,62.3444,1091853000.0,0.19770207,3358.9
India,As,1829,216719300.0,62.590700000000005,1097270000.0,0.19750772,3358.9
India,As,1830,217577000.0,62.837,1102518000.0,0.19734553,3358.8
India,As,1831,218469800.0,63.093500000000006,1108061000.0,0.19716406,3358.7
India,As,1832,219362600.0,63.35,1113520000.0,0.19699925,3358.6
India,As,1833,220255400.0,63.6065,1119039000.0,0.19682549,3358.6
India,As,1834,221148200.0,63.863,1124554000.0,0.19665414,3358.5
India,As,1835,222041000.0,64.1195,1130361000.0,0.19643371,3358.4
India,As,1836,222933800.0,64.376,1136068000.0,0.1962328,3358.4
India,As,1837,223826600.0,64.63250000000001,1141817000.0,0.19602668,3358.3
India,As,1838,224719400.0,64.889,1147560000.0,0.19582366,3358.2
India,As,1839,225612200.0,65.1455,1153428000.0,0.19560146,3358.2
India,As,1840,226505000.0,65.402,1159310000.0,0.19537915,3358.1
India,As,1841,227434500.0,65.6688,1165435000.0,0.19514988,3358.0
India,As,1842,228364000.0,65.9356,1171545000.0,0.1949255,3357.9
India,As,1843,229293500.0,66.2024,1177631000.0,0.19470743,3357.9
India,As,1844,230223000.0,66.4692,1183818000.0,0.194475,3357.8
India,As,1845,231152500.0,66.73599999999999,1190091000.0,0.19423095,3357.7
India,As,1846,232082000.0,67.0028,1196249000.0,0.1940081,3357.6
India,As,1847,233011500.0,67.2696,1201397000.0,0.19395046,3357.5
India,As,1848,233941000.0,67.5364,1205963000.0,0.19398688,3357.5
India,As,1849,234870500.0,67.80319999999999,1211069000.0,0.19393651,3357.4
India,As,1850,235800000.0,68.07,1216574000.0,0.19382298,3357.3
India,As,1851,236644900.0,68.3213,1218975000.0,0.19413433,3357.7
India,As,1852,237489800.0,68.5726,1221557000.0,0.19441565,3358.0
India,As,1853,238334700.0,68.8239,1224259000.0,0.1946767,3358.4
India,As,1854,239179600.0,69.0752,1226726000.0,0.19497394,3358.8
India,As,1855,240024500.0,69.3265,1228814000.0,0.19533021,3359.1
India,As,1856,240869400.0,69.5778,1231565000.0,0.19557993,3359.5
India,As,1857,241714300.0,69.8291,1234524000.0,0.19579555,3359.8
India,As,1858,242559200.0,70.0804,1237487000.0,0.19600949,3360.1
India,As,1859,243404100.0,70.3317,1240642000.0,0.19619205,3360.5
India,As,1860,244249000.0,70.583,1243735000.0,0.19638347,3360.8
India,As,1861,245124100.0,70.8218,1247652000.0,0.19646833,3360.2
India,As,1862,245999200.0,71.0606,1250707000.0,0.19668811,3359.5
India,As,1863,246874300.0,71.2994,1254013000.0,0.19686742,3358.8
India,As,1864,247749400.0,71.5382,1257290000.0,0.19705032,3358.2
India,As,1865,248624500.0,71.777,1260601000.0,0.19722696,3357.5
India,As,1866,249499600.0,72.0158,1263629000.0,0.19744688,3356.9
India,As,1867,250374700.0,72.2546,1266809000.0,0.19764203,3356.3
India,As,1868,251249800.0,72.49340000000001,1269858000.0,0.19785661,3355.6
India,As,1869,252124900.0,72.7322,1271405000.0,0.19830416,3355.0
India,As,1870,253000000.0,72.971,1274661000.0,0.19848415,3354.4
India,As,1871,253420000.0,73.1644,1282387000.0,0.19761585,3357.7
India,As,1872,253840000.0,73.3578,1290858000.0,0.1966444,3361.0
India,As,1873,254260000.0,73.55120000000001,1299848000.0,0.19560749,3364.3
India,As,1874,254680000.0,73.7446,1309013000.0,0.1945588,3367.6
India,As,1875,255100000.0,73.938,1318339000.0,0.19350106,3370.8
India,As,1876,255520000.0,74.1314,1327814000.0,0.19243659,3374.1
India,As,1877,255940000.0,74.3248,1337399000.0,0.19137146,3377.3
India,As,1878,256360000.0,74.51820000000001,1347055000.0,0.19031146,3380.6
India,As,1879,256780000.0,74.7116,1356760000.0,0.18925971,3383.8
India,As,1880,257200000.0,74.905,1366310000.0,0.18824425,3387.0
India,As,1881,259442600.0,75.65350000000001,1376041000.0,0.18854278,3391.3
India,As,1882,261685200.0,76.402,1385750000.0,0.18884012,3395.5
India,As,1883,263927800.0,77.1505,1395507000.0,0.18912682,3399.6
India,As,1884,266170400.00000003,77.899,1405536000.0,0.18937288,3403.7
India,As,1885,268413000.0,78.64750000000001,1415514000.0,0.18962229,3407.7
India,As,1886,270655600.0,79.396,1425627000.0,0.18985022,3411.6
India,As,1887,272898200.0,80.1445,1435759000.0,0.19007243,3415.5
India,As,1888,275140800.0,80.893,1445944000.0,0.19028455,3419.3
India,As,1889,277383400.0,81.64150000000001,1456277000.0,0.19047434,3423.0
India,As,1890,279626000.0,82.39,1466582000.0,0.1906651,3426.7
India,As,1891,280113400.0,82.9688,1477705000.0,0.18955976,3444.8
India,As,1892,280600800.0,83.5476,1488973000.0,0.18845258,3462.8
India,As,1893,281088200.0,84.1264,1500286000.0,0.18735641,3480.7
India,As,1894,281575600.0,84.7052,1511963000.0,0.18623181,3498.6
India,As,1895,282063000.0,85.28399999999999,1523676000.0,0.18512006,3516.4
India,As,1896,282550400.0,85.8628,1535655000.0,0.18399341,3534.2
India,As,1897,283037800.0,86.4416,1547830000.0,0.18286104,3551.9
India,As,1898,283525200.0,87.0204,1560243000.0,0.18171862,3569.5
India,As,1899,284012600.0,87.5992,1572611000.0,0.1805994,3587.1
India,As,1900,284500000.0,88.178,1584867000.0,0.17951033,3604.6
India,As,1901,286260000.0,89.2616,1600044000.0,0.17890758,3626.5
India,As,1902,288020000.0,90.3452,1615427000.0,0.17829342,3648.1
India,As,1903,289780000.0,91.4288,1630965000.0,0.17767395,3669.4
India,As,1904,291540000.0,92.5124,1646581000.0,0.17705779,3690.5
India,As,1905,293300000.0,93.596,1662453000.0,0.17642604,3711.3
India,As,1906,295060000.0,94.6796,1678596000.0,0.17577785,3731.9
India,As,1907,296820000.0,95.7632,1695030000.0,0.17511194,3752.2
India,As,1908,298580000.0,96.8468,1711586000.0,0.17444639,3772.3
India,As,1909,300340000.0,97.9304,1728501000.0,0.17375749,3792.1
India,As,1910,302100000.0,99.014,1745736000.0,0.17305022,3811.8
India,As,1911,302450000.0,99.7465,1762399000.0,0.17161267,3835.5
India,As,1912,302800000.0,100.479,1779061000.0,0.17020215,3859.2
India,As,1913,303150000.0,101.2115,1796080000.0,0.16878424,3882.9
India,As,1914,303500000.0,101.944,1808262000.0,0.16784072,3906.5
India,As,1915,303850000.0,102.6765,1818401000.0,0.16709736,3930.0
India,As,1916,304200000.0,103.409,1828586000.0,0.16635805,3953.5
India,As,1917,304550000.0,104.1415,1839381000.0,0.165572,3976.9
India,As,1918,304900000.0,104.874,1849942000.0,0.16481598,4000.3
India,As,1919,305250000.0,105.6065,1862569000.0,0.16388655,4023.6
India,As,1920,305600000.0,106.339,1875297000.0,0.16296085,4046.9
India,As,1921,308680000.0,107.5412,1886887000.0,0.1635922,4051.8
India,As,1922,311760000.0,108.7434,1903926000.0,0.16374586,4056.6
India,As,1923,314840000.0,109.9456,1924127000.0,0.16362745,4061.3
India,As,1924,317920000.0,111.1478,1946371000.0,0.16333988,4066.0
India,As,1925,321000000.0,112.35,1968879000.0,0.16303694,4070.5
India,As,1926,324080000.0,113.5522,1991829000.0,0.16270473,4075.0
India,As,1927,327160000.0,114.7544,2014443000.0,0.16240718,4079.3
India,As,1928,330240000.0,115.9566,2036576000.0,0.16215452,4083.6
India,As,1929,333320000.0,117.1588,2059103000.0,0.16187631,4087.8
India,As,1930,336400000.0,118.361,2080211000.0,0.16171436,4092.0
India,As,1931,341440000.0,119.849,2101812000.0,0.1624503,4082.3
India,As,1932,346480000.0,121.337,2121508000.0,0.16331779,4072.8
India,As,1933,351520000.0,122.825,2140973000.0,0.16418703,4063.7
India,As,1934,356560000.0,124.313,2161152000.0,0.16498608,4054.7
India,As,1935,361600000.0,125.80100000000002,2181702000.0,0.16574216,4046.1
India,As,1936,366640000.0,127.28900000000002,2203365000.0,0.16640003,4037.7
India,As,1937,371680000.0,128.77700000000002,2226159000.0,0.16696022,4029.5
India,As,1938,376720000.0,130.265,2250491000.0,0.16739458,4021.5
India,As,1939,381760000.0,131.753,2275307000.0,0.16778395,4013.7
India,As,1940,386800000.0,133.241,2296743000.0,0.1684124,4006.2
India,As,1941,385752500.0,133.6832,2313071000.0,0.16677071,4030.4
India,As,1942,384705000.0,134.1254,2331578000.0,0.1649977,4054.7
India,As,1943,383657500.0,134.56760000000003,2350140000.0,0.16324879,4079.2
India,As,1944,382610000.0,135.0098,2368872000.0,0.16151569,4103.8
India,As,1945,381562500.0,135.452,2394093000.0,0.15937664,4128.6
India,As,1946,380515000.0,135.8942,2419526000.0,0.15726841,4153.4
India,As,1947,379467500.0,136.33640000000003,2446628000.0,0.15509816,4178.5
India,As,1948,378420000.0,136.7786,2473860000.0,0.15296743,4203.6
India,As,1949,377372500.0,137.2208,2501856000.0,0.15083702,4228.9
India,As,1950,376325000.0,137.663,2529794000.0,0.14875717,4254.4
India,As,1951,383640600.0,141.8221,2577776000.0,0.1488262,4299.3
India,As,1952,390956200.0,145.9812,2624866000.0,0.1489433,4342.6
India,As,1953,398271800.0,150.1403,2671465000.0,0.14908367,4384.3
India,As,1954,405587400.0,154.2994,2718563000.0,0.14919183,4424.5
India,As,1955,412903000.0,158.45850000000002,2766430000.0,0.14925482,4463.2
India,As,1956,420218600.0,162.61759999999998,2815461000.0,0.14925392,4500.6
India,As,1957,427534200.0,166.7767,2866148000.0,0.14916683,4536.7
India,As,1958,434849800.0,170.9358,2918168000.0,0.14901466,4571.7
India,As,1959,442165400.0,175.0949,2971839000.0,0.14878511,4605.4
India,As,1960,449481000.0,179.254,3027112000.0,0.14848509,4638.1
India,As,1961,459890800.0,183.8546,3084358000.0,0.14910422,4649.4
India,As,1962,470300600.0,188.4552,3143380000.0,0.14961621,4660.3
India,As,1963,480710400.0,193.0558,3204489000.0,0.15001156,4670.7
India,As,1964,491120200.0,197.6564,3268074000.0,0.15027818,4680.6
India,As,1965,501530000.0,202.257,3334092000.0,0.15042476,4690.1
India,As,1966,511939800.0,206.8576,3402738000.0,0.15044937,4699.3
India,As,1967,522349600.0,211.4582,3473827000.0,0.15036719,4708.1
India,As,1968,532759400.0,216.0588,3546719000.0,0.1502119,4716.5
India,As,1969,543169200.0,220.6594,3620809000.0,0.15001322,4724.6
India,As,1970,553579000.0,225.26,3695944000.0,0.14978014,4732.4
India,As,1971,567899500.0,231.0493,3771809000.0,0.15056423,4731.7
India,As,1972,582220000.0,236.8386,3847786000.0,0.15131299,4730.9
India,As,1973,596540500.0,242.6279,3923766000.0,0.15203264,4730.2
India,As,1974,610861000.0,248.4172,3999654000.0,0.15272846,4729.5
India,As,1975,625181500.0,254.2065,4075437000.0,0.15340232,4728.9
India,As,1976,639502000.0,259.99580000000003,4150660000.0,0.15407236,4728.3
India,As,1977,653822500.0,265.7851,4225672000.0,0.15472628,4727.7
India,As,1978,668143000.0,271.5744,4301501000.0,0.15532787,4727.1
India,As,1979,682463500.0,277.3637,4378004000.0,0.15588462,4726.6
India,As,1980,696784000.0,283.153,4456394000.0,0.15635601,4726.1
India,As,1981,714118900.0,295.8322,4535942000.0,0.15743563,4817.9
India,As,1982,731453800.0,308.51140000000004,4616948000.0,0.15842799,4905.3
India,As,1983,748788700.0,321.1906,4699604000.0,0.15933017,4988.7
India,As,1984,766123600.0,333.8698,4784334000.0,0.16013171,5068.2
India,As,1985,783458500.0,346.549,4871434000.0,0.16082708,5144.3
India,As,1986,800793400.0,359.2282,4961120000.0,0.16141383,5217.1
India,As,1987,818128300.0,371.9074,5052960000.0,0.1619107,5286.8
India,As,1988,835463200.0,384.5866,5145733000.0,0.16236039,5353.6
India,As,1989,852798100.0,397.2658,5237968000.0,0.16281086,5417.7
India,As,1990,870133000.0,409.945,5328602000.0,0.1632948,5479.2
India,As,1991,888424800.0,425.4685,5417317000.0,0.1639972,5569.6
India,As,1992,906716600.0,440.992,5503880000.0,0.16474135,5656.4
India,As,1993,925008400.0,456.5155,5588359000.0,0.16552415,5739.7
India,As,1994,943300200.0,472.039,5671048000.0,0.16633613,5819.8
India,As,1995,961592000.0,487.5625,5752408000.0,0.16716339,5896.8
India,As,1996,979883800.0,503.086,5832484000.0,0.16800454,5971.0
India,As,1997,998175600.0,518.6094999999999,5911415000.0,0.16885561,6042.5
India,As,1998,1016467400.0,534.1329999999999,5989470000.0,0.16970907,6111.3
India,As,1999,1034759200.0,549.6564999999999,6067325000.0,0.1705462,6177.8
India,As,2000,1053051000.0,565.18,6145394000.0,0.17135614,6241.9
India,As,2001,1070844000.0,585.3494999999999,6223661000.0,0.17206014,6357.2
India,As,2002,1088637000.0,605.519,6302453000.0,0.17273227,6468.8
India,As,2003,1106430000.0,625.6885,6381858000.0,0.17337114,6576.8
India,As,2004,1124223000.0,645.858,6461988000.0,0.17397479,6681.4
India,As,2005,1142016000.0,666.0274999999999,6542867000.0,0.17454367,6782.7
India,As,2006,1159809000.0,686.197,6624538000.0,0.17507772,6880.8
India,As,2007,1177602000.0,706.3665,6707018000.0,0.17557758,6976.1
India,As,2008,1195395000.0,726.5360000000001,6790025000.0,0.17605163,7068.5
India,As,2009,1213188000.0,746.7055,6874725000.0,0.17647077,7158.2
India,As,2010,1230981000.0,766.875,6959421000.0,0.1768798,7245.2
India,As,2011,1245883300.0,790.9555,7044266000.0,0.17686489,7383.4
India,As,2012,1260785600.0,815.036,7129609000.0,0.17683797,7518.2
India,As,2013,1275687900.0,839.1165,7215047000.0,0.17680937,7649.9
India,As,2014,1290590200.0,863.197,7300248000.0,0.17678717,7778.6
India,As,2015,1305492500.0,887.2774999999999,7384880000.0,0.17677911,7904.3
India,As,2016,1320394800.0,911.358,7469068000.0,0.17678174,8027.2
India,As,2017,1335297100.0,935.4385,7550393000.0,0.17685134,8147.4
India,As,2018,1350199400.0,959.519,7632955000.0,0.17689078,8264.9
India,As,2019,1365101700.0,983.5995,7714577000.0,0.17695095,8379.8
India,As,2020,1380004000.0,1007.68,7795482000.0,0.17702613,8492.2
Indonesia,As,1820,17927000.0,5.179,1047270000.0,0.01711784,3359.8
Indonesia,As,1821,18081600.0,5.2235000000000005,1052728000.0,0.01717595,3359.7
Indonesia,As,1822,18236200.0,5.268,1058224000.0,0.01723284,3359.6
Indonesia,As,1823,18390800.0,5.3125,1063824000.0,0.01728745,3359.5
Indonesia,As,1824,18545400.0,5.357,1069477000.0,0.01734063,3359.4
Indonesia,As,1825,18700000.0,5.4015,1075142000.0,0.01739305,3359.3
Indonesia,As,1826,18854600.0,5.446,1080733000.0,0.01744612,3359.2
Indonesia,As,1827,19009200.0,5.4905,1086318000.0,0.01749874,3359.1
Indonesia,As,1828,19163800.0,5.535,1091853000.0,0.01755163,3359.0
Indonesia,As,1829,19318400.0,5.5795,1097270000.0,0.01760588,3359.0
Indonesia,As,1830,19473000.0,5.624,1102518000.0,0.0176623,3358.9
Indonesia,As,1831,19641000.0,5.6724,1108061000.0,0.01772556,3358.8
Indonesia,As,1832,19809000.0,5.7208,1113520000.0,0.01778953,3358.7
Indonesia,As,1833,19977000.0,5.7692,1119039000.0,0.01785192,3358.7
Indonesia,As,1834,20145000.0,5.8176,1124554000.0,0.01791377,3358.6
Indonesia,As,1835,20313000.0,5.866,1130361000.0,0.01797037,3358.5
Indonesia,As,1836,20481000.0,5.9144,1136068000.0,0.01802797,3358.5
Indonesia,As,1837,20649000.0,5.9628,1141817000.0,0.01808433,3358.4
Indonesia,As,1838,20817000.0,6.0112,1147560000.0,0.01814023,3358.3
Indonesia,As,1839,20985000.0,6.0596,1153428000.0,0.01819359,3358.3
Indonesia,As,1840,21153000.0,6.108,1159310000.0,0.0182462,3358.2
Indonesia,As,1841,21335400.0,6.1605,1165435000.0,0.01830681,3358.1
Indonesia,As,1842,21517800.0,6.213,1171545000.0,0.01836703,3358.0
Indonesia,As,1843,21700200.0,6.265499999999999,1177631000.0,0.01842699,3357.9
Indonesia,As,1844,21882600.0,6.318,1183818000.0,0.01848477,3357.8
Indonesia,As,1845,22065000.0,6.3705,1190091000.0,0.0185406,3357.8
Indonesia,As,1846,22247400.0,6.423,1196249000.0,0.01859763,3357.7
Indonesia,As,1847,22429800.0,6.4755,1201397000.0,0.01866977,3357.6
Indonesia,As,1848,22612200.0,6.528,1205963000.0,0.01875033,3357.5
Indonesia,As,1849,22794600.0,6.5805,1211069000.0,0.01882188,3357.4
Indonesia,As,1850,22977000.0,6.633,1216574000.0,0.01888664,3357.3
Indonesia,As,1851,23257200.0,6.7121,1218975000.0,0.01907931,3356.5
Indonesia,As,1852,23537400.0,6.7912,1221557000.0,0.01926836,3355.6
Indonesia,As,1853,23817600.0,6.8703,1224259000.0,0.01945471,3354.7
Indonesia,As,1854,24097800.0,6.9494,1226726000.0,0.019644,3353.9
Indonesia,As,1855,24378000.0,7.0285,1228814000.0,0.01983864,3353.1
Indonesia,As,1856,24658200.0,7.107600000000001,1231565000.0,0.02002184,3352.3
Indonesia,As,1857,24938400.0,7.1867,1234524000.0,0.02020082,3351.5
Indonesia,As,1858,25218600.0,7.2658,1237487000.0,0.02037888,3350.8
Indonesia,As,1859,25498800.0,7.3449,1240642000.0,0.02055291,3350.0
Indonesia,As,1860,25779000.0,7.424,1243735000.0,0.02072708,3349.3
Indonesia,As,1861,26093300.0,7.511100000000001,1247652000.0,0.02091392,3347.8
Indonesia,As,1862,26407600.0,7.5982,1250707000.0,0.02111414,3346.3
Indonesia,As,1863,26721900.0,7.6853,1254013000.0,0.02130911,3344.8
Indonesia,As,1864,27036200.0,7.7724,1257290000.0,0.02150355,3343.4
Indonesia,As,1865,27350500.0,7.859500000000001,1260601000.0,0.0216964,3342.0
Indonesia,As,1866,27664800.0,7.9466,1263629000.0,0.02189313,3340.7
Indonesia,As,1867,27979100.0,8.0337,1266809000.0,0.02208628,3339.3
Indonesia,As,1868,28293400.0,8.1208,1269858000.0,0.02228076,3338.1
Indonesia,As,1869,28607700.0,8.2079,1271405000.0,0.02250086,3336.8
Indonesia,As,1870,28922000.0,8.295,1274661000.0,0.02268995,3335.6
Indonesia,As,1871,29317400.0,8.4137,1282387000.0,0.02286159,3337.7
Indonesia,As,1872,29712800.0,8.532399999999999,1290858000.0,0.02301787,3339.7
Indonesia,As,1873,30108200.0,8.6511,1299848000.0,0.02316286,3341.7
Indonesia,As,1874,30503600.0,8.7698,1309013000.0,0.02330275,3343.6
Indonesia,As,1875,30899000.0,8.8885,1318339000.0,0.02343783,3345.5
Indonesia,As,1876,31294400.0,9.0072,1327814000.0,0.02356836,3347.4
Indonesia,As,1877,31689800.0,9.1259,1337399000.0,0.0236951,3349.2
Indonesia,As,1878,32085200.0,9.2446,1347055000.0,0.02381878,3350.9
Indonesia,As,1879,32480600.0,9.3633,1356760000.0,0.02393983,3352.6
Indonesia,As,1880,32876000.0,9.482,1366310000.0,0.02406189,3354.3
Indonesia,As,1881,33346300.000000004,9.6235,1376041000.0,0.02423351,3356.3
Indonesia,As,1882,33816600.0,9.765,1385750000.0,0.0244031,3358.3
Indonesia,As,1883,34286900.0,9.9065,1395507000.0,0.02456949,3360.3
Indonesia,As,1884,34757200.0,10.048,1405536000.0,0.02472879,3362.1
Indonesia,As,1885,35227500.0,10.1895,1415514000.0,0.02488672,3364.0
Indonesia,As,1886,35697800.0,10.331,1425627000.0,0.02504007,3365.7
Indonesia,As,1887,36168100.0,10.4725,1435759000.0,0.02519093,3367.5
Indonesia,As,1888,36638400.0,10.614,1445944000.0,0.02533874,3369.2
Indonesia,As,1889,37108700.0,10.7555,1456277000.0,0.0254819,3370.8
Indonesia,As,1890,37579000.0,10.897,1466582000.0,0.02562352,3372.4
Indonesia,As,1891,38095700.0,11.1228,1477705000.0,0.02578031,3395.6
Indonesia,As,1892,38612400.0,11.3486,1488973000.0,0.02593224,3418.2
Indonesia,As,1893,39129100.0,11.5744,1500286000.0,0.02608109,3440.2
Indonesia,As,1894,39645800.0,11.8002,1511963000.0,0.02622141,3461.6
Indonesia,As,1895,40162500.0,12.026,1523676000.0,0.02635895,3482.4
Indonesia,As,1896,40679200.0,12.2518,1535655000.0,0.0264898,3502.7
Indonesia,As,1897,41195900.0,12.4776,1547830000.0,0.02661526,3522.5
Indonesia,As,1898,41712600.0,12.7034,1560243000.0,0.02673468,3541.9
Indonesia,As,1899,42229300.0,12.9292,1572611000.0,0.02685299,3560.7
Indonesia,As,1900,42746000.0,13.155,1584867000.0,0.02697135,3579.1
Indonesia,As,1901,43292000.0,13.4094,1600044000.0,0.02705676,3602.3
Indonesia,As,1902,43838000.0,13.6638,1615427000.0,0.0271371,3624.9
Indonesia,As,1903,44384000.0,13.9182,1630965000.0,0.02721334,3647.0
Indonesia,As,1904,44930000.0,14.1726,1646581000.0,0.02728684,3668.5
Indonesia,As,1905,45476000.0,14.427,1662453000.0,0.02735476,3689.6
Indonesia,As,1906,46022000.0,14.6814,1678596000.0,0.02741696,3710.1
Indonesia,As,1907,46568000.0,14.9358,1695030000.0,0.02747326,3730.1
Indonesia,As,1908,47114000.0,15.1902,1711586000.0,0.02752652,3749.7
Indonesia,As,1909,47660000.0,15.4446,1728501000.0,0.02757302,3768.8
Indonesia,As,1910,48206000.0,15.699,1745736000.0,0.02761357,3787.5
Indonesia,As,1911,48757700.0,15.9387,1762399000.0,0.02766553,3801.8
Indonesia,As,1912,49309400.0,16.1784,1779061000.0,0.02771653,3815.8
Indonesia,As,1913,49861100.0,16.4181,1796080000.0,0.02776107,3829.5
Indonesia,As,1914,50412800.0,16.6578,1808262000.0,0.02787915,3842.9
Indonesia,As,1915,50964500.0,16.8975,1818401000.0,0.0280271,3856.0
Indonesia,As,1916,51516200.0,17.1372,1828586000.0,0.0281727,3868.8
Indonesia,As,1917,52067900.0,17.3769,1839381000.0,0.02830729,3881.3
Indonesia,As,1918,52619600.0,17.6166,1849942000.0,0.02844392,3893.6
Indonesia,As,1919,53171300.0,17.8563,1862569000.0,0.02854729,3905.7
Indonesia,As,1920,53723000.0,18.096,1875297000.0,0.02864773,3917.4
Indonesia,As,1921,54410300.0,18.3987,1886887000.0,0.02883601,3932.7
Indonesia,As,1922,55097600.0,18.7014,1903926000.0,0.02893894,3947.5
Indonesia,As,1923,55784900.0,19.0041,1924127000.0,0.02899232,3962.0
Indonesia,As,1924,56472200.0,19.3068,1946371000.0,0.0290141,3976.1
Indonesia,As,1925,57159500.0,19.6095,1968879000.0,0.02903149,3989.9
Indonesia,As,1926,57846800.0,19.9122,1991829000.0,0.02904205,4003.3
Indonesia,As,1927,58534100.0,20.2149,2014443000.0,0.02905721,4016.5
Indonesia,As,1928,59221400.0,20.5176,2036576000.0,0.0290789,4029.3
Indonesia,As,1929,59908700.0,20.8203,2059103000.0,0.02909456,4041.8
Indonesia,As,1930,60596000.0,21.123,2080211000.0,0.02912974,4054.1
Indonesia,As,1931,61553900.0,21.5064,2101812000.0,0.02928611,4063.4
Indonesia,As,1932,62511800.0,21.8898,2121508000.0,0.02946574,4072.5
Indonesia,As,1933,63469700.0,22.273200000000003,2140973000.0,0.02964526,4081.3
Indonesia,As,1934,64427600.0,22.6566,2161152000.0,0.02981169,4089.8
Indonesia,As,1935,65385500.0,23.04,2181702000.0,0.02996995,4098.1
Indonesia,As,1936,66343399.99999999,23.4234,2203365000.0,0.03011004,4106.1
Indonesia,As,1937,67301300.0,23.806800000000003,2226159000.0,0.03023203,4113.9
Indonesia,As,1938,68259200.0,24.1902,2250491000.0,0.0303308,4121.5
Indonesia,As,1939,69217100.0,24.5736,2275307000.0,0.03042099,4128.9
Indonesia,As,1940,70175000.0,24.957,2296743000.0,0.03055414,4136.1
Indonesia,As,1941,71061800.0,25.1625,2313071000.0,0.03072184,4118.1
Indonesia,As,1942,71948600.0,25.368,2331578000.0,0.03085833,4100.6
Indonesia,As,1943,72835400.0,25.5735,2350140000.0,0.03099194,4083.5
Indonesia,As,1944,73722200.0,25.779,2368872000.0,0.03112123,4066.8
Indonesia,As,1945,74609000.0,25.9845,2394093000.0,0.03116379,4050.4
Indonesia,As,1946,75495800.0,26.19,2419526000.0,0.03120272,4034.5
Indonesia,As,1947,76382600.0,26.3955,2446628000.0,0.03121954,4019.0
Indonesia,As,1948,77269400.0,26.601,2473860000.0,0.03123435,4003.8
Indonesia,As,1949,78156200.0,26.8065,2501856000.0,0.03123929,3988.9
Indonesia,As,1950,79043000.0,27.012,2529794000.0,0.03124484,3974.4
Indonesia,As,1951,80664100.0,27.699,2577776000.0,0.03129213,3993.6
Indonesia,As,1952,82285200.0,28.386,2624866000.0,0.03134834,4012.0
Indonesia,As,1953,83906300.0,29.073,2671465000.0,0.03140835,4029.7
Indonesia,As,1954,85527400.0,29.76,2718563000.0,0.03146052,4046.8
Indonesia,As,1955,87148500.0,30.447,2766430000.0,0.03150215,4063.2
Indonesia,As,1956,88769600.0,31.134,2815461000.0,0.03152933,4079.0
Indonesia,As,1957,90390700.0,31.821,2866148000.0,0.03153735,4094.2
Indonesia,As,1958,92011800.0,32.508,2918168000.0,0.03153067,4108.9
Indonesia,As,1959,93632900.0,33.195,2971839000.0,0.03150672,4123.1
Indonesia,As,1960,95254000.0,33.882,3027112000.0,0.03146696,4136.8
Indonesia,As,1961,97333000.0,34.3174,3084358000.0,0.03155697,4100.5
Indonesia,As,1962,99412000.0,34.7528,3143380000.0,0.03162583,4065.7
Indonesia,As,1963,101491000.0,35.188199999999995,3204489000.0,0.03167151,4032.3
Indonesia,As,1964,103570000.0,35.6236,3268074000.0,0.03169145,4000.2
Indonesia,As,1965,105649000.0,36.059,3334092000.0,0.03168749,3969.4
Indonesia,As,1966,107728000.0,36.4944,3402738000.0,0.03165921,3939.8
Indonesia,As,1967,109807000.0,36.9298,3473827000.0,0.03160981,3911.3
Indonesia,As,1968,111886000.0,37.3652,3546719000.0,0.03154634,3883.9
Indonesia,As,1969,113965000.0,37.8006,3620809000.0,0.03147501,3857.5
Indonesia,As,1970,116044000.0,38.236,3695944000.0,0.03139766,3832.0
Indonesia,As,1971,119188600.0,40.1502,3771809000.0,0.03159985,3917.7
Indonesia,As,1972,122333200.0,42.0644,3847786000.0,0.03179314,3999.0
Indonesia,As,1973,125477800.0,43.9786,3923766000.0,0.03197892,4076.2
Indonesia,As,1974,128622400.0,45.8928,3999654000.0,0.03215838,4149.6
Indonesia,As,1975,131767000.0,47.807,4075437000.0,0.03233199,4219.5
Indonesia,As,1976,134911600.0,49.7212,4150660000.0,0.03250365,4286.2
Indonesia,As,1977,138056200.0,51.6354,4225672000.0,0.03267083,4349.8
Indonesia,As,1978,141200800.0,53.5496,4301501000.0,0.03282594,4410.6
Indonesia,As,1979,144345400.0,55.4638,4378004000.0,0.0329706,4468.8
Indonesia,As,1980,147490000.0,57.378,4456394000.0,0.03309627,4524.4
Indonesia,As,1981,150884700.0,60.1787,4535942000.0,0.03326425,4638.5
Indonesia,As,1982,154279400.0,62.9794,4616948000.0,0.03341588,4747.6
Indonesia,As,1983,157674100.0,65.7801,4699604000.0,0.03355051,4851.9
Indonesia,As,1984,161068800.0,68.5808,4784334000.0,0.03366588,4951.9
Indonesia,As,1985,164463500.0,71.3815,4871434000.0,0.0337608,5047.7
Indonesia,As,1986,167858200.0,74.1822,4961120000.0,0.03383474,5139.7
Indonesia,As,1987,171252900.0,76.9829,5052960000.0,0.0338916,5228.0
Indonesia,As,1988,174647600.0,79.7836,5145733000.0,0.03394028,5312.9
Indonesia,As,1989,178042300.0,82.5843,5237968000.0,0.03399072,5394.5
Indonesia,As,1990,181437000.0,85.385,5328602000.0,0.03404964,5473.1
Indonesia,As,1991,184447300.0,90.3964,5417317000.0,0.03404772,5699.8
Indonesia,As,1992,187457600.0,95.4078,5503880000.0,0.03405917,5919.2
Indonesia,As,1993,190467900.0,100.4192,5588359000.0,0.03408297,6131.6
Indonesia,As,1994,193478200.0,105.4306,5671048000.0,0.03411683,6337.4
Indonesia,As,1995,196488500.0,110.442,5752408000.0,0.03415761,6537.0
Indonesia,As,1996,199498800.0,115.4534,5832484000.0,0.03420477,6730.5
Indonesia,As,1997,202509100.0,120.4648,5911415000.0,0.0342573,6918.2
Indonesia,As,1998,205519400.0,125.4762,5989470000.0,0.03431345,7100.5
Indonesia,As,1999,208529700.0,130.4876,6067325000.0,0.0343693,7277.5
Indonesia,As,2000,211540000.0,135.499,6145394000.0,0.03442253,7449.4
Indonesia,As,2001,214638400.0,141.15959999999998,6223661000.0,0.03448748,7648.6
Indonesia,As,2002,217736800.0,146.8202,6302453000.0,0.03454795,7842.1
Indonesia,As,2003,220835200.0,152.4808,6381858000.0,0.03460359,8030.2
Indonesia,As,2004,223933600.0,158.1414,6461988000.0,0.03465398,8213.1
Indonesia,As,2005,227032000.0,163.802,6542867000.0,0.03469916,8391.0
Indonesia,As,2006,230130400.0,169.4626,6624538000.0,0.03473909,8564.1
Indonesia,As,2007,233228800.0,175.1232,6707018000.0,0.03477384,8732.6
Indonesia,As,2008,236327200.0,180.7838,6790025000.0,0.03480506,8896.6
Indonesia,As,2009,239425600.0,186.4444,6874725000.0,0.03482693,9056.5
Indonesia,As,2010,242524000.0,192.105,6959421000.0,0.0348483,9212.2
Indonesia,As,2011,245624000.0,198.3609,7044266000.0,0.03486864,9392.1
Indonesia,As,2012,248724000.0,204.6168,7129609000.0,0.03488606,9567.6
Indonesia,As,2013,251824000.0,210.8727,7215047000.0,0.03490261,9738.7
Indonesia,As,2014,254924000.0,217.1286,7300248000.0,0.03491991,9905.7
Indonesia,As,2015,258024000.0,223.3845,7384880000.0,0.0349395,10068.7
Indonesia,As,2016,261124000.0,229.6404,7469068000.0,0.03496072,10227.8
Indonesia,As,2017,264224000.0,235.8963,7550393000.0,0.03499473,10383.1
Indonesia,As,2018,267324000.0,242.1522,7632955000.0,0.03502235,10534.9
Indonesia,As,2019,270424000.0,248.4081,7714577000.0,0.03505364,10683.2
Indonesia,As,2020,273524000.0,254.664,7795482000.0,0.0350875,10828.1
Iran,ME,1820,6560000.0,1.886,1047270000.0,0.00626391,3343.6
Iran,ME,1821,6593500.0,1.8956,1052728000.0,0.00626325,3343.6
Iran,ME,1822,6627000.0,1.9052,1058224000.0,0.00626238,3343.5
Iran,ME,1823,6660500.0,1.9148,1063824000.0,0.0062609,3343.5
Iran,ME,1824,6694000.0,1.9244,1069477000.0,0.00625913,3343.4
Iran,ME,1825,6727500.0,1.934,1075142000.0,0.00625731,3343.4
Iran,ME,1826,6761000.0,1.9436,1080733000.0,0.00625594,3343.3
Iran,ME,1827,6794500.0,1.9532,1086318000.0,0.00625461,3343.3
Iran,ME,1828,6828000.0,1.9628,1091853000.0,0.00625359,3343.2
Iran,ME,1829,6861500.0,1.9724,1097270000.0,0.00625325,3343.1
Iran,ME,1830,6895000.0,1.982,1102518000.0,0.00625387,3343.1
Iran,ME,1831,6930200.0,1.9922,1108061000.0,0.00625435,3343.2
Iran,ME,1832,6965400.0,2.0024,1113520000.0,0.0062553,3343.4
Iran,ME,1833,7000600.0,2.0126,1119039000.0,0.0062559,3343.5
Iran,ME,1834,7035800.0,2.0228,1124554000.0,0.00625652,3343.6
Iran,ME,1835,7071000.0,2.033,1130361000.0,0.00625552,3343.8
Iran,ME,1836,7106200.0,2.0432,1136068000.0,0.00625508,3343.9
Iran,ME,1837,7141400.0,2.0534,1141817000.0,0.00625442,3344.0
Iran,ME,1838,7176600.0,2.0636,1147560000.0,0.00625379,3344.2
Iran,ME,1839,7211800.0,2.0738,1153428000.0,0.00625249,3344.3
Iran,ME,1840,7247000.0,2.084,1159310000.0,0.00625113,3344.4
Iran,ME,1841,7284000.0,2.0947,1165435000.0,0.00625003,3344.5
Iran,ME,1842,7321000.0,2.1054,1171545000.0,0.00624901,3344.6
Iran,ME,1843,7358000.0,2.1161,1177631000.0,0.00624814,3344.7
Iran,ME,1844,7395000.0,2.1268,1183818000.0,0.00624674,3344.8
Iran,ME,1845,7432000.0,2.1375,1190091000.0,0.0062449,3344.9
Iran,ME,1846,7469000.0,2.1482,1196249000.0,0.00624368,3345.0
Iran,ME,1847,7506000.0,2.1589,1201397000.0,0.00624773,3345.1
Iran,ME,1848,7543000.0,2.1696,1205963000.0,0.00625475,3345.1
Iran,ME,1849,7580000.0,2.1803,1211069000.0,0.00625893,3345.2
Iran,ME,1850,7617000.0,2.191,1216574000.0,0.00626102,3345.3
Iran,ME,1851,7655900.0,2.2022,1218975000.0,0.0062806,3345.3
Iran,ME,1852,7694800.0,2.2134,1221557000.0,0.00629917,3345.4
Iran,ME,1853,7733700.0,2.2246,1224259000.0,0.00631705,3345.4
Iran,ME,1854,7772600.0,2.2358,1226726000.0,0.00633605,3345.4
Iran,ME,1855,7811500.0,2.247,1228814000.0,0.00635694,3345.4
Iran,ME,1856,7850400.0,2.2582,1231565000.0,0.00637433,3345.4
Iran,ME,1857,7889300.0,2.2694,1234524000.0,0.00639056,3345.4
Iran,ME,1858,7928200.0,2.2806,1237487000.0,0.00640669,3345.4
Iran,ME,1859,7967100.0,2.2918,1240642000.0,0.00642176,3345.5
Iran,ME,1860,8006000.0,2.303,1243735000.0,0.00643706,3345.5
Iran,ME,1861,8046900.0,2.3148,1247652000.0,0.00644963,3345.5
Iran,ME,1862,8087800.0,2.3266,1250707000.0,0.00646658,3345.6
Iran,ME,1863,8128700.0,2.3384,1254013000.0,0.00648215,3345.6
Iran,ME,1864,8169600.0,2.3502,1257290000.0,0.00649778,3345.7
Iran,ME,1865,8210500.0,2.362,1260601000.0,0.00651316,3345.7
Iran,ME,1866,8251400.0,2.3738,1263629000.0,0.00652992,3345.8
Iran,ME,1867,8292299.999999999,2.3856,1266809000.0,0.00654582,3345.8
Iran,ME,1868,8333200.000000001,2.3974,1269858000.0,0.00656231,3345.9
Iran,ME,1869,8374100.0,2.4092,1271405000.0,0.00658649,3345.9
Iran,ME,1870,8415000.0,2.421,1274661000.0,0.00660176,3346.0
Iran,ME,1871,8469000.0,2.4365,1282387000.0,0.00660409,3345.9
Iran,ME,1872,8523000.0,2.452,1290858000.0,0.00660259,3345.9
Iran,ME,1873,8577000.0,2.4675,1299848000.0,0.00659846,3345.8
Iran,ME,1874,8631000.0,2.483,1309013000.0,0.00659352,3345.8
Iran,ME,1875,8685000.0,2.4985,1318339000.0,0.00658784,3345.7
Iran,ME,1876,8739000.0,2.514,1327814000.0,0.00658149,3345.7
Iran,ME,1877,8793000.0,2.5295,1337399000.0,0.0065747,3345.6
Iran,ME,1878,8847000.0,2.545,1347055000.0,0.00656766,3345.6
Iran,ME,1879,8901000.0,2.5605,1356760000.0,0.00656048,3345.5
Iran,ME,1880,8955000.0,2.576,1366310000.0,0.00655415,3345.5
Iran,ME,1881,9012400.0,2.5923,1376041000.0,0.00654951,3345.2
Iran,ME,1882,9069800.0,2.6086,1385750000.0,0.00654505,3344.9
Iran,ME,1883,9127200.0,2.6249,1395507000.0,0.00654042,3344.7
Iran,ME,1884,9184600.0,2.6412,1405536000.0,0.00653459,3344.4
Iran,ME,1885,9242000.0,2.6575,1415514000.0,0.00652908,3344.2
Iran,ME,1886,9299400.0,2.6738,1425627000.0,0.00652302,3343.9
Iran,ME,1887,9356800.0,2.6901,1435759000.0,0.00651697,3343.6
Iran,ME,1888,9414200.0,2.7064,1445944000.0,0.00651076,3343.4
Iran,ME,1889,9471600.0,2.7227,1456277000.0,0.00650398,3343.2
Iran,ME,1890,9529000.0,2.739,1466582000.0,0.00649742,3342.9
Iran,ME,1891,9590100.0,2.7575,1477705000.0,0.00648986,3344.0
Iran,ME,1892,9651200.0,2.776,1488973000.0,0.00648178,3345.2
Iran,ME,1893,9712300.0,2.7945,1500286000.0,0.00647363,3346.3
Iran,ME,1894,9773400.0,2.813,1511963000.0,0.00646405,3347.4
Iran,ME,1895,9834500.0,2.8315,1523676000.0,0.00645446,3348.5
Iran,ME,1896,9895600.0,2.85,1535655000.0,0.0064439,3349.5
Iran,ME,1897,9956700.0,2.8685,1547830000.0,0.00643268,3350.6
Iran,ME,1898,10017800.0,2.887,1560243000.0,0.00642067,3351.6
Iran,ME,1899,10078900.0,2.9055,1572611000.0,0.00640902,3352.6
Iran,ME,1900,10140000.0,2.924,1584867000.0,0.00639801,3353.7
Iran,ME,1901,10205100.0,2.945,1600044000.0,0.00637801,3356.2
Iran,ME,1902,10270200.0,2.966,1615427000.0,0.00635758,3358.7
Iran,ME,1903,10335300.0,2.987,1630965000.0,0.00633692,3361.2
Iran,ME,1904,10400400.0,3.008,1646581000.0,0.00631636,3363.6
Iran,ME,1905,10465500.0,3.029,1662453000.0,0.00629522,3366.0
Iran,ME,1906,10530600.0,3.05,1678596000.0,0.00627346,3368.4
Iran,ME,1907,10595700.0,3.071,1695030000.0,0.00625104,3370.8
Iran,ME,1908,10660800.0,3.092,1711586000.0,0.00622861,3373.1
Iran,ME,1909,10725900.0,3.113,1728501000.0,0.00620532,3375.4
Iran,ME,1910,10791000.0,3.134,1745736000.0,0.00618135,3377.7
Iran,ME,1911,10897100.0,3.2186,1762399000.0,0.00618311,3435.1
Iran,ME,1912,11003200.0,3.3032,1779061000.0,0.00618484,3491.4
Iran,ME,1913,11109300.0,3.3878,1796080000.0,0.0061853,3546.6
Iran,ME,1914,11215400.0,3.4724,1808262000.0,0.00620231,3600.8
Iran,ME,1915,11321500.0,3.557,1818401000.0,0.00622607,3653.9
Iran,ME,1916,11427600.0,3.6416,1828586000.0,0.00624942,3706.1
Iran,ME,1917,11533700.0,3.7262,1839381000.0,0.00627042,3757.3
Iran,ME,1918,11639800.0,3.8108,1849942000.0,0.00629198,3807.6
Iran,ME,1919,11745900.0,3.8954,1862569000.0,0.00630629,3857.0
Iran,ME,1920,11852000.0,3.98,1875297000.0,0.00632007,3905.5
Iran,ME,1921,11986400.0,4.0325,1886887000.0,0.00635247,3912.6
Iran,ME,1922,12120800.0,4.085,1903926000.0,0.00636621,3919.6
Iran,ME,1923,12255200.0,4.1375,1924127000.0,0.00636923,3926.4
Iran,ME,1924,12389600.0,4.19,1946371000.0,0.00636549,3933.1
Iran,ME,1925,12524000.0,4.2425,1968879000.0,0.00636098,3939.7
Iran,ME,1926,12658400.0,4.295,1991829000.0,0.00635516,3946.1
Iran,ME,1927,12792800.0,4.3475,2014443000.0,0.00635054,3952.3
Iran,ME,1928,12927200.0,4.4,2036576000.0,0.00634752,3958.5
Iran,ME,1929,13061600.0,4.4525,2059103000.0,0.00634334,3964.5
Iran,ME,1930,13196000.0,4.505,2080211000.0,0.00634359,3970.4
Iran,ME,1931,13345500.0,4.7054,2101812000.0,0.00634952,4100.5
Iran,ME,1932,13495000.0,4.9058,2121508000.0,0.00636104,4227.8
Iran,ME,1933,13644500.0,5.1062,2140973000.0,0.00637304,4352.3
Iran,ME,1934,13794000.0,5.3066,2161152000.0,0.00638271,4474.1
Iran,ME,1935,13943500.0,5.507,2181702000.0,0.00639111,4593.3
Iran,ME,1936,14093000.0,5.7074,2203365000.0,0.00639613,4709.9
Iran,ME,1937,14242500.0,5.9078,2226159000.0,0.00639779,4824.1
Iran,ME,1938,14392000.0,6.1082,2250491000.0,0.00639505,4936.0
Iran,ME,1939,14541500.0,6.3086,2275307000.0,0.00639101,5045.5
Iran,ME,1940,14691000.0,6.509,2296743000.0,0.00639645,5152.8
Iran,ME,1941,14857600.0,6.394500000000001,2313071000.0,0.00642332,5005.4
Iran,ME,1942,15024200.0,6.28,2331578000.0,0.00644379,4861.3
Iran,ME,1943,15190800.0,6.1655,2350140000.0,0.00646379,4720.3
Iran,ME,1944,15357400.0,6.051,2368872000.0,0.006483,4582.4
Iran,ME,1945,15524000.0,5.9365000000000006,2394093000.0,0.00648429,4447.4
Iran,ME,1946,15690600.0,5.822,2419526000.0,0.00648499,4315.3
Iran,ME,1947,15857200.0,5.7075,2446628000.0,0.00648125,4186.0
Iran,ME,1948,16023800.0,5.593,2473860000.0,0.00647725,4059.4
Iran,ME,1949,16190400.0,5.4785,2501856000.0,0.00647136,3935.4
Iran,ME,1950,16357000.0,5.364,2529794000.0,0.00646574,3813.9
Iran,ME,1951,16879000.0,6.2362,2577776000.0,0.00654789,4296.9
Iran,ME,1952,17401000.0,7.1084,2624866000.0,0.00662929,4750.9
Iran,ME,1953,17923000.0,7.9806,2671465000.0,0.00670905,5178.5
Iran,ME,1954,18445000.0,8.8528,2718563000.0,0.00678483,5581.9
Iran,ME,1955,18967000.0,9.725,2766430000.0,0.00685613,5963.1
Iran,ME,1956,19489000.0,10.5972,2815461000.0,0.00692213,6323.8
Iran,ME,1957,20011000.0,11.4694,2866148000.0,0.00698184,6665.8
Iran,ME,1958,20533000.0,12.3416,2918168000.0,0.00703626,6990.3
Iran,ME,1959,21055000.0,13.2138,2971839000.0,0.00708484,7298.8
Iran,ME,1960,21577000.0,14.086,3027112000.0,0.00712792,7592.4
Iran,ME,1961,22312600.0,14.7431,3084358000.0,0.00723411,7684.5
Iran,ME,1962,23048200.0,15.4002,3143380000.0,0.0073323,7770.9
Iran,ME,1963,23783800.0,16.0573,3204489000.0,0.00742203,7851.8
Iran,ME,1964,24519400.0,16.7144,3268074000.0,0.00750271,7927.9
Iran,ME,1965,25255000.0,17.3715,3334092000.0,0.00757478,7999.6
Iran,ME,1966,25990600.0,18.0286,3402738000.0,0.00763814,8067.2
Iran,ME,1967,26726200.0,18.6857,3473827000.0,0.00769359,8131.1
Iran,ME,1968,27461800.0,19.3428,3546719000.0,0.00774287,8191.6
Iran,ME,1969,28197400.0,19.9999,3620809000.0,0.0077876,8248.9
Iran,ME,1970,28933000.0,20.657,3695944000.0,0.00782831,8303.4
Iran,ME,1971,29998000.0,22.7422,3771809000.0,0.00795321,8817.0
Iran,ME,1972,31063000.0,24.8274,3847786000.0,0.00807295,9295.4
Iran,ME,1973,32128000.0,26.9126,3923766000.0,0.00818805,9742.1
Iran,ME,1974,33193000.0,28.9978,3999654000.0,0.00829897,10160.1
Iran,ME,1975,34258000.0,31.083,4075437000.0,0.00840597,10552.1
Iran,ME,1976,35323000.0,33.1682,4150660000.0,0.00851021,10920.5
Iran,ME,1977,36388000.0,35.2534,4225672000.0,0.00861117,11267.4
Iran,ME,1978,37453000.0,37.3386,4301501000.0,0.00870696,11594.5
Iran,ME,1979,38518000.0,39.4238,4378004000.0,0.00879807,11903.5
Iran,ME,1980,39583000.0,41.509,4456394000.0,0.00888229,12195.9
Iran,ME,1981,41328300.0,45.0531,4535942000.0,0.00911129,12678.2
Iran,ME,1982,43073600.0,48.5972,4616948000.0,0.00932945,13121.4
Iran,ME,1983,44818900.0,52.1413,4699604000.0,0.00953674,13530.1
Iran,ME,1984,46564200.0,55.6854,4784334000.0,0.00973264,13908.1
Iran,ME,1985,48309500.0,59.2295,4871434000.0,0.0099169,14258.9
Iran,ME,1986,50054800.0,62.7736,4961120000.0,0.01008942,14585.2
Iran,ME,1987,51800100.0,66.3177,5052960000.0,0.01025144,14889.4
Iran,ME,1988,53545400.0,69.8618,5145733000.0,0.01040579,15173.9
Iran,ME,1989,55290700.0,73.4059,5237968000.0,0.01055575,15440.4
Iran,ME,1990,57036000.0,76.95,5328602000.0,0.01070375,15690.6
Iran,ME,1991,57945600.0,82.05030000000001,5417317000.0,0.01069637,16467.9
Iran,ME,1992,58855200.0,87.1506,5503880000.0,0.0106934,17221.3
Iran,ME,1993,59764800.0,92.2509,5588359000.0,0.01069452,17951.7
Iran,ME,1994,60674400.0,97.3512,5671048000.0,0.01069897,18660.2
Iran,ME,1995,61584000.0,102.4515,5752408000.0,0.01070578,19347.7
Iran,ME,1996,62493600.0,107.5518,5832484000.0,0.01071475,20015.3
Iran,ME,1997,63403200.0,112.6521,5911415000.0,0.01072555,20663.7
Iran,ME,1998,64312800.0,117.7524,5989470000.0,0.01073764,21293.7
Iran,ME,1999,65222400.0,122.8527,6067325000.0,0.01074978,21906.2
Iran,ME,2000,66132000.0,127.953,6145394000.0,0.01076123,22501.9
Iran,ME,2001,66975600.00000001,136.6547,6223661000.0,0.01076145,23729.5
Iran,ME,2002,67819200.0,145.3564,6302453000.0,0.01076076,24926.5
Iran,ME,2003,68662800.0,154.0581,6381858000.0,0.01075906,26094.1
Iran,ME,2004,69506400.0,162.75979999999998,6461988000.0,0.01075619,27233.4
Iran,ME,2005,70350000.0,171.4615,6542867000.0,0.01075217,28345.4
Iran,ME,2006,71193600.0,180.1632,6624538000.0,0.01074695,29431.0
Iran,ME,2007,72037200.0,188.8649,6707018000.0,0.01074057,30491.2
Iran,ME,2008,72880800.0,197.5666,6790025000.0,0.01073351,31526.8
Iran,ME,2009,73724400.0,206.2683,6874725000.0,0.01072398,32538.8
Iran,ME,2010,74568000.0,214.97,6959421000.0,0.01071468,33527.8
Iran,ME,2011,75510500.0,222.8031,7044266000.0,0.01071943,34315.8
Iran,ME,2012,76453000.0,230.6362,7129609000.0,0.01072331,35084.3
Iran,ME,2013,77395500.0,238.4693,7215047000.0,0.01072696,35834.1
Iran,ME,2014,78338000.0,246.3024,7300248000.0,0.01073087,36565.9
Iran,ME,2015,79280500.0,254.1355,7384880000.0,0.01073552,37280.2
Iran,ME,2016,80223000.0,261.9686,7469068000.0,0.0107407,37977.8
Iran,ME,2017,81165500.0,269.8017,7550393000.0,0.01074984,38659.2
Iran,ME,2018,82108000.0,277.6348,7632955000.0,0.01075704,39324.9
Iran,ME,2019,83050500.0,285.4679,7714577000.0,0.0107654,39975.6
Iran,ME,2020,83993000.0,293.301,7795482000.0,0.01077457,40611.6
Iraq,ME,1820,1093000.0,0.314,1047270000.0,0.00104367,3341.1
Iraq,ME,1821,1101400.0,0.3164,1052728000.0,0.00104623,3341.0
Iraq,ME,1822,1109800.0,0.3188,1058224000.0,0.00104874,3340.8
Iraq,ME,1823,1118200.0,0.3212,1063824000.0,0.00105111,3340.7
Iraq,ME,1824,1126600.0,0.3236,1069477000.0,0.00105341,3340.6
Iraq,ME,1825,1135000.0,0.326,1075142000.0,0.00105567,3340.4
Iraq,ME,1826,1143400.0,0.3284,1080733000.0,0.00105799,3340.3
Iraq,ME,1827,1151800.0,0.3308,1086318000.0,0.00106028,3340.2
Iraq,ME,1828,1160200.0,0.3332,1091853000.0,0.0010626,3340.0
Iraq,ME,1829,1168600.0,0.3356,1097270000.0,0.00106501,3339.9
Iraq,ME,1830,1177000.0,0.338,1102518000.0,0.00106756,3339.8
Iraq,ME,1831,1186000.0,0.3406,1108061000.0,0.00107034,3339.9
Iraq,ME,1832,1195000.0,0.3432,1113520000.0,0.00107317,3340.1
Iraq,ME,1833,1204000.0,0.3458,1119039000.0,0.00107592,3340.2
Iraq,ME,1834,1213000.0,0.3484,1124554000.0,0.00107865,3340.4
Iraq,ME,1835,1222000.0,0.351,1130361000.0,0.00108107,3340.5
Iraq,ME,1836,1231000.0,0.3536,1136068000.0,0.00108356,3340.7
Iraq,ME,1837,1240000.0,0.3562,1141817000.0,0.00108599,3340.8
Iraq,ME,1838,1249000.0,0.3588,1147560000.0,0.0010884,3340.9
Iraq,ME,1839,1258000.0,0.3614,1153428000.0,0.00109066,3341.1
Iraq,ME,1840,1267000.0,0.364,1159310000.0,0.00109289,3341.2
Iraq,ME,1841,1276600.0,0.3668,1165435000.0,0.00109538,3341.6
Iraq,ME,1842,1286200.0,0.3696,1171545000.0,0.00109787,3342.0
Iraq,ME,1843,1295800.0,0.3724,1177631000.0,0.00110034,3342.3
Iraq,ME,1844,1305400.0,0.3752,1183818000.0,0.0011027,3342.7
Iraq,ME,1845,1315000.0,0.378,1190091000.0,0.00110496,3343.1
Iraq,ME,1846,1324600.0,0.3808,1196249000.0,0.00110729,3343.4
Iraq,ME,1847,1334200.0,0.3836,1201397000.0,0.00111054,3343.8
Iraq,ME,1848,1343800.0,0.3864,1205963000.0,0.0011143,3344.1
Iraq,ME,1849,1353400.0,0.3892,1211069000.0,0.00111753,3344.5
Iraq,ME,1850,1363000.0,0.392,1216574000.0,0.00112036,3344.8
Iraq,ME,1851,1373500.0,0.395,1218975000.0,0.00112677,3344.6
Iraq,ME,1852,1384000.0,0.398,1221557000.0,0.00113298,3344.5
Iraq,ME,1853,1394500.0,0.401,1224259000.0,0.00113906,3344.3
Iraq,ME,1854,1405000.0,0.404,1226726000.0,0.00114533,3344.1
Iraq,ME,1855,1415500.0,0.407,1228814000.0,0.00115192,3344.0
Iraq,ME,1856,1426000.0,0.41,1231565000.0,0.00115788,3343.8
Iraq,ME,1857,1436500.0,0.413,1234524000.0,0.00116361,3343.7
Iraq,ME,1858,1447000.0,0.416,1237487000.0,0.00116931,3343.5
Iraq,ME,1859,1457500.0,0.419,1240642000.0,0.00117479,3343.4
Iraq,ME,1860,1468000.0,0.422,1243735000.0,0.00118032,3343.2
Iraq,ME,1861,1479200.0,0.4253,1247652000.0,0.00118559,3343.9
Iraq,ME,1862,1490400.0,0.4286,1250707000.0,0.00119165,3344.5
Iraq,ME,1863,1501600.0,0.4319,1254013000.0,0.00119744,3345.1
Iraq,ME,1864,1512800.0,0.4352,1257290000.0,0.00120322,3345.7
Iraq,ME,1865,1524000.0,0.4385,1260601000.0,0.00120895,3346.3
Iraq,ME,1866,1535200.0,0.4418,1263629000.0,0.00121491,3346.9
Iraq,ME,1867,1546400.0,0.4451,1266809000.0,0.0012207,3347.5
Iraq,ME,1868,1557600.0,0.4484,1269858000.0,0.00122659,3348.0
Iraq,ME,1869,1568800.0,0.4517,1271405000.0,0.00123391,3348.6
Iraq,ME,1870,1580000.0,0.455,1274661000.0,0.00123955,3349.1
Iraq,ME,1871,1599600.0,0.4606,1282387000.0,0.00124736,3348.8
Iraq,ME,1872,1619200.0,0.4662,1290858000.0,0.00125436,3348.5
Iraq,ME,1873,1638800.0,0.4718,1299848000.0,0.00126076,3348.2
Iraq,ME,1874,1658400.0,0.4774,1309013000.0,0.00126691,3347.9
Iraq,ME,1875,1678000.0,0.483,1318339000.0,0.00127281,3347.6
Iraq,ME,1876,1697600.0,0.4886,1327814000.0,0.00127849,3347.3
Iraq,ME,1877,1717200.0,0.4942,1337399000.0,0.00128398,3347.0
Iraq,ME,1878,1736800.0,0.4998,1347055000.0,0.00128933,3346.8
Iraq,ME,1879,1756400.0,0.5054,1356760000.0,0.00129455,3346.5
Iraq,ME,1880,1776000.0,0.511,1366310000.0,0.00129985,3346.2
Iraq,ME,1881,1798100.0,0.5173,1376041000.0,0.00130672,3345.9
Iraq,ME,1882,1820200.0,0.5236,1385750000.0,0.00131351,3345.5
Iraq,ME,1883,1842300.0,0.5299,1395507000.0,0.00132017,3345.1
Iraq,ME,1884,1864400.0,0.5362,1405536000.0,0.00132647,3344.8
Iraq,ME,1885,1886500.0,0.5425,1415514000.0,0.00133273,3344.4
Iraq,ME,1886,1908600.0,0.5488,1425627000.0,0.00133878,3344.1
Iraq,ME,1887,1930700.0,0.5550999999999999,1435759000.0,0.00134472,3343.8
Iraq,ME,1888,1952800.0,0.5614,1445944000.0,0.00135054,3343.4
Iraq,ME,1889,1974900.0,0.5677,1456277000.0,0.00135613,3343.1
Iraq,ME,1890,1997000.0,0.574,1466582000.0,0.00136167,3342.8
Iraq,ME,1891,2021700.0,0.5812999999999999,1477705000.0,0.00136814,3344.0
Iraq,ME,1892,2046400.0,0.5886,1488973000.0,0.00137437,3345.1
Iraq,ME,1893,2071100.0,0.5959,1500286000.0,0.00138047,3346.2
Iraq,ME,1894,2095800.0000000002,0.6032,1511963000.0,0.00138615,3347.3
Iraq,ME,1895,2120500.0,0.6105,1523676000.0,0.0013917,3348.3
Iraq,ME,1896,2145200.0,0.6178,1535655000.0,0.00139693,3349.3
Iraq,ME,1897,2169900.0,0.6251,1547830000.0,0.0014019,3350.3
Iraq,ME,1898,2194600.0,0.6324,1560243000.0,0.00140658,3351.3
Iraq,ME,1899,2219300.0,0.6397,1572611000.0,0.00141122,3352.3
Iraq,ME,1900,2244000.0,0.647,1584867000.0,0.00141589,3353.2
Iraq,ME,1901,2271900.0,0.6556,1600044000.0,0.0014199,3356.1
Iraq,ME,1902,2299800.0,0.6642,1615427000.0,0.00142365,3358.8
Iraq,ME,1903,2327700.0,0.6728000000000001,1630965000.0,0.00142719,3361.5
Iraq,ME,1904,2355600.0,0.6814,1646581000.0,0.0014306,3364.2
Iraq,ME,1905,2383500.0,0.69,1662453000.0,0.00143372,3366.8
Iraq,ME,1906,2411400.0,0.6986,1678596000.0,0.00143656,3369.3
Iraq,ME,1907,2439300.0,0.7072,1695030000.0,0.00143909,3371.8
Iraq,ME,1908,2467200.0,0.7158,1711586000.0,0.00144147,3374.2
Iraq,ME,1909,2495100.0,0.7243999999999999,1728501000.0,0.00144351,3376.5
Iraq,ME,1910,2523000.0,0.733,1745736000.0,0.00144524,3378.8
Iraq,ME,1911,2567900.0,0.7457,1762399000.0,0.00145705,3377.3
Iraq,ME,1912,2612800.0,0.7584,1779061000.0,0.00146864,3375.8
Iraq,ME,1913,2657700.0,0.7711,1796080000.0,0.00147972,3374.3
Iraq,ME,1914,2702600.0,0.7837999999999999,1808262000.0,0.00149458,3372.9
Iraq,ME,1915,2747500.0,0.7965,1818401000.0,0.00151094,3371.5
Iraq,ME,1916,2792400.0,0.8091999999999999,1828586000.0,0.00152708,3370.2
Iraq,ME,1917,2837300.0,0.8219,1839381000.0,0.00154253,3368.9
Iraq,ME,1918,2882200.0,0.8346,1849942000.0,0.00155799,3367.7
Iraq,ME,1919,2927100.0,0.8472999999999999,1862569000.0,0.00157154,3366.5
Iraq,ME,1920,2972000.0,0.86,1875297000.0,0.00158482,3365.3
Iraq,ME,1921,3032100.0,0.8911,1886887000.0,0.00160693,3417.9
Iraq,ME,1922,3092200.0,0.9222,1903926000.0,0.00162412,3468.5
Iraq,ME,1923,3152300.0,0.9533,1924127000.0,0.0016383,3517.1
Iraq,ME,1924,3212400.0,0.9844,1946371000.0,0.00165046,3563.9
Iraq,ME,1925,3272500.0,1.0155,1968879000.0,0.00166211,3608.9
Iraq,ME,1926,3332600.0,1.0466,1991829000.0,0.00167314,3652.4
Iraq,ME,1927,3392700.0,1.0777,2014443000.0,0.00168419,3694.3
Iraq,ME,1928,3452800.0,1.1088,2036576000.0,0.00169539,3734.7
Iraq,ME,1929,3512900.0,1.1399,2059103000.0,0.00170603,3773.8
Iraq,ME,1930,3573000.0,1.171,2080211000.0,0.00171761,3811.6
Iraq,ME,1931,3645200.0,1.443,2101812000.0,0.00173431,4603.9
Iraq,ME,1932,3717400.0,1.715,2121508000.0,0.00175224,5365.4
Iraq,ME,1933,3789600.0,1.987,2140973000.0,0.00177004,6098.0
Iraq,ME,1934,3861800.0,2.259,2161152000.0,0.00178692,6803.1
Iraq,ME,1935,3934000.0,2.531,2181702000.0,0.00180318,7482.3
Iraq,ME,1936,4006200.0,2.803,2203365000.0,0.00181822,8137.1
Iraq,ME,1937,4078400.0,3.075,2226159000.0,0.00183203,8768.7
Iraq,ME,1938,4150600.0000000005,3.3469999999999995,2250491000.0,0.00184431,9378.3
Iraq,ME,1939,4222800.0,3.619,2275307000.0,0.00185593,9967.1
Iraq,ME,1940,4295000.0,3.891,2296743000.0,0.00187004,10536.0
Iraq,ME,1941,4381800.0,3.7101,2313071000.0,0.00189436,9847.2
Iraq,ME,1942,4468600.0,3.5292,2331578000.0,0.00191656,9185.1
Iraq,ME,1943,4555400.0,3.3483,2350140000.0,0.00193835,8548.3
Iraq,ME,1944,4642200.0,3.1674,2368872000.0,0.00195967,7935.2
Iraq,ME,1945,4729000.0,2.9865,2394093000.0,0.00197528,7344.7
Iraq,ME,1946,4815800.0,2.8056,2419526000.0,0.00199039,6775.4
Iraq,ME,1947,4902600.0,2.6247,2446628000.0,0.00200382,6226.3
Iraq,ME,1948,4989400.0,2.4438,2473860000.0,0.00201685,5696.4
Iraq,ME,1949,5076200.0,2.2629,2501856000.0,0.00202897,5184.5
Iraq,ME,1950,5163000.0,2.082,2529794000.0,0.00204088,4689.8
Iraq,ME,1951,5328900.0,2.3721,2577776000.0,0.00206725,5177.0
Iraq,ME,1952,5494800.0,2.6622,2624866000.0,0.00209336,5634.7
Iraq,ME,1953,5660700.0,2.9523,2671465000.0,0.00211895,6065.5
Iraq,ME,1954,5826600.0,3.2424,2718563000.0,0.00214326,6471.9
Iraq,ME,1955,5992500.0,3.5325,2766430000.0,0.00216615,6855.7
Iraq,ME,1956,6158400.0,3.8226,2815461000.0,0.00218735,7218.9
Iraq,ME,1957,6324300.0,4.1127,2866148000.0,0.00220655,7563.0
Iraq,ME,1958,6490200.0,4.402799999999999,2918168000.0,0.00222407,7889.5
Iraq,ME,1959,6656100.0,4.6929,2971839000.0,0.00223972,8199.8
Iraq,ME,1960,6822000.0,4.983,3027112000.0,0.00225363,8494.9
Iraq,ME,1961,7081200.0,5.085699999999999,3084358000.0,0.00229584,8352.6
Iraq,ME,1962,7340400.0,5.1884,3143380000.0,0.00233519,8220.4
Iraq,ME,1963,7599600.0,5.2911,3204489000.0,0.00237155,8097.2
Iraq,ME,1964,7858800.0,5.3938,3268074000.0,0.00240472,7982.1
Iraq,ME,1965,8118000.0,5.496499999999999,3334092000.0,0.00243485,7874.4
Iraq,ME,1966,8377200.000000001,5.5992,3402738000.0,0.0024619,7773.3
Iraq,ME,1967,8636400.0,5.7019,3473827000.0,0.00248613,7678.3
Iraq,ME,1968,8895600.0,5.8046,3546719000.0,0.00250812,7588.9
Iraq,ME,1969,9154800.0,5.907299999999999,3620809000.0,0.00252839,7504.5
Iraq,ME,1970,9414000.0,6.01,3695944000.0,0.00254712,7424.7
Iraq,ME,1971,9795900.0,6.5238,3771809000.0,0.00259714,7745.3
Iraq,ME,1972,10177800.0,7.037599999999999,3847786000.0,0.00264511,8041.7
Iraq,ME,1973,10559700.0,7.5514,3923766000.0,0.00269122,8316.8
Iraq,ME,1974,10941600.0,8.0652,3999654000.0,0.00273564,8572.6
Iraq,ME,1975,11323500.0,8.579,4075437000.0,0.00277848,8811.2
Iraq,ME,1976,11705400.0,9.0928,4150660000.0,0.00282013,9034.2
Iraq,ME,1977,12087300.0,9.6066,4225672000.0,0.00286044,9243.2
Iraq,ME,1978,12469200.0,10.1204,4301501000.0,0.0028988,9439.3
Iraq,ME,1979,12851100.0,10.6342,4378004000.0,0.00293538,9623.7
Iraq,ME,1980,13233000.0,11.148,4456394000.0,0.00296944,9797.6
Iraq,ME,1981,13723200.0,12.2136,4535942000.0,0.00302544,10350.7
Iraq,ME,1982,14213400.0,13.2792,4616948000.0,0.00307853,10865.6
Iraq,ME,1983,14703600.0,14.3448,4699604000.0,0.00312869,11346.2
Iraq,ME,1984,15193800.0,15.4104,4784334000.0,0.00317574,11795.8
Iraq,ME,1985,15684000.0,16.476,4871434000.0,0.00321959,12217.3
Iraq,ME,1986,16174200.0,17.5416,4961120000.0,0.00326019,12613.2
Iraq,ME,1987,16664400.000000002,18.6072,5052960000.0,0.00329795,12985.9
Iraq,ME,1988,17154600.0,19.6728,5145733000.0,0.00333375,13337.2
Iraq,ME,1989,17644800.0,20.7384,5237968000.0,0.00336863,13669.0
Iraq,ME,1990,18135000.0,21.804,5328602000.0,0.00340333,13982.9
Iraq,ME,1991,18589100.0,22.3843,5417317000.0,0.00343142,14004.4
Iraq,ME,1992,19043200.0,22.9646,5503880000.0,0.00345996,14024.9
Iraq,ME,1993,19497300.0,23.5449,5588359000.0,0.00348891,14044.4
Iraq,ME,1994,19951400.0,24.1252,5671048000.0,0.00351812,14063.0
Iraq,ME,1995,20405500.0,24.7055,5752408000.0,0.0035473,14080.8
Iraq,ME,1996,20859600.0,25.2858,5832484000.0,0.00357645,14097.8
Iraq,ME,1997,21313700.0,25.8661,5911415000.0,0.00360552,14114.1
Iraq,ME,1998,21767800.0,26.4464,5989470000.0,0.00363434,14129.7
Iraq,ME,1999,22221900.0,27.0267,6067325000.0,0.00366255,14144.6
Iraq,ME,2000,22676000.0,27.607,6145394000.0,0.00368992,14159.0
Iraq,ME,2001,23484700.0,28.6072,6223661000.0,0.00377345,14166.7
Iraq,ME,2002,24293400.0,29.6074,6302453000.0,0.00385459,14174.0
Iraq,ME,2003,25102100.0,30.6076,6381858000.0,0.00393335,14180.7
Iraq,ME,2004,25910800.0,31.6078,6461988000.0,0.00400973,14187.1
Iraq,ME,2005,26719500.0,32.608000000000004,6542867000.0,0.00408376,14193.0
Iraq,ME,2006,27528200.0,33.6082,6624538000.0,0.00415549,14198.7
Iraq,ME,2007,28336900.0,34.6084,6707018000.0,0.00422496,14203.9
Iraq,ME,2008,29145600.0,35.6086,6790025000.0,0.00429241,14208.9
Iraq,ME,2009,29954300.0,36.6088,6874725000.0,0.00435716,14213.7
Iraq,ME,2010,30763000.0,37.609,6959421000.0,0.00442034,14218.1
Iraq,ME,2011,31709000.0,39.1953,7044266000.0,0.00450139,14375.8
Iraq,ME,2012,32655000.0,40.781600000000005,7129609000.0,0.0045802,14524.3
Iraq,ME,2013,33601000.0,42.367900000000006,7215047000.0,0.00465707,14664.4
Iraq,ME,2014,34547000.0,43.9542,7300248000.0,0.0047323,14796.9
Iraq,ME,2015,35493000.0,45.5405,7384880000.0,0.00480617,14922.3
Iraq,ME,2016,36439000.0,47.1268,7469068000.0,0.00487865,15041.2
Iraq,ME,2017,37385000.0,48.7131,7550393000.0,0.0049514,15154.0
Iraq,ME,2018,38331000.0,50.299400000000006,7632955000.0,0.00502178,15261.3
Iraq,ME,2019,39277000.0,51.8857,7714577000.0,0.00509127,15363.5
Iraq,ME,2020,40223000.0,53.472,7795482000.0,0.00515978,15460.8
Ireland,WE,1820,7101000.0,3.078,1047270000.0,0.00678049,5041.1
Ireland,WE,1821,7173600.0,3.1223,1052728000.0,0.0068143,5061.9
Ireland,WE,1822,7246200.0,3.1666,1058224000.0,0.00684751,5082.3
Ireland,WE,1823,7318800.0,3.2109,1063824000.0,0.00687971,5102.3
Ireland,WE,1824,7391400.0,3.2552,1069477000.0,0.00691123,5121.9
Ireland,WE,1825,7464000.0,3.2995,1075142000.0,0.00694234,5141.1
Ireland,WE,1826,7536600.0,3.3438,1080733000.0,0.0069736,5159.9
Ireland,WE,1827,7609200.0,3.3881,1086318000.0,0.00700458,5178.4
Ireland,WE,1828,7681800.0,3.4324,1091853000.0,0.00703556,5196.5
Ireland,WE,1829,7754400.0,3.4767,1097270000.0,0.00706699,5214.3
Ireland,WE,1830,7827000.0,3.521,1102518000.0,0.0070992,5231.8
Ireland,WE,1831,7879200.0,3.5863,1108061000.0,0.0071108,5293.5
Ireland,WE,1832,7931400.0,3.6516,1113520000.0,0.00712282,5354.4
Ireland,WE,1833,7983600.0,3.7169,1119039000.0,0.00713434,5414.5
Ireland,WE,1834,8035800.0,3.7822,1124554000.0,0.00714577,5473.9
Ireland,WE,1835,8088000.0,3.8475,1130361000.0,0.00715524,5532.4
Ireland,WE,1836,8140200.0,3.9128,1136068000.0,0.00716524,5590.3
Ireland,WE,1837,8192400.0,3.9781,1141817000.0,0.00717488,5647.3
Ireland,WE,1838,8244600.0,4.0434,1147560000.0,0.00718446,5703.7
Ireland,WE,1839,8296799.999999999,4.108700000000001,1153428000.0,0.00719317,5759.4
Ireland,WE,1840,8349000.0,4.174,1159310000.0,0.0072017,5814.3
Ireland,WE,1841,8201900.0,4.134600000000001,1165435000.0,0.00703763,5862.7
Ireland,WE,1842,8054800.0,4.0952,1171545000.0,0.00687537,5912.9
Ireland,WE,1843,7907700.0,4.0558000000000005,1177631000.0,0.00671492,5964.9
Ireland,WE,1844,7760600.0,4.0164,1183818000.0,0.00655557,6019.0
Ireland,WE,1845,7613500.0,3.977,1190091000.0,0.00639741,6075.1
Ireland,WE,1846,7466400.0,3.9376,1196249000.0,0.00624151,6133.4
Ireland,WE,1847,7319300.0,3.8982,1201397000.0,0.00609232,6194.0
Ireland,WE,1848,7172200.0,3.8588,1205963000.0,0.00594728,6257.2
Ireland,WE,1849,7025100.0,3.8194,1211069000.0,0.00580074,6323.0
Ireland,WE,1850,6878000.0,3.78,1216574000.0,0.00565358,6391.6
Ireland,WE,1851,6772300.0,3.7887,1218975000.0,0.00555573,6506.3
Ireland,WE,1852,6666600.0,3.7974,1221557000.0,0.00545746,6624.6
Ireland,WE,1853,6560900.0,3.8061,1224259000.0,0.00535908,6746.8
Ireland,WE,1854,6455200.0,3.8148,1226726000.0,0.00526214,6872.9
Ireland,WE,1855,6349500.0,3.8235,1228814000.0,0.00516718,7003.3
Ireland,WE,1856,6243800.0,3.8322,1231565000.0,0.00506981,7138.0
Ireland,WE,1857,6138100.0,3.8409,1234524000.0,0.00497204,7277.4
Ireland,WE,1858,6032400.0,3.8496,1237487000.0,0.00487472,7421.7
Ireland,WE,1859,5926700.0,3.8583,1240642000.0,0.00477712,7571.2
Ireland,WE,1860,5821000.0,3.867,1243735000.0,0.00468026,7726.0
Ireland,WE,1861,5780800.0,3.8822,1247652000.0,0.00463334,7810.3
Ireland,WE,1862,5740600.0,3.8974,1250707000.0,0.00458988,7895.8
Ireland,WE,1863,5700400.0,3.9126,1254013000.0,0.00454573,7982.5
Ireland,WE,1864,5660200.0,3.9278,1257290000.0,0.0045019,8070.4
Ireland,WE,1865,5620000.0,3.943,1260601000.0,0.00445819,8159.6
Ireland,WE,1866,5579800.0,3.9582,1263629000.0,0.00441569,8250.1
Ireland,WE,1867,5539600.0,3.9734,1266809000.0,0.00437288,8341.9
Ireland,WE,1868,5499400.0,3.9886,1269858000.0,0.00433072,8435.0
Ireland,WE,1869,5459200.0,4.0038,1271405000.0,0.00429383,8529.5
Ireland,WE,1870,5419000.0,4.019,1274661000.0,0.00425133,8625.4
Ireland,WE,1871,5397400.0,4.0228,1282387000.0,0.00420887,8668.1
Ireland,WE,1872,5375800.0,4.0266,1290858000.0,0.00416452,8711.1
Ireland,WE,1873,5354200.0,4.0304,1299848000.0,0.0041191,8754.5
Ireland,WE,1874,5332600.0,4.0342,1309013000.0,0.00407376,8798.3
Ireland,WE,1875,5311000.0,4.038,1318339000.0,0.00402855,8842.4
Ireland,WE,1876,5289400.0,4.0418,1327814000.0,0.00398354,8886.9
Ireland,WE,1877,5267800.0,4.0456,1337399000.0,0.00393884,8931.7
Ireland,WE,1878,5246200.0,4.0494,1347055000.0,0.00389457,8976.9
Ireland,WE,1879,5224600.0,4.0532,1356760000.0,0.00385079,9022.5
Ireland,WE,1880,5203000.0,4.057,1366310000.0,0.00380807,9068.4
Ireland,WE,1881,5154500.0,4.0577000000000005,1376041000.0,0.00374589,9155.3
Ireland,WE,1882,5106000.0,4.058400000000001,1385750000.0,0.00368465,9243.9
Ireland,WE,1883,5057500.0,4.0591,1395507000.0,0.00362413,9334.1
Ireland,WE,1884,5009000.0,4.0598,1405536000.0,0.00356376,9426.1
Ireland,WE,1885,4960500.0,4.0605,1415514000.0,0.00350438,9519.9
Ireland,WE,1886,4912000.0,4.0612,1425627000.0,0.0034455,9615.6
Ireland,WE,1887,4863500.0,4.0619000000000005,1435759000.0,0.00338741,9713.1
Ireland,WE,1888,4815000.0,4.0626,1445944000.0,0.00333,9812.7
Ireland,WE,1889,4766500.0,4.0633,1456277000.0,0.00327307,9914.2
Ireland,WE,1890,4718000.0,4.064,1466582000.0,0.003217,10017.9
Ireland,WE,1891,4693100.0,4.0744,1477705000.0,0.00317594,10096.8
Ireland,WE,1892,4668200.0,4.0848,1488973000.0,0.00313518,10176.6
Ireland,WE,1893,4643300.0,4.0952,1500286000.0,0.00309494,10257.2
Ireland,WE,1894,4618400.0,4.1056,1511963000.0,0.00305457,10338.7
Ireland,WE,1895,4593500.0,4.116,1523676000.0,0.00301475,10421.0
Ireland,WE,1896,4568600.0,4.1264,1535655000.0,0.00297502,10504.3
Ireland,WE,1897,4543700.0,4.1368,1547830000.0,0.00293553,10588.5
Ireland,WE,1898,4518800.0,4.1472,1560243000.0,0.00289622,10673.6
Ireland,WE,1899,4493900.0,4.1576,1572611000.0,0.0028576,10759.7
Ireland,WE,1900,4469000.0,4.168,1584867000.0,0.00281979,10846.7
Ireland,WE,1901,4460600.0,4.1869000000000005,1600044000.0,0.0027878,10916.4
Ireland,WE,1902,4452200.0,4.2058,1615427000.0,0.00275605,10986.4
Ireland,WE,1903,4443800.0,4.2247,1630965000.0,0.00272464,11056.6
Ireland,WE,1904,4435400.0,4.2436,1646581000.0,0.0026937,11127.1
Ireland,WE,1905,4427000.0,4.2625,1662453000.0,0.00266293,11197.8
Ireland,WE,1906,4418600.0,4.2814000000000005,1678596000.0,0.00263232,11268.9
Ireland,WE,1907,4410200.0,4.3003,1695030000.0,0.00260184,11340.2
Ireland,WE,1908,4401800.0,4.3192,1711586000.0,0.00257177,11411.8
Ireland,WE,1909,4393400.0,4.3381,1728501000.0,0.00254174,11483.6
Ireland,WE,1910,4385000.0,4.357,1745736000.0,0.00251183,11555.7
Ireland,WE,1911,4382600.0,4.3782000000000005,1762399000.0,0.00248672,11618.3
Ireland,WE,1912,4380200.0,4.3994,1779061000.0,0.00246209,11681.0
Ireland,WE,1913,4377800.0,4.4206,1796080000.0,0.00243742,11743.7
Ireland,WE,1914,4375400.0,4.4418,1808262000.0,0.00241967,11806.5
Ireland,WE,1915,4373000.0,4.463,1818401000.0,0.00240486,11869.4
Ireland,WE,1916,4370600.0,4.4842,1828586000.0,0.00239015,11932.3
Ireland,WE,1917,4368200.0,4.5054,1839381000.0,0.00237482,11995.3
Ireland,WE,1918,4365800.0,4.5266,1849942000.0,0.00235997,12058.4
Ireland,WE,1919,4363400.0,4.5478,1862569000.0,0.00234268,12121.5
Ireland,WE,1920,4361000.0,4.569,1875297000.0,0.0023255,12184.7
Ireland,WE,1921,4217600.0,4.4955,1886887000.0,0.00223522,12396.3
Ireland,WE,1922,4074200.0,4.422,1903926000.0,0.00213989,12622.8
Ireland,WE,1923,3930800.0,4.3485,1924127000.0,0.0020429,12865.8
Ireland,WE,1924,3787400.0,4.275,1946371000.0,0.00194588,13127.3
Ireland,WE,1925,3644000.0,4.2015,1968879000.0,0.0018508,13409.3
Ireland,WE,1926,3500600.0,4.128,1991829000.0,0.00175748,13714.4
Ireland,WE,1927,3357200.0,4.0545,2014443000.0,0.00166656,14045.6
Ireland,WE,1928,3213800.0,3.981,2036576000.0,0.00157804,14406.3
Ireland,WE,1929,3070400.0,3.9075,2059103000.0,0.00149113,14800.8
Ireland,WE,1930,2927000.0,3.834,2080211000.0,0.00140707,15233.8
Ireland,WE,1931,2930100.0,3.8234,2101812000.0,0.00139408,15175.6
Ireland,WE,1932,2933200.0,3.8128,2121508000.0,0.0013826,15117.6
Ireland,WE,1933,2936300.0,3.8022,2140973000.0,0.00137148,15059.6
Ireland,WE,1934,2939400.0,3.7916,2161152000.0,0.00136011,15001.8
Ireland,WE,1935,2942500.0,3.781,2181702000.0,0.00134872,14944.1
Ireland,WE,1936,2945600.0,3.7704,2203365000.0,0.00133686,14886.5
Ireland,WE,1937,2948700.0,3.7598,2226159000.0,0.00132457,14829.1
Ireland,WE,1938,2951800.0,3.7492,2250491000.0,0.00131162,14771.7
Ireland,WE,1939,2954900.0,3.7386,2275307000.0,0.00129868,14714.5
Ireland,WE,1940,2958000.0,3.728,2296743000.0,0.00128791,14657.4
Ireland,WE,1941,2953500.0,3.7165,2313071000.0,0.00127687,14634.5
Ireland,WE,1942,2949000.0,3.705,2331578000.0,0.00126481,14611.4
Ireland,WE,1943,2944500.0,3.6935,2350140000.0,0.0012529,14588.4
Ireland,WE,1944,2940000.0,3.682,2368872000.0,0.0012411,14565.2
Ireland,WE,1945,2935500.0,3.6705,2394093000.0,0.00122614,14542.0
Ireland,WE,1946,2931000.0,3.659,2419526000.0,0.00121139,14518.7
Ireland,WE,1947,2926500.0,3.6475,2446628000.0,0.00119614,14495.3
Ireland,WE,1948,2922000.0,3.636,2473860000.0,0.00118115,14471.8
Ireland,WE,1949,2917500.0,3.6245,2501856000.0,0.00116613,14448.3
Ireland,WE,1950,2913000.0,3.613,2529794000.0,0.00115148,14424.7
Ireland,WE,1951,2903900.0,3.6867,2577776000.0,0.00112651,14765.1
Ireland,WE,1952,2894800.0,3.7604,2624866000.0,0.00110284,15107.6
Ireland,WE,1953,2885700.0,3.8341,2671465000.0,0.00108019,15452.3
Ireland,WE,1954,2876600.0,3.9078,2718563000.0,0.00105813,15799.1
Ireland,WE,1955,2867500.0,3.9815,2766430000.0,0.00103653,16148.2
Ireland,WE,1956,2858400.0,4.0552,2815461000.0,0.00101525,16499.4
Ireland,WE,1957,2849300.0,4.1289,2866148000.0,0.00099412,16852.9
Ireland,WE,1958,2840200.0,4.2026,2918168000.0,0.00097328,17208.7
Ireland,WE,1959,2831100.0,4.2763,2971839000.0,0.00095264,17566.8
Ireland,WE,1960,2822000.0,4.35,3027112000.0,0.00093224,17927.2
Ireland,WE,1961,2834800.0,4.5856,3084358000.0,0.00091909,18812.8
Ireland,WE,1962,2847600.0,4.8212,3143380000.0,0.0009059,19690.5
Ireland,WE,1963,2860400.0,5.0568,3204489000.0,0.00089262,20560.3
Ireland,WE,1964,2873200.0,5.2924,3268074000.0,0.00087917,21422.3
Ireland,WE,1965,2886000.0,5.5280000000000005,3334092000.0,0.0008656,22276.7
Ireland,WE,1966,2898800.0,5.7636,3402738000.0,0.0008519,23123.6
Ireland,WE,1967,2911600.0,5.9992,3473827000.0,0.00083815,23963.0
Ireland,WE,1968,2924400.0,6.2348,3546719000.0,0.00082454,24795.1
Ireland,WE,1969,2937200.0,6.470400000000001,3620809000.0,0.0008112,25619.9
Ireland,WE,1970,2950000.0,6.706,3695944000.0,0.00079817,26437.6
Ireland,WE,1971,2998500.0,6.919700000000001,3771809000.0,0.00079498,26838.8
Ireland,WE,1972,3047000.0,7.1334,3847786000.0,0.00079188,27227.3
Ireland,WE,1973,3095500.0,7.3471,3923766000.0,0.00078891,27603.5
Ireland,WE,1974,3144000.0,7.5608,3999654000.0,0.00078607,27968.2
Ireland,WE,1975,3192500.0,7.7745,4075437000.0,0.00078335,28321.8
Ireland,WE,1976,3241000.0,7.9882,4150660000.0,0.00078084,28664.8
Ireland,WE,1977,3289500.0,8.2019,4225672000.0,0.00077846,28997.7
Ireland,WE,1978,3338000.0,8.4156,4301501000.0,0.00077601,29321.0
Ireland,WE,1979,3386500.0,8.6293,4378004000.0,0.00077353,29635.0
Ireland,WE,1980,3435000.0,8.843,4456394000.0,0.0007708,29940.1
Ireland,WE,1981,3448400.0,8.9848,4535942000.0,0.00076024,30301.9
Ireland,WE,1982,3461800.0,9.1266,4616948000.0,0.0007498,30661.0
Ireland,WE,1983,3475200.0,9.2684,4699604000.0,0.00073947,31017.3
Ireland,WE,1984,3488600.0,9.4102,4784334000.0,0.00072917,31370.9
Ireland,WE,1985,3502000.0,9.552,4871434000.0,0.00071888,31721.8
Ireland,WE,1986,3515400.0,9.6938,4961120000.0,0.00070859,32070.0
Ireland,WE,1987,3528800.0,9.8356,5052960000.0,0.00069836,32415.6
Ireland,WE,1988,3542200.0,9.9774,5145733000.0,0.00068838,32758.5
Ireland,WE,1989,3555600.0,10.1192,5237968000.0,0.00067881,33098.9
Ireland,WE,1990,3569000.0,10.261,5328602000.0,0.00066978,33436.7
Ireland,WE,1991,3597000.0,10.7356,5417317000.0,0.00066398,34710.9
Ireland,WE,1992,3625000.0,11.2102,5503880000.0,0.00065863,35965.4
Ireland,WE,1993,3653000.0,11.6848,5588359000.0,0.00065368,37200.7
Ireland,WE,1994,3681000.0,12.1594,5671048000.0,0.00064909,38417.2
Ireland,WE,1995,3709000.0,12.634,5752408000.0,0.00064477,39615.4
Ireland,WE,1996,3737000.0,13.1086,5832484000.0,0.00064072,40795.6
Ireland,WE,1997,3765000.0,13.5832,5911415000.0,0.0006369,41958.2
Ireland,WE,1998,3793000.0,14.0578,5989470000.0,0.00063328,43103.7
Ireland,WE,1999,3821000.0,14.5324,6067325000.0,0.00062977,44232.4
Ireland,WE,2000,3849000.0,15.007,6145394000.0,0.00062632,45344.6
Ireland,WE,2001,3926800.0,15.1457,6223661000.0,0.00063095,44857.0
Ireland,WE,2002,4004600.0,15.2844,6302453000.0,0.0006354,44388.3
Ireland,WE,2003,4082400.0,15.4231,6381858000.0,0.00063969,43937.5
Ireland,WE,2004,4160200.0,15.5618,6461988000.0,0.0006438,43503.6
Ireland,WE,2005,4238000.0,15.700499999999998,6542867000.0,0.00064773,43085.6
Ireland,WE,2006,4315800.0,15.839199999999998,6624538000.0,0.00065149,42682.7
Ireland,WE,2007,4393600.0,15.977899999999998,6707018000.0,0.00065508,42294.0
Ireland,WE,2008,4471400.0,16.1166,6790025000.0,0.00065852,41918.9
Ireland,WE,2009,4549200.0,16.2553,6874725000.0,0.00066173,41556.6
Ireland,WE,2010,4627000.0,16.394,6959421000.0,0.00066485,41206.4
Ireland,WE,2011,4658100.0,16.4321,7044266000.0,0.00066126,41026.5
Ireland,WE,2012,4689200.0,16.4702,7129609000.0,0.00065771,40848.8
Ireland,WE,2013,4720300.0,16.5083,7215047000.0,0.00065423,40673.6
Ireland,WE,2014,4751400.0,16.5464,7300248000.0,0.00065085,40500.6
Ireland,WE,2015,4782500.0,16.5845,7384880000.0,0.00064761,40329.9
Ireland,WE,2016,4813600.0,16.6226,7469068000.0,0.00064447,40161.4
Ireland,WE,2017,4844700.0,16.6607,7550393000.0,0.00064165,39995.0
Ireland,WE,2018,4875800.0,16.6988,7632955000.0,0.00063878,39830.8
Ireland,WE,2019,4906900.0,16.7369,7714577000.0,0.00063606,39668.7
Ireland,WE,2020,4938000.0,16.775,7795482000.0,0.00063344,39508.6
Israel,ME,1950,1286000.0,1.14,2529794000.0,0.00050834,10309.6
Israel,ME,1951,1371500.0,1.2908,2577776000.0,0.00053205,10945.7
Israel,ME,1952,1457000.0,1.4416,2624866000.0,0.00055508,11507.1
Israel,ME,1953,1542500.0,1.5924,2671465000.0,0.0005774,12006.2
Israel,ME,1954,1628000.0,1.7432,2718563000.0,0.00059885,12453.0
Israel,ME,1955,1713500.0,1.894,2766430000.0,0.00061939,12855.1
Israel,ME,1956,1799000.0,2.0448,2815461000.0,0.00063897,13219.0
Israel,ME,1957,1884500.0,2.1956,2866148000.0,0.0006575,13549.9
Israel,ME,1958,1970000.0,2.3464,2918168000.0,0.00067508,13852.1
Israel,ME,1959,2055500.0,2.4972000000000003,2971839000.0,0.00069166,14129.1
Israel,ME,1960,2141000.0,2.648,3027112000.0,0.00070727,14384.0
Israel,ME,1961,2217200.0,2.948,3084358000.0,0.00071885,15463.3
Israel,ME,1962,2293400.0,3.248,3143380000.0,0.0007296,16470.8
Israel,ME,1963,2369600.0,3.548,3204489000.0,0.00073946,17413.6
Israel,ME,1964,2445800.0,3.848,3268074000.0,0.00074839,18297.6
Israel,ME,1965,2522000.0,4.148,3334092000.0,0.00075643,19128.2
Israel,ME,1966,2598200.0,4.448,3402738000.0,0.00076356,19910.0
Israel,ME,1967,2674400.0,4.747999999999999,3473827000.0,0.00076987,20647.3
Israel,ME,1968,2750600.0,5.048,3546719000.0,0.00077553,21343.8
Israel,ME,1969,2826800.0,5.347999999999999,3620809000.0,0.00078071,22002.7
Israel,ME,1970,2903000.0,5.648,3695944000.0,0.00078546,22627.0
Israel,ME,1971,2986400.0,5.9644,3771809000.0,0.00079177,23227.3
Israel,ME,1972,3069800.0,6.280799999999999,3847786000.0,0.00079781,23794.9
Israel,ME,1973,3153200.0,6.597199999999999,3923766000.0,0.00080362,24332.6
Israel,ME,1974,3236600.0,6.9136,3999654000.0,0.00080922,24842.5
Israel,ME,1975,3320000.0,7.229999999999999,4075437000.0,0.00081464,25326.8
Israel,ME,1976,3403400.0,7.546399999999999,4150660000.0,0.00081997,25787.3
Israel,ME,1977,3486800.0,7.8628,4225672000.0,0.00082515,26225.9
Israel,ME,1978,3570200.0,8.1792,4301501000.0,0.00082999,26643.9
Israel,ME,1979,3653600.0,8.4956,4378004000.0,0.00083454,27042.9
Israel,ME,1980,3737000.0,8.812,4456394000.0,0.00083857,27424.0
Israel,ME,1981,3814500.0,9.1431,4535942000.0,0.00084095,27876.3
Israel,ME,1982,3892000.0,9.4742,4616948000.0,0.00084298,28310.6
Israel,ME,1983,3969500.0,9.8053,4699604000.0,0.00084465,28728.0
Israel,ME,1984,4047000.0,10.1364,4784334000.0,0.00084589,29129.3
Israel,ME,1985,4124500.0,10.4675,4871434000.0,0.00084667,29515.6
Israel,ME,1986,4202000.0,10.7986,4961120000.0,0.00084699,29887.6
Israel,ME,1987,4279500.0,11.1297,5052960000.0,0.00084693,30246.2
Israel,ME,1988,4357000.0,11.4608,5145733000.0,0.00084672,30591.9
Israel,ME,1989,4434500.0,11.7919,5237968000.0,0.00084661,30925.7
Israel,ME,1990,4512000.0,12.123,5328602000.0,0.00084675,31247.9
Israel,ME,1991,4662200.0,12.9971,5417317000.0,0.00086061,32421.7
Israel,ME,1992,4812400.0,13.8712,5503880000.0,0.00087436,33522.2
Israel,ME,1993,4962600.0,14.7453,5588359000.0,0.00088802,34556.0
Israel,ME,1994,5112800.0,15.6194,5671048000.0,0.00090156,35529.2
Israel,ME,1995,5263000.0,16.4935,5752408000.0,0.00091492,36446.8
Israel,ME,1996,5413200.0,17.3676,5832484000.0,0.00092811,37313.5
Israel,ME,1997,5563400.0,18.2417,5911415000.0,0.00094113,38133.3
Israel,ME,1998,5713600.0,19.1158,5989470000.0,0.00095394,38910.1
Israel,ME,1999,5863800.0,19.9899,6067325000.0,0.00096646,39647.1
Israel,ME,2000,6014000.0,20.864,6145394000.0,0.00097862,40347.2
Israel,ME,2001,6155200.0,21.2404,6223661000.0,0.000989,40132.9
Israel,ME,2002,6296400.0,21.6168,6302453000.0,0.00099904,39928.1
Israel,ME,2003,6437600.0,21.9932,6381858000.0,0.00100873,39732.3
Israel,ME,2004,6578800.0,22.3696,6461988000.0,0.00101808,39545.0
Israel,ME,2005,6720000.0,22.746,6542867000.0,0.00102707,39365.5
Israel,ME,2006,6861200.0,23.1224,6624538000.0,0.00103573,39193.4
Israel,ME,2007,7002400.0,23.4988,6707018000.0,0.00104404,39028.2
Israel,ME,2008,7143600.0,23.8752,6790025000.0,0.00105207,38869.6
Israel,ME,2009,7284800.0,24.2516,6874725000.0,0.00105965,38717.1
Israel,ME,2010,7426000.0,24.628,6959421000.0,0.00106704,38570.4
Israel,ME,2011,7549000.0,24.838,7044266000.0,0.00107165,38265.5
Israel,ME,2012,7672000.0,25.048,7129609000.0,0.00107608,37970.3
Israel,ME,2013,7795000.0,25.258,7215047000.0,0.00108038,37684.5
Israel,ME,2014,7918000.0,25.468,7300248000.0,0.00108462,37407.5
Israel,ME,2015,8041000.0,25.678,7384880000.0,0.00108885,37139.1
Israel,ME,2016,8164000.0,25.888,7469068000.0,0.00109304,36878.7
Israel,ME,2017,8287000.0,26.098000000000003,7550393000.0,0.00109756,36626.0
Israel,ME,2018,8410000.0,26.308,7632955000.0,0.0011018,36380.7
Israel,ME,2019,8533000.0,26.518,7714577000.0,0.00110609,36142.5
Israel,ME,2020,8656000.0,26.728,7795482000.0,0.00111039,35911.1
Italy,WE,1820,19448000.0,8.342,1047270000.0,0.01857019,4988.6
Italy,WE,1821,19663900.0,8.434700000000001,1052728000.0,0.01867899,4988.6
Italy,WE,1822,19879800.0,8.5274,1058224000.0,0.018786,4988.7
Italy,WE,1823,20095700.0,8.6201,1063824000.0,0.01889006,4988.7
Italy,WE,1824,20311600.0,8.7128,1069477000.0,0.01899209,4988.8
Italy,WE,1825,20527500.0,8.8055,1075142000.0,0.01909283,4988.8
Italy,WE,1826,20743400.0,8.898200000000001,1080733000.0,0.01919382,4988.9
Italy,WE,1827,20959300.0,8.9909,1086318000.0,0.01929389,4988.9
Italy,WE,1828,21175200.0,9.0836,1091853000.0,0.01939382,4989.0
Italy,WE,1829,21391100.0,9.1763,1097270000.0,0.01949484,4989.0
Italy,WE,1830,21607000.0,9.269,1102518000.0,0.01959787,4989.1
Italy,WE,1831,21773600.0,9.3556,1108061000.0,0.01965018,4997.1
Italy,WE,1832,21940200.0,9.4422,1113520000.0,0.01970346,5005.1
Italy,WE,1833,22106800.0,9.5288,1119039000.0,0.01975516,5012.9
Italy,WE,1834,22273400.0,9.6154,1124554000.0,0.01980643,5020.7
Italy,WE,1835,22440000.0,9.702,1130361000.0,0.01985206,5028.3
Italy,WE,1836,22606600.0,9.7886,1136068000.0,0.01989898,5035.8
Italy,WE,1837,22773200.0,9.8752,1141817000.0,0.0199447,5043.1
Italy,WE,1838,22939800.0,9.9618,1147560000.0,0.01999007,5050.4
Italy,WE,1839,23106400.0,10.0484,1153428000.0,0.02003281,5057.6
Italy,WE,1840,23273000.0,10.135,1159310000.0,0.02007487,5064.7
Italy,WE,1841,23422800.0,10.1611,1165435000.0,0.0200979,5045.2
Italy,WE,1842,23572600.0,10.1872,1171545000.0,0.02012095,5026.1
Italy,WE,1843,23722400.0,10.2133,1177631000.0,0.02014417,5007.1
Italy,WE,1844,23872200.0,10.2394,1183818000.0,0.02016543,4988.4
Italy,WE,1845,24022000.0,10.2655,1190091000.0,0.02018501,4969.9
Italy,WE,1846,24171800.0,10.2916,1196249000.0,0.02020633,4951.7
Italy,WE,1847,24321600.0,10.3177,1201397000.0,0.02024443,4933.7
Italy,WE,1848,24471400.0,10.3438,1205963000.0,0.020292,4915.9
Italy,WE,1849,24621200.0,10.3699,1211069000.0,0.02033014,4898.3
Italy,WE,1850,24771000.0,10.396,1216574000.0,0.02036128,4880.9
Italy,WE,1851,24857300.0,10.4736,1218975000.0,0.02039197,4900.3
Italy,WE,1852,24943600.0,10.5512,1221557000.0,0.02041951,4919.5
Italy,WE,1853,25029900.0,10.6288,1224259000.0,0.02044494,4938.6
Italy,WE,1854,25116200.0,10.7064,1226726000.0,0.02047417,4957.6
Italy,WE,1855,25202500.0,10.784,1228814000.0,0.02050961,4976.4
Italy,WE,1856,25288800.0,10.8616,1231565000.0,0.02053387,4995.1
Italy,WE,1857,25375100.0,10.9392,1234524000.0,0.02055456,5013.7
Italy,WE,1858,25461400.0,11.0168,1237487000.0,0.02057508,5032.1
Italy,WE,1859,25547700.0,11.0944,1240642000.0,0.02059232,5050.5
Italy,WE,1860,25634000.0,11.172,1243735000.0,0.0206105,5068.7
Italy,WE,1861,25790900.0,11.1341,1247652000.0,0.02067155,5020.7
Italy,WE,1862,25947800.0,11.0962,1250707000.0,0.02074651,4973.4
Italy,WE,1863,26104700.0,11.0583,1254013000.0,0.02081693,4926.6
Italy,WE,1864,26261600.0,11.0204,1257290000.0,0.02088746,4880.4
Italy,WE,1865,26418500.0,10.9825,1260601000.0,0.02095707,4834.7
Italy,WE,1866,26575400.0,10.9446,1263629000.0,0.02103101,4789.6
Italy,WE,1867,26732300.0,10.9067,1266809000.0,0.02110208,4745.0
Italy,WE,1868,26889200.0,10.8688,1269858000.0,0.02117497,4700.9
Italy,WE,1869,27046100.0,10.8309,1271405000.0,0.02127261,4657.4
Italy,WE,1870,27203000.0,10.793,1274661000.0,0.02134136,4614.3
Italy,WE,1871,27393000.0,10.9367,1282387000.0,0.02136095,4643.3
Italy,WE,1872,27583000.0,11.0804,1290858000.0,0.02136796,4671.9
Italy,WE,1873,27773000.0,11.2241,1299848000.0,0.02136634,4700.1
Italy,WE,1874,27963000.0,11.3678,1309013000.0,0.0213619,4727.9
Italy,WE,1875,28153000.0,11.5115,1318339000.0,0.0213549,4755.4
Italy,WE,1876,28343000.0,11.6552,1327814000.0,0.02134561,4782.5
Italy,WE,1877,28533000.0,11.7989,1337399000.0,0.0213347,4809.2
Italy,WE,1878,28723000.0,11.9426,1347055000.0,0.02132281,4835.6
Italy,WE,1879,28913000.0,12.0863,1356760000.0,0.02131033,4861.6
Italy,WE,1880,29103000.0,12.23,1366310000.0,0.02130044,4887.3
Italy,WE,1881,29289400.0,12.4447,1376041000.0,0.02128527,4941.4
Italy,WE,1882,29475800.0,12.6594,1385750000.0,0.02127065,4994.9
Italy,WE,1883,29662200.0,12.8741,1395507000.0,0.0212555,5047.7
Italy,WE,1884,29848600.0,13.0888,1405536000.0,0.02123645,5099.8
Italy,WE,1885,30035000.0,13.3035,1415514000.0,0.02121844,5151.3
Italy,WE,1886,30221400.0,13.5182,1425627000.0,0.02119867,5202.2
Italy,WE,1887,30407800.0,13.7329,1435759000.0,0.0211789,5252.4
Italy,WE,1888,30594200.0,13.9476,1445944000.0,0.02115863,5302.0
Italy,WE,1889,30780600.0,14.1623,1456277000.0,0.0211365,5351.0
Italy,WE,1890,30967000.0,14.377,1466582000.0,0.02111508,5399.4
Italy,WE,1891,31183800.0,14.4272,1477705000.0,0.02110286,5380.6
Italy,WE,1892,31400600.0,14.4774,1488973000.0,0.02108876,5362.1
Italy,WE,1893,31617400.0,14.5276,1500286000.0,0.02107425,5343.8
Italy,WE,1894,31834200.0,14.5778,1511963000.0,0.02105488,5325.7
Italy,WE,1895,32051000.0,14.628,1523676000.0,0.02103531,5307.9
Italy,WE,1896,32267800.0,14.6782,1535655000.0,0.0210124,5290.3
Italy,WE,1897,32484600.0,14.7284,1547830000.0,0.02098719,5273.0
Italy,WE,1898,32701400.0,14.7786,1560243000.0,0.02095917,5255.9
Italy,WE,1899,32918199.999999996,14.8288,1572611000.0,0.02093219,5239.0
Italy,WE,1900,33135000.0,14.879,1584867000.0,0.02090712,5222.4
Italy,WE,1901,33365800.000000004,15.2773,1600044000.0,0.02085305,5325.1
Italy,WE,1902,33596600.0,15.6756,1615427000.0,0.02079735,5426.4
Italy,WE,1903,33827400.0,16.0739,1630965000.0,0.02074073,5526.3
Italy,WE,1904,34058200.0,16.4722,1646581000.0,0.02068419,5624.8
Italy,WE,1905,34289000.0,16.8705,1662453000.0,0.02062555,5722.1
Italy,WE,1906,34519800.0,17.2688,1678596000.0,0.02056469,5818.0
Italy,WE,1907,34750600.0,17.667099999999998,1695030000.0,0.02050147,5912.7
Italy,WE,1908,34981400.0,18.0654,1711586000.0,0.020438,6006.1
Italy,WE,1909,35212200.0,18.4637,1728501000.0,0.02037152,6098.3
Italy,WE,1910,35443000.0,18.862,1745736000.0,0.02030261,6189.2
Italy,WE,1911,35620600.0,18.6865,1762399000.0,0.02021143,6101.1
Italy,WE,1912,35798200.0,18.511,1779061000.0,0.02012196,6013.8
Italy,WE,1913,35975800.0,18.3355,1796080000.0,0.02003018,5927.4
Italy,WE,1914,36153400.0,18.16,1808262000.0,0.01999345,5841.8
Italy,WE,1915,36331000.0,17.984499999999997,1818401000.0,0.01997964,5757.1
Italy,WE,1916,36508600.0,17.808999999999997,1828586000.0,0.01996548,5673.1
Italy,WE,1917,36686200.0,17.633499999999998,1839381000.0,0.01994486,5590.0
Italy,WE,1918,36863800.0,17.458,1849942000.0,0.019927,5507.7
Italy,WE,1919,37041400.0,17.2825,1862569000.0,0.01988726,5426.2
Italy,WE,1920,37219000.0,17.107,1875297000.0,0.01984699,5345.5
Italy,WE,1921,37505600.0,17.7781,1886887000.0,0.01987697,5512.8
Italy,WE,1922,37792200.0,18.4492,1903926000.0,0.01984962,5677.5
Italy,WE,1923,38078800.0,19.1203,1924127000.0,0.01979017,5839.7
Italy,WE,1924,38365400.0,19.7914,1946371000.0,0.01971125,5999.5
Italy,WE,1925,38652000.0,20.4625,1968879000.0,0.01963148,6157.0
Italy,WE,1926,38938600.0,21.1336,1991829000.0,0.01954917,6312.1
Italy,WE,1927,39225200.0,21.8047,2014443000.0,0.01947198,6464.9
Italy,WE,1928,39511800.0,22.4758,2036576000.0,0.01940109,6615.6
Italy,WE,1929,39798400.0,23.1469,2059103000.0,0.01932803,6764.1
Italy,WE,1930,40085000.0,23.818,2080211000.0,0.01926968,6910.4
Italy,WE,1931,40429300.0,24.1642,2101812000.0,0.01923545,6951.1
Italy,WE,1932,40773600.0,24.5104,2121508000.0,0.01921916,6991.2
Italy,WE,1933,41117900.0,24.8566,2140973000.0,0.01920524,7030.6
Italy,WE,1934,41462200.0,25.2028,2161152000.0,0.01918523,7069.3
Italy,WE,1935,41806500.0,25.549,2181702000.0,0.01916233,7107.4
Italy,WE,1936,42150800.0,25.895200000000003,2203365000.0,0.01913019,7144.9
Italy,WE,1937,42495100.0,26.2414,2226159000.0,0.01908898,7181.7
Italy,WE,1938,42839400.0,26.5876,2250491000.0,0.01903558,7218.0
Italy,WE,1939,43183700.0,26.9338,2275307000.0,0.01897928,7253.7
Italy,WE,1940,43528000.0,27.28,2296743000.0,0.01895206,7288.8
Italy,WE,1941,43854400.0,27.3932,2313071000.0,0.01895938,7264.6
Italy,WE,1942,44180800.0,27.5064,2331578000.0,0.01894888,7240.7
Italy,WE,1943,44507200.0,27.6196,2350140000.0,0.01893811,7217.2
Italy,WE,1944,44833600.0,27.7328,2368872000.0,0.01892614,7194.0
Italy,WE,1945,45160000.0,27.846,2394093000.0,0.01886309,7171.1
Italy,WE,1946,45486400.0,27.9592,2419526000.0,0.01879972,7148.6
Italy,WE,1947,45812800.0,28.0724,2446628000.0,0.01872487,7126.4
Italy,WE,1948,46139200.0,28.1856,2473860000.0,0.01865069,7104.6
Italy,WE,1949,46465600.0,28.2988,2501856000.0,0.01857245,7083.0
Italy,WE,1950,46792000.0,28.412,2529794000.0,0.01849637,7061.7
Italy,WE,1951,47072800.0,30.9135,2577776000.0,0.01826101,7637.6
Italy,WE,1952,47353600.0,33.415,2624866000.0,0.01804039,8206.7
Italy,WE,1953,47634400.0,35.9165,2671465000.0,0.01783082,8769.1
Italy,WE,1954,47915200.0,38.418,2718563000.0,0.01762519,9324.8
Italy,WE,1955,48196000.0,40.9195,2766430000.0,0.01742173,9874.1
Italy,WE,1956,48476800.0,43.421,2815461000.0,0.01721807,10417.1
Italy,WE,1957,48757600.0,45.9225,2866148000.0,0.01701154,10953.8
Italy,WE,1958,49038400.0,48.424,2918168000.0,0.01680452,11484.3
Italy,WE,1959,49319200.0,50.9255,2971839000.0,0.01659552,12008.8
Italy,WE,1960,49600000.0,53.427,3027112000.0,0.01638525,12527.3
Italy,WE,1961,49971600.0,60.828,3084358000.0,0.01620162,14156.6
Italy,WE,1962,50343200.0,68.229,3143380000.0,0.01601563,15761.9
Italy,WE,1963,50714800.0,75.63,3204489000.0,0.01582617,17343.6
Italy,WE,1964,51086400.0,83.03099999999999,3268074000.0,0.01563196,18902.3
Italy,WE,1965,51458000.0,90.432,3334092000.0,0.01543389,20438.5
Italy,WE,1966,51829600.0,97.833,3402738000.0,0.01523173,21952.7
Italy,WE,1967,52201200.0,105.234,3473827000.0,0.015027,23445.3
Italy,WE,1968,52572800.0,112.635,3546719000.0,0.01482294,24916.8
Italy,WE,1969,52944400.0,120.036,3620809000.0,0.01462226,26367.6
Italy,WE,1970,53316000.0,127.437,3695944000.0,0.01442554,27798.3
Italy,WE,1971,53590700.0,130.3405,3771809000.0,0.01420822,28285.9
Italy,WE,1972,53865400.0,133.244,3847786000.0,0.01399906,28768.5
Italy,WE,1973,54140100.0,136.1475,3923766000.0,0.01379799,29246.3
Italy,WE,1974,54414800.0,139.051,3999654000.0,0.01360488,29719.2
Italy,WE,1975,54689500.0,141.9545,4075437000.0,0.0134193,30187.3
Italy,WE,1976,54964200.0,144.858,4150660000.0,0.01324228,30650.8
Italy,WE,1977,55238900.0,147.7615,4225672000.0,0.01307222,31109.7
Italy,WE,1978,55513600.0,150.66500000000002,4301501000.0,0.01290563,31564.0
Italy,WE,1979,55788300.0,153.5685,4378004000.0,0.01274286,32013.9
Italy,WE,1980,56063000.0,156.472,4456394000.0,0.01258035,32459.4
Italy,WE,1981,56128600.0,156.3321,4535942000.0,0.01237419,32392.4
Italy,WE,1982,56194200.0,156.1922,4616948000.0,0.01217129,32325.7
Italy,WE,1983,56259800.0,156.0523,4699604000.0,0.01197118,32259.1
Italy,WE,1984,56325400.0,155.91240000000002,4784334000.0,0.01177288,32192.6
Italy,WE,1985,56391000.0,155.7725,4871434000.0,0.01157585,32126.3
Italy,WE,1986,56456600.0,155.6326,4961120000.0,0.01137981,32060.2
Italy,WE,1987,56522200.0,155.4927,5052960000.0,0.01118596,31994.2
Italy,WE,1988,56587800.0,155.3528,5145733000.0,0.01099703,31928.3
Italy,WE,1989,56653400.0,155.21290000000002,5237968000.0,0.01081591,31862.6
Italy,WE,1990,56719000.0,155.073,5328602000.0,0.01064426,31797.1
Italy,WE,1991,56681900.0,156.7904,5417317000.0,0.01046309,32170.3
Italy,WE,1992,56644800.0,158.5078,5503880000.0,0.01029179,32544.0
Italy,WE,1993,56607700.0,160.2252,5588359000.0,0.01012957,32918.1
Italy,WE,1994,56570600.0,161.9426,5671048000.0,0.00997533,33292.8
Italy,WE,1995,56533500.0,163.66000000000005,5752408000.0,0.0098278,33667.9
Italy,WE,1996,56496400.0,165.37740000000002,5832484000.0,0.00968651,34043.6
Italy,WE,1997,56459300.0,167.09480000000002,5911415000.0,0.00955089,34419.7
Italy,WE,1998,56422200.0,168.81220000000002,5989470000.0,0.00942023,34796.3
Italy,WE,1999,56385100.0,170.52960000000002,6067325000.0,0.00929324,35173.5
Italy,WE,2000,56348000.0,172.247,6145394000.0,0.00916914,35551.1
Italy,WE,2001,56632200.0,173.4915,6223661000.0,0.0090995,35628.2
Italy,WE,2002,56916400.0,174.73600000000002,6302453000.0,0.00903083,35704.6
Italy,WE,2003,57200600.0,175.9805,6381858000.0,0.008963,35780.3
Italy,WE,2004,57484800.0,177.22500000000002,6461988000.0,0.00889584,35855.2
Italy,WE,2005,57769000.0,178.4695,6542867000.0,0.00882931,35929.3
Italy,WE,2006,58053200.0,179.714,6624538000.0,0.00876336,36002.7
Italy,WE,2007,58337400.0,180.9585,6707018000.0,0.00869796,36075.4
Italy,WE,2008,58621600.0,182.203,6790025000.0,0.00863349,36147.4
Italy,WE,2009,58905800.0,183.4475,6874725000.0,0.00856846,36218.7
Italy,WE,2010,59190000.0,184.692,6959421000.0,0.00850502,36289.4
Italy,WE,2011,59317200.0,181.6539,7044266000.0,0.00842064,35615.9
Italy,WE,2012,59444400.0,178.6158,7129609000.0,0.00833768,34945.3
Italy,WE,2013,59571600.0,175.5777,7215047000.0,0.00825658,34277.6
Italy,WE,2014,59698800.0,172.5396,7300248000.0,0.00817764,33612.7
Italy,WE,2015,59826000.0,169.50150000000002,7384880000.0,0.00810115,32950.6
Italy,WE,2016,59953200.0,166.4634,7469068000.0,0.00802686,32291.3
Italy,WE,2017,60080400.0,163.4253,7550393000.0,0.00795725,31634.9
Italy,WE,2018,60207600.0,160.3872,7632955000.0,0.00788785,30981.2
Italy,WE,2019,60334800.0,157.34910000000002,7714577000.0,0.00782088,30330.3
Italy,WE,2020,60462000.0,154.311,7795482000.0,0.00775603,29682.1
Japan,As,1820,31000000.0,8.955,1047270000.0,0.02960077,3359.6
Japan,As,1821,31033000.0,8.9643,1052728000.0,0.02947865,3359.5
Japan,As,1822,31066000.0,8.9736,1058224000.0,0.02935673,3359.4
Japan,As,1823,31099000.0,8.9829,1063824000.0,0.02923322,3359.3
Japan,As,1824,31132000.0,8.9922,1069477000.0,0.02910956,3359.2
Japan,As,1825,31165000.0,9.0015,1075142000.0,0.02898687,3359.1
Japan,As,1826,31198000.0,9.0108,1080733000.0,0.02886744,3359.0
Japan,As,1827,31231000.0,9.0201,1086318000.0,0.02874941,3359.0
Japan,As,1828,31264000.0,9.0294,1091853000.0,0.02863389,3358.9
Japan,As,1829,31297000.0,9.0387,1097270000.0,0.02852261,3358.8
Japan,As,1830,31330000.0,9.048,1102518000.0,0.02841677,3358.7
Japan,As,1831,31363300.0,9.0574,1108061000.0,0.02830467,3358.6
Japan,As,1832,31396600.0,9.0668,1113520000.0,0.02819581,3358.5
Japan,As,1833,31429900.0,9.0762,1119039000.0,0.02808651,3358.5
Japan,As,1834,31463200.0,9.0856,1124554000.0,0.02797838,3358.4
Japan,As,1835,31496500.0,9.095,1130361000.0,0.02786411,3358.3
Japan,As,1836,31529800.0,9.1044,1136068000.0,0.02775344,3358.2
Japan,As,1837,31563100.0,9.1138,1141817000.0,0.02764287,3358.1
Japan,As,1838,31596400.0,9.1232,1147560000.0,0.02753355,3358.1
Japan,As,1839,31629700.0,9.1326,1153428000.0,0.02742234,3358.0
Japan,As,1840,31663000.0,9.142,1159310000.0,0.02731194,3357.9
Japan,As,1841,31696700.0,9.1516,1165435000.0,0.02719731,3357.9
Japan,As,1842,31730400.0,9.1612,1171545000.0,0.02708423,3357.8
Japan,As,1843,31764100.0,9.1708,1177631000.0,0.02697288,3357.8
Japan,As,1844,31797800.0,9.1804,1183818000.0,0.02686038,3357.7
Japan,As,1845,31831500.0,9.19,1190091000.0,0.02674711,3357.7
Japan,As,1846,31865200.0,9.1996,1196249000.0,0.0266376,3357.6
Japan,As,1847,31898900.0,9.2092,1201397000.0,0.02655151,3357.6
Japan,As,1848,31932600.0,9.2188,1205963000.0,0.02647892,3357.5
Japan,As,1849,31966300.0,9.2284,1211069000.0,0.02639511,3357.5
Japan,As,1850,32000000.0,9.238,1216574000.0,0.02630337,3357.4
Japan,As,1851,32119600.0,9.2702,1218975000.0,0.02634968,3356.6
Japan,As,1852,32239200.0,9.3024,1221557000.0,0.02639189,3355.8
Japan,As,1853,32358800.0,9.3346,1224259000.0,0.02643134,3354.9
Japan,As,1854,32478400.0,9.3668,1226726000.0,0.02647568,3354.1
Japan,As,1855,32598000.0,9.399,1228814000.0,0.02652802,3353.3
Japan,As,1856,32717600.0,9.4312,1231565000.0,0.02656587,3352.5
Japan,As,1857,32837199.999999996,9.4634,1234524000.0,0.02659908,3351.7
Japan,As,1858,32956800.000000004,9.4956,1237487000.0,0.02663204,3350.9
Japan,As,1859,33076400.0,9.5278,1240642000.0,0.02666071,3350.1
Japan,As,1860,33196000.0,9.56,1243735000.0,0.02669057,3349.3
Japan,As,1861,33320100.0,9.5921,1247652000.0,0.02670625,3348.0
Japan,As,1862,33444199.999999996,9.6242,1250707000.0,0.02674024,3346.8
Japan,As,1863,33568300.0,9.6563,1254013000.0,0.0267687,3345.5
Japan,As,1864,33692400.0,9.6884,1257290000.0,0.02679764,3344.3
Japan,As,1865,33816500.0,9.7205,1260601000.0,0.0268257,3343.0
Japan,As,1866,33940600.0,9.7526,1263629000.0,0.02685962,3341.8
Japan,As,1867,34064700.0,9.7847,1266809000.0,0.02689016,3340.6
Japan,As,1868,34188800.0,9.8168,1269858000.0,0.02692333,3339.4
Japan,As,1869,34312900.0,9.8489,1271405000.0,0.02698817,3338.2
Japan,As,1870,34437000.0,9.881,1274661000.0,0.0270166,3337.0
Japan,As,1871,34674000.0,10.018,1282387000.0,0.02703864,3360.1
Japan,As,1872,34911000.0,10.155,1290858000.0,0.0270448,3383.0
Japan,As,1873,35148000.0,10.292,1299848000.0,0.02704008,3405.5
Japan,As,1874,35385000.0,10.429,1309013000.0,0.02703182,3427.7
Japan,As,1875,35622000.0,10.566,1318339000.0,0.02702036,3449.6
Japan,As,1876,35859000.0,10.703,1327814000.0,0.02700604,3471.3
Japan,As,1877,36096000.0,10.84,1337399000.0,0.0269897,3492.6
Japan,As,1878,36333000.0,10.977,1347055000.0,0.02697217,3513.7
Japan,As,1879,36570000.0,11.114,1356760000.0,0.02695392,3534.5
Japan,As,1880,36807000.0,11.251,1366310000.0,0.02693898,3555.0
Japan,As,1881,37134000.0,11.4717,1376041000.0,0.02698611,3592.8
Japan,As,1882,37461000.0,11.6924,1385750000.0,0.02703301,3630.0
Japan,As,1883,37788000.0,11.9131,1395507000.0,0.02707833,3666.5
Japan,As,1884,38115000.0,12.1338,1405536000.0,0.02711777,3702.4
Japan,As,1885,38442000.0,12.3545,1415514000.0,0.02715763,3737.7
Japan,As,1886,38769000.0,12.5752,1425627000.0,0.02719435,3772.3
Japan,As,1887,39096000.0,12.7959,1435759000.0,0.0272302,3806.4
Japan,As,1888,39423000.0,13.0166,1445944000.0,0.02726454,3840.0
Japan,As,1889,39750000.0,13.2373,1456277000.0,0.02729563,3873.0
Japan,As,1890,40077000.0,13.458,1466582000.0,0.0273268,3905.4
Japan,As,1891,40479600.0,13.9612,1477705000.0,0.02739356,4011.1
Japan,As,1892,40882200.0,14.4644,1488973000.0,0.02745664,4114.8
Japan,As,1893,41284800.0,14.9676,1500286000.0,0.02751795,4216.4
Japan,As,1894,41687400.0,15.4708,1511963000.0,0.02757171,4316.1
Japan,As,1895,42090000.0,15.974,1523676000.0,0.02762398,4413.8
Japan,As,1896,42492600.0,16.4772,1535655000.0,0.02767067,4509.7
Japan,As,1897,42895200.0,16.9804,1547830000.0,0.02771312,4603.8
Japan,As,1898,43297800.0,17.4836,1560243000.0,0.02775068,4696.2
Japan,As,1899,43700400.0,17.9868,1572611000.0,0.02778844,4786.8
Japan,As,1900,44103000.0,18.49,1584867000.0,0.02782757,4875.8
Japan,As,1901,44644500.0,19.3051,1600044000.0,0.02790205,5029.0
Japan,As,1902,45186000.0,20.1202,1615427000.0,0.02797155,5178.5
Japan,As,1903,45727500.0,20.9353,1630965000.0,0.02803708,5324.5
Japan,As,1904,46269000.0,21.7504,1646581000.0,0.02810004,5467.1
Japan,As,1905,46810500.0,22.5655,1662453000.0,0.02815749,5606.4
Japan,As,1906,47352000.0,23.3806,1678596000.0,0.02820929,5742.4
Japan,As,1907,47893500.0,24.1957,1695030000.0,0.02825525,5875.5
Japan,As,1908,48435000.0,25.0108,1711586000.0,0.02829832,6005.5
Japan,As,1909,48976500.0,25.8259,1728501000.0,0.02833467,6132.6
Japan,As,1910,49518000.0,26.641,1745736000.0,0.02836511,6257.0
Japan,As,1911,50148000.0,27.895,1762399000.0,0.0284544,6469.2
Japan,As,1912,50778000.0,29.149,1779061000.0,0.02854202,6676.2
Japan,As,1913,51408000.0,30.403,1796080000.0,0.02862233,6878.1
Japan,As,1914,52038000.0,31.657,1808262000.0,0.02877791,7075.0
Japan,As,1915,52668000.0,32.911,1818401000.0,0.02896391,7267.3
Japan,As,1916,53298000.0,34.165,1828586000.0,0.02914711,7455.0
Japan,As,1917,53928000.0,35.419,1839381000.0,0.02931856,7638.4
Japan,As,1918,54558000.0,36.673,1849942000.0,0.02949174,7817.5
Japan,As,1919,55188000.0,37.927,1862569000.0,0.02963004,7992.5
Japan,As,1920,55818000.0,39.181,1875297000.0,0.02976489,8163.6
Japan,As,1921,56656500.0,40.1096,1886887000.0,0.03002644,8233.4
Japan,As,1922,57495000.0,41.0382,1903926000.0,0.03019813,8301.1
Japan,As,1923,58333500.0,41.9668,1924127000.0,0.03031687,8367.0
Japan,As,1924,59172000.0,42.8954,1946371000.0,0.03040119,8430.9
Japan,As,1925,60010500.0,43.824,1968879000.0,0.03047953,8493.1
Japan,As,1926,60849000.0,44.7526,1991829000.0,0.03054931,8553.5
Japan,As,1927,61687500.0,45.6812,2014443000.0,0.03062261,8612.3
Japan,As,1928,62526000.0,46.6098,2036576000.0,0.03070153,8669.5
Japan,As,1929,63364500.0,47.5384,2059103000.0,0.03077287,8725.3
Japan,As,1930,64203000.0,48.467,2080211000.0,0.0308637,8779.5
Japan,As,1931,65079400.0,50.3873,2101812000.0,0.03096347,9004.5
Japan,As,1932,65955800.0,52.3076,2121508000.0,0.03108911,9223.4
Japan,As,1933,66832200.0,54.2279,2140973000.0,0.03121581,9436.6
Japan,As,1934,67708600.0,56.1482,2161152000.0,0.03132986,9644.3
Japan,As,1935,68585000.0,58.0685,2181702000.0,0.03143647,9846.7
Japan,As,1936,69461400.0,59.9888,2203365000.0,0.03152514,10044.0
Japan,As,1937,70337800.0,61.9091,2226159000.0,0.03159604,10236.4
Japan,As,1938,71214200.0,63.8294,2250491000.0,0.03164385,10424.0
Japan,As,1939,72090600.0,65.7497,2275307000.0,0.0316839,10607.1
Japan,As,1940,72967000.0,67.67,2296743000.0,0.03176977,10785.7
Japan,As,1941,74050800.0,66.7219,2313071000.0,0.03201406,10479.0
Japan,As,1942,75134600.0,65.7738,2331578000.0,0.03222479,10181.1
Japan,As,1943,76218400.0,64.8257,2350140000.0,0.03243143,9891.6
Japan,As,1944,77302200.0,63.8776,2368872000.0,0.03263249,9610.3
Japan,As,1945,78386000.0,62.9295,2394093000.0,0.03274142,9336.7
Japan,As,1946,79469800.0,61.9814,2419526000.0,0.03284519,9070.7
Japan,As,1947,80553600.0,61.0333,2446628000.0,0.03292434,8811.7
Japan,As,1948,81637400.0,60.0852,2473860000.0,0.03300001,8559.7
Japan,As,1949,82721200.0,59.1371,2501856000.0,0.03306393,8314.2
Japan,As,1950,83805000.0,58.189,2529794000.0,0.0331272,8075.2
Japan,As,1951,84833700.0,63.494,2577776000.0,0.03290965,8704.5
Japan,As,1952,85862400.0,68.799,2624866000.0,0.03271116,9318.8
Japan,As,1953,86891100.0,74.104,2671465000.0,0.03252564,9918.5
Japan,As,1954,87919800.0,79.409,2718563000.0,0.03234054,10504.2
Japan,As,1955,88948500.0,84.714,2766430000.0,0.03215281,11076.3
Japan,As,1956,89977200.0,90.019,2815461000.0,0.03195825,11635.4
Japan,As,1957,91005900.0,95.324,2866148000.0,0.03175199,12181.8
Japan,As,1958,92034600.0,100.629,2918168000.0,0.03153849,12716.0
Japan,As,1959,93063300.0,105.934,2971839000.0,0.03131505,13238.4
Japan,As,1960,94092000.0,111.239,3027112000.0,0.03108309,13749.4
Japan,As,1961,95117300.0,130.4448,3084358000.0,0.03083861,15949.5
Japan,As,1962,96142600.0,149.6506,3143380000.0,0.03058574,18102.7
Japan,As,1963,97167900.0,168.8564,3204489000.0,0.03032243,20210.4
Japan,As,1964,98193200.0,188.0622,3268074000.0,0.0300462,22274.1
Japan,As,1965,99218500.0,207.26800000000003,3334092000.0,0.02975878,24295.1
Japan,As,1966,100243800.0,226.47380000000004,3402738000.0,0.02945975,26274.8
Japan,As,1967,101269100.0,245.6796,3473827000.0,0.02915203,28214.5
Japan,As,1968,102294400.0,264.8854,3546719000.0,0.02884198,30115.2
Japan,As,1969,103319700.0,284.0912000000001,3620809000.0,0.02853498,31978.2
Japan,As,1970,104345000.0,303.297,3695944000.0,0.0282323,33804.6
Japan,As,1971,105591200.0,311.2884,3771809000.0,0.02799484,34285.9
Japan,As,1972,106837400.0,319.2798,3847786000.0,0.02776594,34755.8
Japan,As,1973,108083600.0,327.2712,3923766000.0,0.02754588,35215.0
Japan,As,1974,109329800.0,335.2626,3999654000.0,0.02733481,35663.7
Japan,As,1975,110576000.0,343.254,4075437000.0,0.02713231,36102.3
Japan,As,1976,111822200.0,351.2454,4150660000.0,0.02694082,36531.1
Japan,As,1977,113068400.0,359.2368,4225672000.0,0.0267575,36950.4
Japan,As,1978,114314600.0,367.2282,4301501000.0,0.02657551,37360.6
Japan,As,1979,115560800.0,375.2196,4378004000.0,0.02639577,37762.0
Japan,As,1980,116807000.0,383.211,4456394000.0,0.0262111,38154.8
Japan,As,1981,117577900.0,391.9525,4535942000.0,0.02592139,38769.3
Japan,As,1982,118348800.0,400.694,4616948000.0,0.02563356,39375.7
Japan,As,1983,119119700.0,409.4355,4699604000.0,0.02534675,39974.4
Japan,As,1984,119890600.0,418.177,4784334000.0,0.02505899,40565.3
Japan,As,1985,120661500.0,426.9185,4871434000.0,0.0247692,41148.7
Japan,As,1986,121432400.0,435.66,4961120000.0,0.02447681,41724.7
Japan,As,1987,122203300.0,444.4015,5052960000.0,0.0241845,42293.4
Japan,As,1988,122974200.0,453.143,5145733000.0,0.02389829,42854.9
Japan,As,1989,123745100.0,461.8845,5237968000.0,0.02362464,43409.5
Japan,As,1990,124516000.0,470.626,5328602000.0,0.02336748,43957.2
Japan,As,1991,124817800.0,479.7771,5417317000.0,0.02304052,44703.6
Japan,As,1992,125119600.0,488.9282,5503880000.0,0.02273298,45446.4
Japan,As,1993,125421400.0,498.0793,5588359000.0,0.02244333,46185.6
Japan,As,1994,125723200.0,507.2304,5671048000.0,0.02216931,46921.2
Japan,As,1995,126025000.0,516.3815,5752408000.0,0.02190822,47653.4
Japan,As,1996,126326800.0,525.5326,5832484000.0,0.02165918,48382.0
Japan,As,1997,126628600.0,534.6836999999999,5911415000.0,0.02142103,49107.2
Japan,As,1998,126930400.0,543.8348,5989470000.0,0.02119226,49828.9
Japan,As,1999,127232200.0,552.9858999999999,6067325000.0,0.02097007,50547.2
Japan,As,2000,127534000.0,562.137,6145394000.0,0.02075278,51262.0
Japan,As,2001,127635800.0,559.5424999999999,6223661000.0,0.02050815,50984.7
Japan,As,2002,127737600.0,556.948,6302453000.0,0.02026792,50707.9
Japan,As,2003,127839400.0,554.3534999999999,6381858000.0,0.02003169,50431.5
Japan,As,2004,127941200.0,551.759,6461988000.0,0.01979905,50155.5
Japan,As,2005,128043000.0,549.1645,6542867000.0,0.01956986,49880.0
Japan,As,2006,128144800.0,546.5699999999999,6624538000.0,0.01934396,49604.9
Japan,As,2007,128246600.0,543.9755,6707018000.0,0.01912125,49330.2
Japan,As,2008,128348400.0,541.381,6790025000.0,0.01890249,49056.0
Japan,As,2009,128450200.0,538.7865,6874725000.0,0.01868441,48782.2
Japan,As,2010,128552000.0,536.192,6959421000.0,0.01847165,48508.9
Japan,As,2011,128344400.0,525.9884,7044266000.0,0.0182197,47662.7
Japan,As,2012,128136800.0,515.7848,7129609000.0,0.01797249,46813.9
Japan,As,2013,127929200.0,505.5812,7215047000.0,0.01773089,45962.2
Japan,As,2014,127721600.0,495.3776,7300248000.0,0.01749552,45107.8
Japan,As,2015,127514000.0,485.174,7384880000.0,0.0172669,44250.6
Japan,As,2016,127306400.0,474.9704,7469068000.0,0.01704448,43390.6
Japan,As,2017,127098800.0,464.7668,7550393000.0,0.0168334,42527.8
Japan,As,2018,126891200.0,454.5632,7632955000.0,0.01662413,41662.2
Japan,As,2019,126683600.0,444.3596,7714577000.0,0.01642133,40793.8
Japan,As,2020,126476000.0,434.156,7795482000.0,0.01622427,39922.5
Libya,Af,1820,538000.0,0.228,1047270000.0,0.00051372,4928.7
Libya,Af,1821,540500.0,0.2291,1052728000.0,0.00051343,4929.6
Libya,Af,1822,543000.0,0.2302,1058224000.0,0.00051312,4930.4
Libya,Af,1823,545500.0,0.2313,1063824000.0,0.00051277,4931.3
Libya,Af,1824,548000.0,0.2324,1069477000.0,0.0005124,4932.1
Libya,Af,1825,550500.0,0.2334999999999999,1075142000.0,0.00051203,4933.0
Libya,Af,1826,553000.0,0.2346,1080733000.0,0.00051169,4933.8
Libya,Af,1827,555500.0,0.2357,1086318000.0,0.00051136,4934.6
Libya,Af,1828,558000.0,0.2367999999999999,1091853000.0,0.00051106,4935.5
Libya,Af,1829,560500.0,0.2379,1097270000.0,0.00051081,4936.3
Libya,Af,1830,563000.0,0.239,1102518000.0,0.00051065,4937.1
Libya,Af,1831,565500.0,0.2400999999999999,1108061000.0,0.00051035,4937.9
Libya,Af,1832,568000.0,0.2412,1113520000.0,0.00051009,4938.7
Libya,Af,1833,570500.0,0.2423,1119039000.0,0.00050981,4939.4
Libya,Af,1834,573000.0,0.2434,1124554000.0,0.00050954,4940.2
Libya,Af,1835,575500.0,0.2445,1130361000.0,0.00050913,4941.0
Libya,Af,1836,578000.0,0.2455999999999999,1136068000.0,0.00050877,4941.7
Libya,Af,1837,580500.0,0.2467,1141817000.0,0.0005084,4942.5
Libya,Af,1838,583000.0,0.2478,1147560000.0,0.00050803,4943.2
Libya,Af,1839,585500.0,0.2489,1153428000.0,0.00050762,4944.0
Libya,Af,1840,588000.0,0.25,1159310000.0,0.0005072,4944.7
Libya,Af,1841,590700.0,0.2512,1165435000.0,0.00050685,4945.8
Libya,Af,1842,593400.0,0.2524,1171545000.0,0.00050651,4946.8
Libya,Af,1843,596100.0,0.2536,1177631000.0,0.00050619,4947.8
Libya,Af,1844,598800.0,0.2548,1183818000.0,0.00050582,4948.8
Libya,Af,1845,601500.0,0.256,1190091000.0,0.00050542,4949.8
Libya,Af,1846,604200.0,0.2572,1196249000.0,0.00050508,4950.7
Libya,Af,1847,606900.0,0.2584,1201397000.0,0.00050516,4951.7
Libya,Af,1848,609600.0,0.2596,1205963000.0,0.00050549,4952.7
Libya,Af,1849,612300.0,0.2608,1211069000.0,0.00050559,4953.6
Libya,Af,1850,615000.0,0.262,1216574000.0,0.00050552,4954.6
Libya,Af,1851,617800.0,0.263,1218975000.0,0.00050682,4950.9
Libya,Af,1852,620600.0,0.264,1221557000.0,0.00050804,4947.3
Libya,Af,1853,623400.0,0.265,1224259000.0,0.00050921,4943.8
Libya,Af,1854,626200.0,0.266,1226726000.0,0.00051046,4940.2
Libya,Af,1855,629000.0,0.267,1228814000.0,0.00051188,4936.7
Libya,Af,1856,631800.0,0.268,1231565000.0,0.00051301,4933.3
Libya,Af,1857,634600.0,0.269,1234524000.0,0.00051404,4929.8
Libya,Af,1858,637400.0,0.27,1237487000.0,0.00051508,4926.4
Libya,Af,1859,640200.0,0.271,1240642000.0,0.00051602,4923.0
Libya,Af,1860,643000.0,0.272,1243735000.0,0.00051699,4919.7
Libya,Af,1861,646000.0,0.2727,1247652000.0,0.00051777,4909.4
Libya,Af,1862,649000.0,0.2734,1250707000.0,0.00051891,4899.3
Libya,Af,1863,652000.0,0.2741,1254013000.0,0.00051993,4889.2
Libya,Af,1864,655000.0,0.2748,1257290000.0,0.00052096,4879.3
Libya,Af,1865,658000.0,0.2755,1260601000.0,0.00052197,4869.4
Libya,Af,1866,661000.0,0.2762,1263629000.0,0.0005231,4859.6
Libya,Af,1867,664000.0,0.2769,1266809000.0,0.00052415,4849.9
Libya,Af,1868,667000.0,0.2776,1269858000.0,0.00052526,4840.3
Libya,Af,1869,670000.0,0.2783,1271405000.0,0.00052698,4830.8
Libya,Af,1870,673000.0,0.279,1274661000.0,0.00052798,4821.4
Libya,Af,1871,676000.0,0.2807,1282387000.0,0.00052714,4829.2
Libya,Af,1872,679000.0,0.2824,1290858000.0,0.00052601,4837.0
Libya,Af,1873,682000.0,0.2841,1299848000.0,0.00052468,4844.7
Libya,Af,1874,685000.0,0.2858,1309013000.0,0.0005233,4852.3
Libya,Af,1875,688000.0,0.2875,1318339000.0,0.00052187,4859.9
Libya,Af,1876,691000.0,0.2892,1327814000.0,0.0005204,4867.4
Libya,Af,1877,694000.0,0.2909,1337399000.0,0.00051892,4874.9
Libya,Af,1878,697000.0,0.2925999999999999,1347055000.0,0.00051743,4882.3
Libya,Af,1879,700000.0,0.2943,1356760000.0,0.00051594,4889.6
Libya,Af,1880,703000.0,0.296,1366310000.0,0.00051452,4896.8
Libya,Af,1881,706200.0,0.2973,1376041000.0,0.00051321,4896.1
Libya,Af,1882,709400.0,0.2986,1385750000.0,0.00051192,4895.3
Libya,Af,1883,712600.0,0.2999,1395507000.0,0.00051064,4894.5
Libya,Af,1884,715800.0,0.3011999999999999,1405536000.0,0.00050927,4893.8
Libya,Af,1885,719000.0,0.3025,1415514000.0,0.00050794,4893.0
Libya,Af,1886,722200.0,0.3038,1425627000.0,0.00050658,4892.3
Libya,Af,1887,725400.0,0.3051,1435759000.0,0.00050524,4891.5
Libya,Af,1888,728600.0,0.3064,1445944000.0,0.00050389,4890.8
Libya,Af,1889,731800.0,0.3077,1456277000.0,0.00050251,4890.1
Libya,Af,1890,735000.0,0.309,1466582000.0,0.00050117,4889.3
Libya,Af,1891,738400.0,0.3095,1477705000.0,0.00049969,4874.7
Libya,Af,1892,741800.0,0.31,1488973000.0,0.0004982,4860.2
Libya,Af,1893,745200.0,0.3105,1500286000.0,0.00049671,4845.8
Libya,Af,1894,748600.0,0.311,1511963000.0,0.00049512,4831.6
Libya,Af,1895,752000.0,0.3115,1523676000.0,0.00049354,4817.5
Libya,Af,1896,755400.0,0.312,1535655000.0,0.00049191,4803.5
Libya,Af,1897,758800.0,0.3125,1547830000.0,0.00049023,4789.6
Libya,Af,1898,762200.0,0.313,1560243000.0,0.00048851,4775.9
Libya,Af,1899,765600.0,0.3135,1572611000.0,0.00048683,4762.3
Libya,Af,1900,769000.0,0.314,1584867000.0,0.00048521,4748.8
Libya,Af,1901,772500.0,0.3158,1600044000.0,0.0004828,4754.4
Libya,Af,1902,776000.0,0.3176,1615427000.0,0.00048037,4759.9
Libya,Af,1903,779500.0,0.3194,1630965000.0,0.00047794,4765.4
Libya,Af,1904,783000.0,0.3212,1646581000.0,0.00047553,4770.8
Libya,Af,1905,786500.0,0.323,1662453000.0,0.0004731,4776.2
Libya,Af,1906,790000.0,0.3248,1678596000.0,0.00047063,4781.5
Libya,Af,1907,793500.0,0.3266,1695030000.0,0.00046813,4786.8
Libya,Af,1908,797000.0,0.3284,1711586000.0,0.00046565,4792.1
Libya,Af,1909,800500.0,0.3302,1728501000.0,0.00046312,4797.3
Libya,Af,1910,804000.0,0.332,1745736000.0,0.00046055,4802.4
Libya,Af,1911,807700.0,0.3327,1762399000.0,0.0004583,4790.5
Libya,Af,1912,811400.0,0.3334,1779061000.0,0.00045608,4778.7
Libya,Af,1913,815100.0,0.3341,1796080000.0,0.00045382,4767.0
Libya,Af,1914,818800.0,0.3348,1808262000.0,0.00045281,4755.4
Libya,Af,1915,822500.0,0.3355,1818401000.0,0.00045232,4743.9
Libya,Af,1916,826200.0,0.3362,1828586000.0,0.00045182,4732.5
Libya,Af,1917,829900.0,0.3369,1839381000.0,0.00045118,4721.2
Libya,Af,1918,833600.0,0.3376,1849942000.0,0.00045061,4710.0
Libya,Af,1919,837300.0,0.3383,1862569000.0,0.00044954,4698.9
Libya,Af,1920,841000.0,0.339,1875297000.0,0.00044846,4688.0
Libya,Af,1921,844800.0,0.342,1886887000.0,0.00044772,4708.2
Libya,Af,1922,848600.0,0.345,1903926000.0,0.00044571,4728.2
Libya,Af,1923,852400.0,0.348,1924127000.0,0.00044301,4748.1
Libya,Af,1924,856200.0,0.351,1946371000.0,0.0004399,4767.7
Libya,Af,1925,860000.0,0.354,1968879000.0,0.0004368,4787.2
Libya,Af,1926,863800.0,0.357,1991829000.0,0.00043367,4806.6
Libya,Af,1927,867600.0,0.36,2014443000.0,0.00043069,4825.7
Libya,Af,1928,871400.0,0.363,2036576000.0,0.00042788,4844.7
Libya,Af,1929,875200.0,0.366,2059103000.0,0.00042504,4863.6
Libya,Af,1930,879000.0,0.369,2080211000.0,0.00042255,4882.2
Libya,Af,1931,883000.0,0.3708,2101812000.0,0.00042011,4883.8
Libya,Af,1932,887000.0,0.3726,2121508000.0,0.0004181,4885.4
Libya,Af,1933,891000.0,0.3744,2140973000.0,0.00041617,4886.9
Libya,Af,1934,895000.0,0.3762,2161152000.0,0.00041413,4888.5
Libya,Af,1935,899000.0,0.378,2181702000.0,0.00041206,4890.0
Libya,Af,1936,903000.0,0.3798,2203365000.0,0.00040983,4891.6
Libya,Af,1937,907000.0,0.3816,2226159000.0,0.00040743,4893.1
Libya,Af,1938,911000.0,0.3834,2250491000.0,0.0004048,4894.6
Libya,Af,1939,915000.0,0.3852,2275307000.0,0.00040214,4896.0
Libya,Af,1940,919000.0,0.387,2296743000.0,0.00040013,4897.5
Libya,Af,1941,923200.0,0.3903,2313071000.0,0.00039912,4916.8
Libya,Af,1942,927400.0,0.3936,2331578000.0,0.00039776,4935.9
Libya,Af,1943,931600.0,0.3969,2350140000.0,0.0003964,4954.9
Libya,Af,1944,935800.0,0.4002,2368872000.0,0.00039504,4973.6
Libya,Af,1945,940000.0,0.4034999999999999,2394093000.0,0.00039263,4992.2
Libya,Af,1946,944200.0,0.4068,2419526000.0,0.00039024,5010.7
Libya,Af,1947,948400.0,0.4101,2446628000.0,0.00038764,5029.0
Libya,Af,1948,952600.0,0.4134,2473860000.0,0.00038507,5047.1
Libya,Af,1949,956800.0,0.4166999999999999,2501856000.0,0.00038244,5065.0
Libya,Af,1950,961000.0,0.42,2529794000.0,0.00037987,5082.8
Libya,Af,1951,998700.0,0.43,2577776000.0,0.00038743,5007.4
Libya,Af,1952,1036400.0000000001,0.44,2624866000.0,0.00039484,4937.5
Libya,Af,1953,1074100.0,0.45,2671465000.0,0.00040206,4872.5
Libya,Af,1954,1111800.0,0.46,2718563000.0,0.00040897,4811.8
Libya,Af,1955,1149500.0,0.47,2766430000.0,0.00041552,4755.2
Libya,Af,1956,1187200.0,0.48,2815461000.0,0.00042167,4702.2
Libya,Af,1957,1224900.0,0.49,2866148000.0,0.00042737,4652.4
Libya,Af,1958,1262600.0,0.5,2918168000.0,0.00043267,4605.6
Libya,Af,1959,1300300.0,0.51,2971839000.0,0.00043754,4561.5
Libya,Af,1960,1338000.0,0.52,3027112000.0,0.00044201,4519.9
Libya,Af,1961,1404100.0,0.9091,3084358000.0,0.00045523,7530.0
Libya,Af,1962,1470200.0,1.2982,3143380000.0,0.00046771,10269.4
Libya,Af,1963,1536300.0,1.6872999999999998,3204489000.0,0.00047942,12773.1
Libya,Af,1964,1602400.0,2.0764,3268074000.0,0.00049032,15070.2
Libya,Af,1965,1668500.0,2.4655,3334092000.0,0.00050044,17185.4
Libya,Af,1966,1734600.0,2.8546,3402738000.0,0.00050977,19139.3
Libya,Af,1967,1800699.9999999998,3.2437,3473827000.0,0.00051836,20949.8
Libya,Af,1968,1866800.0,3.6328,3546719000.0,0.00052635,22632.0
Libya,Af,1969,1932900.0,4.0219,3620809000.0,0.00053383,24199.2
Libya,Af,1970,1999000.0,4.411,3695944000.0,0.00054086,25662.8
Libya,Af,1971,2105600.0,4.8276,3771809000.0,0.00055825,26664.6
Libya,Af,1972,2212200.0,5.244199999999999,3847786000.0,0.00057493,27569.9
Libya,Af,1973,2318800.0,5.6608,3923766000.0,0.00059096,28391.9
Libya,Af,1974,2425400.0,6.0774,3999654000.0,0.0006064,29141.7
Libya,Af,1975,2532000.0,6.494,4075437000.0,0.00062128,29828.3
Libya,Af,1976,2638600.0,6.9106,4150660000.0,0.00063571,30459.4
Libya,Af,1977,2745200.0,7.327199999999999,4225672000.0,0.00064965,31041.6
Libya,Af,1978,2851800.0,7.7438,4301501000.0,0.00066298,31580.2
Libya,Af,1979,2958400.0,8.1604,4378004000.0,0.00067574,32080.0
Libya,Af,1980,3065000.0,8.577,4456394000.0,0.00068778,32545.0
Libya,Af,1981,3172500.0,9.0692,4535942000.0,0.00069941,33246.6
Libya,Af,1982,3280000.0,9.5614,4616948000.0,0.00071043,33902.2
Libya,Af,1983,3387500.0,10.0536,4699604000.0,0.00072081,34516.1
Libya,Af,1984,3495000.0,10.5458,4784334000.0,0.00073051,35092.3
Libya,Af,1985,3602500.0,11.038,4871434000.0,0.00073952,35634.1
Libya,Af,1986,3710000.0,11.5302,4961120000.0,0.00074782,36144.5
Libya,Af,1987,3817500.0,12.0224,5052960000.0,0.0007555,36626.2
Libya,Af,1988,3925000.0,12.514600000000002,5145733000.0,0.00076277,37081.5
Libya,Af,1989,4032500.0,13.006800000000002,5237968000.0,0.00076986,37512.5
Libya,Af,1990,4140000.0,13.499,5328602000.0,0.00077694,37921.1
Libya,Af,1991,4237500.0,13.7751,5417317000.0,0.00078221,37806.4
Libya,Af,1992,4335000.0,14.0512,5503880000.0,0.00078763,37696.8
Libya,Af,1993,4432500.0,14.3273,5588359000.0,0.00079317,37592.0
Libya,Af,1994,4530000.0,14.6034,5671048000.0,0.00079879,37491.7
Libya,Af,1995,4627500.0,14.8795,5752408000.0,0.00080445,37395.7
Libya,Af,1996,4725000.0,15.155600000000002,5832484000.0,0.00081012,37303.6
Libya,Af,1997,4822500.0,15.4317,5911415000.0,0.00081579,37215.3
Libya,Af,1998,4920000.0,15.707800000000002,5989470000.0,0.00082144,37130.4
Libya,Af,1999,5017500.0,15.983900000000002,6067325000.0,0.00082697,37048.9
Libya,Af,2000,5115000.0,16.26,6145394000.0,0.00083233,36970.4
Libya,Af,2001,5220400.0,17.068,6223661000.0,0.0008388,38024.1
Libya,Af,2002,5325800.0,17.876,6302453000.0,0.00084504,39036.0
Libya,Af,2003,5431200.0,18.684,6381858000.0,0.00085104,40008.6
Libya,Af,2004,5536600.0,19.492,6461988000.0,0.0008568,40944.3
Libya,Af,2005,5642000.0,20.3,6542867000.0,0.00086231,41844.9
Libya,Af,2006,5747400.0,21.108,6624538000.0,0.00086759,42712.5
Libya,Af,2007,5852800.0,21.916,6707018000.0,0.00087264,43548.9
Libya,Af,2008,5958200.0,22.724,6790025000.0,0.00087749,44355.7
Libya,Af,2009,6063600.0,23.532,6874725000.0,0.00088201,45134.4
Libya,Af,2010,6169000.0,24.34,6959421000.0,0.00088642,45886.6
Libya,Af,2011,6239200.0,23.618,7044266000.0,0.00088571,44024.4
Libya,Af,2012,6309400.0,22.896,7129609000.0,0.00088496,42203.8
Libya,Af,2013,6379600.0,22.174,7215047000.0,0.00088421,40423.2
Libya,Af,2014,6449800.0,21.452,7300248000.0,0.0008835,38681.3
Libya,Af,2015,6520000.0,20.73,7384880000.0,0.00088289,36977.0
Libya,Af,2016,6590200.0,20.008000000000003,7469068000.0,0.00088233,35308.9
Libya,Af,2017,6660400.0,19.286,7550393000.0,0.00088213,33676.1
Libya,Af,2018,6730600.0,18.564,7632955000.0,0.00088178,32077.3
Libya,Af,2019,6800800.0,17.842000000000002,7714577000.0,0.00088155,30511.5
Libya,Af,2020,6871000.0,17.12,7795482000.0,0.00088141,28977.7
Malawi,Af,1820,820000.0,0.348,1047270000.0,0.00078299,4935.7
Malawi,Af,1821,829500.0,0.3520999999999999,1052728000.0,0.00078795,4936.6
Malawi,Af,1822,839000.0,0.3561999999999999,1058224000.0,0.00079284,4937.6
Malawi,Af,1823,848500.0,0.3603,1063824000.0,0.00079759,4938.5
Malawi,Af,1824,858000.0,0.3644,1069477000.0,0.00080226,4939.4
Malawi,Af,1825,867500.0,0.3685,1075142000.0,0.00080687,4940.2
Malawi,Af,1826,877000.0,0.3726,1080733000.0,0.00081149,4941.1
Malawi,Af,1827,886500.0,0.3767,1086318000.0,0.00081606,4941.9
Malawi,Af,1828,896000.0,0.3808,1091853000.0,0.00082062,4942.8
Malawi,Af,1829,905500.0,0.3849,1097270000.0,0.00082523,4943.6
Malawi,Af,1830,915000.0,0.389,1102518000.0,0.00082992,4944.3
Malawi,Af,1831,925600.0,0.3936,1108061000.0,0.00083533,4945.5
Malawi,Af,1832,936200.0,0.3982,1113520000.0,0.00084076,4946.7
Malawi,Af,1833,946800.0,0.4028,1119039000.0,0.00084608,4947.8
Malawi,Af,1834,957400.0,0.4074,1124554000.0,0.00085136,4948.9
Malawi,Af,1835,968000.0,0.412,1130361000.0,0.00085636,4950.0
Malawi,Af,1836,978600.0,0.4166,1136068000.0,0.00086139,4951.0
Malawi,Af,1837,989200.0,0.4212,1141817000.0,0.00086634,4952.0
Malawi,Af,1838,999800.0,0.4258,1147560000.0,0.00087124,4953.0
Malawi,Af,1839,1010400.0,0.4304,1153428000.0,0.000876,4954.0
Malawi,Af,1840,1021000.0,0.435,1159310000.0,0.0008807,4955.0
Malawi,Af,1841,1032900.0000000001,0.4401,1165435000.0,0.00088628,4955.3
Malawi,Af,1842,1044800.0,0.4452,1171545000.0,0.00089181,4955.7
Malawi,Af,1843,1056700.0,0.4503,1177631000.0,0.00089731,4956.0
Malawi,Af,1844,1068600.0,0.4553999999999999,1183818000.0,0.00090267,4956.3
Malawi,Af,1845,1080500.0,0.4605,1190091000.0,0.00090791,4956.6
Malawi,Af,1846,1092400.0,0.4656,1196249000.0,0.00091319,4956.9
Malawi,Af,1847,1104300.0,0.4707,1201397000.0,0.00091918,4957.2
Malawi,Af,1848,1116200.0,0.4758,1205963000.0,0.00092557,4957.5
Malawi,Af,1849,1128100.0,0.4809,1211069000.0,0.00093149,4957.8
Malawi,Af,1850,1140000.0,0.486,1216574000.0,0.00093706,4958.1
Malawi,Af,1851,1142100.0,0.4864,1218975000.0,0.00093693,4953.0
Malawi,Af,1852,1144200.0,0.4868,1221557000.0,0.00093667,4948.0
Malawi,Af,1853,1146300.0,0.4871999999999999,1224259000.0,0.00093632,4943.0
Malawi,Af,1854,1148400.0,0.4876,1226726000.0,0.00093615,4938.0
Malawi,Af,1855,1150500.0,0.488,1228814000.0,0.00093627,4933.0
Malawi,Af,1856,1152600.0,0.4884,1231565000.0,0.00093588,4928.1
Malawi,Af,1857,1154700.0,0.4888,1234524000.0,0.00093534,4923.1
Malawi,Af,1858,1156800.0,0.4891999999999999,1237487000.0,0.0009348,4918.2
Malawi,Af,1859,1158900.0,0.4896,1240642000.0,0.00093411,4913.3
Malawi,Af,1860,1161000.0,0.49,1243735000.0,0.00093348,4908.4
Malawi,Af,1861,1163200.0,0.4901,1247652000.0,0.00093231,4900.2
Malawi,Af,1862,1165400.0,0.4901999999999999,1250707000.0,0.00093179,4891.9
Malawi,Af,1863,1167600.0,0.4903,1254013000.0,0.00093109,4883.7
Malawi,Af,1864,1169800.0,0.4904,1257290000.0,0.00093041,4875.5
Malawi,Af,1865,1172000.0,0.4905,1260601000.0,0.00092972,4867.3
Malawi,Af,1866,1174200.0,0.4906,1263629000.0,0.00092923,4859.2
Malawi,Af,1867,1176400.0,0.4906999999999999,1266809000.0,0.00092863,4851.1
Malawi,Af,1868,1178600.0,0.4908,1269858000.0,0.00092814,4843.0
Malawi,Af,1869,1180800.0,0.4909,1271405000.0,0.00092874,4835.0
Malawi,Af,1870,1183000.0,0.491,1274661000.0,0.00092809,4827.0
Malawi,Af,1871,1185200.0,0.4926,1282387000.0,0.00092421,4833.7
Malawi,Af,1872,1187400.0,0.4942,1290858000.0,0.00091985,4840.4
Malawi,Af,1873,1189600.0,0.4958,1299848000.0,0.00091518,4847.1
Malawi,Af,1874,1191800.0,0.4974,1309013000.0,0.00091046,4853.8
Malawi,Af,1875,1194000.0,0.499,1318339000.0,0.00090569,4860.4
Malawi,Af,1876,1196200.0,0.5006,1327814000.0,0.00090088,4867.1
Malawi,Af,1877,1198400.0,0.5022,1337399000.0,0.00089607,4873.7
Malawi,Af,1878,1200600.0,0.5038,1347055000.0,0.00089128,4880.2
Malawi,Af,1879,1202800.0,0.5054,1356760000.0,0.00088652,4886.8
Malawi,Af,1880,1205000.0,0.507,1366310000.0,0.00088194,4893.3
Malawi,Af,1881,1231300.0,0.518,1376041000.0,0.00089481,4892.7
Malawi,Af,1882,1257600.0,0.529,1385750000.0,0.00090752,4892.1
Malawi,Af,1883,1283900.0,0.54,1395507000.0,0.00092002,4891.5
Malawi,Af,1884,1310200.0,0.551,1405536000.0,0.00093217,4891.0
Malawi,Af,1885,1336500.0,0.562,1415514000.0,0.00094418,4890.4
Malawi,Af,1886,1362800.0,0.573,1425627000.0,0.00095593,4889.9
Malawi,Af,1887,1389100.0,0.584,1435759000.0,0.0009675,4889.4
Malawi,Af,1888,1415400.0,0.595,1445944000.0,0.00097888,4889.0
Malawi,Af,1889,1441700.0,0.606,1456277000.0,0.00098999,4888.5
Malawi,Af,1890,1468000.0,0.617,1466582000.0,0.00100097,4888.1
Malawi,Af,1891,1500100.0,0.6283,1477705000.0,0.00101516,4871.1
Malawi,Af,1892,1532200.0,0.6396,1488973000.0,0.00102903,4854.8
Malawi,Af,1893,1564300.0,0.6509,1500286000.0,0.00104267,4839.2
Malawi,Af,1894,1596400.0,0.6622,1511963000.0,0.00105585,4824.2
Malawi,Af,1895,1628500.0,0.6735,1523676000.0,0.0010688,4809.8
Malawi,Af,1896,1660600.0,0.6848,1535655000.0,0.00108136,4796.0
Malawi,Af,1897,1692700.0,0.6960999999999999,1547830000.0,0.0010936,4782.7
Malawi,Af,1898,1724800.0,0.7074,1560243000.0,0.00110547,4769.9
Malawi,Af,1899,1756900.0,0.7187,1572611000.0,0.00111719,4757.5
Malawi,Af,1900,1789000.0,0.73,1584867000.0,0.0011288,4745.6
Malawi,Af,1901,1828100.0,0.7469,1600044000.0,0.00114253,4751.6
Malawi,Af,1902,1867200.0,0.7638,1615427000.0,0.00115586,4757.4
Malawi,Af,1903,1906300.0,0.7807,1630965000.0,0.00116882,4762.9
Malawi,Af,1904,1945400.0,0.7976,1646581000.0,0.00118148,4768.2
Malawi,Af,1905,1984500.0,0.8145,1662453000.0,0.00119372,4773.3
Malawi,Af,1906,2023600.0,0.8314,1678596000.0,0.00120553,4778.2
Malawi,Af,1907,2062699.9999999998,0.8483,1695030000.0,0.00121691,4782.9
Malawi,Af,1908,2101800.0,0.8652,1711586000.0,0.00122798,4787.5
Malawi,Af,1909,2140900.0,0.8821,1728501000.0,0.00123859,4791.8
Malawi,Af,1910,2180000.0,0.899,1745736000.0,0.00124876,4796.0
Malawi,Af,1911,2194400.0,0.9027,1762399000.0,0.00124512,4784.2
Malawi,Af,1912,2208800.0,0.9064,1779061000.0,0.00124155,4772.5
Malawi,Af,1913,2223200.0,0.9101,1796080000.0,0.00123781,4760.9
Malawi,Af,1914,2237600.0,0.9138,1808262000.0,0.00123743,4749.5
Malawi,Af,1915,2252000.0,0.9175,1818401000.0,0.00123845,4738.2
Malawi,Af,1916,2266400.0,0.9212,1828586000.0,0.00123943,4727.1
Malawi,Af,1917,2280800.0,0.9249,1839381000.0,0.00123998,4716.1
Malawi,Af,1918,2295200.0,0.9286,1849942000.0,0.00124069,4705.3
Malawi,Af,1919,2309600.0,0.9323,1862569000.0,0.00124001,4694.6
Malawi,Af,1920,2324000.0,0.936,1875297000.0,0.00123927,4684.0
Malawi,Af,1921,2339400.0,0.9421,1886887000.0,0.00123982,4683.5
Malawi,Af,1922,2354800.0,0.9482,1903926000.0,0.00123681,4683.0
Malawi,Af,1923,2370200.0,0.9543,1924127000.0,0.00123183,4682.5
Malawi,Af,1924,2385600.0,0.9604,1946371000.0,0.00122567,4682.0
Malawi,Af,1925,2401000.0,0.9665,1968879000.0,0.00121948,4681.5
Malawi,Af,1926,2416400.0,0.9726,1991829000.0,0.00121316,4681.1
Malawi,Af,1927,2431800.0,0.9787,2014443000.0,0.00120718,4680.6
Malawi,Af,1928,2447200.0,0.9848,2036576000.0,0.00120162,4680.1
Malawi,Af,1929,2462600.0,0.9909,2059103000.0,0.00119596,4679.7
Malawi,Af,1930,2478000.0,0.997,2080211000.0,0.00119123,4679.2
Malawi,Af,1931,2494400.0,0.9979,2101812000.0,0.00118679,4652.7
Malawi,Af,1932,2510800.0,0.9988,2121508000.0,0.0011835,4626.4
Malawi,Af,1933,2527200.0,0.9997,2140973000.0,0.0011804,4600.6
Malawi,Af,1934,2543600.0,1.0006,2161152000.0,0.00117696,4575.0
Malawi,Af,1935,2560000.0,1.0015,2181702000.0,0.0011734,4549.8
Malawi,Af,1936,2576400.0,1.0024,2203365000.0,0.0011693,4524.9
Malawi,Af,1937,2592800.0,1.0033,2226159000.0,0.0011647,4500.3
Malawi,Af,1938,2609200.0,1.0042,2250491000.0,0.00115939,4476.0
Malawi,Af,1939,2625600.0,1.0051,2275307000.0,0.00115395,4452.1
Malawi,Af,1940,2642000.0,1.006,2296743000.0,0.00115032,4428.4
Malawi,Af,1941,2659500.0,1.0184,2313071000.0,0.00114977,4453.5
Malawi,Af,1942,2677000.0,1.0308,2331578000.0,0.00114815,4478.2
Malawi,Af,1943,2694500.0,1.0432,2350140000.0,0.00114653,4502.7
Malawi,Af,1944,2712000.0,1.0556,2368872000.0,0.00114485,4526.8
Malawi,Af,1945,2729500.0,1.068,2394093000.0,0.0011401,4550.6
Malawi,Af,1946,2747000.0,1.0804,2419526000.0,0.00113535,4574.1
Malawi,Af,1947,2764500.0,1.0928,2446628000.0,0.00112992,4597.3
Malawi,Af,1948,2782000.0,1.1052,2473860000.0,0.00112456,4620.2
Malawi,Af,1949,2799500.0,1.1176,2501856000.0,0.00111897,4642.9
Malawi,Af,1950,2817000.0,1.13,2529794000.0,0.00111353,4665.2
Malawi,Af,1951,2880300.0,1.1549999999999998,2577776000.0,0.00111736,4663.6
Malawi,Af,1952,2943600.0,1.18,2624866000.0,0.00112143,4662.1
Malawi,Af,1953,3006900.0,1.2049999999999998,2671465000.0,0.00112556,4660.7
Malawi,Af,1954,3070200.0,1.23,2718563000.0,0.00112935,4659.3
Malawi,Af,1955,3133500.0,1.255,2766430000.0,0.00113269,4657.9
Malawi,Af,1956,3196800.0,1.2799999999999998,2815461000.0,0.00113544,4656.7
Malawi,Af,1957,3260100.0,1.305,2866148000.0,0.00113745,4655.4
Malawi,Af,1958,3323400.0,1.3299999999999998,2918168000.0,0.00113887,4654.2
Malawi,Af,1959,3386700.0,1.355,2971839000.0,0.0011396,4653.1
Malawi,Af,1960,3450000.0,1.38,3027112000.0,0.0011397,4652.0
Malawi,Af,1961,3553900.0,1.4007999999999998,3084358000.0,0.00115223,4584.1
Malawi,Af,1962,3657800.0,1.4216,3143380000.0,0.00116365,4520.0
Malawi,Af,1963,3761700.0,1.4424,3204489000.0,0.00117388,4459.4
Malawi,Af,1964,3865600.0,1.4632,3268074000.0,0.00118284,4402.2
Malawi,Af,1965,3969500.0,1.484,3334092000.0,0.00119058,4347.9
Malawi,Af,1966,4073400.0,1.5048,3402738000.0,0.00119709,4296.4
Malawi,Af,1967,4177300.0,1.5256,3473827000.0,0.00120251,4247.4
Malawi,Af,1968,4281200.0,1.5464,3546719000.0,0.00120709,4200.8
Malawi,Af,1969,4385100.0,1.5672,3620809000.0,0.00121108,4156.5
Malawi,Af,1970,4489000.0,1.588,3695944000.0,0.00121457,4114.2
Malawi,Af,1971,4653000.0,1.6213000000000002,3771809000.0,0.00123363,4052.4
Malawi,Af,1972,4817000.0,1.6546,3847786000.0,0.00125189,3994.8
Malawi,Af,1973,4981000.0,1.6879,3923766000.0,0.00126944,3941.0
Malawi,Af,1974,5145000.0,1.7212,3999654000.0,0.00128636,3890.7
Malawi,Af,1975,5309000.0,1.7545000000000002,4075437000.0,0.00130268,3843.4
Malawi,Af,1976,5473000.0,1.7878,4150660000.0,0.00131859,3799.0
Malawi,Af,1977,5637000.0,1.8211,4225672000.0,0.00133399,3757.2
Malawi,Af,1978,5801000.0,1.8544,4301501000.0,0.0013486,3717.8
Malawi,Af,1979,5965000.0,1.8877,4378004000.0,0.00136249,3680.5
Malawi,Af,1980,6129000.0,1.921,4456394000.0,0.00137533,3645.2
Malawi,Af,1981,6444800.0,1.9756,4535942000.0,0.00142083,3565.1
Malawi,Af,1982,6760600.0,2.0302,4616948000.0,0.0014643,3492.5
Malawi,Af,1983,7076400.0,2.0848,4699604000.0,0.00150574,3426.4
Malawi,Af,1984,7392200.0,2.1394,4784334000.0,0.00154508,3365.9
Malawi,Af,1985,7708000.0,2.194,4871434000.0,0.00158229,3310.4
Malawi,Af,1986,8023800.0,2.2486,4961120000.0,0.00161734,3259.2
Malawi,Af,1987,8339600.0,2.3032,5052960000.0,0.00165044,3211.9
Malawi,Af,1988,8655400.0,2.3578,5145733000.0,0.00168205,3168.1
Malawi,Af,1989,8971200.0,2.4124,5237968000.0,0.00171273,3127.4
Malawi,Af,1990,9287000.0,2.467,5328602000.0,0.00174286,3089.4
Malawi,Af,1991,9495900.0,2.5302,5417317000.0,0.00175288,3098.8
Malawi,Af,1992,9704800.0,2.5934,5503880000.0,0.00176327,3107.9
Malawi,Af,1993,9913700.0,2.6566,5588359000.0,0.00177399,3116.5
Malawi,Af,1994,10122600.0,2.7198,5671048000.0,0.00178496,3124.8
Malawi,Af,1995,10331500.0,2.7830000000000004,5752408000.0,0.00179603,3132.8
Malawi,Af,1996,10540400.0,2.8462,5832484000.0,0.00180719,3140.4
Malawi,Af,1997,10749300.0,2.9094,5911415000.0,0.0018184,3147.8
Malawi,Af,1998,10958200.0,2.9726,5989470000.0,0.00182958,3154.8
Malawi,Af,1999,11167100.0,3.0358,6067325000.0,0.00184053,3161.6
Malawi,Af,2000,11376000.0,3.099,6145394000.0,0.00185114,3168.2
Malawi,Af,2001,11755100.0,3.1969000000000003,6223661000.0,0.00188878,3162.9
Malawi,Af,2002,12134200.0,3.2948000000000004,6302453000.0,0.00192531,3157.9
Malawi,Af,2003,12513300.0,3.3927000000000005,6381858000.0,0.00196076,3153.2
Malawi,Af,2004,12892400.0,3.4906,6461988000.0,0.00199511,3148.8
Malawi,Af,2005,13271500.0,3.5885,6542867000.0,0.00202839,3144.7
Malawi,Af,2006,13650600.0,3.6864,6624538000.0,0.00206061,3140.7
Malawi,Af,2007,14029700.0,3.7843,6707018000.0,0.00209179,3137.0
Malawi,Af,2008,14408800.0,3.8822,6790025000.0,0.00212205,3133.5
Malawi,Af,2009,14787900.0,3.9801,6874725000.0,0.00215105,3130.2
Malawi,Af,2010,15167000.0,4.078,6959421000.0,0.00217935,3127.0
Malawi,Af,2011,15563300.0,4.161700000000001,7044266000.0,0.00220936,3109.9
Malawi,Af,2012,15959600.0,4.2454,7129609000.0,0.0022385,3093.7
Malawi,Af,2013,16355900.0,4.3291,7215047000.0,0.00226692,3078.2
Malawi,Af,2014,16752200.0,4.4128,7300248000.0,0.00229474,3063.5
Malawi,Af,2015,17148500.0,4.4965,7384880000.0,0.00232211,3049.5
Malawi,Af,2016,17544800.0,4.5802,7469068000.0,0.00234899,3036.1
Malawi,Af,2017,17941100.0,4.6639,7550393000.0,0.00237618,3023.3
Malawi,Af,2018,18337400.0,4.7476,7632955000.0,0.0024024,3011.0
Malawi,Af,2019,18733700.0,4.8313,7714577000.0,0.00242835,2999.3
Malawi,Af,2020,19130000.0,4.915,7795482000.0,0.00245399,2988.1
Malaysia,As,1820,287000.0,0.083,1047270000.0,0.00027405,3363.4
Malaysia,As,1821,293500.0,0.0849,1052728000.0,0.0002788,3364.2
Malaysia,As,1822,300000.0,0.0868,1058224000.0,0.00028349,3364.9
Malaysia,As,1823,306500.0,0.0887,1063824000.0,0.00028811,3365.7
Malaysia,As,1824,313000.0,0.0906,1069477000.0,0.00029267,3366.4
Malaysia,As,1825,319500.0,0.0925,1075142000.0,0.00029717,3367.1
Malaysia,As,1826,326000.0,0.0944,1080733000.0,0.00030165,3367.7
Malaysia,As,1827,332500.0,0.0963,1086318000.0,0.00030608,3368.3
Malaysia,As,1828,339000.0,0.0982,1091853000.0,0.00031048,3368.9
Malaysia,As,1829,345500.0,0.1001,1097270000.0,0.00031487,3369.5
Malaysia,As,1830,352000.0,0.102,1102518000.0,0.00031927,3370.1
Malaysia,As,1831,360000.0,0.1042999999999999,1108061000.0,0.00032489,3369.5
Malaysia,As,1832,368000.0,0.1066,1113520000.0,0.00033048,3368.9
Malaysia,As,1833,376000.0,0.1089,1119039000.0,0.000336,3368.4
Malaysia,As,1834,384000.0,0.1112,1124554000.0,0.00034147,3367.9
Malaysia,As,1835,392000.0,0.1134999999999999,1130361000.0,0.00034679,3367.4
Malaysia,As,1836,400000.0,0.1158,1136068000.0,0.00035209,3366.9
Malaysia,As,1837,408000.0,0.1181,1141817000.0,0.00035733,3366.4
Malaysia,As,1838,416000.0,0.1204,1147560000.0,0.00036251,3366.0
Malaysia,As,1839,424000.0,0.1227,1153428000.0,0.0003676,3365.6
Malaysia,As,1840,432000.0,0.125,1159310000.0,0.00037264,3365.2
Malaysia,As,1841,441800.0,0.1278,1165435000.0,0.00037909,3364.2
Malaysia,As,1842,451600.0,0.1306,1171545000.0,0.00038547,3363.3
Malaysia,As,1843,461400.0,0.1334,1177631000.0,0.0003918,3362.5
Malaysia,As,1844,471200.0,0.1362,1183818000.0,0.00039803,3361.6
Malaysia,As,1845,481000.0,0.139,1190091000.0,0.00040417,3360.9
Malaysia,As,1846,490800.0,0.1417999999999999,1196249000.0,0.00041028,3360.1
Malaysia,As,1847,500600.0,0.1446,1201397000.0,0.00041668,3359.4
Malaysia,As,1848,510400.0,0.1474,1205963000.0,0.00042323,3358.7
Malaysia,As,1849,520200.00000000006,0.1502,1211069000.0,0.00042954,3358.0
Malaysia,As,1850,530000.0,0.153,1216574000.0,0.00043565,3357.3
Malaysia,As,1851,542100.0,0.1565,1218975000.0,0.00044472,3357.5
Malaysia,As,1852,554200.0,0.16,1221557000.0,0.00045368,3357.6
Malaysia,As,1853,566300.0,0.1635,1224259000.0,0.00046257,3357.8
Malaysia,As,1854,578400.0,0.167,1226726000.0,0.0004715,3357.9
Malaysia,As,1855,590500.0,0.1704999999999999,1228814000.0,0.00048054,3358.0
Malaysia,As,1856,602600.0,0.174,1231565000.0,0.0004893,3358.1
Malaysia,As,1857,614700.0,0.1775,1234524000.0,0.00049792,3358.3
Malaysia,As,1858,626800.0,0.181,1237487000.0,0.00050651,3358.4
Malaysia,As,1859,638900.0,0.1845,1240642000.0,0.00051498,3358.5
Malaysia,As,1860,651000.0,0.188,1243735000.0,0.00052342,3358.6
Malaysia,As,1861,665900.0,0.1921,1247652000.0,0.00053372,3355.0
Malaysia,As,1862,680800.0,0.1962,1250707000.0,0.00054433,3351.7
Malaysia,As,1863,695700.0,0.2003,1254013000.0,0.00055478,3348.4
Malaysia,As,1864,710600.0,0.2044,1257290000.0,0.00056518,3345.3
Malaysia,As,1865,725500.0,0.2085,1260601000.0,0.00057552,3342.3
Malaysia,As,1866,740400.0,0.2126,1263629000.0,0.00058593,3339.5
Malaysia,As,1867,755300.0,0.2167,1266809000.0,0.00059622,3336.7
Malaysia,As,1868,770200.0,0.2208,1269858000.0,0.00060652,3334.1
Malaysia,As,1869,785100.0,0.2249,1271405000.0,0.00061751,3331.5
Malaysia,As,1870,800000.0,0.229,1274661000.0,0.00062762,3329.1
Malaysia,As,1871,832600.0,0.2386,1282387000.0,0.00064926,3332.8
Malaysia,As,1872,865200.0,0.2482,1290858000.0,0.00067025,3336.3
Malaysia,As,1873,897800.0,0.2578,1299848000.0,0.0006907,3339.5
Malaysia,As,1874,930400.0,0.2674,1309013000.0,0.00071076,3342.5
Malaysia,As,1875,963000.0,0.277,1318339000.0,0.00073046,3345.3
Malaysia,As,1876,995600.0,0.2866,1327814000.0,0.0007498,3347.9
Malaysia,As,1877,1028200.0,0.2962,1337399000.0,0.00076881,3350.3
Malaysia,As,1878,1060800.0,0.3058,1347055000.0,0.0007875,3352.6
Malaysia,As,1879,1093400.0,0.3154,1356760000.0,0.00080589,3354.8
Malaysia,As,1880,1126000.0,0.325,1366310000.0,0.00082412,3356.8
Malaysia,As,1881,1171900.0,0.3387,1376041000.0,0.00085165,3361.3
Malaysia,As,1882,1217800.0,0.3524,1385750000.0,0.0008788,3365.4
Malaysia,As,1883,1263700.0,0.3661,1395507000.0,0.00090555,3369.3
Malaysia,As,1884,1309600.0,0.3798,1405536000.0,0.00093174,3372.8
Malaysia,As,1885,1355500.0,0.3935,1415514000.0,0.0009576,3376.2
Malaysia,As,1886,1401400.0,0.4072,1425627000.0,0.00098301,3379.3
Malaysia,As,1887,1447300.0,0.4209,1435759000.0,0.00100804,3382.2
Malaysia,As,1888,1493200.0,0.4346,1445944000.0,0.00103268,3384.9
Malaysia,As,1889,1539100.0,0.4483,1456277000.0,0.00105687,3387.5
Malaysia,As,1890,1585000.0,0.462,1466582000.0,0.00108074,3389.9
Malaysia,As,1891,1649700.0,0.4839,1477705000.0,0.00111639,3411.4
Malaysia,As,1892,1714400.0,0.5058,1488973000.0,0.0011514,3431.2
Malaysia,As,1893,1779100.0,0.5277000000000001,1500286000.0,0.00118584,3449.6
Malaysia,As,1894,1843800.0,0.5496000000000001,1511963000.0,0.00121947,3466.7
Malaysia,As,1895,1908500.0,0.5715,1523676000.0,0.00125256,3482.6
Malaysia,As,1896,1973200.0,0.5934,1535655000.0,0.00128492,3497.5
Malaysia,As,1897,2037900.0,0.6153000000000001,1547830000.0,0.00131662,3511.4
Malaysia,As,1898,2102600.0,0.6372,1560243000.0,0.00134761,3524.5
Malaysia,As,1899,2167300.0,0.6591,1572611000.0,0.00137815,3536.8
Malaysia,As,1900,2232000.0,0.681,1584867000.0,0.00140832,3548.4
Malaysia,As,1901,2298100.0,0.7076,1600044000.0,0.00143627,3581.0
Malaysia,As,1902,2364200.0,0.7342000000000001,1615427000.0,0.00146351,3611.7
Malaysia,As,1903,2430300.0,0.7608,1630965000.0,0.0014901,3640.7
Malaysia,As,1904,2496400.0,0.7874,1646581000.0,0.00151611,3668.3
Malaysia,As,1905,2562500.0,0.8140000000000001,1662453000.0,0.0015414,3694.4
Malaysia,As,1906,2628600.0,0.8406,1678596000.0,0.00156595,3719.2
Malaysia,As,1907,2694700.0,0.8672,1695030000.0,0.00158977,3742.7
Malaysia,As,1908,2760800.0,0.8937999999999999,1711586000.0,0.00161301,3765.2
Malaysia,As,1909,2826900.0,0.9204,1728501000.0,0.00163546,3786.6
Malaysia,As,1910,2893000.0,0.947,1745736000.0,0.00165718,3807.0
Malaysia,As,1911,2958200.0,0.9884,1762399000.0,0.00167851,3885.8
Malaysia,As,1912,3023400.0,1.0298,1779061000.0,0.00169944,3961.3
Malaysia,As,1913,3088600.0,1.0712,1796080000.0,0.00171963,4033.6
Malaysia,As,1914,3153800.0,1.1126,1808262000.0,0.00174411,4102.8
Malaysia,As,1915,3219000.0,1.154,1818401000.0,0.00177024,4169.3
Malaysia,As,1916,3284200.0,1.1954,1828586000.0,0.00179603,4233.1
Malaysia,As,1917,3349400.0,1.2368,1839381000.0,0.00182094,4294.5
Malaysia,As,1918,3414600.0,1.2782,1849942000.0,0.00184579,4353.5
Malaysia,As,1919,3479800.0,1.3196,1862569000.0,0.00186828,4410.3
Malaysia,As,1920,3545000.0,1.361,1875297000.0,0.00189037,4465.0
Malaysia,As,1921,3631800.0,1.4366,1886887000.0,0.00192476,4600.4
Malaysia,As,1922,3718600.0,1.5122,1903926000.0,0.00195312,4729.4
Malaysia,As,1923,3805400.0,1.5878,1924127000.0,0.00197773,4852.6
Malaysia,As,1924,3892200.0,1.6634,1946371000.0,0.00199972,4970.3
Malaysia,As,1925,3979000.0,1.739,1968879000.0,0.00202095,5082.8
Malaysia,As,1926,4065800.0,1.8146,1991829000.0,0.00204124,5190.6
Malaysia,As,1927,4152600.0000000005,1.8902,2014443000.0,0.00206141,5293.8
Malaysia,As,1928,4239400.0,1.9658,2036576000.0,0.00208163,5392.8
Malaysia,As,1929,4326200.0,2.0414,2059103000.0,0.00210101,5487.8
Malaysia,As,1930,4413000.0,2.117,2080211000.0,0.00212142,5579.1
Malaysia,As,1931,4515100.0,2.1376,2101812000.0,0.00214819,5506.0
Malaysia,As,1932,4617200.0,2.1582,2121508000.0,0.00217638,5436.2
Malaysia,As,1933,4719300.0,2.1788,2140973000.0,0.00220428,5369.3
Malaysia,As,1934,4821400.0,2.1994,2161152000.0,0.00223094,5305.3
Malaysia,As,1935,4923500.0,2.22,2181702000.0,0.00225672,5244.0
Malaysia,As,1936,5025600.0,2.2406,2203365000.0,0.00228087,5185.1
Malaysia,As,1937,5127700.0,2.2612,2226159000.0,0.00230338,5128.6
Malaysia,As,1938,5229800.0,2.2818,2250491000.0,0.00232385,5074.3
Malaysia,As,1939,5331900.0,2.3024,2275307000.0,0.00234338,5022.0
Malaysia,As,1940,5434000.0,2.323,2296743000.0,0.00236596,4971.8
Malaysia,As,1941,5534000.0,2.4002,2313071000.0,0.00239249,5044.1
Malaysia,As,1942,5634000.0,2.4774,2331578000.0,0.00241639,5114.0
Malaysia,As,1943,5734000.0,2.5546,2350140000.0,0.00243985,5181.4
Malaysia,As,1944,5834000.0,2.6318,2368872000.0,0.00246278,5246.5
Malaysia,As,1945,5934000.0,2.709,2394093000.0,0.0024786,5309.3
Malaysia,As,1946,6034000.0,2.7862,2419526000.0,0.00249388,5370.2
Malaysia,As,1947,6134000.0,2.8634,2446628000.0,0.00250712,5429.0
Malaysia,As,1948,6234000.0,2.9406,2473860000.0,0.00251995,5485.9
Malaysia,As,1949,6334000.0,3.0178000000000003,2501856000.0,0.00253172,5541.1
Malaysia,As,1950,6434000.0,3.095,2529794000.0,0.00254329,5594.5
Malaysia,As,1951,6633400.0,3.2300000000000004,2577776000.0,0.0025733,5663.0
Malaysia,As,1952,6832800.0,3.365,2624866000.0,0.0026031,5727.5
Malaysia,As,1953,7032200.0,3.5,2671465000.0,0.00263234,5788.4
Malaysia,As,1954,7231600.0,3.635,2718563000.0,0.00266008,5845.9
Malaysia,As,1955,7431000.0,3.770000000000001,2766430000.0,0.00268613,5900.3
Malaysia,As,1956,7630400.0,3.905,2815461000.0,0.00271018,5951.9
Malaysia,As,1957,7829800.0,4.04,2866148000.0,0.00273182,6000.8
Malaysia,As,1958,8029200.0,4.175000000000001,2918168000.0,0.00275145,6047.3
Malaysia,As,1959,8228600.0,4.3100000000000005,2971839000.0,0.00276886,6091.6
Malaysia,As,1960,8428000.0,4.445,3027112000.0,0.00278417,6133.8
Malaysia,As,1961,8676200.0,4.6665,3084358000.0,0.00281297,6255.2
Malaysia,As,1962,8924400.0,4.888,3143380000.0,0.00283911,6369.9
Malaysia,As,1963,9172600.0,5.109500000000001,3204489000.0,0.00286242,6478.4
Malaysia,As,1964,9420800.0,5.331,3268074000.0,0.00288268,6581.1
Malaysia,As,1965,9669000.0,5.5525,3334092000.0,0.00290004,6678.6
Malaysia,As,1966,9917200.0,5.774,3402738000.0,0.00291448,6771.2
Malaysia,As,1967,10165400.0,5.9955,3473827000.0,0.00292628,6859.3
Malaysia,As,1968,10413600.0,6.2170000000000005,3546719000.0,0.00293612,6943.2
Malaysia,As,1969,10661800.0,6.4385,3620809000.0,0.00294459,7023.2
Malaysia,As,1970,10910000.0,6.66,3695944000.0,0.00295188,7099.5
Malaysia,As,1971,11195400.0,7.4613,3771809000.0,0.00296818,7750.9
Malaysia,As,1972,11480800.0,8.2626,3847786000.0,0.00298374,8370.0
Malaysia,As,1973,11766200.0,9.0639,3923766000.0,0.0029987,8959.0
Malaysia,As,1974,12051600.0,9.8652,3999654000.0,0.00301316,9520.1
Malaysia,As,1975,12337000.0,10.6665,4075437000.0,0.00302716,10055.2
Malaysia,As,1976,12622400.0,11.4678,4150660000.0,0.00304106,10566.2
Malaysia,As,1977,12907800.0,12.2691,4225672000.0,0.00305461,11054.5
Malaysia,As,1978,13193200.0,13.0704,4301501000.0,0.00306712,11521.7
Malaysia,As,1979,13478600.0,13.8717,4378004000.0,0.00307871,11969.2
Malaysia,As,1980,13764000.0,14.673,4456394000.0,0.0030886,12398.1
Malaysia,As,1981,14191400.0,15.8407,4535942000.0,0.00312866,12981.6
Malaysia,As,1982,14618800.0,17.0084,4616948000.0,0.00316633,13531.0
Malaysia,As,1983,15046200.0,18.1761,4699604000.0,0.00320159,14049.3
Malaysia,As,1984,15473600.0,19.3438,4784334000.0,0.00323422,14538.9
Malaysia,As,1985,15901000.0,20.5115,4871434000.0,0.00326413,15002.1
Malaysia,As,1986,16328400.0,21.6792,4961120000.0,0.00329127,15441.1
Malaysia,As,1987,16755800.0,22.8469,5052960000.0,0.00331604,15857.8
Malaysia,As,1988,17183200.0,24.0146,5145733000.0,0.00333931,16253.7
Malaysia,As,1989,17610600.0,25.1823,5237968000.0,0.00336211,16630.3
Malaysia,As,1990,18038000.0,26.35,5328602000.0,0.00338513,16989.2
Malaysia,As,1991,18552800.0,29.3614,5417317000.0,0.00342472,18405.5
Malaysia,As,1992,19067600.0,32.3728,5503880000.0,0.00346439,19745.3
Malaysia,As,1993,19582400.0,35.3842,5588359000.0,0.00350414,21014.7
Malaysia,As,1994,20097200.0,38.3956,5671048000.0,0.00354382,22219.1
Malaysia,As,1995,20612000.0,41.407,5752408000.0,0.0035832,23363.3
Malaysia,As,1996,21126800.0,44.4184,5832484000.0,0.00362226,24451.7
Malaysia,As,1997,21641600.0,47.4298,5911415000.0,0.00366098,25488.3
Malaysia,As,1998,22156400.0,50.4412,5989470000.0,0.00369923,26476.8
Malaysia,As,1999,22671200.0,53.4526,6067325000.0,0.00373661,27420.4
Malaysia,As,2000,23186000.0,56.464,6145394000.0,0.00377291,28322.1
Malaysia,As,2001,23678600.0,59.258,6223661000.0,0.00380461,29105.2
Malaysia,As,2002,24171200.0,62.052,6302453000.0,0.00383521,29856.4
Malaysia,As,2003,24663800.0,64.846,6381858000.0,0.00386467,30577.6
Malaysia,As,2004,25156400.0,67.64,6461988000.0,0.00389298,31270.5
Malaysia,As,2005,25649000.0,70.434,6542867000.0,0.00392015,31936.8
Malaysia,As,2006,26141600.0,73.228,6624538000.0,0.00394618,32578.0
Malaysia,As,2007,26634200.0,76.02199999999999,6707018000.0,0.00397109,33195.5
Malaysia,As,2008,27126800.0,78.816,6790025000.0,0.0039951,33790.6
Malaysia,As,2009,27619400.0,81.61,6874725000.0,0.00401753,34364.4
Malaysia,As,2010,28112000.0,84.404,6959421000.0,0.00403942,34918.1
Malaysia,As,2011,28537400.0,86.163,7044266000.0,0.00405115,35114.5
Malaysia,As,2012,28962800.0,87.922,7129609000.0,0.00406233,35305.0
Malaysia,As,2013,29388200.0,89.681,7215047000.0,0.00407318,35490.1
Malaysia,As,2014,29813600.0,91.44,7300248000.0,0.00408392,35669.9
Malaysia,As,2015,30239000.0,93.199,7384880000.0,0.00409472,35844.6
Malaysia,As,2016,30664400.0,94.958,7469068000.0,0.00410552,36014.5
Malaysia,As,2017,31089800.0,96.717,7550393000.0,0.00411764,36179.7
Malaysia,As,2018,31515200.0,98.476,7632955000.0,0.00412883,36340.4
Malaysia,As,2019,31940600.0,100.235,7714577000.0,0.00414029,36496.9
Malaysia,As,2020,32366000.0,101.994,7795482000.0,0.00415189,36649.3
Mexico,LA,1820,6587000.0,2.495,1047270000.0,0.00628969,4405.2
Mexico,LA,1821,6621000.0,2.5079,1052728000.0,0.00628937,4405.2
Mexico,LA,1822,6655000.0,2.5208,1058224000.0,0.00628884,4405.2
Mexico,LA,1823,6689000.0,2.5337,1063824000.0,0.00628769,4405.3
Mexico,LA,1824,6723000.0,2.5466,1069477000.0,0.00628625,4405.3
Mexico,LA,1825,6757000.0,2.5595,1075142000.0,0.00628475,4405.4
Mexico,LA,1826,6791000.0,2.5724,1080733000.0,0.0062837,4405.4
Mexico,LA,1827,6825000.0,2.5853,1086318000.0,0.00628269,4405.4
Mexico,LA,1828,6859000.0,2.5982000000000003,1091853000.0,0.00628198,4405.5
Mexico,LA,1829,6893000.0,2.6111,1097270000.0,0.00628195,4405.5
Mexico,LA,1830,6927000.0,2.624,1102518000.0,0.00628289,4405.5
Mexico,LA,1831,6962800.0,2.6399,1108061000.0,0.00628377,4409.4
Mexico,LA,1832,6998600.0,2.6558,1113520000.0,0.00628511,4413.3
Mexico,LA,1833,7034400.0,2.6717,1119039000.0,0.00628611,4417.1
Mexico,LA,1834,7070200.0,2.6876,1124554000.0,0.00628711,4420.9
Mexico,LA,1835,7106000.0,2.7035,1130361000.0,0.00628649,4424.7
Mexico,LA,1836,7141800.0,2.7194,1136068000.0,0.00628642,4428.4
Mexico,LA,1837,7177600.0,2.7353,1141817000.0,0.00628612,4432.1
Mexico,LA,1838,7213400.0,2.7512,1147560000.0,0.00628586,4435.7
Mexico,LA,1839,7249200.0,2.7671,1153428000.0,0.00628492,4439.3
Mexico,LA,1840,7285000.0,2.783,1159310000.0,0.00628391,4442.9
Mexico,LA,1841,7322700.0,2.8043,1165435000.0,0.00628323,4453.8
Mexico,LA,1842,7360400.0,2.8256,1171545000.0,0.00628264,4464.7
Mexico,LA,1843,7398100.0,2.8469,1177631000.0,0.00628219,4475.4
Mexico,LA,1844,7435800.0,2.8682,1183818000.0,0.0062812,4486.0
Mexico,LA,1845,7473500.0,2.8895,1190091000.0,0.00627977,4496.5
Mexico,LA,1846,7511200.0,2.9108,1196249000.0,0.00627896,4507.0
Mexico,LA,1847,7548900.0,2.9321,1201397000.0,0.00628344,4517.3
Mexico,LA,1848,7586600.0,2.9534,1205963000.0,0.00629091,4527.5
Mexico,LA,1849,7624300.0,2.9747,1211069000.0,0.00629551,4537.6
Mexico,LA,1850,7662000.0,2.996,1216574000.0,0.00629801,4547.6
Mexico,LA,1851,7736200.0,3.0407,1218975000.0,0.00634648,4571.2
Mexico,LA,1852,7810400.0,3.0854,1221557000.0,0.00639381,4594.3
Mexico,LA,1853,7884600.0,3.1301,1224259000.0,0.0064403,4617.0
Mexico,LA,1854,7958800.0,3.1748,1226726000.0,0.00648784,4639.3
Mexico,LA,1855,8033000.0,3.2195,1228814000.0,0.0065372,4661.1
Mexico,LA,1856,8107200.0,3.2642,1231565000.0,0.00658284,4682.6
Mexico,LA,1857,8181400.0,3.3089,1234524000.0,0.00662717,4703.7
Mexico,LA,1858,8255600.0,3.3536,1237487000.0,0.00667126,4724.4
Mexico,LA,1859,8329799.999999999,3.3983,1240642000.0,0.0067141,4744.7
Mexico,LA,1860,8404000.0,3.443,1243735000.0,0.00675707,4764.6
Mexico,LA,1861,8485500.0,3.4225,1247652000.0,0.00680118,4690.8
Mexico,LA,1862,8567000.0,3.402,1250707000.0,0.00684973,4618.3
Mexico,LA,1863,8648500.0,3.3815,1254013000.0,0.00689666,4547.2
Mexico,LA,1864,8730000.0,3.361,1257290000.0,0.00694351,4477.5
Mexico,LA,1865,8811500.0,3.3405,1260601000.0,0.00698992,4409.0
Mexico,LA,1866,8893000.0,3.32,1263629000.0,0.00703767,4341.8
Mexico,LA,1867,8974500.0,3.2995,1266809000.0,0.00708434,4275.8
Mexico,LA,1868,9056000.0,3.279,1269858000.0,0.00713151,4211.0
Mexico,LA,1869,9137500.0,3.2585,1271405000.0,0.00718693,4147.3
Mexico,LA,1870,9219000.0,3.238,1274661000.0,0.00723251,4084.8
Mexico,LA,1871,9372700.0,3.2655,1282387000.0,0.00730879,4052.0
Mexico,LA,1872,9526400.0,3.293,1290858000.0,0.0073799,4020.2
Mexico,LA,1873,9680100.0,3.3205,1299848000.0,0.0074471,3989.4
Mexico,LA,1874,9833800.0,3.348,1309013000.0,0.00751238,3959.5
Mexico,LA,1875,9987500.0,3.3755,1318339000.0,0.00757582,3930.6
Mexico,LA,1876,10141200.0,3.403,1327814000.0,0.00763752,3902.6
Mexico,LA,1877,10294900.0,3.4305,1337399000.0,0.0076977,3875.4
Mexico,LA,1878,10448600.0,3.458,1347055000.0,0.00775662,3849.0
Mexico,LA,1879,10602300.0,3.4855,1356760000.0,0.00781443,3823.4
Mexico,LA,1880,10756000.0,3.513,1366310000.0,0.0078723,3798.5
Mexico,LA,1881,10935200.0,3.5847,1376041000.0,0.00794686,3812.5
Mexico,LA,1882,11114400.0,3.6564,1385750000.0,0.00802049,3826.0
Mexico,LA,1883,11293600.0,3.7281,1395507000.0,0.00809283,3839.1
Mexico,LA,1884,11472800.0,3.7998,1405536000.0,0.00816258,3851.9
Mexico,LA,1885,11652000.0,3.8715,1415514000.0,0.00823164,3864.2
Mexico,LA,1886,11831200.0,3.9432,1425627000.0,0.00829894,3876.1
Mexico,LA,1887,12010400.0,4.0149,1435759000.0,0.00836519,3887.7
Mexico,LA,1888,12189600.0,4.086600000000001,1445944000.0,0.0084302,3899.0
Mexico,LA,1889,12368800.0,4.1583000000000006,1456277000.0,0.00849344,3909.9
Mexico,LA,1890,12548000.0,4.23,1466582000.0,0.00855595,3920.5
Mexico,LA,1891,12757200.0,4.4145,1477705000.0,0.00863312,4024.4
Mexico,LA,1892,12966400.0,4.599,1488973000.0,0.00870828,4125.0
Mexico,LA,1893,13175600.0,4.7835,1500286000.0,0.00878206,4222.4
Mexico,LA,1894,13384800.0,4.968,1511963000.0,0.0088526,4316.7
Mexico,LA,1895,13594000.0,5.1525,1523676000.0,0.00892184,4408.1
Mexico,LA,1896,13803200.0,5.337,1535655000.0,0.00898848,4496.7
Mexico,LA,1897,14012400.0,5.5215000000000005,1547830000.0,0.00905293,4582.7
Mexico,LA,1898,14221600.0,5.706,1560243000.0,0.00911499,4666.2
Mexico,LA,1899,14430800.0,5.8905,1572611000.0,0.00917633,4747.2
Mexico,LA,1900,14640000.0,6.075,1584867000.0,0.00923737,4826.0
Mexico,LA,1901,14806700.0,6.3707,1600044000.0,0.00925393,5003.9
Mexico,LA,1902,14973400.0,6.6664,1615427000.0,0.009269,5177.9
Mexico,LA,1903,15140100.0,6.9621,1630965000.0,0.00928291,5348.0
Mexico,LA,1904,15306800.0,7.2578,1646581000.0,0.00929611,5514.4
Mexico,LA,1905,15473500.0,7.5535,1662453000.0,0.00930763,5677.3
Mexico,LA,1906,15640200.0,7.8492,1678596000.0,0.00931743,5836.6
Mexico,LA,1907,15806900.0,8.1449,1695030000.0,0.00932544,5992.6
Mexico,LA,1908,15973600.0,8.4406,1711586000.0,0.00933263,6145.4
Mexico,LA,1909,16140300.0,8.7363,1728501000.0,0.00933774,6295.0
Mexico,LA,1910,16307000.0,9.032,1745736000.0,0.00934105,6441.5
Mexico,LA,1911,16198300.0,9.0409,1762399000.0,0.00919105,6491.2
Mexico,LA,1912,16089600.0,9.0498,1779061000.0,0.00904387,6541.4
Mexico,LA,1913,15980900.0,9.0587,1796080000.0,0.00889765,6592.4
Mexico,LA,1914,15872200.0,9.0676,1808262000.0,0.0087776,6644.1
Mexico,LA,1915,15763500.0,9.0765,1818401000.0,0.00866888,6696.5
Mexico,LA,1916,15654800.0,9.0854,1828586000.0,0.00856115,6749.6
Mexico,LA,1917,15546100.0,9.0943,1839381000.0,0.00845181,6803.4
Mexico,LA,1918,15437400.0,9.1032,1849942000.0,0.0083448,6858.0
Mexico,LA,1919,15328700.0,9.1121,1862569000.0,0.00822987,6913.4
Mexico,LA,1920,15220000.0,9.121,1875297000.0,0.00811605,6969.6
Mexico,LA,1921,15478200.0,9.2471,1886887000.0,0.00820303,6948.1
Mexico,LA,1922,15736400.0,9.3732,1903926000.0,0.00826524,6927.3
Mexico,LA,1923,15994600.0,9.4993,1924127000.0,0.00831265,6907.1
Mexico,LA,1924,16252800.0,9.6254,1946371000.0,0.00835031,6887.6
Mexico,LA,1925,16511000.0,9.7515,1968879000.0,0.00838599,6868.8
Mexico,LA,1926,16769200.0,9.8776,1991829000.0,0.008419,6850.4
Mexico,LA,1927,17027400.0,10.0037,2014443000.0,0.00845266,6832.7
Mexico,LA,1928,17285600.0,10.1298,2036576000.0,0.00848758,6815.5
Mexico,LA,1929,17543800.0,10.2559,2059103000.0,0.00852012,6798.8
Mexico,LA,1930,17802000.0,10.382,2080211000.0,0.00855779,6782.5
Mexico,LA,1931,18135500.0,10.841,2101812000.0,0.00862851,6952.2
Mexico,LA,1932,18469000.0,11.3,2121508000.0,0.0087056,7115.7
Mexico,LA,1933,18802500.0,11.759,2140973000.0,0.00878222,7273.4
Mexico,LA,1934,19136000.0,12.218,2161152000.0,0.00885454,7425.6
Mexico,LA,1935,19469500.0,12.677,2181702000.0,0.008924,7572.5
Mexico,LA,1936,19803000.0,13.136,2203365000.0,0.00898762,7714.6
Mexico,LA,1937,20136500.0,13.595,2226159000.0,0.0090454,7851.9
Mexico,LA,1938,20470000.0,14.053999999999998,2250491000.0,0.00909579,7984.8
Mexico,LA,1939,20803500.0,14.512999999999998,2275307000.0,0.00914316,8113.4
Mexico,LA,1940,21137000.0,14.972,2296743000.0,0.00920303,8237.9
Mexico,LA,1941,21797400.0,15.6476,2313071000.0,0.00942358,8348.8
Mexico,LA,1942,22457800.0,16.3232,2331578000.0,0.00963202,8453.1
Mexico,LA,1943,23118200.0,16.9988,2350140000.0,0.00983695,8551.5
Mexico,LA,1944,23778600.0,17.6744,2368872000.0,0.01003794,8644.5
Mexico,LA,1945,24439000.0,18.35,2394093000.0,0.01020804,8732.4
Mexico,LA,1946,25099400.0,19.0256,2419526000.0,0.01037368,8815.7
Mexico,LA,1947,25759800.0,19.7012,2446628000.0,0.0105287,8894.7
Mexico,LA,1948,26420200.0,20.376800000000003,2473860000.0,0.01067975,8969.7
Mexico,LA,1949,27080600.0,21.0524,2501856000.0,0.0108242,9041.1
Mexico,LA,1950,27741000.0,21.728,2529794000.0,0.01096571,9109.1
Mexico,LA,1951,28754600.0,22.7887,2577776000.0,0.01115481,9217.0
Mexico,LA,1952,29768200.0,23.849400000000003,2624866000.0,0.01134085,9317.6
Mexico,LA,1953,30781800.0,24.9101,2671465000.0,0.01152244,9411.6
Mexico,LA,1954,31795400.0,25.9708,2718563000.0,0.01169566,9499.5
Mexico,LA,1955,32809000.0,27.0315,2766430000.0,0.01185969,9582.0
Mexico,LA,1956,33822600.0,28.0922,2815461000.0,0.01201317,9659.6
Mexico,LA,1957,34836200.0,29.1529,2866148000.0,0.01215436,9732.6
Mexico,LA,1958,35849800.0,30.2136,2918168000.0,0.01228504,9801.6
Mexico,LA,1959,36863400.0,31.274300000000004,2971839000.0,0.01240424,9866.7
Mexico,LA,1960,37877000.0,32.335,3027112000.0,0.01251259,9928.3
Mexico,LA,1961,39292300.0,33.8292,3084358000.0,0.01273922,10013.0
Mexico,LA,1962,40707600.0,35.3234,3143380000.0,0.01295026,10091.8
Mexico,LA,1963,42122900.0,36.8176,3204489000.0,0.01314497,10165.2
Mexico,LA,1964,43538200.0,38.3118,3268074000.0,0.01332228,10233.9
Mexico,LA,1965,44953500.0,39.806,3334092000.0,0.01348298,10298.3
Mexico,LA,1966,46368800.0,41.3002,3402738000.0,0.01362691,10358.7
Mexico,LA,1967,47784100.0,42.7944,3473827000.0,0.01375546,10415.6
Mexico,LA,1968,49199400.0,44.2886,3546719000.0,0.01387181,10469.2
Mexico,LA,1969,50614700.0,45.7828,3620809000.0,0.01397884,10519.7
Mexico,LA,1970,52030000.0,47.277,3695944000.0,0.01407759,10567.6
Mexico,LA,1971,53763100.0,51.7527,3771809000.0,0.01425393,11195.1
Mexico,LA,1972,55496200.0,56.2284,3847786000.0,0.01442289,11783.4
Mexico,LA,1973,57229300.0,60.7041,3923766000.0,0.0145853,12336.1
Mexico,LA,1974,58962400.0,65.1798,3999654000.0,0.01474188,12856.3
Mexico,LA,1975,60695500.0,69.6555,4075437000.0,0.014893,13346.8
Mexico,LA,1976,62428600.0,74.1312,4150660000.0,0.01504064,13810.1
Mexico,LA,1977,64161700.0,78.60690000000001,4225672000.0,0.01518379,14248.3
Mexico,LA,1978,65894800.0,83.08260000000001,4301501000.0,0.01531902,14663.5
Mexico,LA,1979,67627900.0,87.5583,4378004000.0,0.0154472,15057.4
Mexico,LA,1980,69361000.0,92.034,4456394000.0,0.01556438,15431.7
Mexico,LA,1981,70960700.0,94.9662,4535942000.0,0.01564409,15564.3
Mexico,LA,1982,72560400.0,97.8984,4616948000.0,0.0157161,15691.2
Mexico,LA,1983,74160100.0,100.8306,4699604000.0,0.01578007,15812.5
Mexico,LA,1984,75759800.0,103.7628,4784334000.0,0.01583497,15928.8
Mexico,LA,1985,77359500.0,106.695,4871434000.0,0.01588023,16040.2
Mexico,LA,1986,78959200.0,109.6272,4961120000.0,0.0159156,16147.1
Mexico,LA,1987,80558900.0,112.5594,5052960000.0,0.01594291,16249.8
Mexico,LA,1988,82158600.0,115.4916,5145733000.0,0.01596636,16348.5
Mexico,LA,1989,83758300.0,118.4238,5237968000.0,0.01599061,16443.4
Mexico,LA,1990,85358000.0,121.356,5328602000.0,0.01601884,16534.7
Mexico,LA,1991,86994200.0,124.3665,5417317000.0,0.01605854,16626.2
Mexico,LA,1992,88630400.0,127.377,5503880000.0,0.01610326,16714.3
Mexico,LA,1993,90266600.0,130.3875,5588359000.0,0.01615261,16799.2
Mexico,LA,1994,91902800.0,133.398,5671048000.0,0.01620561,16881.1
Mexico,LA,1995,93539000.0,136.4085,5752408000.0,0.01626084,16960.1
Mexico,LA,1996,95175200.0,139.419,5832484000.0,0.01631812,17036.4
Mexico,LA,1997,96811400.0,142.42950000000002,5911415000.0,0.01637703,17110.1
Mexico,LA,1998,98447600.0,145.44,5989470000.0,0.01643678,17181.4
Mexico,LA,1999,100083800.0,148.4505,6067325000.0,0.01649554,17250.3
Mexico,LA,2000,101720000.0,151.461,6145394000.0,0.01655223,17317.1
Mexico,LA,2001,102957300.0,155.0804,6223661000.0,0.01654288,17517.8
Mexico,LA,2002,104194600.0,158.6998,6302453000.0,0.01653239,17713.8
Mexico,LA,2003,105431900.0,162.31920000000002,6381858000.0,0.01652057,17905.1
Mexico,LA,2004,106669200.0,165.9386,6461988000.0,0.01650718,18092.1
Mexico,LA,2005,107906500.0,169.558,6542867000.0,0.01649223,18274.7
Mexico,LA,2006,109143800.0,173.1774,6624538000.0,0.01647568,18453.2
Mexico,LA,2007,110381100.0,176.79680000000002,6707018000.0,0.01645755,18627.7
Mexico,LA,2008,111618400.0,180.4162,6790025000.0,0.01643858,18798.3
Mexico,LA,2009,112855700.0,184.0356,6874725000.0,0.01641603,18965.2
Mexico,LA,2010,114093000.0,187.655,6959421000.0,0.01639404,19128.5
Mexico,LA,2011,115577000.0,186.5773,7044266000.0,0.01640725,18774.4
Mexico,LA,2012,117061000.0,185.4996,7129609000.0,0.01641899,18429.4
Mexico,LA,2013,118545000.0,184.4219,7215047000.0,0.01643025,18092.9
Mexico,LA,2014,120029000.0,183.3442,7300248000.0,0.01644177,17764.8
Mexico,LA,2015,121513000.0,182.2665,7384880000.0,0.0164543,17444.7
Mexico,LA,2016,122997000.0,181.1888,7469068000.0,0.01646752,17132.3
Mexico,LA,2017,124481000.0,180.1111,7550393000.0,0.01648669,16827.4
Mexico,LA,2018,125965000.0,179.0334,7632955000.0,0.01650278,16529.7
Mexico,LA,2019,127449000.0,177.95569999999998,7714577000.0,0.01652054,16238.8
Mexico,LA,2020,128933000.0,176.878,7795482000.0,0.01653945,15954.7
Morocco,Af,1820,2689000.0,1.142,1047270000.0,0.00256763,4939.2
Morocco,Af,1821,2707900.0,1.1501,1052728000.0,0.00257227,4939.5
Morocco,Af,1822,2726800.0,1.1582,1058224000.0,0.00257677,4939.8
Morocco,Af,1823,2745700.0,1.1663,1063824000.0,0.00258097,4940.1
Morocco,Af,1824,2764600.0,1.1744,1069477000.0,0.002585,4940.4
Morocco,Af,1825,2783500.0,1.1825,1075142000.0,0.00258896,4940.7
Morocco,Af,1826,2802400.0,1.1906,1080733000.0,0.00259305,4941.0
Morocco,Af,1827,2821300.0,1.1987,1086318000.0,0.00259712,4941.3
Morocco,Af,1828,2840200.0,1.2068,1091853000.0,0.00260127,4941.6
Morocco,Af,1829,2859100.0,1.2149,1097270000.0,0.00260565,4941.9
Morocco,Af,1830,2878000.0,1.223,1102518000.0,0.00261039,4942.1
Morocco,Af,1831,2898200.0,1.2318,1108061000.0,0.00261556,4943.0
Morocco,Af,1832,2918400.0,1.2406,1113520000.0,0.00262088,4943.9
Morocco,Af,1833,2938600.0,1.2494,1119039000.0,0.002626,4944.7
Morocco,Af,1834,2958800.0,1.2582,1124554000.0,0.00263109,4945.5
Morocco,Af,1835,2979000.0,1.267,1130361000.0,0.00263544,4946.4
Morocco,Af,1836,2999200.0,1.2758,1136068000.0,0.00263998,4947.2
Morocco,Af,1837,3019400.0,1.2846,1141817000.0,0.00264438,4948.0
Morocco,Af,1838,3039600.0,1.2934,1147560000.0,0.00264875,4948.8
Morocco,Af,1839,3059800.0,1.3022,1153428000.0,0.00265279,4949.5
Morocco,Af,1840,3080000.0,1.311,1159310000.0,0.00265675,4950.3
Morocco,Af,1841,3101600.0,1.3203,1165435000.0,0.00266132,4950.7
Morocco,Af,1842,3123200.0,1.3296,1171545000.0,0.00266588,4951.1
Morocco,Af,1843,3144800.0,1.3389,1177631000.0,0.00267045,4951.5
Morocco,Af,1844,3166400.0,1.3481999999999998,1183818000.0,0.00267474,4951.9
Morocco,Af,1845,3188000.0,1.3575,1190091000.0,0.00267879,4952.2
Morocco,Af,1846,3209600.0,1.3668,1196249000.0,0.00268305,4952.6
Morocco,Af,1847,3231200.0,1.3761,1201397000.0,0.00268954,4953.0
Morocco,Af,1848,3252800.0,1.3854,1205963000.0,0.00269726,4953.3
Morocco,Af,1849,3274400.0,1.3946999999999998,1211069000.0,0.00270373,4953.7
Morocco,Af,1850,3296000.0,1.404,1216574000.0,0.00270925,4954.0
Morocco,Af,1851,3319200.0,1.4126,1218975000.0,0.00272294,4949.5
Morocco,Af,1852,3342400.0,1.4212,1221557000.0,0.00273618,4945.1
Morocco,Af,1853,3365600.0,1.4298,1224259000.0,0.00274909,4940.7
Morocco,Af,1854,3388800.0,1.4384,1226726000.0,0.00276248,4936.4
Morocco,Af,1855,3412000.0,1.447,1228814000.0,0.00277666,4932.2
Morocco,Af,1856,3435200.0,1.4556,1231565000.0,0.0027893,4928.0
Morocco,Af,1857,3458400.0,1.4642,1234524000.0,0.0028014,4923.9
Morocco,Af,1858,3481600.0,1.4728,1237487000.0,0.00281344,4919.8
Morocco,Af,1859,3504800.0,1.4814,1240642000.0,0.00282499,4915.7
Morocco,Af,1860,3528000.0,1.49,1243735000.0,0.00283662,4911.8
Morocco,Af,1861,3552800.0,1.4977,1247652000.0,0.00284759,4902.7
Morocco,Af,1862,3577600.0,1.5054,1250707000.0,0.00286046,4893.7
Morocco,Af,1863,3602400.0,1.5131,1254013000.0,0.0028727,4884.9
Morocco,Af,1864,3627200.0,1.5208,1257290000.0,0.00288494,4876.2
Morocco,Af,1865,3652000.0,1.5285,1260601000.0,0.00289703,4867.6
Morocco,Af,1866,3676800.0,1.5362,1263629000.0,0.00290971,4859.1
Morocco,Af,1867,3701600.0,1.5439,1266809000.0,0.00292199,4850.8
Morocco,Af,1868,3726400.0,1.5516,1269858000.0,0.0029345,4842.5
Morocco,Af,1869,3751200.0,1.5593,1271405000.0,0.00295044,4834.4
Morocco,Af,1870,3776000.0,1.567,1274661000.0,0.00296236,4826.3
Morocco,Af,1871,3803500.0,1.5808,1282387000.0,0.00296595,4833.6
Morocco,Af,1872,3831000.0,1.5946,1290858000.0,0.00296779,4840.8
Morocco,Af,1873,3858500.0,1.6084,1299848000.0,0.00296842,4847.9
Morocco,Af,1874,3886000.0,1.6222,1309013000.0,0.00296865,4854.9
Morocco,Af,1875,3913500.0,1.636,1318339000.0,0.00296851,4861.8
Morocco,Af,1876,3941000.0,1.6498,1327814000.0,0.00296804,4868.6
Morocco,Af,1877,3968500.0,1.6636,1337399000.0,0.00296733,4875.3
Morocco,Af,1878,3996000.0,1.6774,1347055000.0,0.00296647,4881.9
Morocco,Af,1879,4023500.0,1.6912,1356760000.0,0.00296552,4888.4
Morocco,Af,1880,4051000.0,1.705,1366310000.0,0.00296492,4894.9
Morocco,Af,1881,4080600.0,1.7172,1376041000.0,0.00296546,4894.1
Morocco,Af,1882,4110200.0,1.7294,1385750000.0,0.00296605,4893.4
Morocco,Af,1883,4139800.0,1.7416,1395507000.0,0.00296652,4892.7
Morocco,Af,1884,4169399.9999999995,1.7538,1405536000.0,0.00296641,4892.0
Morocco,Af,1885,4199000.0,1.766,1415514000.0,0.00296641,4891.3
Morocco,Af,1886,4228600.0,1.7782,1425627000.0,0.00296613,4890.6
Morocco,Af,1887,4258200.0,1.7904,1435759000.0,0.00296582,4889.9
Morocco,Af,1888,4287800.0,1.8026,1445944000.0,0.0029654,4889.3
Morocco,Af,1889,4317400.0,1.8148,1456277000.0,0.00296468,4888.6
Morocco,Af,1890,4347000.0,1.827,1466582000.0,0.00296403,4888.0
Morocco,Af,1891,4378700.0,1.8345,1477705000.0,0.00296318,4872.5
Morocco,Af,1892,4410400.0,1.842,1488973000.0,0.00296204,4857.3
Morocco,Af,1893,4442100.0,1.8495,1500286000.0,0.00296084,4842.2
Morocco,Af,1894,4473800.0,1.857,1511963000.0,0.00295893,4827.4
Morocco,Af,1895,4505500.0,1.8645,1523676000.0,0.00295699,4812.8
Morocco,Af,1896,4537200.0,1.872,1535655000.0,0.00295457,4798.4
Morocco,Af,1897,4568900.0,1.8795,1547830000.0,0.00295181,4784.2
Morocco,Af,1898,4600600.0,1.887,1560243000.0,0.00294864,4770.2
Morocco,Af,1899,4632300.0,1.8945,1572611000.0,0.00294561,4756.4
Morocco,Af,1900,4664000.0,1.902,1584867000.0,0.00294283,4742.8
Morocco,Af,1901,4698000.0,1.9182,1600044000.0,0.00293617,4748.5
Morocco,Af,1902,4732000.0,1.9344,1615427000.0,0.00292926,4754.2
Morocco,Af,1903,4766000.0,1.9506,1630965000.0,0.0029222,4759.9
Morocco,Af,1904,4800000.0,1.9668,1646581000.0,0.00291513,4765.4
Morocco,Af,1905,4834000.0,1.983,1662453000.0,0.00290775,4770.9
Morocco,Af,1906,4868000.0,1.9992,1678596000.0,0.00290004,4776.2
Morocco,Af,1907,4902000.0,2.0154,1695030000.0,0.00289198,4781.5
Morocco,Af,1908,4936000.0,2.0316,1711586000.0,0.00288387,4786.8
Morocco,Af,1909,4970000.0,2.0478,1728501000.0,0.00287532,4791.9
Morocco,Af,1910,5004000.0,2.064,1745736000.0,0.00286641,4797.0
Morocco,Af,1911,5076500.0,2.0883000000000003,1762399000.0,0.00288045,4784.2
Morocco,Af,1912,5149000.0,2.1126,1779061000.0,0.00289422,4771.7
Morocco,Af,1913,5221500.0,2.1369,1796080000.0,0.00290716,4759.6
Morocco,Af,1914,5294000.0,2.1612,1808262000.0,0.00292767,4747.8
Morocco,Af,1915,5366500.0,2.1855,1818401000.0,0.00295122,4736.3
Morocco,Af,1916,5439000.0,2.2098,1828586000.0,0.00297443,4725.1
Morocco,Af,1917,5511500.0,2.2341,1839381000.0,0.00299639,4714.2
Morocco,Af,1918,5584000.0,2.2584,1849942000.0,0.00301847,4703.7
Morocco,Af,1919,5656500.0,2.2827,1862569000.0,0.00303693,4693.3
Morocco,Af,1920,5729000.0,2.307,1875297000.0,0.00305498,4683.3
Morocco,Af,1921,5830400.0,2.3704,1886887000.0,0.00308996,4728.3
Morocco,Af,1922,5931800.0,2.4338,1903926000.0,0.00311556,4771.8
Morocco,Af,1923,6033200.0,2.4972,1924127000.0,0.00313555,4813.8
Morocco,Af,1924,6134600.0,2.5606,1946371000.0,0.00315181,4854.4
Morocco,Af,1925,6236000.0,2.624,1968879000.0,0.00316728,4893.7
Morocco,Af,1926,6337400.0,2.6874,1991829000.0,0.0031817,4931.7
Morocco,Af,1927,6438800.0,2.7508,2014443000.0,0.00319632,4968.6
Morocco,Af,1928,6540200.0,2.8142,2036576000.0,0.00321137,5004.3
Morocco,Af,1929,6641600.0,2.8776,2059103000.0,0.00322548,5038.9
Morocco,Af,1930,6743000.0,2.941,2080211000.0,0.0032415,5072.5
Morocco,Af,1931,6862500.0,2.9815,2101812000.0,0.00326504,5052.8
Morocco,Af,1932,6982000.0,3.022,2121508000.0,0.00329106,5033.8
Morocco,Af,1933,7101500.0,3.0625,2140973000.0,0.00331695,5015.4
Morocco,Af,1934,7221000.0,3.103,2161152000.0,0.00334127,4997.6
Morocco,Af,1935,7340500.0,3.1435,2181702000.0,0.00336457,4980.4
Morocco,Af,1936,7460000.0,3.184,2203365000.0,0.00338573,4963.8
Morocco,Af,1937,7579500.0,3.2245,2226159000.0,0.00340474,4947.7
Morocco,Af,1938,7699000.0,3.265,2250491000.0,0.00342103,4932.1
Morocco,Af,1939,7818500.0,3.3055,2275307000.0,0.00343624,4916.9
Morocco,Af,1940,7938000.0,3.346,2296743000.0,0.0034562,4902.2
Morocco,Af,1941,8078500.0,3.4478,2313071000.0,0.00349254,4963.5
Morocco,Af,1942,8219000.0,3.5496,2331578000.0,0.00352508,5022.7
Morocco,Af,1943,8359500.0,3.6514,2350140000.0,0.00355702,5079.9
Morocco,Af,1944,8500000.0,3.7532,2368872000.0,0.00358821,5135.3
Morocco,Af,1945,8640500.0,3.855,2394093000.0,0.00360909,5188.8
Morocco,Af,1946,8781000.0,3.9568,2419526000.0,0.00362922,5240.6
Morocco,Af,1947,8921500.0,4.0586,2446628000.0,0.00364645,5290.8
Morocco,Af,1948,9062000.0,4.1604,2473860000.0,0.0036631,5339.4
Morocco,Af,1949,9202500.0,4.2622,2501856000.0,0.00367827,5386.5
Morocco,Af,1950,9343000.0,4.364,2529794000.0,0.00369319,5432.2
Morocco,Af,1951,9651000.0,4.5006,2577776000.0,0.00374392,5423.5
Morocco,Af,1952,9959000.0,4.6372,2624866000.0,0.0037941,5415.3
Morocco,Af,1953,10267000.0,4.7738,2671465000.0,0.00384321,5407.5
Morocco,Af,1954,10575000.0,4.9104,2718563000.0,0.00388992,5400.3
Morocco,Af,1955,10883000.0,5.047000000000001,2766430000.0,0.00393395,5393.4
Morocco,Af,1956,11191000.0,5.1836,2815461000.0,0.00397484,5386.9
Morocco,Af,1957,11499000.0,5.3202,2866148000.0,0.004012,5380.8
Morocco,Af,1958,11807000.0,5.4568,2918168000.0,0.00404603,5375.0
Morocco,Af,1959,12115000.0,5.593400000000001,2971839000.0,0.0040766,5369.5
Morocco,Af,1960,12423000.0,5.73,3027112000.0,0.00410391,5364.2
Morocco,Af,1961,12771600.0,5.8765,3084358000.0,0.00414076,5351.2
Morocco,Af,1962,13120200.0,6.023000000000001,3143380000.0,0.00417391,5338.9
Morocco,Af,1963,13468800.0,6.1695,3204489000.0,0.0042031,5327.2
Morocco,Af,1964,13817400.0,6.316000000000001,3268074000.0,0.00422799,5316.1
Morocco,Af,1965,14166000.0,6.4625,3334092000.0,0.00424883,5305.6
Morocco,Af,1966,14514600.0,6.609,3402738000.0,0.00426556,5295.5
Morocco,Af,1967,14863200.0,6.7555000000000005,3473827000.0,0.00427862,5286.0
Morocco,Af,1968,15211800.0,6.902,3546719000.0,0.00428898,5276.8
Morocco,Af,1969,15560400.0,7.048500000000001,3620809000.0,0.00429749,5268.1
Morocco,Af,1970,15909000.0,7.195,3695944000.0,0.00430445,5259.8
Morocco,Af,1971,16266800.0,7.5054,3771809000.0,0.00431273,5366.0
Morocco,Af,1972,16624599.999999998,7.8158,3847786000.0,0.00432056,5467.7
Morocco,Af,1973,16982400.0,8.1262,3923766000.0,0.00432809,5565.0
Morocco,Af,1974,17340200.0,8.4366,3999654000.0,0.00433543,5658.4
Morocco,Af,1975,17698000.0,8.747,4075437000.0,0.0043426,5748.0
Morocco,Af,1976,18055800.0,9.0574,4150660000.0,0.0043501,5834.0
Morocco,Af,1977,18413600.0,9.3678,4225672000.0,0.00435756,5916.7
Morocco,Af,1978,18771400.0,9.6782,4301501000.0,0.00436392,5996.2
Morocco,Af,1979,19129200.0,9.9886,4378004000.0,0.00436939,6072.8
Morocco,Af,1980,19487000.0,10.299,4456394000.0,0.00437282,6146.5
Morocco,Af,1981,20006900.0,10.6147,4535942000.0,0.00441075,6170.3
Morocco,Af,1982,20526800.0,10.9304,4616948000.0,0.00444597,6192.9
Morocco,Af,1983,21046700.0,11.2461,4699604000.0,0.0044784,6214.4
Morocco,Af,1984,21566600.0,11.5618,4784334000.0,0.00450775,6234.8
Morocco,Af,1985,22086500.0,11.8775,4871434000.0,0.00453388,6254.3
Morocco,Af,1986,22606400.0,12.1932,4961120000.0,0.00455671,6272.9
Morocco,Af,1987,23126300.0,12.5089,5052960000.0,0.00457678,6290.6
Morocco,Af,1988,23646200.0,12.8246,5145733000.0,0.0045953,6307.6
Morocco,Af,1989,24166100.0,13.1403,5237968000.0,0.00461364,6323.8
Morocco,Af,1990,24686000.0,13.456,5328602000.0,0.00463273,6339.4
Morocco,Af,1991,25102400.0,13.8825,5417317000.0,0.00463373,6431.8
Morocco,Af,1992,25518800.0,14.309,5503880000.0,0.00463651,6521.2
Morocco,Af,1993,25935200.0,14.7355,5588359000.0,0.00464093,6607.8
Morocco,Af,1994,26351600.0,15.162,5671048000.0,0.00464669,6691.6
Morocco,Af,1995,26768000.0,15.5885,5752408000.0,0.00465336,6772.8
Morocco,Af,1996,27184400.0,16.015,5832484000.0,0.00466086,6851.5
Morocco,Af,1997,27600800.0,16.4415,5911415000.0,0.00466907,6927.9
Morocco,Af,1998,28017200.0,16.868,5989470000.0,0.00467774,7001.9
Morocco,Af,1999,28433600.0,17.2945,6067325000.0,0.00468635,7073.9
Morocco,Af,2000,28850000.0,17.721,6145394000.0,0.00469457,7143.7
Morocco,Af,2001,29206000.0,18.443,6223661000.0,0.00469274,7344.1
Morocco,Af,2002,29562000.0,19.165,6302453000.0,0.00469055,7539.7
Morocco,Af,2003,29918000.0,19.887,6381858000.0,0.00468798,7730.7
Morocco,Af,2004,30274000.0,20.609,6461988000.0,0.00468494,7917.1
Morocco,Af,2005,30630000.0,21.331,6542867000.0,0.00468143,8099.2
Morocco,Af,2006,30986000.0,22.053,6624538000.0,0.00467746,8277.2
Morocco,Af,2007,31342000.0,22.775,6707018000.0,0.00467302,8451.1
Morocco,Af,2008,31698000.0,23.497,6790025000.0,0.00466832,8621.1
Morocco,Af,2009,32054000.0,24.219,6874725000.0,0.00466259,8787.3
Morocco,Af,2010,32410000.0,24.941,6959421000.0,0.004657,8949.8
Morocco,Af,2011,32860100.0,25.5223,7044266000.0,0.0046648,9033.0
Morocco,Af,2012,33310199.999999996,26.1036,7129609000.0,0.00467209,9113.9
Morocco,Af,2013,33760300.0,26.6849,7215047000.0,0.00467915,9192.6
Morocco,Af,2014,34210400.0,27.2662,7300248000.0,0.0046862,9269.3
Morocco,Af,2015,34660500.0,27.8475,7384880000.0,0.00469344,9344.0
Morocco,Af,2016,35110600.0,28.428800000000003,7469068000.0,0.0047008,9416.7
Morocco,Af,2017,35560700.0,29.0101,7550393000.0,0.00470978,9487.6
Morocco,Af,2018,36010800.0,29.5914,7632955000.0,0.00471781,9556.8
Morocco,Af,2019,36460900.0,30.172700000000003,7714577000.0,0.00472623,9624.2
Morocco,Af,2020,36911000.0,30.754,7795482000.0,0.00473492,9690.0
N. Zealand,O,1820,100000.0,0.07,1047270000.0,9.549e-05,8141.0
N. Zealand,O,1821,100000.0,0.0702,1052728000.0,9.499e-05,8164.3
N. Zealand,O,1822,100000.0,0.0704,1058224000.0,9.45e-05,8187.5
N. Zealand,O,1823,100000.0,0.0706,1063824000.0,9.4e-05,8210.8
N. Zealand,O,1824,100000.0,0.0708,1069477000.0,9.35e-05,8234.0
N. Zealand,O,1825,100000.0,0.071,1075142000.0,9.301e-05,8257.3
N. Zealand,O,1826,100000.0,0.0712,1080733000.0,9.253e-05,8280.6
N. Zealand,O,1827,100000.0,0.0713999999999999,1086318000.0,9.205e-05,8303.8
N. Zealand,O,1828,100000.0,0.0716,1091853000.0,9.159e-05,8327.1
N. Zealand,O,1829,100000.0,0.0718,1097270000.0,9.114e-05,8350.3
N. Zealand,O,1830,100000.0,0.072,1102518000.0,9.07e-05,8373.6
N. Zealand,O,1831,97000.0,0.0703,1108061000.0,8.754e-05,8428.8
N. Zealand,O,1832,94000.0,0.0686,1113520000.0,8.442e-05,8487.4
N. Zealand,O,1833,91000.0,0.0669,1119039000.0,8.132e-05,8550.0
N. Zealand,O,1834,88000.0,0.0652,1124554000.0,7.825e-05,8616.8
N. Zealand,O,1835,85000.0,0.0635,1130361000.0,7.52e-05,8688.3
N. Zealand,O,1836,82000.0,0.0617999999999999,1136068000.0,7.218e-05,8765.0
N. Zealand,O,1837,79000.0,0.0601,1141817000.0,6.919e-05,8847.6
N. Zealand,O,1838,76000.0,0.0584,1147560000.0,6.623e-05,8936.7
N. Zealand,O,1839,73000.0,0.0567,1153428000.0,6.329e-05,9033.2
N. Zealand,O,1840,70000.0,0.055,1159310000.0,6.038e-05,9137.9
N. Zealand,O,1841,73500.0,0.0589,1165435000.0,6.307e-05,9319.8
N. Zealand,O,1842,77000.0,0.0628,1171545000.0,6.573e-05,9485.2
N. Zealand,O,1843,80500.0,0.0667,1177631000.0,6.836e-05,9636.3
N. Zealand,O,1844,84000.0,0.0706,1183818000.0,7.096e-05,9774.7
N. Zealand,O,1845,87500.0,0.0745,1190091000.0,7.352e-05,9902.1
N. Zealand,O,1846,91000.0,0.0784,1196249000.0,7.607e-05,10019.7
N. Zealand,O,1847,94500.0,0.0823,1201397000.0,7.866e-05,10128.6
N. Zealand,O,1848,98000.0,0.0862,1205963000.0,8.126e-05,10229.7
N. Zealand,O,1849,101500.0,0.0901,1211069000.0,8.381e-05,10323.8
N. Zealand,O,1850,105000.0,0.094,1216574000.0,8.631e-05,10411.6
N. Zealand,O,1851,107700.0,0.1015,1218975000.0,8.835e-05,10960.5
N. Zealand,O,1852,110400.0,0.109,1221557000.0,9.038e-05,11482.5
N. Zealand,O,1853,113100.0,0.1165,1224259000.0,9.238e-05,11979.6
N. Zealand,O,1854,115800.0,0.124,1226726000.0,9.44e-05,12453.5
N. Zealand,O,1855,118500.0,0.1315,1228814000.0,9.643e-05,12905.9
N. Zealand,O,1856,121200.0,0.139,1231565000.0,9.841e-05,13338.0
N. Zealand,O,1857,123900.0,0.1465,1234524000.0,0.00010036,13751.4
N. Zealand,O,1858,126600.0,0.154,1237487000.0,0.0001023,14147.1
N. Zealand,O,1859,129300.00000000001,0.1615,1240642000.0,0.00010422,14526.3
N. Zealand,O,1860,132000.0,0.169,1243735000.0,0.00010613,14889.9
N. Zealand,O,1861,147900.0,0.1939,1247652000.0,0.00011854,15247.2
N. Zealand,O,1862,163800.0,0.2188,1250707000.0,0.00013097,15535.1
N. Zealand,O,1863,179700.0,0.2437,1254013000.0,0.0001433,15772.0
N. Zealand,O,1864,195600.0,0.2686,1257290000.0,0.00015557,15970.4
N. Zealand,O,1865,211500.0,0.2935,1260601000.0,0.00016778,16139.0
N. Zealand,O,1866,227400.0,0.3184,1263629000.0,0.00017996,16284.0
N. Zealand,O,1867,243300.0,0.3433,1266809000.0,0.00019206,16410.1
N. Zealand,O,1868,259200.0,0.3681999999999999,1269858000.0,0.00020412,16520.7
N. Zealand,O,1869,275100.0,0.3931,1271405000.0,0.00021637,16618.5
N. Zealand,O,1870,291000.0,0.418,1274661000.0,0.0002283,16705.6
N. Zealand,O,1871,313900.0,0.4845,1282387000.0,0.00024478,17950.7
N. Zealand,O,1872,336800.0,0.5509999999999999,1290858000.0,0.00026091,19026.5
N. Zealand,O,1873,359700.0,0.6174999999999999,1299848000.0,0.00027672,19965.3
N. Zealand,O,1874,382600.0,0.6839999999999999,1309013000.0,0.00029228,20791.7
N. Zealand,O,1875,405500.0,0.7505,1318339000.0,0.00030758,21524.8
N. Zealand,O,1876,428400.0,0.817,1327814000.0,0.00032264,22179.5
N. Zealand,O,1877,451300.0,0.8835,1337399000.0,0.00033745,22767.8
N. Zealand,O,1878,474200.0,0.95,1347055000.0,0.00035203,23299.2
N. Zealand,O,1879,497100.0,1.0165,1356760000.0,0.00036639,23781.7
N. Zealand,O,1880,520000.0,1.083,1366310000.0,0.00038059,24221.7
N. Zealand,O,1881,534500.0,1.1341,1376041000.0,0.00038843,24676.5
N. Zealand,O,1882,549000.0,1.1852,1385750000.0,0.00039618,25107.2
N. Zealand,O,1883,563500.0,1.2363,1395507000.0,0.0004038,25515.8
N. Zealand,O,1884,578000.0,1.2874,1405536000.0,0.00041123,25903.9
N. Zealand,O,1885,592500.0,1.3385,1415514000.0,0.00041858,26273.0
N. Zealand,O,1886,607000.0,1.3896000000000002,1425627000.0,0.00042578,26624.5
N. Zealand,O,1887,621500.0,1.4407,1435759000.0,0.00043287,26959.5
N. Zealand,O,1888,636000.0,1.4918,1445944000.0,0.00043985,27279.3
N. Zealand,O,1889,650500.0,1.5429000000000002,1456277000.0,0.00044669,27584.8
N. Zealand,O,1890,665000.0,1.594,1466582000.0,0.00045344,27877.0
N. Zealand,O,1891,679200.0,1.6478000000000002,1477705000.0,0.00045963,28215.4
N. Zealand,O,1892,693400.0,1.7016,1488973000.0,0.00046569,28540.0
N. Zealand,O,1893,707600.0,1.7554,1500286000.0,0.00047164,28851.5
N. Zealand,O,1894,721800.0,1.8092,1511963000.0,0.00047739,29150.7
N. Zealand,O,1895,736000.0,1.863,1523676000.0,0.00048304,29438.4
N. Zealand,O,1896,750200.0,1.9168,1535655000.0,0.00048852,29715.3
N. Zealand,O,1897,764400.0,1.9706,1547830000.0,0.00049385,29981.8
N. Zealand,O,1898,778600.0,2.0244,1560243000.0,0.00049902,30238.6
N. Zealand,O,1899,792800.0,2.0782000000000003,1572611000.0,0.00050413,30486.2
N. Zealand,O,1900,807000.0,2.132,1584867000.0,0.00050919,30725.1
N. Zealand,O,1901,830800.0,2.2455000000000003,1600044000.0,0.00051924,31433.8
N. Zealand,O,1902,854600.0,2.359,1615427000.0,0.00052902,32102.9
N. Zealand,O,1903,878400.0,2.4725,1630965000.0,0.00053858,32735.9
N. Zealand,O,1904,902200.0,2.586,1646581000.0,0.00054792,33335.4
N. Zealand,O,1905,926000.0,2.6995,1662453000.0,0.00055701,33904.1
N. Zealand,O,1906,949800.0,2.813,1678596000.0,0.00056583,34444.3
N. Zealand,O,1907,973600.0,2.9265,1695030000.0,0.00057439,34958.1
N. Zealand,O,1908,997400.0,3.04,1711586000.0,0.00058273,35447.4
N. Zealand,O,1909,1021200.0,3.1535,1728501000.0,0.0005908,35913.8
N. Zealand,O,1910,1045000.0,3.267,1745736000.0,0.0005986,36359.1
N. Zealand,O,1911,1064600.0,3.2045,1762399000.0,0.00060406,35006.9
N. Zealand,O,1912,1084200.0,3.142,1779061000.0,0.00060942,33703.6
N. Zealand,O,1913,1103800.0,3.0795,1796080000.0,0.00061456,32446.6
N. Zealand,O,1914,1123400.0,3.017,1808262000.0,0.00062126,31233.5
N. Zealand,O,1915,1143000.0,2.9545,1818401000.0,0.00062857,30062.0
N. Zealand,O,1916,1162600.0,2.892,1828586000.0,0.00063579,28930.0
N. Zealand,O,1917,1182200.0,2.8295,1839381000.0,0.00064272,27835.5
N. Zealand,O,1918,1201800.0,2.767,1849942000.0,0.00064964,26776.7
N. Zealand,O,1919,1221400.0,2.7045,1862569000.0,0.00065576,25751.9
N. Zealand,O,1920,1241000.0,2.642,1875297000.0,0.00066176,24759.4
N. Zealand,O,1921,1266200.0,2.6911,1886887000.0,0.00067105,24717.7
N. Zealand,O,1922,1291400.0,2.7402,1903926000.0,0.00067828,24677.5
N. Zealand,O,1923,1316600.0,2.7893,1924127000.0,0.00068426,24638.9
N. Zealand,O,1924,1341800.0,2.8384,1946371000.0,0.00068939,24601.7
N. Zealand,O,1925,1367000.0,2.8875,1968879000.0,0.0006943,24565.9
N. Zealand,O,1926,1392200.0,2.9366,1991829000.0,0.00069896,24531.4
N. Zealand,O,1927,1417400.0,2.9857,2014443000.0,0.00070362,24498.2
N. Zealand,O,1928,1442600.0,3.0348,2036576000.0,0.00070835,24466.1
N. Zealand,O,1929,1467800.0,3.0839,2059103000.0,0.00071283,24435.0
N. Zealand,O,1930,1493000.0,3.133,2080211000.0,0.00071772,24405.1
N. Zealand,O,1931,1507300.0,3.1732,2101812000.0,0.00071714,24483.7
N. Zealand,O,1932,1521600.0,3.2134,2121508000.0,0.00071723,24560.9
N. Zealand,O,1933,1535900.0,3.2536,2140973000.0,0.00071738,24636.6
N. Zealand,O,1934,1550200.0,3.2938,2161152000.0,0.0007173,24710.9
N. Zealand,O,1935,1564500.0,3.334,2181702000.0,0.0007171,24783.9
N. Zealand,O,1936,1578800.0,3.3742,2203365000.0,0.00071654,24855.6
N. Zealand,O,1937,1593100.0,3.4144,2226159000.0,0.00071563,24925.9
N. Zealand,O,1938,1607400.0,3.4546,2250491000.0,0.00071424,24995.0
N. Zealand,O,1939,1621700.0,3.4948,2275307000.0,0.00071274,25062.9
N. Zealand,O,1940,1636000.0,3.535,2296743000.0,0.00071231,25129.6
N. Zealand,O,1941,1663200.0,3.5828,2313071000.0,0.00071904,25052.9
N. Zealand,O,1942,1690400.0,3.6306,2331578000.0,0.000725,24978.6
N. Zealand,O,1943,1717600.0,3.6784,2350140000.0,0.00073085,24906.7
N. Zealand,O,1944,1744800.0,3.7262,2368872000.0,0.00073655,24837.1
N. Zealand,O,1945,1772000.0,3.774,2394093000.0,0.00074016,24769.5
N. Zealand,O,1946,1799200.0,3.8218,2419526000.0,0.00074362,24704.1
N. Zealand,O,1947,1826400.0,3.8696,2446628000.0,0.0007465,24640.5
N. Zealand,O,1948,1853600.0,3.9174,2473860000.0,0.00074927,24578.9
N. Zealand,O,1949,1880800.0,3.9652,2501856000.0,0.00075176,24519.0
N. Zealand,O,1950,1908000.0,4.013,2529794000.0,0.00075421,24460.8
N. Zealand,O,1951,1954400.0,4.1677,2577776000.0,0.00075817,24800.6
N. Zealand,O,1952,2000800.0,4.3224,2624866000.0,0.00076225,25124.7
N. Zealand,O,1953,2047200.0,4.4771,2671465000.0,0.00076632,25434.1
N. Zealand,O,1954,2093600.0,4.6318,2718563000.0,0.00077011,25729.8
N. Zealand,O,1955,2140000.0,4.7865,2766430000.0,0.00077356,26012.6
N. Zealand,O,1956,2186400.0,4.9412,2815461000.0,0.00077657,26283.5
N. Zealand,O,1957,2232800.0,5.095899999999999,2866148000.0,0.00077902,26543.0
N. Zealand,O,1958,2279200.0,5.2506,2918168000.0,0.00078104,26792.1
N. Zealand,O,1959,2325600.0,5.4053,2971839000.0,0.00078255,27031.1
N. Zealand,O,1960,2372000.0,5.56,3027112000.0,0.00078359,27260.9
N. Zealand,O,1961,2417600.0,5.8047,3084358000.0,0.00078383,27923.8
N. Zealand,O,1962,2463200.0,6.0494,3143380000.0,0.00078362,28562.2
N. Zealand,O,1963,2508800.0,6.294099999999999,3204489000.0,0.0007829,29177.4
N. Zealand,O,1964,2554400.0,6.538799999999999,3268074000.0,0.00078162,29770.7
N. Zealand,O,1965,2600000.0,6.7835,3334092000.0,0.00077982,30343.1
N. Zealand,O,1966,2645600.0,7.0282,3402738000.0,0.00077749,30895.8
N. Zealand,O,1967,2691200.0,7.2729,3473827000.0,0.00077471,31429.8
N. Zealand,O,1968,2736800.0,7.5176,3546719000.0,0.00077164,31946.0
N. Zealand,O,1969,2782400.0,7.7623,3620809000.0,0.00076845,32445.2
N. Zealand,O,1970,2828000.0,8.007,3695944000.0,0.00076516,32928.4
N. Zealand,O,1971,2862200.0,8.1724,3771809000.0,0.00075884,33207.0
N. Zealand,O,1972,2896400.0,8.3378,3847786000.0,0.00075274,33479.0
N. Zealand,O,1973,2930600.0,8.5032,3923766000.0,0.00074688,33744.7
N. Zealand,O,1974,2964800.0,8.6686,3999654000.0,0.00074126,34004.3
N. Zealand,O,1975,2999000.0,8.834,4075437000.0,0.00073587,34257.9
N. Zealand,O,1976,3033200.0,8.9994,4150660000.0,0.00073078,34505.8
N. Zealand,O,1977,3067400.0,9.1648,4225672000.0,0.0007259,34748.2
N. Zealand,O,1978,3101600.0,9.3302,4301501000.0,0.00072105,34985.2
N. Zealand,O,1979,3135800.0,9.4956,4378004000.0,0.00071626,35217.1
N. Zealand,O,1980,3170000.0,9.661,4456394000.0,0.00071134,35444.0
N. Zealand,O,1981,3189000.0,10.1162,4535942000.0,0.00070305,36892.9
N. Zealand,O,1982,3208000.0,10.5714,4616948000.0,0.00069483,38324.6
N. Zealand,O,1983,3227000.0,11.026599999999998,4699604000.0,0.00068665,39739.5
N. Zealand,O,1984,3246000.0,11.4818,4784334000.0,0.00067846,41137.8
N. Zealand,O,1985,3265000.0,11.937,4871434000.0,0.00067023,42519.8
N. Zealand,O,1986,3284000.0,12.3922,4961120000.0,0.00066195,43885.9
N. Zealand,O,1987,3303000.0,12.8474,5052960000.0,0.00065368,45236.2
N. Zealand,O,1988,3322000.0,13.302599999999998,5145733000.0,0.00064558,46571.1
N. Zealand,O,1989,3341000.0,13.7578,5237968000.0,0.00063784,47890.8
N. Zealand,O,1990,3360000.0,14.213,5328602000.0,0.00063056,49195.6
N. Zealand,O,1991,3409900.0,14.5474,5417317000.0,0.00062944,49616.2
N. Zealand,O,1992,3459800.0,14.881799999999998,5503880000.0,0.00062861,50024.7
N. Zealand,O,1993,3509700.0,15.2162,5588359000.0,0.00062804,50421.5
N. Zealand,O,1994,3559600.0,15.5506,5671048000.0,0.00062768,50807.2
N. Zealand,O,1995,3609500.0,15.884999999999998,5752408000.0,0.00062748,51182.3
N. Zealand,O,1996,3659400.0,16.2194,5832484000.0,0.00062742,51547.1
N. Zealand,O,1997,3709300.0,16.5538,5911415000.0,0.00062748,51902.2
N. Zealand,O,1998,3759200.0,16.888199999999998,5989470000.0,0.00062763,52247.8
N. Zealand,O,1999,3809100.0,17.2226,6067325000.0,0.00062781,52584.3
N. Zealand,O,2000,3859000.0,17.557,6145394000.0,0.00062795,52912.1
N. Zealand,O,2001,3910100.0,17.6755,6223661000.0,0.00062826,52573.1
N. Zealand,O,2002,3961200.0,17.794,6302453000.0,0.00062852,52242.8
N. Zealand,O,2003,4012300.0,17.912499999999998,6381858000.0,0.0006287,51920.9
N. Zealand,O,2004,4063400.0,18.031,6461988000.0,0.00062882,51607.2
N. Zealand,O,2005,4114500.0,18.1495,6542867000.0,0.00062885,51301.2
N. Zealand,O,2006,4165600.0000000005,18.268,6624538000.0,0.00062881,51002.7
N. Zealand,O,2007,4216700.0,18.3865,6707018000.0,0.0006287,50711.5
N. Zealand,O,2008,4267800.0,18.505,6790025000.0,0.00062854,50427.2
N. Zealand,O,2009,4318900.0,18.6235,6874725000.0,0.00062823,50149.6
N. Zealand,O,2010,4370000.0,18.742,6959421000.0,0.00062793,49878.6
N. Zealand,O,2011,4415200.0,18.8267,7044266000.0,0.00062678,49591.1
N. Zealand,O,2012,4460400.0,18.9114,7129609000.0,0.00062562,49309.4
N. Zealand,O,2013,4505600.0,18.9961,7215047000.0,0.00062447,49033.3
N. Zealand,O,2014,4550800.0,19.0808,7300248000.0,0.00062338,48762.8
N. Zealand,O,2015,4596000.0,19.1655,7384880000.0,0.00062235,48497.6
N. Zealand,O,2016,4641200.0,19.2502,7469068000.0,0.00062139,48237.5
N. Zealand,O,2017,4686400.0,19.3349,7550393000.0,0.00062068,47982.4
N. Zealand,O,2018,4731600.0,19.4196,7632955000.0,0.00061989,47732.3
N. Zealand,O,2019,4776800.0,19.5043,7714577000.0,0.00061919,47486.8
N. Zealand,O,2020,4822000.0,19.589,7795482000.0,0.00061856,47246.0
Netherlands,WE,1820,2333000.0,1.015,1047270000.0,0.0022277,5059.8
Netherlands,WE,1821,2363000.0,1.0333,1052728000.0,0.00224464,5085.6
Netherlands,WE,1822,2393000.0,1.0516,1058224000.0,0.00226134,5110.8
Netherlands,WE,1823,2423000.0,1.0699,1063824000.0,0.00227763,5135.3
Netherlands,WE,1824,2453000.0,1.0881999999999998,1069477000.0,0.00229364,5159.3
Netherlands,WE,1825,2483000.0,1.1065,1075142000.0,0.00230946,5182.7
Netherlands,WE,1826,2513000.0,1.1248,1080733000.0,0.00232527,5205.5
Netherlands,WE,1827,2543000.0,1.1431,1086318000.0,0.00234094,5227.8
Netherlands,WE,1828,2573000.0,1.1614,1091853000.0,0.00235654,5249.5
Netherlands,WE,1829,2603000.0,1.1797,1097270000.0,0.00237225,5270.8
Netherlands,WE,1830,2633000.0,1.198,1102518000.0,0.00238817,5291.6
Netherlands,WE,1831,2658300.0,1.2289,1108061000.0,0.00239906,5376.4
Netherlands,WE,1832,2683600.0,1.2598,1113520000.0,0.00241002,5459.6
Netherlands,WE,1833,2708900.0,1.2907,1119039000.0,0.00242074,5541.3
Netherlands,WE,1834,2734200.0,1.3216,1124554000.0,0.00243136,5621.5
Netherlands,WE,1835,2759500.0,1.3525,1130361000.0,0.00244126,5700.2
Netherlands,WE,1836,2784800.0,1.3834,1136068000.0,0.00245126,5777.4
Netherlands,WE,1837,2810100.0,1.4143,1141817000.0,0.00246108,5853.3
Netherlands,WE,1838,2835400.0,1.4451999999999998,1147560000.0,0.00247081,5927.8
Netherlands,WE,1839,2860700.0,1.4761,1153428000.0,0.00248017,6001.0
Netherlands,WE,1840,2886000.0,1.507,1159310000.0,0.00248941,6072.9
Netherlands,WE,1841,2907200.0,1.519,1165435000.0,0.00249452,6076.6
Netherlands,WE,1842,2928400.0,1.531,1171545000.0,0.00249961,6080.3
Netherlands,WE,1843,2949600.0,1.543,1177631000.0,0.00250469,6083.9
Netherlands,WE,1844,2970800.0,1.555,1183818000.0,0.00250951,6087.5
Netherlands,WE,1845,2992000.0,1.567,1190091000.0,0.00251409,6091.0
Netherlands,WE,1846,3013200.0,1.579,1196249000.0,0.00251887,6094.4
Netherlands,WE,1847,3034400.0,1.591,1201397000.0,0.00252573,6097.9
Netherlands,WE,1848,3055600.0,1.603,1205963000.0,0.00253374,6101.2
Netherlands,WE,1849,3076800.0,1.615,1211069000.0,0.00254057,6104.5
Netherlands,WE,1850,3098000.0,1.627,1216574000.0,0.0025465,6107.8
Netherlands,WE,1851,3120000.0,1.6681,1218975000.0,0.00255953,6217.9
Netherlands,WE,1852,3142000.0,1.7092,1221557000.0,0.00257213,6326.5
Netherlands,WE,1853,3164000.0,1.7503,1224259000.0,0.00258442,6433.6
Netherlands,WE,1854,3186000.0,1.7914,1226726000.0,0.00259716,6539.2
Netherlands,WE,1855,3208000.0,1.8325,1228814000.0,0.00261065,6643.4
Netherlands,WE,1856,3230000.0,1.8736,1231565000.0,0.00262268,6746.1
Netherlands,WE,1857,3252000.0,1.9147,1234524000.0,0.00263421,6847.5
Netherlands,WE,1858,3274000.0,1.9558,1237487000.0,0.00264568,6947.5
Netherlands,WE,1859,3296000.0,1.9969,1240642000.0,0.00265669,7046.1
Netherlands,WE,1860,3318000.0,2.038,1243735000.0,0.00266777,7143.4
Netherlands,WE,1861,3347200.0,2.1198,1247652000.0,0.0026828,7365.3
Netherlands,WE,1862,3376400.0,2.2016,1250707000.0,0.00269959,7583.4
Netherlands,WE,1863,3405600.0,2.2834,1254013000.0,0.00271576,7797.7
Netherlands,WE,1864,3434800.0,2.3652,1257290000.0,0.00273191,8008.4
Netherlands,WE,1865,3464000.0,2.447,1260601000.0,0.0027479,8215.5
Netherlands,WE,1866,3493200.0,2.5288,1263629000.0,0.00276442,8419.2
Netherlands,WE,1867,3522400.0,2.6106,1266809000.0,0.00278053,8619.5
Netherlands,WE,1868,3551600.0,2.6924,1269858000.0,0.00279685,8816.5
Netherlands,WE,1869,3580800.0,2.7742,1271405000.0,0.00281641,9010.3
Netherlands,WE,1870,3610000.0,2.856,1274661000.0,0.00283213,9200.9
Netherlands,WE,1871,3652400.0,2.934,1282387000.0,0.00284813,9342.5
Netherlands,WE,1872,3694800.0,3.012,1290858000.0,0.00286228,9480.8
Netherlands,WE,1873,3737200.0,3.09,1299848000.0,0.00287511,9615.9
Netherlands,WE,1874,3779600.0,3.168,1309013000.0,0.00288737,9748.1
Netherlands,WE,1875,3822000.0,3.246,1318339000.0,0.0028991,9877.3
Netherlands,WE,1876,3864400.0,3.324,1327814000.0,0.00291035,10003.7
Netherlands,WE,1877,3906800.0,3.402,1337399000.0,0.00292119,10127.3
Netherlands,WE,1878,3949200.0,3.48,1347055000.0,0.00293173,10248.3
Netherlands,WE,1879,3991600.0,3.5580000000000003,1356760000.0,0.00294201,10366.7
Netherlands,WE,1880,4034000.0,3.636,1366310000.0,0.00295248,10482.6
Netherlands,WE,1881,4084100.0,3.687,1376041000.0,0.00296801,10499.2
Netherlands,WE,1882,4134200.0,3.738,1385750000.0,0.00298337,10515.4
Netherlands,WE,1883,4184300.0,3.789,1395507000.0,0.00299841,10531.3
Netherlands,WE,1884,4234400.0,3.84,1405536000.0,0.00301266,10546.8
Netherlands,WE,1885,4284500.0,3.891,1415514000.0,0.00302682,10561.9
Netherlands,WE,1886,4334600.0,3.942,1425627000.0,0.00304049,10576.6
Netherlands,WE,1887,4384700.0,3.993,1435759000.0,0.00305392,10591.1
Netherlands,WE,1888,4434800.0,4.044,1445944000.0,0.00306706,10605.2
Netherlands,WE,1889,4484900.0,4.095,1456277000.0,0.0030797,10618.9
Netherlands,WE,1890,4535000.0,4.146,1466582000.0,0.00309222,10632.4
Netherlands,WE,1891,4594800.0,4.2636,1477705000.0,0.00310942,10791.7
Netherlands,WE,1892,4654600.0,4.3812,1488973000.0,0.00312605,10946.9
Netherlands,WE,1893,4714400.0,4.4988,1500286000.0,0.00314233,11098.1
Netherlands,WE,1894,4774200.0,4.6164,1511963000.0,0.00315762,11245.6
Netherlands,WE,1895,4834000.0,4.734,1523676000.0,0.00317259,11389.4
Netherlands,WE,1896,4893800.0,4.8516,1535655000.0,0.00318678,11529.7
Netherlands,WE,1897,4953600.0,4.9692,1547830000.0,0.00320035,11666.6
Netherlands,WE,1898,5013400.0,5.0868,1560243000.0,0.00321322,11800.3
Netherlands,WE,1899,5073200.0,5.2044,1572611000.0,0.00322597,11930.8
Netherlands,WE,1900,5133000.0,5.322,1584867000.0,0.00323876,12058.2
Netherlands,WE,1901,5210200.0,5.4696,1600044000.0,0.00325629,12209.0
Netherlands,WE,1902,5287400.0,5.6172,1615427000.0,0.00327307,12355.4
Netherlands,WE,1903,5364600.0,5.7648,1630965000.0,0.00328922,12497.6
Netherlands,WE,1904,5441800.0,5.9124,1646581000.0,0.00330491,12635.7
Netherlands,WE,1905,5519000.0,6.0600000000000005,1662453000.0,0.00331979,12770.0
Netherlands,WE,1906,5596200.0,6.2076,1678596000.0,0.00333386,12900.6
Netherlands,WE,1907,5673400.0,6.3552,1695030000.0,0.00334708,13027.6
Netherlands,WE,1908,5750600.0,6.502800000000001,1711586000.0,0.00335981,13151.2
Netherlands,WE,1909,5827800.0,6.6504,1728501000.0,0.00337159,13271.6
Netherlands,WE,1910,5905000.0,6.798,1745736000.0,0.00338253,13388.8
Netherlands,WE,1911,5995500.0,6.861,1762399000.0,0.0034019,13308.9
Netherlands,WE,1912,6086000.0,6.924,1779061000.0,0.00342091,13231.4
Netherlands,WE,1913,6176500.0,6.987,1796080000.0,0.00343888,13156.1
Netherlands,WE,1914,6267000.0,7.05,1808262000.0,0.00346576,13083.1
Netherlands,WE,1915,6357500.0,7.113,1818401000.0,0.0034962,13012.1
Netherlands,WE,1916,6448000.0,7.176,1828586000.0,0.00352622,12943.1
Netherlands,WE,1917,6538500.0,7.239,1839381000.0,0.00355473,12876.0
Netherlands,WE,1918,6629000.0,7.302,1849942000.0,0.00358336,12810.7
Netherlands,WE,1919,6719500.0,7.365,1862569000.0,0.00360765,12747.2
Netherlands,WE,1920,6810000.0,7.428,1875297000.0,0.00363142,12685.4
Netherlands,WE,1921,6917100.0,7.9063,1886887000.0,0.00366588,13293.2
Netherlands,WE,1922,7024200.0,8.3846,1903926000.0,0.00368932,13882.4
Netherlands,WE,1923,7131300.0,8.8629,1924127000.0,0.00370625,14454.0
Netherlands,WE,1924,7238400.0,9.3412,1946371000.0,0.00371892,15008.6
Netherlands,WE,1925,7345500.0,9.8195,1968879000.0,0.0037308,15547.0
Netherlands,WE,1926,7452600.0,10.2978,1991829000.0,0.00374159,16070.0
Netherlands,WE,1927,7559700.0,10.7761,2014443000.0,0.00375275,16578.2
Netherlands,WE,1928,7666800.0,11.2544,2036576000.0,0.00376455,17072.1
Netherlands,WE,1929,7773900.0,11.7327,2059103000.0,0.00377538,17552.5
Netherlands,WE,1930,7881000.0,12.211,2080211000.0,0.00378856,18019.8
Netherlands,WE,1931,7980800.0,12.075,2101812000.0,0.0037971,17596.3
Netherlands,WE,1932,8080600.0,11.939,2121508000.0,0.00380889,17183.2
Netherlands,WE,1933,8180400.0,11.803,2140973000.0,0.00382088,16780.2
Netherlands,WE,1934,8280200.000000001,11.667,2161152000.0,0.00383138,16386.9
Netherlands,WE,1935,8380000.0,11.531,2181702000.0,0.00384104,16003.0
Netherlands,WE,1936,8479800.0,11.395,2203365000.0,0.00384857,15628.2
Netherlands,WE,1937,8579600.0,11.259,2226159000.0,0.00385399,15262.0
Netherlands,WE,1938,8679400.0,11.123,2250491000.0,0.00385667,14904.3
Netherlands,WE,1939,8779200.0,10.987,2275307000.0,0.00385847,14554.7
Netherlands,WE,1940,8879000.0,10.851,2296743000.0,0.00386591,14213.0
Netherlands,WE,1941,9002500.0,11.2636,2313071000.0,0.00389201,14551.0
Netherlands,WE,1942,9126000.0,11.6762,2331578000.0,0.00391409,14879.9
Netherlands,WE,1943,9249500.0,12.0888,2350140000.0,0.00393572,15200.0
Netherlands,WE,1944,9373000.0,12.5014,2368872000.0,0.00395674,15511.7
Netherlands,WE,1945,9496500.0,12.914,2394093000.0,0.00396664,15815.3
Netherlands,WE,1946,9620000.0,13.3266,2419526000.0,0.00397599,16111.1
Netherlands,WE,1947,9743500.0,13.7392,2446628000.0,0.00398242,16399.3
Netherlands,WE,1948,9867000.0,14.1518,2473860000.0,0.0039885,16680.4
Netherlands,WE,1949,9990500.0,14.5644,2501856000.0,0.00399324,16954.5
Netherlands,WE,1950,10114000.0,14.977,2529794000.0,0.00399795,17221.9
Netherlands,WE,1951,10251300.0,15.5998,2577776000.0,0.0039768,17697.8
Netherlands,WE,1952,10388600.0,16.2226,2624866000.0,0.00395776,18161.1
Netherlands,WE,1953,10525900.0,16.845399999999998,2671465000.0,0.00394012,18612.4
Netherlands,WE,1954,10663200.0,17.4682,2718563000.0,0.00392237,19052.0
Netherlands,WE,1955,10800500.0,18.091,2766430000.0,0.00390413,19480.4
Netherlands,WE,1956,10937800.0,18.7138,2815461000.0,0.00388491,19898.1
Netherlands,WE,1957,11075100.0,19.3366,2866148000.0,0.00386411,20305.4
Netherlands,WE,1958,11212400.0,19.9594,2918168000.0,0.00384227,20702.8
Netherlands,WE,1959,11349700.0,20.5822,2971839000.0,0.00381908,21090.5
Netherlands,WE,1960,11487000.0,21.205,3027112000.0,0.00379471,21469.0
Netherlands,WE,1961,11642100.0,23.431,3084358000.0,0.00377456,23406.6
Netherlands,WE,1962,11797200.0,25.657,3143380000.0,0.00375303,25293.4
Netherlands,WE,1963,11952300.0,27.883,3204489000.0,0.00372986,27131.1
Netherlands,WE,1964,12107400.0,30.109,3268074000.0,0.00370475,28921.8
Netherlands,WE,1965,12262500.0,32.335,3334092000.0,0.00367791,30667.2
Netherlands,WE,1966,12417600.0,34.561,3402738000.0,0.0036493,32368.9
Netherlands,WE,1967,12572700.0,36.787,3473827000.0,0.00361926,34028.7
Netherlands,WE,1968,12727800.0,39.013000000000005,3546719000.0,0.00358861,35648.0
Netherlands,WE,1969,12882900.0,41.239,3620809000.0,0.00355802,37228.4
Netherlands,WE,1970,13038000.0,43.465,3695944000.0,0.00352765,38771.1
Netherlands,WE,1971,13149200.0,45.677,3771809000.0,0.00348618,40399.7
Netherlands,WE,1972,13260400.0,47.889,3847786000.0,0.00344624,42000.9
Netherlands,WE,1973,13371600.0,50.101,3923766000.0,0.00340785,43575.5
Netherlands,WE,1974,13482800.0,52.313,3999654000.0,0.00337099,45124.2
Netherlands,WE,1975,13594000.0,54.525,4075437000.0,0.00333559,46647.5
Netherlands,WE,1976,13705200.0,56.737,4150660000.0,0.00330193,48146.1
Netherlands,WE,1977,13816400.0,58.949,4225672000.0,0.00326963,49620.5
Netherlands,WE,1978,13927600.0,61.161,4301501000.0,0.00323785,51071.4
Netherlands,WE,1979,14038800.0,63.37299999999999,4378004000.0,0.00320667,52499.4
Netherlands,WE,1980,14150000.0,65.585,4456394000.0,0.00317521,53904.8
Netherlands,WE,1981,14230200.0,65.6515,4535942000.0,0.00313721,53655.4
Netherlands,WE,1982,14310400.0,65.71799999999999,4616948000.0,0.00309954,53408.7
Netherlands,WE,1983,14390600.0,65.7845,4699604000.0,0.00306209,53164.8
Netherlands,WE,1984,14470800.0,65.851,4784334000.0,0.00302462,52923.6
Netherlands,WE,1985,14551000.0,65.91749999999999,4871434000.0,0.00298701,52685.1
Netherlands,WE,1986,14631200.0,65.984,4961120000.0,0.00294917,52449.1
Netherlands,WE,1987,14711400.0,66.0505,5052960000.0,0.00291144,52215.8
Netherlands,WE,1988,14791600.0,66.117,5145733000.0,0.00287454,51985.0
Netherlands,WE,1989,14871800.0,66.1835,5237968000.0,0.00283923,51756.6
Netherlands,WE,1990,14952000.0,66.25,5328602000.0,0.00280599,51530.7
Netherlands,WE,1991,15049400.0,66.8857,5417317000.0,0.00277802,51688.5
Netherlands,WE,1992,15146800.0,67.5214,5503880000.0,0.00275202,51844.2
Netherlands,WE,1993,15244200.0,68.1571,5588359000.0,0.00272785,51997.9
Netherlands,WE,1994,15341600.0,68.7928,5671048000.0,0.00270525,52149.7
Netherlands,WE,1995,15439000.0,69.4285,5752408000.0,0.00268392,52299.6
Netherlands,WE,1996,15536400.0,70.0642,5832484000.0,0.00266377,52447.6
Netherlands,WE,1997,15633800.0,70.6999,5911415000.0,0.00264468,52593.7
Netherlands,WE,1998,15731200.0,71.3356,5989470000.0,0.00262648,52738.1
Netherlands,WE,1999,15828600.0,71.9713,6067325000.0,0.00260883,52880.6
Netherlands,WE,2000,15926000.0,72.607,6145394000.0,0.00259153,53021.4
Netherlands,WE,2001,16001700.0,73.246,6223661000.0,0.00257111,53235.0
Netherlands,WE,2002,16077400.0,73.885,6302453000.0,0.00255097,53446.6
Netherlands,WE,2003,16153100.0,74.524,6381858000.0,0.0025311,53656.2
Netherlands,WE,2004,16228800.0,75.163,6461988000.0,0.00251143,53863.9
Netherlands,WE,2005,16304500.0,75.80199999999999,6542867000.0,0.00249195,54069.6
Netherlands,WE,2006,16380200.0,76.441,6624538000.0,0.00247266,54273.4
Netherlands,WE,2007,16455900.000000002,77.08,6707018000.0,0.00245353,54475.3
Netherlands,WE,2008,16531599.999999998,77.719,6790025000.0,0.00243469,54675.4
Netherlands,WE,2009,16607300.0,78.358,6874725000.0,0.0024157,54873.7
Netherlands,WE,2010,16683000.0,78.997,6959421000.0,0.00239718,55070.1
Netherlands,WE,2011,16728200.0,78.4938,7044266000.0,0.00237473,54571.5
Netherlands,WE,2012,16773400.000000002,77.9906,7129609000.0,0.00235264,54075.5
Netherlands,WE,2013,16818600.0,77.48740000000001,7215047000.0,0.00233105,53582.3
Netherlands,WE,2014,16863800.0,76.9842,7300248000.0,0.00231003,53091.6
Netherlands,WE,2015,16909000.0,76.481,7384880000.0,0.00228968,52603.6
Netherlands,WE,2016,16954200.0,75.9778,7469068000.0,0.00226992,52118.2
Netherlands,WE,2017,16999400.0,75.47460000000001,7550393000.0,0.00225146,51635.3
Netherlands,WE,2018,17044600.0,74.9714,7632955000.0,0.00223303,51155.1
Netherlands,WE,2019,17089800.0,74.4682,7714577000.0,0.00221526,50677.3
Netherlands,WE,2020,17135000.0,73.965,7795482000.0,0.00219807,50202.1
Nicaragua,LA,1820,186000.0,0.068,1047270000.0,0.0001776,4251.8
Nicaragua,LA,1821,189200.0,0.0692,1052728000.0,0.00017972,4253.7
Nicaragua,LA,1822,192400.0,0.0704,1058224000.0,0.00018181,4255.5
Nicaragua,LA,1823,195600.0,0.0716,1063824000.0,0.00018387,4257.2
Nicaragua,LA,1824,198800.0,0.0728,1069477000.0,0.00018589,4258.9
Nicaragua,LA,1825,202000.0,0.074,1075142000.0,0.00018788,4260.5
Nicaragua,LA,1826,205200.0,0.0752,1080733000.0,0.00018987,4262.1
Nicaragua,LA,1827,208400.0,0.0764,1086318000.0,0.00019184,4263.6
Nicaragua,LA,1828,211600.0,0.0776,1091853000.0,0.0001938,4265.1
Nicaragua,LA,1829,214800.0,0.0788,1097270000.0,0.00019576,4266.5
Nicaragua,LA,1830,218000.0,0.08,1102518000.0,0.00019773,4267.9
Nicaragua,LA,1831,221800.0,0.0815,1108061000.0,0.00020017,4273.4
Nicaragua,LA,1832,225600.0,0.083,1113520000.0,0.0002026,4278.8
Nicaragua,LA,1833,229400.0,0.0845,1119039000.0,0.000205,4283.9
Nicaragua,LA,1834,233200.0,0.086,1124554000.0,0.00020737,4288.9
Nicaragua,LA,1835,237000.0,0.0875,1130361000.0,0.00020967,4293.8
Nicaragua,LA,1836,240800.0,0.089,1136068000.0,0.00021196,4298.5
Nicaragua,LA,1837,244600.0,0.0905,1141817000.0,0.00021422,4303.0
Nicaragua,LA,1838,248400.0,0.092,1147560000.0,0.00021646,4307.4
Nicaragua,LA,1839,252200.0,0.0935,1153428000.0,0.00021865,4311.7
Nicaragua,LA,1840,256000.0,0.095,1159310000.0,0.00022082,4315.8
Nicaragua,LA,1841,260399.99999999997,0.0969,1165435000.0,0.00022344,4327.8
Nicaragua,LA,1842,264800.0,0.0988,1171545000.0,0.00022603,4339.3
Nicaragua,LA,1843,269200.0,0.1007,1177631000.0,0.00022859,4350.4
Nicaragua,LA,1844,273600.0,0.1026,1183818000.0,0.00023112,4361.2
Nicaragua,LA,1845,278000.0,0.1045,1190091000.0,0.0002336,4371.7
Nicaragua,LA,1846,282400.0,0.1064,1196249000.0,0.00023607,4381.8
Nicaragua,LA,1847,286800.0,0.1083,1201397000.0,0.00023872,4391.7
Nicaragua,LA,1848,291200.0,0.1102,1205963000.0,0.00024147,4401.2
Nicaragua,LA,1849,295600.0,0.1121,1211069000.0,0.00024408,4410.4
Nicaragua,LA,1850,300000.0,0.114,1216574000.0,0.00024659,4419.4
Nicaragua,LA,1851,301800.0,0.1153,1218975000.0,0.00024759,4443.1
Nicaragua,LA,1852,303600.0,0.1166,1221557000.0,0.00024854,4466.6
Nicaragua,LA,1853,305400.0,0.1179,1224259000.0,0.00024946,4489.8
Nicaragua,LA,1854,307200.0,0.1192,1226726000.0,0.00025042,4512.7
Nicaragua,LA,1855,309000.0,0.1205,1228814000.0,0.00025146,4535.3
Nicaragua,LA,1856,310800.0,0.1218,1231565000.0,0.00025236,4557.7
Nicaragua,LA,1857,312600.0,0.1231,1234524000.0,0.00025322,4579.8
Nicaragua,LA,1858,314400.0,0.1244,1237487000.0,0.00025406,4601.7
Nicaragua,LA,1859,316200.0,0.1257,1240642000.0,0.00025487,4623.3
Nicaragua,LA,1860,318000.0,0.127,1243735000.0,0.00025568,4644.7
Nicaragua,LA,1861,319900.0,0.1258,1247652000.0,0.0002564,4573.5
Nicaragua,LA,1862,321800.0,0.1246,1250707000.0,0.00025729,4503.1
Nicaragua,LA,1863,323700.0,0.1234,1254013000.0,0.00025813,4433.6
Nicaragua,LA,1864,325600.0,0.1222,1257290000.0,0.00025897,4364.8
Nicaragua,LA,1865,327500.0,0.121,1260601000.0,0.0002598,4296.9
Nicaragua,LA,1866,329400.0,0.1198,1263629000.0,0.00026068,4229.7
Nicaragua,LA,1867,331300.0,0.1186,1266809000.0,0.00026152,4163.4
Nicaragua,LA,1868,333200.0,0.1174,1269858000.0,0.00026239,4097.7
Nicaragua,LA,1869,335100.0,0.1162,1271405000.0,0.00026357,4032.8
Nicaragua,LA,1870,337000.0,0.115,1274661000.0,0.00026438,3968.7
Nicaragua,LA,1871,342100.0,0.1157,1282387000.0,0.00026677,3933.3
Nicaragua,LA,1872,347200.0,0.1164,1290858000.0,0.00026897,3899.0
Nicaragua,LA,1873,352300.0,0.1171,1299848000.0,0.00027103,3865.7
Nicaragua,LA,1874,357400.0,0.1178,1309013000.0,0.00027303,3833.3
Nicaragua,LA,1875,362500.0,0.1185,1318339000.0,0.00027497,3801.8
Nicaragua,LA,1876,367600.0,0.1192,1327814000.0,0.00027685,3771.2
Nicaragua,LA,1877,372700.0,0.1199,1337399000.0,0.00027868,3741.4
Nicaragua,LA,1878,377800.0,0.1206,1347055000.0,0.00028046,3712.5
Nicaragua,LA,1879,382900.0,0.1212999999999999,1356760000.0,0.00028222,3684.3
Nicaragua,LA,1880,388000.0,0.122,1366310000.0,0.00028398,3656.9
Nicaragua,LA,1881,393800.0,0.1244,1376041000.0,0.00028618,3673.9
Nicaragua,LA,1882,399600.0,0.1268,1385750000.0,0.00028836,3690.4
Nicaragua,LA,1883,405400.0,0.1291999999999999,1395507000.0,0.0002905,3706.5
Nicaragua,LA,1884,411200.0,0.1316,1405536000.0,0.00029256,3722.1
Nicaragua,LA,1885,417000.0,0.134,1415514000.0,0.00029459,3737.2
Nicaragua,LA,1886,422800.0,0.1364,1425627000.0,0.00029657,3752.0
Nicaragua,LA,1887,428600.0,0.1387999999999999,1435759000.0,0.00029852,3766.3
Nicaragua,LA,1888,434400.0,0.1412,1445944000.0,0.00030043,3780.3
Nicaragua,LA,1889,440200.0,0.1436,1456277000.0,0.00030228,3793.9
Nicaragua,LA,1890,446000.0,0.146,1466582000.0,0.00030411,3807.1
Nicaragua,LA,1891,452700.0,0.149,1477705000.0,0.00030635,3827.9
Nicaragua,LA,1892,459400.0,0.152,1488973000.0,0.00030853,3848.0
Nicaragua,LA,1893,466100.0,0.155,1500286000.0,0.00031067,3867.5
Nicaragua,LA,1894,472800.0,0.158,1511963000.0,0.00031271,3886.5
Nicaragua,LA,1895,479500.0,0.1609999999999999,1523676000.0,0.0003147,3905.0
Nicaragua,LA,1896,486200.0,0.1639999999999999,1535655000.0,0.00031661,3922.9
Nicaragua,LA,1897,492900.0,0.1669999999999999,1547830000.0,0.00031845,3940.4
Nicaragua,LA,1898,499600.0,0.1699999999999999,1560243000.0,0.00032021,3957.4
Nicaragua,LA,1899,506300.0,0.173,1572611000.0,0.00032195,3973.9
Nicaragua,LA,1900,513000.0,0.176,1584867000.0,0.00032369,3990.0
Nicaragua,LA,1901,527700.0,0.1857,1600044000.0,0.0003298,4092.6
Nicaragua,LA,1902,542400.0,0.1954,1615427000.0,0.00033576,4189.7
Nicaragua,LA,1903,557100.0,0.2051,1630965000.0,0.00034158,4281.7
Nicaragua,LA,1904,571800.0,0.2148,1646581000.0,0.00034727,4368.9
Nicaragua,LA,1905,586500.0,0.2245,1662453000.0,0.00035279,4451.7
Nicaragua,LA,1906,601200.0,0.2342,1678596000.0,0.00035816,4530.5
Nicaragua,LA,1907,615900.0,0.2439,1695030000.0,0.00036336,4605.5
Nicaragua,LA,1908,630600.0,0.2536,1711586000.0,0.00036843,4677.1
Nicaragua,LA,1909,645300.0,0.2633,1728501000.0,0.00037333,4745.4
Nicaragua,LA,1910,660000.0,0.273,1745736000.0,0.00037806,4810.6
Nicaragua,LA,1911,672200.0,0.2781,1762399000.0,0.00038141,4811.5
Nicaragua,LA,1912,684400.0,0.2832,1779061000.0,0.0003847,4812.4
Nicaragua,LA,1913,696600.0,0.2883,1796080000.0,0.00038784,4813.3
Nicaragua,LA,1914,708800.0,0.2934,1808262000.0,0.00039198,4814.1
Nicaragua,LA,1915,721000.0,0.2985,1818401000.0,0.0003965,4814.9
Nicaragua,LA,1916,733200.0,0.3036,1828586000.0,0.00040097,4815.7
Nicaragua,LA,1917,745400.0,0.3087,1839381000.0,0.00040525,4816.4
Nicaragua,LA,1918,757600.0,0.3138,1849942000.0,0.00040953,4817.2
Nicaragua,LA,1919,769800.0,0.3189,1862569000.0,0.0004133,4817.9
Nicaragua,LA,1920,782000.0,0.324,1875297000.0,0.000417,4818.6
Nicaragua,LA,1921,786900.0,0.3264,1886887000.0,0.00041704,4824.0
Nicaragua,LA,1922,791800.0,0.3288,1903926000.0,0.00041588,4829.4
Nicaragua,LA,1923,796700.0,0.3312,1924127000.0,0.00041406,4834.8
Nicaragua,LA,1924,801600.0,0.3336,1946371000.0,0.00041184,4840.0
Nicaragua,LA,1925,806500.0,0.3359999999999999,1968879000.0,0.00040962,4845.2
Nicaragua,LA,1926,811400.0,0.3384,1991829000.0,0.00040736,4850.4
Nicaragua,LA,1927,816300.0,0.3408,2014443000.0,0.00040522,4855.5
Nicaragua,LA,1928,821200.0,0.3432,2036576000.0,0.00040323,4860.5
Nicaragua,LA,1929,826100.0,0.3455999999999999,2059103000.0,0.00040119,4865.4
Nicaragua,LA,1930,831000.0,0.348,2080211000.0,0.00039948,4870.3
Nicaragua,LA,1931,849300.0,0.3579,2101812000.0,0.00040408,4901.0
Nicaragua,LA,1932,867600.0,0.3677999999999999,2121508000.0,0.00040895,4930.3
Nicaragua,LA,1933,885900.0,0.3777,2140973000.0,0.00041378,4958.4
Nicaragua,LA,1934,904200.0,0.3876,2161152000.0,0.00041839,4985.4
Nicaragua,LA,1935,922500.0,0.3974999999999999,2181702000.0,0.00042284,5011.3
Nicaragua,LA,1936,940800.0,0.4074,2203365000.0,0.00042698,5036.2
Nicaragua,LA,1937,959100.0,0.4173,2226159000.0,0.00043083,5060.2
Nicaragua,LA,1938,977400.0,0.4272,2250491000.0,0.00043431,5083.2
Nicaragua,LA,1939,995700.0,0.4371,2275307000.0,0.00043761,5105.4
Nicaragua,LA,1940,1014000.0,0.447,2296743000.0,0.00044149,5126.8
Nicaragua,LA,1941,1042099.9999999999,0.4575,2313071000.0,0.00045053,5105.8
Nicaragua,LA,1942,1070200.0,0.468,2331578000.0,0.000459,5085.8
Nicaragua,LA,1943,1098300.0,0.4785,2350140000.0,0.00046733,5066.9
Nicaragua,LA,1944,1126400.0,0.489,2368872000.0,0.0004755,5048.9
Nicaragua,LA,1945,1154500.0,0.4995,2394093000.0,0.00048223,5031.8
Nicaragua,LA,1946,1182600.0,0.51,2419526000.0,0.00048877,5015.5
Nicaragua,LA,1947,1210700.0,0.5205000000000001,2446628000.0,0.00049484,4999.9
Nicaragua,LA,1948,1238800.0,0.531,2473860000.0,0.00050076,4985.1
Nicaragua,LA,1949,1266900.0,0.5415000000000001,2501856000.0,0.00050638,4970.9
Nicaragua,LA,1950,1295000.0,0.552,2529794000.0,0.0005119,4957.3
Nicaragua,LA,1951,1342900.0,0.5725,2577776000.0,0.00052095,4958.1
Nicaragua,LA,1952,1390800.0,0.5930000000000001,2624866000.0,0.00052986,4958.7
Nicaragua,LA,1953,1438700.0,0.6135,2671465000.0,0.00053854,4959.3
Nicaragua,LA,1954,1486600.0,0.634,2718563000.0,0.00054683,4959.9
Nicaragua,LA,1955,1534500.0,0.6545000000000001,2766430000.0,0.00055469,4960.5
Nicaragua,LA,1956,1582400.0,0.675,2815461000.0,0.00056204,4961.0
Nicaragua,LA,1957,1630300.0,0.6955,2866148000.0,0.00056881,4961.5
Nicaragua,LA,1958,1678200.0,0.716,2918168000.0,0.00057509,4961.9
Nicaragua,LA,1959,1726100.0,0.7365,2971839000.0,0.00058082,4962.3
Nicaragua,LA,1960,1774000.0,0.757,3027112000.0,0.00058604,4962.7
Nicaragua,LA,1961,1836500.0,0.7793,3084358000.0,0.00059542,4935.1
Nicaragua,LA,1962,1899000.0,0.8016,3143380000.0,0.00060413,4909.2
Nicaragua,LA,1963,1961500.0,0.8239,3204489000.0,0.00061211,4885.0
Nicaragua,LA,1964,2024000.0,0.8462,3268074000.0,0.00061933,4862.3
Nicaragua,LA,1965,2086500.0,0.8685,3334092000.0,0.00062581,4841.0
Nicaragua,LA,1966,2149000.0,0.8908,3402738000.0,0.00063155,4820.8
Nicaragua,LA,1967,2211500.0,0.9131,3473827000.0,0.00063662,4801.9
Nicaragua,LA,1968,2274000.0,0.9354,3546719000.0,0.00064116,4783.9
Nicaragua,LA,1969,2336500.0,0.9577,3620809000.0,0.0006453,4767.0
Nicaragua,LA,1970,2399000.0,0.98,3695944000.0,0.00064909,4750.9
Nicaragua,LA,1971,2484100.0,1.0229,3771809000.0,0.0006586,4789.0
Nicaragua,LA,1972,2569200.0,1.0658,3847786000.0,0.00066771,4824.6
Nicaragua,LA,1973,2654300.0,1.1087,3923766000.0,0.00067647,4857.8
Nicaragua,LA,1974,2739400.0,1.1516,3999654000.0,0.00068491,4889.1
Nicaragua,LA,1975,2824500.0,1.1945,4075437000.0,0.00069305,4918.4
Nicaragua,LA,1976,2909600.0,1.2374,4150660000.0,0.000701,4946.0
Nicaragua,LA,1977,2994700.0,1.2803,4225672000.0,0.00070869,4972.1
Nicaragua,LA,1978,3079800.0,1.3232,4301501000.0,0.00071598,4996.7
Nicaragua,LA,1979,3164900.0,1.3661,4378004000.0,0.00072291,5020.0
Nicaragua,LA,1980,3250000.0,1.409,4456394000.0,0.00072929,5042.1
Nicaragua,LA,1981,3338700.0,1.4242,4535942000.0,0.00073605,4961.0
Nicaragua,LA,1982,3427400.0,1.4394,4616948000.0,0.00074235,4884.2
Nicaragua,LA,1983,3516100.0,1.4546,4699604000.0,0.00074817,4811.3
Nicaragua,LA,1984,3604800.0,1.4698,4784334000.0,0.00075346,4741.9
Nicaragua,LA,1985,3693500.0,1.485,4871434000.0,0.0007582,4675.9
Nicaragua,LA,1986,3782200.0,1.5002,4961120000.0,0.00076237,4613.0
Nicaragua,LA,1987,3870900.0,1.5154,5052960000.0,0.00076607,4553.0
Nicaragua,LA,1988,3959600.0,1.5306,5145733000.0,0.00076949,4495.6
Nicaragua,LA,1989,4048300.0,1.5457999999999998,5237968000.0,0.00077288,4440.8
Nicaragua,LA,1990,4137000.0,1.561,5328602000.0,0.00077638,4388.3
Nicaragua,LA,1991,4233300.0,1.6273,5417317000.0,0.00078144,4470.6
Nicaragua,LA,1992,4329600.0,1.6936,5503880000.0,0.00078665,4549.3
Nicaragua,LA,1993,4425900.0,1.7599,5588359000.0,0.00079199,4624.5
Nicaragua,LA,1994,4522200.0,1.8262,5671048000.0,0.00079742,4696.5
Nicaragua,LA,1995,4618500.0,1.8925,5752408000.0,0.00080288,4765.6
Nicaragua,LA,1996,4714800.0,1.9588,5832484000.0,0.00080837,4831.8
Nicaragua,LA,1997,4811100.0,2.0251,5911415000.0,0.00081387,4895.3
Nicaragua,LA,1998,4907400.0,2.0914,5989470000.0,0.00081934,4956.4
Nicaragua,LA,1999,5003700.0,2.1577,6067325000.0,0.0008247,5015.1
Nicaragua,LA,2000,5100000.0,2.224,6145394000.0,0.00082989,5071.6
Nicaragua,LA,2001,5172200.0,2.2887000000000004,6223661000.0,0.00083105,5146.3
Nicaragua,LA,2002,5244400.0,2.3534,6302453000.0,0.00083212,5218.9
Nicaragua,LA,2003,5316600.0,2.4181,6381858000.0,0.00083308,5289.6
Nicaragua,LA,2004,5388800.0,2.4828,6461988000.0,0.00083392,5358.3
Nicaragua,LA,2005,5461000.0,2.5475000000000003,6542867000.0,0.00083465,5425.3
Nicaragua,LA,2006,5533200.0,2.6122,6624538000.0,0.00083526,5490.5
Nicaragua,LA,2007,5605400.0,2.6769,6707018000.0,0.00083575,5554.0
Nicaragua,LA,2008,5677600.0,2.7416,6790025000.0,0.00083617,5615.9
Nicaragua,LA,2009,5749800.0,2.8063,6874725000.0,0.00083637,5676.2
Nicaragua,LA,2010,5822000.0,2.871,6959421000.0,0.00083656,5735.1
Nicaragua,LA,2011,5902300.0,2.9604,7044266000.0,0.00083789,5833.2
Nicaragua,LA,2012,5982600.0,3.0498,7129609000.0,0.00083912,5928.7
Nicaragua,LA,2013,6062900.0,3.1392,7215047000.0,0.00084031,6021.7
Nicaragua,LA,2014,6143200.0,3.2286,7300248000.0,0.00084151,6112.2
Nicaragua,LA,2015,6223500.0,3.318,7384880000.0,0.00084274,6200.4
Nicaragua,LA,2016,6303800.0,3.4074,7469068000.0,0.00084399,6286.4
Nicaragua,LA,2017,6384100.0,3.4968,7550393000.0,0.00084553,6370.2
Nicaragua,LA,2018,6464400.0,3.5862,7632955000.0,0.00084691,6451.9
Nicaragua,LA,2019,6544700.0,3.6756,7714577000.0,0.00084836,6531.6
Nicaragua,LA,2020,6625000.0,3.765,7795482000.0,0.00084985,6609.4
Nigeria,Af,1820,16356000.0,6.945,1047270000.0,0.01561775,4938.3
Nigeria,Af,1821,16378600.0,6.9554,1052728000.0,0.01555824,4938.8
Nigeria,Af,1822,16401200.0,6.965800000000001,1058224000.0,0.0154988,4939.4
Nigeria,Af,1823,16423800.0,6.9762,1063824000.0,0.01543846,4940.0
Nigeria,Af,1824,16446400.000000002,6.9866,1069477000.0,0.01537798,4940.5
Nigeria,Af,1825,16469000.0,6.997,1075142000.0,0.01531798,4941.1
Nigeria,Af,1826,16491599.999999998,7.0074000000000005,1080733000.0,0.01525964,4941.7
Nigeria,Af,1827,16514200.0,7.0178,1086318000.0,0.01520199,4942.2
Nigeria,Af,1828,16536800.0,7.0282,1091853000.0,0.01514563,4942.8
Nigeria,Af,1829,16559400.000000002,7.038600000000001,1097270000.0,0.01509145,4943.4
Nigeria,Af,1830,16582000.0,7.049,1102518000.0,0.01504012,4943.9
Nigeria,Af,1831,16700900.000000002,7.1004000000000005,1108061000.0,0.01507218,4944.5
Nigeria,Af,1832,16819800.0,7.151800000000001,1113520000.0,0.01510507,4945.1
Nigeria,Af,1833,16938700.0,7.2032,1119039000.0,0.01513683,4945.7
Nigeria,Af,1834,17057600.0,7.2546,1124554000.0,0.01516832,4946.2
Nigeria,Af,1835,17176500.0,7.306,1130361000.0,0.01519559,4946.8
Nigeria,Af,1836,17295400.0,7.3574,1136068000.0,0.01522391,4947.4
Nigeria,Af,1837,17414300.0,7.4088,1141817000.0,0.01525139,4947.9
Nigeria,Af,1838,17533200.0,7.460199999999999,1147560000.0,0.01527868,4948.4
Nigeria,Af,1839,17652100.0,7.5116,1153428000.0,0.01530403,4949.0
Nigeria,Af,1840,17771000.0,7.563,1159310000.0,0.01532895,4949.5
Nigeria,Af,1841,17721700.0,7.5428,1165435000.0,0.01520608,4950.0
Nigeria,Af,1842,17672400.0,7.5226,1171545000.0,0.0150847,4950.5
Nigeria,Af,1843,17623100.0,7.5024,1177631000.0,0.01496487,4951.1
Nigeria,Af,1844,17573800.0,7.4822,1183818000.0,0.01484502,4951.6
Nigeria,Af,1845,17524500.0,7.462,1190091000.0,0.01472534,4952.1
Nigeria,Af,1846,17475200.0,7.4418,1196249000.0,0.01460833,4952.6
Nigeria,Af,1847,17425900.0,7.4216,1201397000.0,0.0145047,4953.2
Nigeria,Af,1848,17376600.0,7.4014,1205963000.0,0.0144089,4953.7
Nigeria,Af,1849,17327300.0,7.3812,1211069000.0,0.01430744,4954.2
Nigeria,Af,1850,17278000.0,7.361,1216574000.0,0.01420218,4954.8
Nigeria,Af,1851,17312600.0,7.369,1218975000.0,0.01420259,4950.2
Nigeria,Af,1852,17347200.0,7.377,1221557000.0,0.01420089,4945.7
Nigeria,Af,1853,17381800.0,7.385,1224259000.0,0.01419781,4941.2
Nigeria,Af,1854,17416400.0,7.393,1226726000.0,0.01419747,4936.8
Nigeria,Af,1855,17451000.0,7.401,1228814000.0,0.0142015,4932.3
Nigeria,Af,1856,17485600.0,7.409,1231565000.0,0.01419787,4927.9
Nigeria,Af,1857,17520200.0,7.417,1234524000.0,0.01419187,4923.4
Nigeria,Af,1858,17554800.0,7.425,1237487000.0,0.01418585,4919.0
Nigeria,Af,1859,17589400.0,7.433,1240642000.0,0.01417766,4914.7
Nigeria,Af,1860,17624000.0,7.441,1243735000.0,0.01417022,4910.3
Nigeria,Af,1861,17659300.0,7.4428,1247652000.0,0.01415403,4901.7
Nigeria,Af,1862,17694600.0,7.444599999999999,1250707000.0,0.01414768,4893.1
Nigeria,Af,1863,17729900.0,7.4464,1254013000.0,0.01413853,4884.5
Nigeria,Af,1864,17765200.0,7.4482,1257290000.0,0.01412976,4876.0
Nigeria,Af,1865,17800500.0,7.449999999999999,1260601000.0,0.01412065,4867.5
Nigeria,Af,1866,17835800.0,7.451799999999999,1263629000.0,0.01411474,4859.0
Nigeria,Af,1867,17871100.0,7.4536,1266809000.0,0.01410718,4850.6
Nigeria,Af,1868,17906400.0,7.4554,1269858000.0,0.0141011,4842.2
Nigeria,Af,1869,17941700.0,7.457199999999999,1271405000.0,0.01411171,4833.8
Nigeria,Af,1870,17977000.0,7.459,1274661000.0,0.01410336,4825.5
Nigeria,Af,1871,18013100.0,7.4848,1282387000.0,0.01404654,4832.5
Nigeria,Af,1872,18049200.0,7.510599999999999,1290858000.0,0.01398233,4839.5
Nigeria,Af,1873,18085300.0,7.536399999999999,1299848000.0,0.0139134,4846.4
Nigeria,Af,1874,18121400.0,7.5622,1309013000.0,0.01384356,4853.3
Nigeria,Af,1875,18157500.0,7.587999999999999,1318339000.0,0.01377301,4860.2
Nigeria,Af,1876,18193600.0,7.613799999999999,1327814000.0,0.01370192,4867.0
Nigeria,Af,1877,18229700.0,7.6396,1337399000.0,0.01363071,4873.8
Nigeria,Af,1878,18265800.0,7.6654,1347055000.0,0.0135598,4880.6
Nigeria,Af,1879,18301900.0,7.691199999999999,1356760000.0,0.01348942,4887.4
Nigeria,Af,1880,18338000.0,7.717,1366310000.0,0.01342155,4894.1
Nigeria,Af,1881,18374700.0,7.7313,1376041000.0,0.01335331,4893.4
Nigeria,Af,1882,18411400.0,7.7456,1385750000.0,0.01328623,4892.7
Nigeria,Af,1883,18448100.0,7.7599,1395507000.0,0.01321964,4892.0
Nigeria,Af,1884,18484800.0,7.774199999999999,1405536000.0,0.01315142,4891.3
Nigeria,Af,1885,18521500.0,7.7885,1415514000.0,0.01308465,4890.5
Nigeria,Af,1886,18558200.0,7.8028,1425627000.0,0.01301757,4889.8
Nigeria,Af,1887,18594900.0,7.8171,1435759000.0,0.01295127,4889.1
Nigeria,Af,1888,18631600.0,7.8314,1445944000.0,0.01288542,4888.4
Nigeria,Af,1889,18668300.0,7.8457,1456277000.0,0.0128192,4887.7
Nigeria,Af,1890,18705000.0,7.86,1466582000.0,0.01275415,4887.0
Nigeria,Af,1891,18742500.0,7.8522,1477705000.0,0.01268352,4872.4
Nigeria,Af,1892,18780000.0,7.8444,1488973000.0,0.01261272,4857.8
Nigeria,Af,1893,18817500.0,7.836600000000001,1500286000.0,0.01254261,4843.3
Nigeria,Af,1894,18855000.0,7.8288,1511963000.0,0.01247054,4828.9
Nigeria,Af,1895,18892500.0,7.821,1523676000.0,0.01239929,4814.5
Nigeria,Af,1896,18930000.0,7.8132,1535655000.0,0.01232699,4800.2
Nigeria,Af,1897,18967500.0,7.805400000000001,1547830000.0,0.01225425,4785.9
Nigeria,Af,1898,19005000.0,7.7976,1560243000.0,0.01218079,4771.7
Nigeria,Af,1899,19042500.0,7.7898,1572611000.0,0.01210884,4757.5
Nigeria,Af,1900,19080000.0,7.782,1584867000.0,0.01203887,4743.4
Nigeria,Af,1901,19166100.0,7.8262,1600044000.0,0.01197848,4748.9
Nigeria,Af,1902,19252200.0,7.8704,1615427000.0,0.01191772,4754.4
Nigeria,Af,1903,19338300.0,7.9146,1630965000.0,0.01185697,4759.8
Nigeria,Af,1904,19424400.0,7.9588,1646581000.0,0.01179681,4765.2
Nigeria,Af,1905,19510500.0,8.003,1662453000.0,0.01173597,4770.5
Nigeria,Af,1906,19596600.0,8.0472,1678596000.0,0.0116744,4775.8
Nigeria,Af,1907,19682700.0,8.0914,1695030000.0,0.01161201,4781.0
Nigeria,Af,1908,19768800.0,8.1356,1711586000.0,0.01154999,4786.2
Nigeria,Af,1909,19854900.0,8.1798,1728501000.0,0.01148677,4791.3
Nigeria,Af,1910,19941000.0,8.224,1745736000.0,0.01142269,4796.4
Nigeria,Af,1911,20287600.0,8.3562,1762399000.0,0.01151135,4790.2
Nigeria,Af,1912,20634200.0,8.4884,1779061000.0,0.01159837,4784.3
Nigeria,Af,1913,20980800.0,8.6206,1796080000.0,0.01168144,4778.5
Nigeria,Af,1914,21327400.0,8.7528,1808262000.0,0.01179442,4773.0
Nigeria,Af,1915,21674000.0,8.885,1818401000.0,0.01191926,4767.6
Nigeria,Af,1916,22020600.0,9.0172,1828586000.0,0.01204242,4762.4
Nigeria,Af,1917,22367200.0,9.1494,1839381000.0,0.01216018,4757.3
Nigeria,Af,1918,22713800.0,9.2816,1849942000.0,0.01227811,4752.4
Nigeria,Af,1919,23060400.0,9.4138,1862569000.0,0.01238096,4747.6
Nigeria,Af,1920,23407000.0,9.546,1875297000.0,0.01248176,4743.0
Nigeria,Af,1921,23813900.0,9.7195,1886887000.0,0.01262073,4746.7
Nigeria,Af,1922,24220800.0,9.893,1903926000.0,0.0127215,4750.3
Nigeria,Af,1923,24627700.0,10.0665,1924127000.0,0.01279942,4753.7
Nigeria,Af,1924,25034600.0,10.24,1946371000.0,0.01286219,4757.1
Nigeria,Af,1925,25441500.0,10.4135,1968879000.0,0.01292182,4760.3
Nigeria,Af,1926,25848400.0,10.587,1991829000.0,0.01297722,4763.4
Nigeria,Af,1927,26255300.0,10.7605,2014443000.0,0.01303353,4766.5
Nigeria,Af,1928,26662200.0,10.934,2036576000.0,0.01309168,4769.4
Nigeria,Af,1929,27069100.0,11.1075,2059103000.0,0.01314606,4772.2
Nigeria,Af,1930,27476000.0,11.281,2080211000.0,0.01320828,4775.0
Nigeria,Af,1931,27953700.0,11.3971,2101812000.0,0.01329981,4741.7
Nigeria,Af,1932,28431400.0,11.5132,2121508000.0,0.0134015,4709.5
Nigeria,Af,1933,28909100.0,11.6293,2140973000.0,0.01350279,4678.4
Nigeria,Af,1934,29386800.0,11.7454,2161152000.0,0.01359775,4648.3
Nigeria,Af,1935,29864500.0,11.8615,2181702000.0,0.01368862,4619.2
Nigeria,Af,1936,30342200.0,11.9776,2203365000.0,0.01377085,4590.9
Nigeria,Af,1937,30819900.0,12.0937,2226159000.0,0.01384443,4563.6
Nigeria,Af,1938,31297600.0,12.2098,2250491000.0,0.01390701,4537.1
Nigeria,Af,1939,31775300.0,12.3259,2275307000.0,0.01396528,4511.4
Nigeria,Af,1940,32253000.0,12.442,2296743000.0,0.01404293,4486.4
Nigeria,Af,1941,32813699.999999996,12.7281,2313071000.0,0.01418621,4511.2
Nigeria,Af,1942,33374400.0,13.0142,2331578000.0,0.01431408,4535.1
Nigeria,Af,1943,33935100.0,13.3003,2350140000.0,0.01443961,4558.2
Nigeria,Af,1944,34495800.0,13.5864,2368872000.0,0.01456212,4580.6
Nigeria,Af,1945,35056500.0,13.8725,2394093000.0,0.01464291,4602.2
Nigeria,Af,1946,35617200.0,14.1586,2419526000.0,0.01472073,4623.2
Nigeria,Af,1947,36177900.0,14.4447,2446628000.0,0.01478684,4643.5
Nigeria,Af,1948,36738600.0,14.7308,2473860000.0,0.01485072,4663.2
Nigeria,Af,1949,37299300.0,15.0169,2501856000.0,0.01490865,4682.3
Nigeria,Af,1950,37860000.0,15.303,2529794000.0,0.01496565,4700.8
Nigeria,Af,1951,38587800.0,15.5584,2577776000.0,0.01496942,4689.2
Nigeria,Af,1952,39315600.0,15.8138,2624866000.0,0.01497814,4677.9
Nigeria,Af,1953,40043400.0,16.069200000000002,2671465000.0,0.0149893,4667.1
Nigeria,Af,1954,40771200.0,16.3246,2718563000.0,0.01499733,4656.6
Nigeria,Af,1955,41499000.0,16.58,2766430000.0,0.01500092,4646.5
Nigeria,Af,1956,42226800.0,16.8354,2815461000.0,0.01499818,4636.8
Nigeria,Af,1957,42954600.0,17.0908,2866148000.0,0.01498687,4627.4
Nigeria,Af,1958,43682400.0,17.3462,2918168000.0,0.01496912,4618.3
Nigeria,Af,1959,44410200.0,17.601599999999998,2971839000.0,0.01494368,4609.5
Nigeria,Af,1960,45138000.0,17.857,3027112000.0,0.01491124,4600.9
Nigeria,Af,1961,46222300.0,18.1692,3084358000.0,0.01498604,4571.6
Nigeria,Af,1962,47306600.0,18.4814,3143380000.0,0.0150496,4543.5
Nigeria,Af,1963,48390900.0,18.7936,3204489000.0,0.01510097,4516.7
Nigeria,Af,1964,49475200.0,19.1058,3268074000.0,0.01513895,4491.1
Nigeria,Af,1965,50559500.0,19.418,3334092000.0,0.0151644,4466.6
Nigeria,Af,1966,51643800.0,19.7302,3402738000.0,0.01517713,4443.2
Nigeria,Af,1967,52728100.0,20.0424,3473827000.0,0.01517868,4420.7
Nigeria,Af,1968,53812400.0,20.3546,3546719000.0,0.01517245,4399.1
Nigeria,Af,1969,54896700.0,20.6668,3620809000.0,0.01516145,4378.3
Nigeria,Af,1970,55981000.0,20.979,3695944000.0,0.0151466,4358.4
Nigeria,Af,1971,57729000.0,21.9617,3771809000.0,0.01530539,4424.4
Nigeria,Af,1972,59477000.0,22.9444,3847786000.0,0.01545746,4486.5
Nigeria,Af,1973,61225000.0,23.9271,3923766000.0,0.01560363,4545.1
Nigeria,Af,1974,62973000.0,24.9098,3999654000.0,0.01574461,4600.4
Nigeria,Af,1975,64721000.0,25.8925,4075437000.0,0.01588075,4652.7
Nigeria,Af,1976,66469000.0,26.8752,4150660000.0,0.01601408,4702.3
Nigeria,Af,1977,68217000.0,27.8579,4225672000.0,0.01614347,4749.4
Nigeria,Af,1978,69965000.0,28.8406,4301501000.0,0.01626525,4794.1
Nigeria,Af,1979,71713000.0,29.8233,4378004000.0,0.0163803,4836.6
Nigeria,Af,1980,73461000.0,30.806,4456394000.0,0.0164844,4877.1
Nigeria,Af,1981,75641900.0,31.8028,4535942000.0,0.01667612,4889.7
Nigeria,Af,1982,77822800.0,32.7996,4616948000.0,0.0168559,4901.6
Nigeria,Af,1983,80003700.0,33.7964,4699604000.0,0.0170235,4912.9
Nigeria,Af,1984,82184600.0,34.7932,4784334000.0,0.01717786,4923.6
Nigeria,Af,1985,84365500.0,35.79,4871434000.0,0.01731841,4933.7
Nigeria,Af,1986,86546400.0,36.7868,4961120000.0,0.01744493,4943.4
Nigeria,Af,1987,88727300.0,37.7836,5052960000.0,0.01755947,4952.5
Nigeria,Af,1988,90908200.0,38.7804,5145733000.0,0.01766672,4961.2
Nigeria,Af,1989,93089100.0,39.7772,5237968000.0,0.01777199,4969.5
Nigeria,Af,1990,95270000.0,40.774,5328602000.0,0.01787899,4977.4
Nigeria,Af,1991,97978200.0,41.6994,5417317000.0,0.01808611,4949.7
Nigeria,Af,1992,100686400.0,42.6248,5503880000.0,0.01829371,4923.5
Nigeria,Af,1993,103394600.0,43.5502,5588359000.0,0.01850178,4898.6
Nigeria,Af,1994,106102800.0,44.4756,5671048000.0,0.01870956,4875.0
Nigeria,Af,1995,108811000.0,45.401,5752408000.0,0.01891573,4852.6
Nigeria,Af,1996,111519200.0,46.3264,5832484000.0,0.01912036,4831.2
Nigeria,Af,1997,114227400.0,47.2518,5911415000.0,0.01932319,4810.9
Nigeria,Af,1998,116935600.0,48.1772,5989470000.0,0.01952353,4791.5
Nigeria,Af,1999,119643800.0,49.1026,6067325000.0,0.01971937,4773.0
Nigeria,Af,2000,122352000.0,50.028,6145394000.0,0.01990955,4755.3
Nigeria,Af,2001,125974600.0,50.9717,6223661000.0,0.02024124,4705.7
Nigeria,Af,2002,129597200.0,51.9154,6302453000.0,0.02056298,4658.9
Nigeria,Af,2003,133219799.99999999,52.8591,6381858000.0,0.02087477,4614.6
Nigeria,Af,2004,136842400.0,53.8028,6461988000.0,0.02117652,4572.6
Nigeria,Af,2005,140465000.0,54.7465,6542867000.0,0.02146842,4532.8
Nigeria,Af,2006,144087600.0,55.6902,6624538000.0,0.02175059,4495.0
Nigeria,Af,2007,147710200.0,56.6339,6707018000.0,0.02202323,4459.1
Nigeria,Af,2008,151332800.0,57.5776,6790025000.0,0.02228752,4424.9
Nigeria,Af,2009,154955400.0,58.5213,6874725000.0,0.02253987,4392.2
Nigeria,Af,2010,158578000.0,59.465,6959421000.0,0.02278609,4361.1
Nigeria,Af,2011,163334200.0,62.4392,7044266000.0,0.02318683,4445.9
Nigeria,Af,2012,168090400.0,65.4134,7129609000.0,0.02357638,4525.9
Nigeria,Af,2013,172846600.0,68.38759999999999,7215047000.0,0.02395641,4601.5
Nigeria,Af,2014,177602800.0,71.3618,7300248000.0,0.02432832,4673.0
Nigeria,Af,2015,182359000.0,74.336,7384880000.0,0.02469356,4740.8
Nigeria,Af,2016,187115200.0,77.3102,7469068000.0,0.02505201,4805.2
Nigeria,Af,2017,191871400.0,80.28439999999999,7550393000.0,0.02541211,4866.3
Nigeria,Af,2018,196627600.0,83.2586,7632955000.0,0.02576035,4924.5
Nigeria,Af,2019,201383800.0,86.2328,7714577000.0,0.02610432,4980.0
Nigeria,Af,2020,206140000.0,89.207,7795482000.0,0.02644352,5032.9
Norway,WE,1820,970000.0,0.941,1047270000.0,0.00092622,11282.3
Norway,WE,1821,985400.0,0.9474,1052728000.0,0.00093604,11181.5
Norway,WE,1822,1000800.0,0.9538,1058224000.0,0.00094574,11083.8
Norway,WE,1823,1016200.0,0.9602,1063824000.0,0.00095523,10989.1
Norway,WE,1824,1031599.9999999999,0.9666,1069477000.0,0.00096458,10897.2
Norway,WE,1825,1047000.0,0.973,1075142000.0,0.00097382,10808.0
Norway,WE,1826,1062400.0,0.9794,1080733000.0,0.00098304,10721.4
Norway,WE,1827,1077800.0,0.9858,1086318000.0,0.00099216,10637.3
Norway,WE,1828,1093200.0,0.9922,1091853000.0,0.00100123,10555.5
Norway,WE,1829,1108600.0,0.9986,1097270000.0,0.00101033,10476.0
Norway,WE,1830,1124000.0,1.005,1102518000.0,0.00101948,10398.7
Norway,WE,1831,1135700.0,1.0108,1108061000.0,0.00102494,10351.0
Norway,WE,1832,1147400.0,1.0166,1113520000.0,0.00103043,10304.2
Norway,WE,1833,1159100.0,1.0224,1119039000.0,0.0010358,10258.4
Norway,WE,1834,1170800.0,1.0282,1124554000.0,0.00104112,10213.5
Norway,WE,1835,1182500.0,1.0339999999999998,1130361000.0,0.00104613,10169.5
Norway,WE,1836,1194200.0,1.0397999999999998,1136068000.0,0.00105117,10126.3
Norway,WE,1837,1205900.0,1.0456,1141817000.0,0.00105612,10084.0
Norway,WE,1838,1217600.0,1.0514,1147560000.0,0.00106103,10042.5
Norway,WE,1839,1229300.0,1.0572,1153428000.0,0.00106578,10001.8
Norway,WE,1840,1241000.0,1.063,1159310000.0,0.00107046,9961.9
Norway,WE,1841,1256100.0,1.0704,1165435000.0,0.00107779,9910.6
Norway,WE,1842,1271200.0,1.0778,1171545000.0,0.00108506,9860.6
Norway,WE,1843,1286300.0,1.0852,1177631000.0,0.00109228,9811.8
Norway,WE,1844,1301400.0,1.0926,1183818000.0,0.00109932,9764.1
Norway,WE,1845,1316500.0,1.1,1190091000.0,0.00110622,9717.4
Norway,WE,1846,1331600.0,1.1074,1196249000.0,0.00111315,9671.9
Norway,WE,1847,1346700.0,1.1148,1201397000.0,0.00112095,9627.3
Norway,WE,1848,1361800.0,1.1222,1205963000.0,0.00112922,9583.8
Norway,WE,1849,1376900.0,1.1296,1211069000.0,0.00113693,9541.2
Norway,WE,1850,1392000.0,1.137,1216574000.0,0.0011442,9499.5
Norway,WE,1851,1412400.0,1.1562,1218975000.0,0.00115868,9520.4
Norway,WE,1852,1432800.0,1.1754,1221557000.0,0.00117293,9540.7
Norway,WE,1853,1453200.0,1.1946,1224259000.0,0.001187,9560.4
Norway,WE,1854,1473600.0,1.2138,1226726000.0,0.00120125,9579.6
Norway,WE,1855,1494000.0,1.233,1228814000.0,0.00121581,9598.3
Norway,WE,1856,1514400.0,1.2522,1231565000.0,0.00122965,9616.4
Norway,WE,1857,1534800.0,1.2714,1234524000.0,0.00124323,9634.1
Norway,WE,1858,1555200.0,1.2906,1237487000.0,0.00125674,9651.3
Norway,WE,1859,1575600.0,1.3098,1240642000.0,0.00126999,9668.0
Norway,WE,1860,1596000.0,1.329,1243735000.0,0.00128323,9684.4
Norway,WE,1861,1609900.0,1.346,1247652000.0,0.00129034,9723.6
Norway,WE,1862,1623800.0,1.363,1250707000.0,0.00129831,9762.1
Norway,WE,1863,1637700.0,1.38,1254013000.0,0.00130597,9800.0
Norway,WE,1864,1651600.0,1.397,1257290000.0,0.00131362,9837.2
Norway,WE,1865,1665500.0,1.414,1260601000.0,0.0013212,9873.8
Norway,WE,1866,1679400.0,1.431,1263629000.0,0.00132903,9909.8
Norway,WE,1867,1693300.0,1.448,1266809000.0,0.00133667,9945.2
Norway,WE,1868,1707200.0,1.465,1269858000.0,0.0013444,9980.1
Norway,WE,1869,1721100.0,1.4820000000000002,1271405000.0,0.0013537,10014.3
Norway,WE,1870,1735000.0,1.499,1274661000.0,0.00136115,10048.1
Norway,WE,1871,1753400.0,1.524,1282387000.0,0.00136729,10108.4
Norway,WE,1872,1771800.0,1.5490000000000002,1290858000.0,0.00137258,10167.6
Norway,WE,1873,1790200.0,1.574,1299848000.0,0.00137724,10225.5
Norway,WE,1874,1808600.0,1.5990000000000002,1309013000.0,0.00138165,10282.2
Norway,WE,1875,1827000.0,1.624,1318339000.0,0.00138583,10337.8
Norway,WE,1876,1845400.0,1.649,1327814000.0,0.0013898,10392.3
Norway,WE,1877,1863800.0,1.6740000000000002,1337399000.0,0.0013936,10445.7
Norway,WE,1878,1882200.0,1.699,1347055000.0,0.00139727,10498.0
Norway,WE,1879,1900600.0,1.7240000000000002,1356760000.0,0.00140084,10549.4
Norway,WE,1880,1919000.0,1.749,1366310000.0,0.00140451,10599.7
Norway,WE,1881,1926800.0,1.7706000000000002,1376041000.0,0.00140025,10687.2
Norway,WE,1882,1934600.0,1.7922,1385750000.0,0.00139607,10774.0
Norway,WE,1883,1942400.0,1.8138,1395507000.0,0.0013919,10860.0
Norway,WE,1884,1950200.0,1.8354,1405536000.0,0.00138751,10945.4
Norway,WE,1885,1958000.0,1.857,1415514000.0,0.00138324,11030.1
Norway,WE,1886,1965800.0,1.8786,1425627000.0,0.0013789,11114.1
Norway,WE,1887,1973600.0,1.9002,1435759000.0,0.0013746,11197.5
Norway,WE,1888,1981400.0,1.9218,1445944000.0,0.00137032,11280.2
Norway,WE,1889,1989200.0,1.9434,1456277000.0,0.00136595,11362.2
Norway,WE,1890,1997000.0,1.965,1466582000.0,0.00136167,11443.6
Norway,WE,1891,2020300.0,2.0364,1477705000.0,0.00136719,11722.7
Norway,WE,1892,2043600.0,2.1078,1488973000.0,0.00137249,11995.4
Norway,WE,1893,2066900.0,2.1792,1500286000.0,0.00137767,12261.9
Norway,WE,1894,2090199.9999999998,2.2506,1511963000.0,0.00138244,12522.5
Norway,WE,1895,2113500.0,2.322,1523676000.0,0.00138711,12777.3
Norway,WE,1896,2136800.0,2.3934,1535655000.0,0.00139146,13026.6
Norway,WE,1897,2160100.0,2.4648,1547830000.0,0.00139557,13270.5
Norway,WE,1898,2183400.0,2.5362,1560243000.0,0.0013994,13509.2
Norway,WE,1899,2206700.0,2.6076,1572611000.0,0.00140321,13742.9
Norway,WE,1900,2230000.0,2.679,1584867000.0,0.00140706,13971.6
Norway,WE,1901,2245400.0,2.7462,1600044000.0,0.00140334,14223.9
Norway,WE,1902,2260800.0,2.8134,1615427000.0,0.00139951,14472.7
Norway,WE,1903,2276200.0,2.8806,1630965000.0,0.00139562,14718.1
Norway,WE,1904,2291600.0,2.9478,1646581000.0,0.00139173,14960.3
Norway,WE,1905,2307000.0,3.015,1662453000.0,0.00138771,15199.2
Norway,WE,1906,2322400.0,3.0822,1678596000.0,0.00138354,15434.9
Norway,WE,1907,2337800.0,3.1494,1695030000.0,0.00137921,15667.5
Norway,WE,1908,2353200.0,3.2166,1711586000.0,0.00137487,15897.1
Norway,WE,1909,2368600.0,3.2838,1728501000.0,0.00137032,16123.7
Norway,WE,1910,2384000.0,3.351,1745736000.0,0.00136561,16347.4
Norway,WE,1911,2409100.0,3.3577,1762399000.0,0.00136694,16209.4
Norway,WE,1912,2434200.0,3.3644,1779061000.0,0.00136825,16074.3
Norway,WE,1913,2459300.0,3.3711,1796080000.0,0.00136926,15941.9
Norway,WE,1914,2484400.0,3.3778,1808262000.0,0.00137392,15812.2
Norway,WE,1915,2509500.0,3.3845,1818401000.0,0.00138006,15685.1
Norway,WE,1916,2534600.0,3.3912,1828586000.0,0.0013861,15560.5
Norway,WE,1917,2559700.0,3.3979,1839381000.0,0.00139161,15438.4
Norway,WE,1918,2584800.0,3.4046000000000003,1849942000.0,0.00139723,15318.6
Norway,WE,1919,2609900.0,3.4113,1862569000.0,0.00140124,15201.1
Norway,WE,1920,2635000.0,3.418,1875297000.0,0.00140511,15085.9
Norway,WE,1921,2652200.0,3.4909000000000003,1886887000.0,0.0014056,15307.7
Norway,WE,1922,2669400.0,3.5638,1903926000.0,0.00140205,15526.7
Norway,WE,1923,2686600.0,3.6367,1924127000.0,0.00139627,15742.9
Norway,WE,1924,2703800.0,3.7096,1946371000.0,0.00138915,15956.3
Norway,WE,1925,2721000.0,3.7825,1968879000.0,0.001382,16167.0
Norway,WE,1926,2738200.0,3.8554,1991829000.0,0.00137472,16375.1
Norway,WE,1927,2755400.0,3.9283,2014443000.0,0.00136782,16580.6
Norway,WE,1928,2772600.0,4.0012,2036576000.0,0.0013614,16783.5
Norway,WE,1929,2789800.0,4.0741000000000005,2059103000.0,0.00135486,16983.9
Norway,WE,1930,2807000.0,4.147,2080211000.0,0.00134938,17181.9
Norway,WE,1931,2823600.0,4.2728,2101812000.0,0.00134341,17599.0
Norway,WE,1932,2840200.0,4.3986,2121508000.0,0.00133876,18011.3
Norway,WE,1933,2856800.0,4.5244,2140973000.0,0.00133435,18418.8
Norway,WE,1934,2873400.0,4.6502,2161152000.0,0.00132957,18821.5
Norway,WE,1935,2890000.0,4.776,2181702000.0,0.00132465,19219.7
Norway,WE,1936,2906600.0,4.9018,2203365000.0,0.00131916,19613.3
Norway,WE,1937,2923200.0,5.0276000000000005,2226159000.0,0.00131311,20002.4
Norway,WE,1938,2939800.0,5.1534,2250491000.0,0.00130629,20387.1
Norway,WE,1939,2956400.0,5.2792,2275307000.0,0.00129934,20767.5
Norway,WE,1940,2973000.0,5.405,2296743000.0,0.00129444,21143.7
Norway,WE,1941,3002200.0,5.5076,2313071000.0,0.00129793,21335.5
Norway,WE,1942,3031400.0,5.6102,2331578000.0,0.00130015,21523.6
Norway,WE,1943,3060600.0,5.7128000000000005,2350140000.0,0.00130231,21708.1
Norway,WE,1944,3089800.0,5.8154,2368872000.0,0.00130433,21889.2
Norway,WE,1945,3119000.0,5.918,2394093000.0,0.00130279,22066.8
Norway,WE,1946,3148200.0,6.0206,2419526000.0,0.00130116,22241.1
Norway,WE,1947,3177400.0,6.1232,2446628000.0,0.00129869,22412.3
Norway,WE,1948,3206600.0,6.2258,2473860000.0,0.00129619,22580.3
Norway,WE,1949,3235800.0,6.3284,2501856000.0,0.00129336,22745.3
Norway,WE,1950,3265000.0,6.431,2529794000.0,0.00129062,22907.4
Norway,WE,1951,3296600.0,6.7319,2577776000.0,0.00127885,23749.3
Norway,WE,1952,3328200.0,7.0328,2624866000.0,0.00126795,24575.3
Norway,WE,1953,3359800.0,7.3337,2671465000.0,0.00125766,25385.7
Norway,WE,1954,3391400.0,7.6346,2718563000.0,0.0012475,26181.0
Norway,WE,1955,3423000.0,7.935499999999999,2766430000.0,0.00123733,26961.7
Norway,WE,1956,3454600.0,8.2364,2815461000.0,0.00122701,27728.1
Norway,WE,1957,3486200.0,8.5373,2866148000.0,0.00121634,28480.5
Norway,WE,1958,3517800.0,8.8382,2918168000.0,0.00120548,29219.5
Norway,WE,1959,3549400.0,9.1391,2971839000.0,0.00119434,29945.3
Norway,WE,1960,3581000.0,9.44,3027112000.0,0.00118298,30658.3
Norway,WE,1961,3610600.0,10.1608,3084358000.0,0.00117062,32728.7
Norway,WE,1962,3640200.0,10.8816,3143380000.0,0.00115805,34765.4
Norway,WE,1963,3669800.0,11.6024,3204489000.0,0.00114521,36769.3
Norway,WE,1964,3699400.0,12.3232,3268074000.0,0.00113198,38741.1
Norway,WE,1965,3729000.0,13.044,3334092000.0,0.00111845,40681.6
Norway,WE,1966,3758600.0,13.7648,3402738000.0,0.00110458,42591.6
Norway,WE,1967,3788200.0,14.4856,3473827000.0,0.0010905,44471.7
Norway,WE,1968,3817800.0,15.2064,3546719000.0,0.00107643,46322.6
Norway,WE,1969,3847400.0,15.9272,3620809000.0,0.00106258,48145.1
Norway,WE,1970,3877000.0,16.648,3695944000.0,0.00104899,49939.7
Norway,WE,1971,3897900.0,17.1247,3771809000.0,0.00103343,51094.2
Norway,WE,1972,3918800.0,17.601399999999998,3847786000.0,0.00101846,52236.5
Norway,WE,1973,3939700.0,18.0781,3923766000.0,0.00100406,53366.6
Norway,WE,1974,3960600.0,18.5548,3999654000.0,0.00099024,54484.8
Norway,WE,1975,3981500.0,19.0315,4075437000.0,0.00097695,55591.2
Norway,WE,1976,4002400.0,19.5082,4150660000.0,0.00096428,56686.1
Norway,WE,1977,4023300.0,19.9849,4225672000.0,0.00095211,57769.6
Norway,WE,1978,4044200.0,20.4616,4301501000.0,0.00094018,58841.9
Norway,WE,1979,4065100.0,20.9383,4378004000.0,0.00092853,59903.2
Norway,WE,1980,4086000.0,21.415,4456394000.0,0.00091688,60953.6
Norway,WE,1981,4101600.0000000005,21.9942,4535942000.0,0.00090424,62364.1
Norway,WE,1982,4117200.0,22.5734,4616948000.0,0.00089176,63763.9
Norway,WE,1983,4132800.0,23.1526,4699604000.0,0.00087939,65153.1
Norway,WE,1984,4148399.9999999995,23.7318,4784334000.0,0.00086708,66531.9
Norway,WE,1985,4164000.0,24.311,4871434000.0,0.00085478,67900.3
Norway,WE,1986,4179600.0000000005,24.8902,4961120000.0,0.00084247,69258.5
Norway,WE,1987,4195200.0,25.4694,5052960000.0,0.00083025,70606.7
Norway,WE,1988,4210800.0,26.0486,5145733000.0,0.00081831,71944.8
Norway,WE,1989,4226400.0,26.6278,5237968000.0,0.00080688,73273.1
Norway,WE,1990,4242000.0,27.207,5328602000.0,0.00079608,74591.6
Norway,WE,1991,4267000.0,27.7597,5417317000.0,0.00078766,75661.0
Norway,WE,1992,4292000.0,28.3124,5503880000.0,0.00077981,76717.9
Norway,WE,1993,4317000.0,28.8651,5588359000.0,0.0007725,77762.6
Norway,WE,1994,4342000.0,29.4178,5671048000.0,0.00076564,78795.3
Norway,WE,1995,4367000.0,29.9705,5752408000.0,0.00075916,79816.1
Norway,WE,1996,4392000.0,30.523200000000003,5832484000.0,0.00075302,80825.3
Norway,WE,1997,4417000.0,31.0759,5911415000.0,0.0007472,81823.1
Norway,WE,1998,4442000.0,31.6286,5989470000.0,0.00074163,82809.7
Norway,WE,1999,4467000.0,32.1813,6067325000.0,0.00073624,83785.2
Norway,WE,2000,4492000.0,32.734,6145394000.0,0.00073095,84749.9
Norway,WE,2001,4531400.0,32.681200000000004,6223661000.0,0.00072809,83877.5
Norway,WE,2002,4570800.0,32.6284,6302453000.0,0.00072524,83020.1
Norway,WE,2003,4610200.0,32.5756,6381858000.0,0.00072239,82177.4
Norway,WE,2004,4649600.0,32.522800000000004,6461988000.0,0.00071953,81349.0
Norway,WE,2005,4689000.0,32.47,6542867000.0,0.00071666,80534.5
Norway,WE,2006,4728400.0,32.4172,6624538000.0,0.00071377,79733.5
Norway,WE,2007,4767800.0,32.3644,6707018000.0,0.00071087,78945.8
Norway,WE,2008,4807200.0,32.311600000000006,6790025000.0,0.00070798,78171.1
Norway,WE,2009,4846600.0,32.2588,6874725000.0,0.00070499,77408.9
Norway,WE,2010,4886000.0,32.206,6959421000.0,0.00070207,76659.0
Norway,WE,2011,4939500.0,32.558800000000005,7044266000.0,0.00070121,76659.3
Norway,WE,2012,4993000.0,32.9116,7129609000.0,0.00070032,76659.7
Norway,WE,2013,5046500.0,33.2644,7215047000.0,0.00069944,76660.1
Norway,WE,2014,5100000.0,33.617200000000004,7300248000.0,0.00069861,76660.4
Norway,WE,2015,5153500.0,33.97,7384880000.0,0.00069784,76660.7
Norway,WE,2016,5207000.0,34.3228,7469068000.0,0.00069714,76661.1
Norway,WE,2017,5260500.0,34.6756,7550393000.0,0.00069672,76661.4
Norway,WE,2018,5314000.0,35.028400000000005,7632955000.0,0.00069619,76661.7
Norway,WE,2019,5367500.0,35.3812,7714577000.0,0.00069576,76662.0
Norway,WE,2020,5421000.0,35.734,7795482000.0,0.0006954,76662.3
Panama,LA,1820,1000.0,0.0,1047270000.0,9.5e-07,0.0
Panama,LA,1821,1400.0,0.0002,1052728000.0,1.33e-06,1661.4
Panama,LA,1822,1800.0,0.0004,1058224000.0,1.7e-06,2584.4
Panama,LA,1823,2200.0,0.0006,1063824000.0,2.07e-06,3171.8
Panama,LA,1824,2600.0,0.0008,1069477000.0,2.43e-06,3578.5
Panama,LA,1825,3000.0,0.001,1075142000.0,2.79e-06,3876.7
Panama,LA,1826,3400.0000000000005,0.0012,1080733000.0,3.15e-06,4104.7
Panama,LA,1827,3800.0,0.0014,1086318000.0,3.5e-06,4284.7
Panama,LA,1828,4200.0,0.0016,1091853000.0,3.85e-06,4430.5
Panama,LA,1829,4600.0,0.0018,1097270000.0,4.19e-06,4550.9
Panama,LA,1830,5000.0,0.002,1102518000.0,4.54e-06,4652.0
Panama,LA,1831,7100.0,0.0028,1108061000.0,6.41e-06,4586.5
Panama,LA,1832,9200.0,0.0036,1113520000.0,8.26e-06,4550.9
Panama,LA,1833,11300.0,0.0044,1119039000.0,1.01e-05,4528.5
Panama,LA,1834,13400.0,0.0052,1124554000.0,1.192e-05,4513.1
Panama,LA,1835,15500.0,0.006,1130361000.0,1.371e-05,4501.9
Panama,LA,1836,17600.0,0.0068,1136068000.0,1.549e-05,4493.4
Panama,LA,1837,19700.000000000004,0.0076,1141817000.0,1.725e-05,4486.7
Panama,LA,1838,21800.0,0.0084,1147560000.0,1.9e-05,4481.3
Panama,LA,1839,23900.0,0.0092,1153428000.0,2.072e-05,4476.8
Panama,LA,1840,26000.0,0.01,1159310000.0,2.243e-05,4473.1
Panama,LA,1841,36900.0,0.0142,1165435000.0,3.166e-05,4475.5
Panama,LA,1842,47800.0,0.0184,1171545000.0,4.08e-05,4476.8
Panama,LA,1843,58700.0,0.0226,1177631000.0,4.985e-05,4477.6
Panama,LA,1844,69600.0,0.0267999999999999,1183818000.0,5.879e-05,4478.2
Panama,LA,1845,80500.0,0.031,1190091000.0,6.764e-05,4478.6
Panama,LA,1846,91400.0,0.0352,1196249000.0,7.641e-05,4478.9
Panama,LA,1847,102300.0,0.0394,1201397000.0,8.515e-05,4479.2
Panama,LA,1848,113200.0,0.0436,1205963000.0,9.387e-05,4479.4
Panama,LA,1849,124100.0,0.0478,1211069000.0,0.00010247,4479.6
Panama,LA,1850,135000.0,0.052,1216574000.0,0.00011097,4479.7
Panama,LA,1851,136900.0,0.053,1218975000.0,0.00011231,4502.5
Panama,LA,1852,138800.0,0.054,1221557000.0,0.00011363,4524.6
Panama,LA,1853,140700.0,0.055,1224259000.0,0.00011493,4546.2
Panama,LA,1854,142600.0,0.056,1226726000.0,0.00011624,4567.2
Panama,LA,1855,144500.0,0.0569999999999999,1228814000.0,0.00011759,4587.6
Panama,LA,1856,146400.0,0.0579999999999999,1231565000.0,0.00011887,4607.5
Panama,LA,1857,148300.0,0.059,1234524000.0,0.00012013,4626.9
Panama,LA,1858,150200.0,0.06,1237487000.0,0.00012138,4645.8
Panama,LA,1859,152100.0,0.061,1240642000.0,0.0001226,4664.2
Panama,LA,1860,154000.0,0.062,1243735000.0,0.00012382,4682.2
Panama,LA,1861,156200.0,0.0618,1247652000.0,0.0001252,4601.4
Panama,LA,1862,158400.0,0.0616,1250707000.0,0.00012665,4522.8
Panama,LA,1863,160600.0,0.0613999999999999,1254013000.0,0.00012807,4446.3
Panama,LA,1864,162800.0,0.0612,1257290000.0,0.00012948,4372.0
Panama,LA,1865,165000.0,0.061,1260601000.0,0.00013089,4299.6
Panama,LA,1866,167200.0,0.0608,1263629000.0,0.00013232,4229.1
Panama,LA,1867,169400.0,0.0606,1266809000.0,0.00013372,4160.4
Panama,LA,1868,171600.0,0.0603999999999999,1269858000.0,0.00013513,4093.5
Panama,LA,1869,173800.0,0.0602,1271405000.0,0.0001367,4028.3
Panama,LA,1870,176000.0,0.06,1274661000.0,0.00013808,3964.8
Panama,LA,1871,178900.0,0.0605,1282387000.0,0.00013951,3933.0
Panama,LA,1872,181800.0,0.061,1290858000.0,0.00014084,3902.3
Panama,LA,1873,184700.0,0.0615,1299848000.0,0.00014209,3872.5
Panama,LA,1874,187600.0,0.062,1309013000.0,0.00014331,3843.6
Panama,LA,1875,190500.0,0.0625,1318339000.0,0.0001445,3815.6
Panama,LA,1876,193400.0,0.063,1327814000.0,0.00014565,3788.5
Panama,LA,1877,196300.0,0.0635,1337399000.0,0.00014678,3762.1
Panama,LA,1878,199200.0,0.064,1347055000.0,0.00014788,3736.5
Panama,LA,1879,202100.0,0.0645,1356760000.0,0.00014896,3711.7
Panama,LA,1880,205000.0,0.065,1366310000.0,0.00015004,3687.6
Panama,LA,1881,208500.0,0.0662,1376041000.0,0.00015152,3692.6
Panama,LA,1882,212000.0,0.0674,1385750000.0,0.00015299,3697.5
Panama,LA,1883,215500.0,0.0686,1395507000.0,0.00015442,3702.2
Panama,LA,1884,219000.0,0.0698,1405536000.0,0.00015581,3706.7
Panama,LA,1885,222500.0,0.071,1415514000.0,0.00015719,3711.1
Panama,LA,1886,226000.0,0.0722,1425627000.0,0.00015853,3715.4
Panama,LA,1887,229500.0,0.0733999999999999,1435759000.0,0.00015985,3719.6
Panama,LA,1888,233000.0,0.0746,1445944000.0,0.00016114,3723.6
Panama,LA,1889,236500.0,0.0758,1456277000.0,0.0001624,3727.5
Panama,LA,1890,240000.0,0.077,1466582000.0,0.00016365,3731.3
Panama,LA,1891,244000.0,0.0789,1477705000.0,0.00016512,3760.7
Panama,LA,1892,248000.0,0.0808,1488973000.0,0.00016656,3789.1
Panama,LA,1893,252000.0,0.0827,1500286000.0,0.00016797,3816.7
Panama,LA,1894,256000.0,0.0846,1511963000.0,0.00016932,3843.4
Panama,LA,1895,260000.0,0.0865,1523676000.0,0.00017064,3869.2
Panama,LA,1896,264000.0,0.0884,1535655000.0,0.00017191,3894.3
Panama,LA,1897,268000.0,0.0903,1547830000.0,0.00017315,3918.6
Panama,LA,1898,272000.0,0.0922,1560243000.0,0.00017433,3942.2
Panama,LA,1899,276000.0,0.0941,1572611000.0,0.0001755,3965.2
Panama,LA,1900,280000.0,0.096,1584867000.0,0.00017667,3987.4
Panama,LA,1901,287500.0,0.1015,1600044000.0,0.00017968,4105.9
Panama,LA,1902,295000.0,0.107,1615427000.0,0.00018261,4218.3
Panama,LA,1903,302500.0,0.1125,1630965000.0,0.00018547,4325.2
Panama,LA,1904,310000.0,0.118,1646581000.0,0.00018827,4426.9
Panama,LA,1905,317500.0,0.1235,1662453000.0,0.00019098,4523.8
Panama,LA,1906,325000.0,0.129,1678596000.0,0.00019361,4616.2
Panama,LA,1907,332500.0,0.1345,1695030000.0,0.00019616,4704.5
Panama,LA,1908,340000.0,0.14,1711586000.0,0.00019865,4788.8
Panama,LA,1909,347500.0,0.1455,1728501000.0,0.00020104,4869.5
Panama,LA,1910,355000.0,0.151,1745736000.0,0.00020335,4946.8
Panama,LA,1911,367900.0,0.1562,1762399000.0,0.00020875,4937.8
Panama,LA,1912,380800.0,0.1614,1779061000.0,0.00021405,4929.3
Panama,LA,1913,393700.0,0.1666,1796080000.0,0.0002192,4921.4
Panama,LA,1914,406600.0,0.1718,1808262000.0,0.00022486,4914.0
Panama,LA,1915,419500.0,0.177,1818401000.0,0.0002307,4907.1
Panama,LA,1916,432400.0,0.1822,1828586000.0,0.00023647,4900.5
Panama,LA,1917,445300.0,0.1874,1839381000.0,0.00024209,4894.4
Panama,LA,1918,458200.0,0.1926,1849942000.0,0.00024768,4888.6
Panama,LA,1919,471100.0,0.1978,1862569000.0,0.00025293,4883.1
Panama,LA,1920,484000.0,0.203,1875297000.0,0.00025809,4877.9
Panama,LA,1921,486100.0,0.2044,1886887000.0,0.00025762,4890.3
Panama,LA,1922,488200.0,0.2058,1903926000.0,0.00025642,4902.6
Panama,LA,1923,490300.0,0.2072,1924127000.0,0.00025482,4914.8
Panama,LA,1924,492400.0,0.2086,1946371000.0,0.00025298,4926.9
Panama,LA,1925,494500.0,0.21,1968879000.0,0.00025116,4938.9
Panama,LA,1926,496600.0,0.2114,1991829000.0,0.00024932,4950.8
Panama,LA,1927,498700.0,0.2128,2014443000.0,0.00024756,4962.6
Panama,LA,1928,500800.0,0.2142,2036576000.0,0.0002459,4974.3
Panama,LA,1929,502900.0,0.2156,2059103000.0,0.00024423,4985.9
Panama,LA,1930,505000.0,0.217,2080211000.0,0.00024276,4997.4
Panama,LA,1931,521200.00000000006,0.2243,2101812000.0,0.00024798,5005.0
Panama,LA,1932,537400.0,0.2316,2121508000.0,0.00025331,5012.1
Panama,LA,1933,553600.0,0.2389,2140973000.0,0.00025857,5018.8
Panama,LA,1934,569800.0,0.2462,2161152000.0,0.00026366,5025.1
Panama,LA,1935,586000.0,0.2535,2181702000.0,0.0002686,5031.1
Panama,LA,1936,602200.0,0.2608,2203365000.0,0.00027331,5036.7
Panama,LA,1937,618400.0,0.2681,2226159000.0,0.00027779,5042.0
Panama,LA,1938,634600.0,0.2754,2250491000.0,0.00028198,5047.1
Panama,LA,1939,650800.0,0.2826999999999999,2275307000.0,0.00028603,5051.9
Panama,LA,1940,667000.0,0.29,2296743000.0,0.00029041,5056.5
Panama,LA,1941,686300.0,0.3105,2313071000.0,0.00029671,5261.7
Panama,LA,1942,705600.0,0.3309999999999999,2331578000.0,0.00030263,5455.7
Panama,LA,1943,724900.0,0.3515,2350140000.0,0.00030845,5639.3
Panama,LA,1944,744200.0,0.372,2368872000.0,0.00031416,5813.4
Panama,LA,1945,763500.0,0.3924999999999999,2394093000.0,0.00031891,5978.7
Panama,LA,1946,782800.0,0.413,2419526000.0,0.00032353,6135.9
Panama,LA,1947,802100.0,0.4335,2446628000.0,0.00032784,6285.5
Panama,LA,1948,821400.0,0.4539999999999999,2473860000.0,0.00033203,6428.1
Panama,LA,1949,840700.0,0.4745,2501856000.0,0.00033603,6564.1
Panama,LA,1950,860000.0,0.495,2529794000.0,0.00033995,6694.0
Panama,LA,1951,886600.0,0.5338,2577776000.0,0.00034394,7002.1
Panama,LA,1952,913200.0,0.5726,2624866000.0,0.0003479,7292.3
Panama,LA,1953,939800.0,0.6113999999999999,2671465000.0,0.00035179,7566.1
Panama,LA,1954,966400.0,0.6502,2718563000.0,0.00035548,7824.7
Panama,LA,1955,993000.0,0.6890000000000001,2766430000.0,0.00035895,8069.6
Panama,LA,1956,1019600.0,0.7278,2815461000.0,0.00036214,8301.6
Panama,LA,1957,1046200.0,0.7666,2866148000.0,0.00036502,8521.8
Panama,LA,1958,1072800.0,0.8054,2918168000.0,0.00036763,8731.2
Panama,LA,1959,1099400.0,0.8442000000000001,2971839000.0,0.00036994,8930.4
Panama,LA,1960,1126000.0,0.883,3027112000.0,0.00037197,9120.2
Panama,LA,1961,1164000.0,0.9853,3084358000.0,0.00037739,9844.5
Panama,LA,1962,1202000.0,1.0876,3143380000.0,0.00038239,10523.1
Panama,LA,1963,1240000.0,1.1899,3204489000.0,0.00038696,11160.1
Panama,LA,1964,1278000.0,1.2922,3268074000.0,0.00039106,11759.2
Panama,LA,1965,1316000.0,1.3945,3334092000.0,0.00039471,12323.7
Panama,LA,1966,1354000.0,1.4968,3402738000.0,0.00039791,12856.6
Panama,LA,1967,1392000.0,1.5991,3473827000.0,0.00040071,13360.3
Panama,LA,1968,1430000.0,1.7014,3546719000.0,0.00040319,13837.3
Panama,LA,1969,1468000.0,1.8037,3620809000.0,0.00040543,14289.5
Panama,LA,1970,1506000.0,1.906,3695944000.0,0.00040747,14719.0
Panama,LA,1971,1550300.0,2.1598,3771809000.0,0.00041102,16202.3
Panama,LA,1972,1594600.0,2.4136,3847786000.0,0.00041442,17603.3
Panama,LA,1973,1638900.0,2.6674,3923766000.0,0.00041769,18928.5
Panama,LA,1974,1683200.0,2.9212,3999654000.0,0.00042084,20183.9
Panama,LA,1975,1727500.0,3.175,4075437000.0,0.00042388,21375.0
Panama,LA,1976,1771800.0,3.4288,4150660000.0,0.00042687,22506.5
Panama,LA,1977,1816100.0,3.6826,4225672000.0,0.00042978,23582.8
Panama,LA,1978,1860400.0,3.9364,4301501000.0,0.0004325,24607.8
Panama,LA,1979,1904700.0,4.1902,4378004000.0,0.00043506,25585.1
Panama,LA,1980,1949000.0,4.444,4456394000.0,0.00043735,26518.1
Panama,LA,1981,1995200.0,4.4545,4535942000.0,0.00043986,25965.2
Panama,LA,1982,2041400.0,4.465,4616948000.0,0.00044215,25437.4
Panama,LA,1983,2087600.0,4.4755,4699604000.0,0.00044421,24933.0
Panama,LA,1984,2133800.0,4.486,4784334000.0,0.000446,24450.4
Panama,LA,1985,2180000.0,4.4965,4871434000.0,0.00044751,23988.2
Panama,LA,1986,2226200.0,4.507000000000001,4961120000.0,0.00044873,23545.2
Panama,LA,1987,2272400.0,4.5175,5052960000.0,0.00044972,23120.3
Panama,LA,1988,2318600.0,4.5280000000000005,5145733000.0,0.00045059,22712.3
Panama,LA,1989,2364800.0,4.5385,5237968000.0,0.00045147,22320.2
Panama,LA,1990,2411000.0,4.549,5328602000.0,0.00045246,21943.1
Panama,LA,1991,2464900.0,4.6554,5417317000.0,0.000455,21965.3
Panama,LA,1992,2518800.0,4.7618,5503880000.0,0.00045764,21986.6
Panama,LA,1993,2572700.0,4.868200000000001,5588359000.0,0.00046037,22006.9
Panama,LA,1994,2626600.0,4.974600000000001,5671048000.0,0.00046316,22026.4
Panama,LA,1995,2680500.0,5.081,5752408000.0,0.00046598,22045.2
Panama,LA,1996,2734400.0,5.1874,5832484000.0,0.00046882,22063.1
Panama,LA,1997,2788300.0,5.2938,5911415000.0,0.00047168,22080.4
Panama,LA,1998,2842200.0,5.400200000000001,5989470000.0,0.00047453,22097.1
Panama,LA,1999,2896100.0,5.506600000000001,6067325000.0,0.00047733,22113.1
Panama,LA,2000,2950000.0,5.613,6145394000.0,0.00048003,22128.5
Panama,LA,2001,3019300.0,5.8303,6223661000.0,0.00048513,22457.7
Panama,LA,2002,3088600.0,6.0476,6302453000.0,0.00049006,22772.0
Panama,LA,2003,3157900.0,6.2649,6381858000.0,0.00049482,23072.5
Panama,LA,2004,3227200.0,6.4822,6461988000.0,0.00049941,23360.2
Panama,LA,2005,3296500.0,6.6995000000000005,6542867000.0,0.00050383,23635.7
Panama,LA,2006,3365800.0,6.9168,6624538000.0,0.00050808,23899.9
Panama,LA,2007,3435100.0,7.1341,6707018000.0,0.00051217,24153.5
Panama,LA,2008,3504400.0,7.3514,6790025000.0,0.00051611,24397.0
Panama,LA,2009,3573700.0,7.5687,6874725000.0,0.00051983,24631.0
Panama,LA,2010,3643000.0,7.786,6959421000.0,0.00052346,24856.2
Panama,LA,2011,3710200.0,7.892099999999999,7044266000.0,0.0005267,24738.6
Panama,LA,2012,3777400.0,7.9982,7129609000.0,0.00052982,24625.2
Panama,LA,2013,3844600.0,8.1043,7215047000.0,0.00053286,24515.7
Panama,LA,2014,3911800.0,8.2104,7300248000.0,0.00053584,24410.0
Panama,LA,2015,3979000.0,8.3165,7384880000.0,0.0005388,24307.8
Panama,LA,2016,4046200.0,8.4226,7469068000.0,0.00054173,24209.1
Panama,LA,2017,4113399.9999999995,8.528699999999999,7550393000.0,0.00054479,24113.6
Panama,LA,2018,4180600.0000000005,8.6348,7632955000.0,0.0005477,24021.1
Panama,LA,2019,4247800.0,8.7409,7714577000.0,0.00055062,23931.6
Panama,LA,2020,4315000.0,8.847,7795482000.0,0.00055353,23844.9
Paraguay,LA,1820,143000.0,0.053,1047270000.0,0.00013655,4310.4
Paraguay,LA,1821,148000.0,0.0549,1052728000.0,0.00014059,4314.1
Paraguay,LA,1822,153000.0,0.0567999999999999,1058224000.0,0.00014458,4317.5
Paraguay,LA,1823,158000.0,0.0586999999999999,1063824000.0,0.00014852,4320.8
Paraguay,LA,1824,163000.0,0.0605999999999999,1069477000.0,0.00015241,4323.8
Paraguay,LA,1825,168000.0,0.0625,1075142000.0,0.00015626,4326.6
Paraguay,LA,1826,173000.0,0.0644,1080733000.0,0.00016008,4329.3
Paraguay,LA,1827,178000.0,0.0663,1086318000.0,0.00016386,4331.8
Paraguay,LA,1828,183000.0,0.0682,1091853000.0,0.0001676,4334.2
Paraguay,LA,1829,188000.0,0.0701,1097270000.0,0.00017133,4336.5
Paraguay,LA,1830,193000.0,0.072,1102518000.0,0.00017505,4338.7
Paraguay,LA,1831,199700.0,0.0745,1108061000.0,0.00018022,4338.7
Paraguay,LA,1832,206400.0,0.077,1113520000.0,0.00018536,4338.7
Paraguay,LA,1833,213100.0,0.0795,1119039000.0,0.00019043,4338.7
Paraguay,LA,1834,219800.0,0.082,1124554000.0,0.00019546,4338.8
Paraguay,LA,1835,226500.0,0.0844999999999999,1130361000.0,0.00020038,4338.8
Paraguay,LA,1836,233200.0,0.087,1136068000.0,0.00020527,4338.8
Paraguay,LA,1837,239900.0,0.0895,1141817000.0,0.0002101,4338.8
Paraguay,LA,1838,246600.0,0.092,1147560000.0,0.00021489,4338.8
Paraguay,LA,1839,253300.0,0.0945,1153428000.0,0.00021961,4338.9
Paraguay,LA,1840,260000.0,0.097,1159310000.0,0.00022427,4338.9
Paraguay,LA,1841,269000.0,0.1007,1165435000.0,0.00023082,4353.7
Paraguay,LA,1842,278000.0,0.1044,1171545000.0,0.00023729,4367.5
Paraguay,LA,1843,287000.0,0.1081,1177631000.0,0.00024371,4380.5
Paraguay,LA,1844,296000.0,0.1118,1183818000.0,0.00025004,4392.7
Paraguay,LA,1845,305000.0,0.1155,1190091000.0,0.00025628,4404.1
Paraguay,LA,1846,314000.0,0.1192,1196249000.0,0.00026249,4415.0
Paraguay,LA,1847,323000.0,0.1229,1201397000.0,0.00026885,4425.2
Paraguay,LA,1848,332000.0,0.1266,1205963000.0,0.0002753,4434.8
Paraguay,LA,1849,341000.0,0.1303,1211069000.0,0.00028157,4444.0
Paraguay,LA,1850,350000.0,0.134,1216574000.0,0.00028769,4452.6
Paraguay,LA,1851,351700.0,0.1353,1218975000.0,0.00028852,4474.1
Paraguay,LA,1852,353400.0,0.1366,1221557000.0,0.0002893,4495.4
Paraguay,LA,1853,355100.0,0.1379,1224259000.0,0.00029005,4516.4
Paraguay,LA,1854,356800.0,0.1392,1226726000.0,0.00029086,4537.3
Paraguay,LA,1855,358500.0,0.1405,1228814000.0,0.00029174,4557.9
Paraguay,LA,1856,360200.0,0.1418,1231565000.0,0.00029247,4578.4
Paraguay,LA,1857,361900.0,0.1431,1234524000.0,0.00029315,4598.7
Paraguay,LA,1858,363600.0,0.1444,1237487000.0,0.00029382,4618.7
Paraguay,LA,1859,365300.0,0.1457,1240642000.0,0.00029444,4638.6
Paraguay,LA,1860,367000.0,0.147,1243735000.0,0.00029508,4658.3
Paraguay,LA,1861,368700.0,0.1455,1247652000.0,0.00029552,4589.5
Paraguay,LA,1862,370400.0,0.144,1250707000.0,0.00029615,4521.4
Paraguay,LA,1863,372100.0,0.1425,1254013000.0,0.00029673,4453.8
Paraguay,LA,1864,373800.0,0.141,1257290000.0,0.00029731,4386.9
Paraguay,LA,1865,375500.0,0.1395,1260601000.0,0.00029787,4320.6
Paraguay,LA,1866,377200.0,0.138,1263629000.0,0.00029851,4254.9
Paraguay,LA,1867,378900.0,0.1365,1266809000.0,0.0002991,4189.7
Paraguay,LA,1868,380600.0,0.135,1269858000.0,0.00029972,4125.2
Paraguay,LA,1869,382300.0,0.1335,1271405000.0,0.00030069,4061.2
Paraguay,LA,1870,384000.0,0.132,1274661000.0,0.00030126,3997.8
Paraguay,LA,1871,388000.0,0.1322,1282387000.0,0.00030256,3962.6
Paraguay,LA,1872,392000.0,0.1324,1290858000.0,0.00030367,3928.1
Paraguay,LA,1873,396000.0,0.1326,1299848000.0,0.00030465,3894.3
Paraguay,LA,1874,400000.0,0.1328,1309013000.0,0.00030557,3861.2
Paraguay,LA,1875,404000.0,0.133,1318339000.0,0.00030645,3828.7
Paraguay,LA,1876,408000.0,0.1332,1327814000.0,0.00030727,3796.9
Paraguay,LA,1877,412000.0,0.1334,1337399000.0,0.00030806,3765.6
Paraguay,LA,1878,416000.0,0.1336,1347055000.0,0.00030882,3735.0
Paraguay,LA,1879,420000.0,0.1338,1356760000.0,0.00030956,3705.0
Paraguay,LA,1880,424000.0,0.134,1366310000.0,0.00031032,3675.5
Paraguay,LA,1881,428400.0,0.1356,1376041000.0,0.00031133,3681.2
Paraguay,LA,1882,432800.0,0.1372,1385750000.0,0.00031232,3686.8
Paraguay,LA,1883,437200.0,0.1388,1395507000.0,0.00031329,3692.2
Paraguay,LA,1884,441600.0,0.1404,1405536000.0,0.00031419,3697.6
Paraguay,LA,1885,446000.0,0.142,1415514000.0,0.00031508,3702.8
Paraguay,LA,1886,450400.0,0.1436,1425627000.0,0.00031593,3708.0
Paraguay,LA,1887,454800.0,0.1452,1435759000.0,0.00031677,3713.0
Paraguay,LA,1888,459200.0,0.1467999999999999,1445944000.0,0.00031758,3718.0
Paraguay,LA,1889,463600.0,0.1484,1456277000.0,0.00031835,3722.8
Paraguay,LA,1890,468000.0,0.15,1466582000.0,0.00031911,3727.6
Paraguay,LA,1891,472800.0,0.1527,1477705000.0,0.00031996,3756.1
Paraguay,LA,1892,477600.0,0.1553999999999999,1488973000.0,0.00032076,3784.1
Paraguay,LA,1893,482400.0,0.1581,1500286000.0,0.00032154,3811.6
Paraguay,LA,1894,487200.0,0.1608,1511963000.0,0.00032223,3838.5
Paraguay,LA,1895,492000.0,0.1634999999999999,1523676000.0,0.0003229,3864.8
Paraguay,LA,1896,496800.0,0.1662,1535655000.0,0.00032351,3890.7
Paraguay,LA,1897,501600.0,0.1689,1547830000.0,0.00032407,3916.1
Paraguay,LA,1898,506400.0,0.1716,1560243000.0,0.00032456,3941.0
Paraguay,LA,1899,511200.0,0.1742999999999999,1572611000.0,0.00032506,3965.4
Paraguay,LA,1900,516000.0,0.177,1584867000.0,0.00032558,3989.4
Paraguay,LA,1901,529600.0,0.1863999999999999,1600044000.0,0.00033099,4093.3
Paraguay,LA,1902,543200.0,0.1958,1615427000.0,0.00033626,4192.1
Paraguay,LA,1903,556800.0,0.2052,1630965000.0,0.00034139,4286.1
Paraguay,LA,1904,570400.0,0.2146,1646581000.0,0.00034641,4375.5
Paraguay,LA,1905,584000.0,0.224,1662453000.0,0.00035129,4460.8
Paraguay,LA,1906,597600.0,0.2334,1678596000.0,0.00035601,4542.2
Paraguay,LA,1907,611200.0,0.2428,1695030000.0,0.00036058,4620.0
Paraguay,LA,1908,624800.0,0.2522,1711586000.0,0.00036504,4694.4
Paraguay,LA,1909,638400.0,0.2616,1728501000.0,0.00036934,4765.7
Paraguay,LA,1910,652000.0,0.271,1745736000.0,0.00037348,4833.9
Paraguay,LA,1911,660500.0,0.2751,1762399000.0,0.00037477,4843.9
Paraguay,LA,1912,669000.0,0.2792,1779061000.0,0.00037604,4853.7
Paraguay,LA,1913,677500.0,0.2833,1796080000.0,0.00037721,4863.1
Paraguay,LA,1914,686000.0,0.2874,1808262000.0,0.00037937,4872.4
Paraguay,LA,1915,694500.0,0.2915,1818401000.0,0.00038193,4881.4
Paraguay,LA,1916,703000.0,0.2956,1828586000.0,0.00038445,4890.2
Paraguay,LA,1917,711500.0,0.2997,1839381000.0,0.00038681,4898.8
Paraguay,LA,1918,720000.0,0.3038,1849942000.0,0.0003892,4907.2
Paraguay,LA,1919,728500.0,0.3079,1862569000.0,0.00039113,4915.4
Paraguay,LA,1920,737000.0,0.312,1875297000.0,0.000393,4923.4
Paraguay,LA,1921,755900.0,0.3199,1886887000.0,0.00040061,4921.9
Paraguay,LA,1922,774800.0,0.3278,1903926000.0,0.00040695,4920.4
Paraguay,LA,1923,793700.0,0.3357,1924127000.0,0.0004125,4919.0
Paraguay,LA,1924,812600.0,0.3436,1946371000.0,0.00041749,4917.6
Paraguay,LA,1925,831500.0,0.3515,1968879000.0,0.00042232,4916.3
Paraguay,LA,1926,850400.0,0.3594,1991829000.0,0.00042694,4915.1
Paraguay,LA,1927,869300.0,0.3673,2014443000.0,0.00043153,4914.0
Paraguay,LA,1928,888200.0,0.3752,2036576000.0,0.00043612,4912.8
Paraguay,LA,1929,907100.0,0.3831,2059103000.0,0.00044053,4911.8
Paraguay,LA,1930,926000.0,0.391,2080211000.0,0.00044515,4910.7
Paraguay,LA,1931,950200.0,0.4003,2101812000.0,0.00045209,4899.5
Paraguay,LA,1932,974400.0,0.4096,2121508000.0,0.0004593,4888.8
Paraguay,LA,1933,998600.0,0.4189,2140973000.0,0.00046642,4878.6
Paraguay,LA,1934,1022800.0,0.4282,2161152000.0,0.00047327,4869.0
Paraguay,LA,1935,1047000.0,0.4375,2181702000.0,0.0004799,4859.7
Paraguay,LA,1936,1071200.0,0.4468,2203365000.0,0.00048617,4850.9
Paraguay,LA,1937,1095400.0,0.4561,2226159000.0,0.00049206,4842.5
Paraguay,LA,1938,1119600.0,0.4654,2250491000.0,0.00049749,4834.4
Paraguay,LA,1939,1143800.0,0.4747,2275307000.0,0.0005027,4826.7
Paraguay,LA,1940,1168000.0,0.484,2296743000.0,0.00050855,4819.3
Paraguay,LA,1941,1198500.0,0.4935,2313071000.0,0.00051814,4788.8
Paraguay,LA,1942,1229000.0,0.503,2331578000.0,0.00052711,4759.9
Paraguay,LA,1943,1259500.0,0.5125,2350140000.0,0.00053593,4732.3
Paraguay,LA,1944,1290000.0,0.522,2368872000.0,0.00054456,4706.1
Paraguay,LA,1945,1320500.0,0.5315,2394093000.0,0.00055157,4681.1
Paraguay,LA,1946,1351000.0,0.5409999999999999,2419526000.0,0.00055837,4657.2
Paraguay,LA,1947,1381500.0,0.5505,2446628000.0,0.00056465,4634.3
Paraguay,LA,1948,1412000.0,0.5599999999999999,2473860000.0,0.00057077,4612.5
Paraguay,LA,1949,1442500.0,0.5695,2501856000.0,0.00057657,4591.5
Paraguay,LA,1950,1473000.0,0.579,2529794000.0,0.00058226,4571.5
Paraguay,LA,1951,1516400.0,0.596,2577776000.0,0.00058826,4571.0
Paraguay,LA,1952,1559800.0,0.613,2624866000.0,0.00059424,4570.6
Paraguay,LA,1953,1603200.0,0.63,2671465000.0,0.00060012,4570.2
Paraguay,LA,1954,1646600.0,0.647,2718563000.0,0.00060569,4569.8
Paraguay,LA,1955,1690000.0,0.6639999999999999,2766430000.0,0.0006109,4569.4
Paraguay,LA,1956,1733400.0,0.681,2815461000.0,0.00061567,4569.1
Paraguay,LA,1957,1776800.0,0.698,2866148000.0,0.00061993,4568.7
Paraguay,LA,1958,1820200.0,0.715,2918168000.0,0.00062375,4568.4
Paraguay,LA,1959,1863600.0,0.732,2971839000.0,0.00062709,4568.1
Paraguay,LA,1960,1907000.0,0.749,3027112000.0,0.00062997,4567.8
Paraguay,LA,1961,1964700.0,0.768,3084358000.0,0.00063699,4546.2
Paraguay,LA,1962,2022400.0,0.787,3143380000.0,0.00064338,4525.7
Paraguay,LA,1963,2080100.0,0.8059999999999999,3204489000.0,0.00064912,4506.4
Paraguay,LA,1964,2137800.0,0.825,3268074000.0,0.00065415,4488.1
Paraguay,LA,1965,2195500.0,0.844,3334092000.0,0.0006585,4470.8
Paraguay,LA,1966,2253200.0,0.863,3402738000.0,0.00066217,4454.4
Paraguay,LA,1967,2310900.0,0.882,3473827000.0,0.00066523,4438.8
Paraguay,LA,1968,2368600.0,0.901,3546719000.0,0.00066783,4424.0
Paraguay,LA,1969,2426300.0,0.92,3620809000.0,0.0006701,4409.8
Paraguay,LA,1970,2484000.0,0.939,3695944000.0,0.00067209,4396.4
Paraguay,LA,1971,2555400.0,0.974,3771809000.0,0.0006775,4432.8
Paraguay,LA,1972,2626800.0,1.009,3847786000.0,0.00068268,4467.3
Paraguay,LA,1973,2698200.0,1.044,3923766000.0,0.00068766,4499.9
Paraguay,LA,1974,2769600.0,1.079,3999654000.0,0.00069246,4530.9
Paraguay,LA,1975,2841000.0,1.114,4075437000.0,0.0006971,4560.3
Paraguay,LA,1976,2912400.0,1.149,4150660000.0,0.00070167,4588.3
Paraguay,LA,1977,2983800.0,1.184,4225672000.0,0.00070611,4614.9
Paraguay,LA,1978,3055200.0,1.219,4301501000.0,0.00071026,4640.3
Paraguay,LA,1979,3126600.0,1.254,4378004000.0,0.00071416,4664.5
Paraguay,LA,1980,3198000.0,1.289,4456394000.0,0.00071762,4687.6
Paraguay,LA,1981,3303000.0,1.3434,4535942000.0,0.00072818,4730.2
Paraguay,LA,1982,3408000.0,1.3978,4616948000.0,0.00073815,4770.1
Paraguay,LA,1983,3513000.0,1.4522,4699604000.0,0.00074751,4807.6
Paraguay,LA,1984,3618000.0,1.5066,4784334000.0,0.00075622,4842.9
Paraguay,LA,1985,3723000.0,1.561,4871434000.0,0.00076425,4876.3
Paraguay,LA,1986,3828000.0,1.6154,4961120000.0,0.0007716,4907.8
Paraguay,LA,1987,3933000.0,1.6698,5052960000.0,0.00077836,4937.6
Paraguay,LA,1988,4038000.0,1.7242,5145733000.0,0.00078473,4965.9
Paraguay,LA,1989,4143000.0,1.7786,5237968000.0,0.00079096,4992.8
Paraguay,LA,1990,4248000.0,1.833,5328602000.0,0.00079721,5018.3
Paraguay,LA,1991,4353500.0,1.906,5417317000.0,0.00080363,5091.7
Paraguay,LA,1992,4459000.0,1.979,5503880000.0,0.00081016,5161.6
Paraguay,LA,1993,4564500.0,2.052,5588359000.0,0.00081679,5228.3
Paraguay,LA,1994,4670000.0,2.125,5671048000.0,0.00082348,5292.0
Paraguay,LA,1995,4775500.0,2.198,5752408000.0,0.00083017,5352.9
Paraguay,LA,1996,4881000.0,2.271,5832484000.0,0.00083686,5411.1
Paraguay,LA,1997,4986500.0,2.3440000000000003,5911415000.0,0.00084354,5466.9
Paraguay,LA,1998,5092000.0,2.4170000000000003,5989470000.0,0.00085016,5520.4
Paraguay,LA,1999,5197500.0,2.49,6067325000.0,0.00085664,5571.7
Paraguay,LA,2000,5303000.0,2.563,6145394000.0,0.00086292,5620.9
Paraguay,LA,2001,5393700.0,2.6581,6223661000.0,0.00086664,5731.4
Paraguay,LA,2002,5484400.0,2.7532,6302453000.0,0.0008702,5838.3
Paraguay,LA,2003,5575100.0,2.8483,6381858000.0,0.00087359,5941.7
Paraguay,LA,2004,5665800.0,2.9434,6461988000.0,0.00087679,6041.8
Paraguay,LA,2005,5756500.0,3.0385,6542867000.0,0.00087981,6138.8
Paraguay,LA,2006,5847200.0,3.1336,6624538000.0,0.00088266,6232.7
Paraguay,LA,2007,5937900.0,3.2287,6707018000.0,0.00088533,6323.7
Paraguay,LA,2008,6028600.0,3.3238,6790025000.0,0.00088786,6412.1
Paraguay,LA,2009,6119300.0,3.4189,6874725000.0,0.00089012,6497.8
Paraguay,LA,2010,6210000.0,3.514,6959421000.0,0.00089232,6581.0
Paraguay,LA,2011,6302300.0,3.6706,7044266000.0,0.00089467,6773.6
Paraguay,LA,2012,6394600.0,3.8272,7129609000.0,0.00089691,6960.6
Paraguay,LA,2013,6486900.0,3.9838,7215047000.0,0.00089908,7142.3
Paraguay,LA,2014,6579200.0,4.1404,7300248000.0,0.00090123,7319.0
Paraguay,LA,2015,6671500.0,4.297,7384880000.0,0.0009034,7490.7
Paraguay,LA,2016,6763800.0,4.4536,7469068000.0,0.00090557,7657.7
Paraguay,LA,2017,6856100.0,4.6102,7550393000.0,0.00090805,7820.3
Paraguay,LA,2018,6948400.0,4.7668,7632955000.0,0.00091032,7978.5
Paraguay,LA,2019,7040700.0,4.9234,7714577000.0,0.00091265,8132.6
Paraguay,LA,2020,7133000.0,5.08,7795482000.0,0.00091502,8282.7
Peru,LA,1820,1317000.0,0.494,1047270000.0,0.00125756,4362.4
Peru,LA,1821,1336700.0,0.5014,1052728000.0,0.00126975,4362.4
Peru,LA,1822,1356400.0,0.5088,1058224000.0,0.00128177,4362.5
Peru,LA,1823,1376100.0,0.5162,1063824000.0,0.00129354,4362.6
Peru,LA,1824,1395800.0,0.5236,1069477000.0,0.00130512,4362.7
Peru,LA,1825,1415500.0,0.5309999999999999,1075142000.0,0.00131657,4362.8
Peru,LA,1826,1435200.0,0.5384,1080733000.0,0.00132799,4362.9
Peru,LA,1827,1454900.0,0.5458,1086318000.0,0.00133929,4362.9
Peru,LA,1828,1474600.0,0.5531999999999999,1091853000.0,0.00135055,4363.0
Peru,LA,1829,1494300.0,0.5606,1097270000.0,0.00136183,4363.1
Peru,LA,1830,1514000.0,0.568,1102518000.0,0.00137322,4363.2
Peru,LA,1831,1536700.0,0.5771,1108061000.0,0.00138684,4367.6
Peru,LA,1832,1559400.0,0.5861999999999999,1113520000.0,0.00140042,4371.9
Peru,LA,1833,1582100.0,0.5952999999999999,1119039000.0,0.0014138,4376.0
Peru,LA,1834,1604800.0,0.6043999999999999,1124554000.0,0.00142705,4380.1
Peru,LA,1835,1627500.0,0.6134999999999999,1130361000.0,0.00143981,4384.0
Peru,LA,1836,1650200.0,0.6226,1136068000.0,0.00145255,4387.9
Peru,LA,1837,1672900.0,0.6317,1141817000.0,0.00146512,4391.6
Peru,LA,1838,1695600.0,0.6408,1147560000.0,0.00147757,4395.2
Peru,LA,1839,1718300.0,0.6499,1153428000.0,0.00148973,4398.7
Peru,LA,1840,1741000.0,0.659,1159310000.0,0.00150176,4402.2
Peru,LA,1841,1767000.0,0.6706000000000001,1165435000.0,0.00151617,4413.7
Peru,LA,1842,1793000.0,0.6822,1171545000.0,0.00153046,4425.0
Peru,LA,1843,1819000.0,0.6938,1177631000.0,0.00154463,4435.9
Peru,LA,1844,1845000.0,0.7054,1183818000.0,0.00155852,4446.5
Peru,LA,1845,1871000.0,0.7170000000000001,1190091000.0,0.00157215,4456.8
Peru,LA,1846,1897000.0,0.7286,1196249000.0,0.00158579,4466.9
Peru,LA,1847,1923000.0,0.7402,1201397000.0,0.00160064,4476.6
Peru,LA,1848,1949000.0,0.7518,1205963000.0,0.00161614,4486.1
Peru,LA,1849,1975000.0,0.7634000000000001,1211069000.0,0.00163079,4495.4
Peru,LA,1850,2001000.0,0.775,1216574000.0,0.00164478,4504.4
Peru,LA,1851,2029300.0,0.7917000000000001,1218975000.0,0.00166476,4537.3
Peru,LA,1852,2057600.0,0.8084,1221557000.0,0.00168441,4569.3
Peru,LA,1853,2085900.0,0.8251,1224259000.0,0.00170381,4600.4
Peru,LA,1854,2114200.0,0.8418,1226726000.0,0.00172345,4630.7
Peru,LA,1855,2142500.0,0.8585,1228814000.0,0.00174355,4660.1
Peru,LA,1856,2170800.0,0.8752,1231565000.0,0.00176264,4688.9
Peru,LA,1857,2199100.0,0.8918999999999999,1234524000.0,0.00178133,4716.8
Peru,LA,1858,2227400.0,0.9086,1237487000.0,0.00179994,4744.1
Peru,LA,1859,2255700.0,0.9253,1240642000.0,0.00181817,4770.7
Peru,LA,1860,2284000.0,0.942,1243735000.0,0.0018364,4796.6
Peru,LA,1861,2316200.0,0.945,1247652000.0,0.00185645,4745.0
Peru,LA,1862,2348400.0,0.948,1250707000.0,0.00187766,4694.8
Peru,LA,1863,2380600.0,0.951,1254013000.0,0.00189839,4645.9
Peru,LA,1864,2412800.0,0.954,1257290000.0,0.00191905,4598.4
Peru,LA,1865,2445000.0,0.957,1260601000.0,0.00193955,4552.1
Peru,LA,1866,2477200.0,0.96,1263629000.0,0.00196039,4507.0
Peru,LA,1867,2509400.0,0.963,1266809000.0,0.00198088,4463.1
Peru,LA,1868,2541600.0,0.966,1269858000.0,0.00200148,4420.3
Peru,LA,1869,2573800.0,0.969,1271405000.0,0.00202437,4378.5
Peru,LA,1870,2606000.0,0.972,1274661000.0,0.00204447,4337.8
Peru,LA,1871,2614600.0,0.9646,1282387000.0,0.00203885,4290.6
Peru,LA,1872,2623200.0,0.9572,1290858000.0,0.00203214,4243.8
Peru,LA,1873,2631800.0,0.9498,1299848000.0,0.0020247,4197.2
Peru,LA,1874,2640400.0,0.9424,1309013000.0,0.00201709,4150.9
Peru,LA,1875,2649000.0,0.935,1318339000.0,0.00200935,4105.0
Peru,LA,1876,2657600.0,0.9276,1327814000.0,0.00200149,4059.3
Peru,LA,1877,2666200.0,0.9202,1337399000.0,0.00199357,4013.9
Peru,LA,1878,2674800.0,0.9128,1347055000.0,0.00198567,3968.8
Peru,LA,1879,2683400.0,0.9054,1356760000.0,0.0019778,3924.1
Peru,LA,1880,2692000.0,0.898,1366310000.0,0.00197027,3879.5
Peru,LA,1881,2700900.0,0.9044,1376041000.0,0.0019628,3894.3
Peru,LA,1882,2709800.0,0.9108,1385750000.0,0.00195548,3909.0
Peru,LA,1883,2718700.0,0.9172,1395507000.0,0.00194818,3923.6
Peru,LA,1884,2727600.0,0.9236,1405536000.0,0.00194061,3938.1
Peru,LA,1885,2736500.0,0.93,1415514000.0,0.00193322,3952.5
Peru,LA,1886,2745400.0,0.9364,1425627000.0,0.00192575,3966.8
Peru,LA,1887,2754300.0,0.9428,1435759000.0,0.00191836,3981.0
Peru,LA,1888,2763200.0,0.9492,1445944000.0,0.001911,3995.1
Peru,LA,1889,2772100.0,0.9556,1456277000.0,0.00190355,4009.1
Peru,LA,1890,2781000.0,0.962,1466582000.0,0.00189625,4023.0
Peru,LA,1891,2790200.0,0.9736,1477705000.0,0.0018882,4058.1
Peru,LA,1892,2799400.0,0.9852,1488973000.0,0.00188009,4093.0
Peru,LA,1893,2808600.0,0.9968,1500286000.0,0.00187204,4127.6
Peru,LA,1894,2817800.0,1.0084,1511963000.0,0.00186367,4162.0
Peru,LA,1895,2827000.0,1.02,1523676000.0,0.00185538,4196.2
Peru,LA,1896,2836200.0,1.0316,1535655000.0,0.0018469,4230.1
Peru,LA,1897,2845400.0,1.0432,1547830000.0,0.00183832,4263.9
Peru,LA,1898,2854600.0,1.0548,1560243000.0,0.00182959,4297.4
Peru,LA,1899,2863800.0,1.0664,1572611000.0,0.00182105,4330.7
Peru,LA,1900,2873000.0,1.078,1584867000.0,0.00181277,4363.8
Peru,LA,1901,2968700.0,1.1652,1600044000.0,0.00185539,4564.7
Peru,LA,1902,3064400.0,1.2524,1615427000.0,0.00189696,4753.1
Peru,LA,1903,3160100.0,1.3396,1630965000.0,0.00193756,4930.1
Peru,LA,1904,3255800.0,1.4268,1646581000.0,0.00197731,5096.7
Peru,LA,1905,3351500.0,1.514,1662453000.0,0.002016,5253.7
Peru,LA,1906,3447200.0,1.6012,1678596000.0,0.00205362,5402.1
Peru,LA,1907,3542900.0,1.6884,1695030000.0,0.00209017,5542.4
Peru,LA,1908,3638600.0,1.7755999999999998,1711586000.0,0.00212586,5675.3
Peru,LA,1909,3734300.0,1.8628,1728501000.0,0.00216043,5801.5
Peru,LA,1910,3830000.0,1.95,1745736000.0,0.00219392,5921.3
Peru,LA,1911,3909500.0,1.9998,1762399000.0,0.00221828,5949.0
Peru,LA,1912,3989000.0,2.0496,1779061000.0,0.00224219,5975.6
Peru,LA,1913,4068500.0,2.0994,1796080000.0,0.00226521,6001.2
Peru,LA,1914,4148000.0,2.1492,1808262000.0,0.00229392,6025.8
Peru,LA,1915,4227500.0,2.199,1818401000.0,0.00232484,6049.5
Peru,LA,1916,4307000.0,2.2488,1828586000.0,0.00235537,6072.3
Peru,LA,1917,4386500.0,2.2986,1839381000.0,0.00238477,6094.3
Peru,LA,1918,4466000.0,2.3484,1849942000.0,0.00241413,6115.5
Peru,LA,1919,4545500.0,2.3982,1862569000.0,0.00244045,6136.0
Peru,LA,1920,4625000.0,2.448,1875297000.0,0.00246628,6155.7
Peru,LA,1921,4703500.0,2.503,1886887000.0,0.00249273,6189.0
Peru,LA,1922,4782000.0,2.558,1903926000.0,0.00251165,6221.2
Peru,LA,1923,4860500.0,2.613,1924127000.0,0.00252608,6252.3
Peru,LA,1924,4939000.0,2.668,1946371000.0,0.00253754,6282.4
Peru,LA,1925,5017500.0,2.723,1968879000.0,0.0025484,6311.6
Peru,LA,1926,5096000.0,2.778,1991829000.0,0.00255845,6339.9
Peru,LA,1927,5174500.0,2.833,2014443000.0,0.0025687,6367.3
Peru,LA,1928,5253000.0,2.8880000000000003,2036576000.0,0.00257933,6394.0
Peru,LA,1929,5331500.0,2.943,2059103000.0,0.00258923,6419.8
Peru,LA,1930,5410000.0,2.998,2080211000.0,0.0026007,6444.9
Peru,LA,1931,5508700.0,3.0551000000000004,2101812000.0,0.00262093,6449.9
Peru,LA,1932,5607400.0,3.1122,2121508000.0,0.00264312,6454.8
Peru,LA,1933,5706100.0,3.1693,2140973000.0,0.00266519,6459.6
Peru,LA,1934,5804800.0,3.2264,2161152000.0,0.00268597,6464.1
Peru,LA,1935,5903500.0,3.2835,2181702000.0,0.00270591,6468.6
Peru,LA,1936,6002200.0,3.3406,2203365000.0,0.00272411,6472.8
Peru,LA,1937,6100900.0,3.3977,2226159000.0,0.00274055,6477.0
Peru,LA,1938,6199600.0,3.4548,2250491000.0,0.00275478,6481.0
Peru,LA,1939,6298300.0,3.5119,2275307000.0,0.00276811,6484.8
Peru,LA,1940,6397000.0,3.569,2296743000.0,0.00278525,6488.6
Peru,LA,1941,6520500.0,3.6763,2313071000.0,0.00281898,6557.1
Peru,LA,1942,6644000.0,3.7836,2331578000.0,0.00284957,6623.0
Peru,LA,1943,6767500.0,3.8909,2350140000.0,0.00287962,6686.5
Peru,LA,1944,6891000.0,3.9982,2368872000.0,0.00290898,6747.8
Peru,LA,1945,7014500.0,4.1055,2394093000.0,0.00292992,6806.9
Peru,LA,1946,7138000.0,4.2128,2419526000.0,0.00295016,6863.9
Peru,LA,1947,7261500.0,4.3201,2446628000.0,0.00296796,6919.1
Peru,LA,1948,7385000.0,4.4274,2473860000.0,0.00298521,6972.3
Peru,LA,1949,7508500.0,4.5347,2501856000.0,0.00300117,7023.8
Peru,LA,1950,7632000.0,4.642,2529794000.0,0.00301685,7073.7
Peru,LA,1951,7861900.0,4.7628,2577776000.0,0.00304988,7045.5
Peru,LA,1952,8091800.0,4.8836,2624866000.0,0.00308275,7019.0
Peru,LA,1953,8321700.000000001,5.0044,2671465000.0,0.00311503,6993.9
Peru,LA,1954,8551600.0,5.1252,2718563000.0,0.00314563,6970.2
Peru,LA,1955,8781500.0,5.246,2766430000.0,0.00317431,6947.7
Peru,LA,1956,9011400.0,5.3668,2815461000.0,0.00320068,6926.3
Peru,LA,1957,9241300.0,5.4876,2866148000.0,0.00322429,6906.0
Peru,LA,1958,9471200.0,5.6084,2918168000.0,0.0032456,6886.7
Peru,LA,1959,9701100.0,5.7292,2971839000.0,0.00326434,6868.4
Peru,LA,1960,9931000.0,5.85,3027112000.0,0.00328068,6850.8
Peru,LA,1961,10257200.0,6.0423,3084358000.0,0.00332555,6851.0
Peru,LA,1962,10583400.0,6.2346,3143380000.0,0.00336689,6851.1
Peru,LA,1963,10909600.0,6.4269,3204489000.0,0.00340447,6851.3
Peru,LA,1964,11235800.0,6.619199999999999,3268074000.0,0.00343805,6851.4
Peru,LA,1965,11562000.0,6.8115,3334092000.0,0.00346781,6851.6
Peru,LA,1966,11888200.0,7.0038,3402738000.0,0.00349372,6851.7
Peru,LA,1967,12214400.0,7.1961,3473827000.0,0.00351612,6851.8
Peru,LA,1968,12540600.0,7.3884,3546719000.0,0.00353583,6851.9
Peru,LA,1969,12866800.0,7.580699999999999,3620809000.0,0.00355357,6852.0
Peru,LA,1970,13193000.0,7.773,3695944000.0,0.00356959,6852.1
Peru,LA,1971,13606100.0,8.1459,3771809000.0,0.00360731,6962.8
Peru,LA,1972,14019200.0,8.5188,3847786000.0,0.00364345,7067.0
Peru,LA,1973,14432300.0,8.8917,3923766000.0,0.00367818,7165.2
Peru,LA,1974,14845400.0,9.2646,3999654000.0,0.00371167,7258.0
Peru,LA,1975,15258500.0,9.6375,4075437000.0,0.00374402,7345.7
Peru,LA,1976,15671600.0,10.0104,4150660000.0,0.00377569,7428.8
Peru,LA,1977,16084700.0,10.3833,4225672000.0,0.00380642,7507.6
Peru,LA,1978,16497800.0,10.7562,4301501000.0,0.00383536,7582.5
Peru,LA,1979,16910900.0,11.1291,4378004000.0,0.0038627,7653.7
Peru,LA,1980,17324000.0,11.502,4456394000.0,0.00388745,7721.6
Peru,LA,1981,17768100.0,11.4869,4535942000.0,0.00391718,7518.7
Peru,LA,1982,18212200.0,11.4718,4616948000.0,0.00394464,7325.7
Peru,LA,1983,18656300.0,11.4567,4699604000.0,0.00396976,7141.9
Peru,LA,1984,19100400.0,11.4416,4784334000.0,0.00399228,6966.7
Peru,LA,1985,19544500.0,11.4265,4871434000.0,0.00401206,6799.4
Peru,LA,1986,19988600.0,11.4114,4961120000.0,0.00402905,6639.5
Peru,LA,1987,20432700.0,11.3963,5052960000.0,0.00404371,6486.6
Peru,LA,1988,20876800.0,11.381200000000002,5145733000.0,0.00405711,6340.2
Peru,LA,1989,21320900.0,11.3661,5237968000.0,0.00407045,6199.9
Peru,LA,1990,21765000.0,11.351,5328602000.0,0.00408456,6065.3
Peru,LA,1991,22188200.0,11.6531,5417317000.0,0.00409579,6108.0
Peru,LA,1992,22611400.0,11.9552,5503880000.0,0.00410827,6149.1
Peru,LA,1993,23034600.0,12.2573,5588359000.0,0.00412189,6188.6
Peru,LA,1994,23457800.0,12.5594,5671048000.0,0.00413641,6226.7
Peru,LA,1995,23881000.0,12.8615,5752408000.0,0.00415148,6263.5
Peru,LA,1996,24304200.0,13.1636,5832484000.0,0.00416704,6299.0
Peru,LA,1997,24727400.0,13.4657,5911415000.0,0.00418299,6333.3
Peru,LA,1998,25150600.0,13.7678,5989470000.0,0.00419914,6366.4
Peru,LA,1999,25573800.0,14.0699,6067325000.0,0.004215,6398.5
Peru,LA,2000,25997000.0,14.372,6145394000.0,0.00423032,6429.4
Peru,LA,2001,26346800.0,15.0889,6223661000.0,0.00423333,6660.5
Peru,LA,2002,26696600.0,15.8058,6302453000.0,0.00423591,6885.6
Peru,LA,2003,27046400.0,16.5227,6381858000.0,0.00423801,7104.8
Peru,LA,2004,27396200.0,17.2396,6461988000.0,0.00423959,7318.4
Peru,LA,2005,27746000.0,17.9565,6542867000.0,0.00424065,7526.6
Peru,LA,2006,28095800.0,18.6734,6624538000.0,0.00424117,7729.7
Peru,LA,2007,28445600.0,19.3903,6707018000.0,0.00424117,7927.7
Peru,LA,2008,28795400.0,20.1072,6790025000.0,0.00424084,8121.0
Peru,LA,2009,29145200.0,20.8241,6874725000.0,0.00423947,8309.6
Peru,LA,2010,29495000.0,21.541,6959421000.0,0.00423814,8493.7
Peru,LA,2011,29842700.0,21.8317,7044266000.0,0.00423645,8508.0
Peru,LA,2012,30190400.0,22.1224,7129609000.0,0.00423451,8522.0
Peru,LA,2013,30538100.0,22.4131,7215047000.0,0.00423256,8535.7
Peru,LA,2014,30885800.0,22.7038,7300248000.0,0.00423079,8549.1
Peru,LA,2015,31233500.0,22.9945,7384880000.0,0.00422938,8562.2
Peru,LA,2016,31581200.0,23.2852,7469068000.0,0.00422827,8574.9
Peru,LA,2017,31928900.0,23.5759,7550393000.0,0.00422877,8587.4
Peru,LA,2018,32276600.0,23.8666,7632955000.0,0.00422859,8599.7
Peru,LA,2019,32624300.0,24.1573,7714577000.0,0.00422892,8611.7
Peru,LA,2020,32972000.0,24.448,7795482000.0,0.00422963,8623.4
Philippines,As,1820,2176000.0,0.629,1047270000.0,0.00207778,3361.8
Philippines,As,1821,2216000.0,0.6405,1052728000.0,0.00210501,3361.5
Philippines,As,1822,2256000.0,0.652,1058224000.0,0.00213187,3361.2
Philippines,As,1823,2296000.0,0.6635,1063824000.0,0.00215825,3360.8
Philippines,As,1824,2336000.0,0.675,1069477000.0,0.00218425,3360.6
Philippines,As,1825,2376000.0,0.6865,1075142000.0,0.00220994,3360.3
Philippines,As,1826,2416000.0,0.698,1080733000.0,0.00223552,3360.0
Philippines,As,1827,2456000.0,0.7095,1086318000.0,0.00226085,3359.7
Philippines,As,1828,2496000.0,0.721,1091853000.0,0.00228602,3359.5
Philippines,As,1829,2536000.0,0.7325,1097270000.0,0.00231119,3359.2
Philippines,As,1830,2576000.0,0.744,1102518000.0,0.00233647,3359.0
Philippines,As,1831,2623500.0,0.7577,1108061000.0,0.00236765,3358.9
Philippines,As,1832,2671000.0,0.7714,1113520000.0,0.0023987,3358.8
Philippines,As,1833,2718500.0,0.7851,1119039000.0,0.00242932,3358.7
Philippines,As,1834,2766000.0,0.7988,1124554000.0,0.00245964,3358.7
Philippines,As,1835,2813500.0,0.8125,1130361000.0,0.00248903,3358.6
Philippines,As,1836,2861000.0,0.8262,1136068000.0,0.00251834,3358.5
Philippines,As,1837,2908500.0,0.8399,1141817000.0,0.00254726,3358.4
Philippines,As,1838,2956000.0,0.8536,1147560000.0,0.0025759,3358.4
Philippines,As,1839,3003500.0,0.8673,1153428000.0,0.00260398,3358.3
Philippines,As,1840,3051000.0,0.881,1159310000.0,0.00263174,3358.3
Philippines,As,1841,3107100.0,0.8972,1165435000.0,0.00266604,3358.3
Philippines,As,1842,3163200.0,0.9134,1171545000.0,0.00270002,3358.3
Philippines,As,1843,3219300.0,0.9296,1177631000.0,0.00273371,3358.3
Philippines,As,1844,3275400.0,0.9458,1183818000.0,0.00276681,3358.3
Philippines,As,1845,3331500.0,0.962,1190091000.0,0.00279937,3358.3
Philippines,As,1846,3387600.0,0.9782,1196249000.0,0.00283185,3358.3
Philippines,As,1847,3443700.0,0.9944,1201397000.0,0.00286641,3358.3
Philippines,As,1848,3499800.0,1.0106,1205963000.0,0.00290208,3358.3
Philippines,As,1849,3555900.0,1.0268,1211069000.0,0.00293617,3358.3
Philippines,As,1850,3612000.0,1.043,1216574000.0,0.00296899,3358.3
Philippines,As,1851,3678400.0,1.0618999999999998,1218975000.0,0.00301762,3357.4
Philippines,As,1852,3744800.0,1.0808,1221557000.0,0.0030656,3356.6
Philippines,As,1853,3811200.0,1.0997,1224259000.0,0.00311307,3355.8
Philippines,As,1854,3877600.0,1.1186,1226726000.0,0.00316093,3355.0
Philippines,As,1855,3944000.0,1.1375,1228814000.0,0.0032096,3354.2
Philippines,As,1856,4010400.0,1.1564,1231565000.0,0.00325634,3353.5
Philippines,As,1857,4076800.0,1.1753,1234524000.0,0.00330233,3352.8
Philippines,As,1858,4143200.0,1.1942,1237487000.0,0.00334808,3352.1
Philippines,As,1859,4209600.0,1.2131,1240642000.0,0.00339308,3351.5
Philippines,As,1860,4276000.0,1.232,1243735000.0,0.00343803,3350.8
Philippines,As,1861,4354700.0,1.254,1247652000.0,0.00349032,3349.0
Philippines,As,1862,4433400.0,1.276,1250707000.0,0.00354472,3347.3
Philippines,As,1863,4512100.0,1.298,1254013000.0,0.00359813,3345.6
Philippines,As,1864,4590800.0,1.32,1257290000.0,0.00365135,3344.0
Philippines,As,1865,4669500.0,1.342,1260601000.0,0.00370419,3342.4
Philippines,As,1866,4748200.0,1.364,1263629000.0,0.00375759,3340.9
Philippines,As,1867,4826900.0,1.386,1266809000.0,0.00381028,3339.4
Philippines,As,1868,4905600.0,1.408,1269858000.0,0.00386311,3338.0
Philippines,As,1869,4984300.0,1.43,1271405000.0,0.00392031,3336.7
Philippines,As,1870,5063000.0,1.452,1274661000.0,0.00397204,3335.3
Philippines,As,1871,5129300.0,1.4719,1282387000.0,0.00399981,3337.3
Philippines,As,1872,5195600.0,1.4918,1290858000.0,0.00402492,3339.3
Philippines,As,1873,5261900.0,1.5117,1299848000.0,0.00404809,3341.2
Philippines,As,1874,5328200.0,1.5316,1309013000.0,0.0040704,3343.1
Philippines,As,1875,5394500.0,1.5515,1318339000.0,0.00409189,3344.9
Philippines,As,1876,5460800.0,1.5714,1327814000.0,0.00411262,3346.6
Philippines,As,1877,5527100.0,1.5913,1337399000.0,0.00413272,3348.4
Philippines,As,1878,5593400.0,1.6112,1347055000.0,0.00415232,3350.1
Philippines,As,1879,5659700.0,1.6311,1356760000.0,0.00417148,3351.7
Philippines,As,1880,5726000.0,1.651,1366310000.0,0.00419085,3353.3
Philippines,As,1881,5801000.0,1.6736,1376041000.0,0.00421572,3355.3
Philippines,As,1882,5876000.0,1.6962,1385750000.0,0.0042403,3357.2
Philippines,As,1883,5951000.0,1.7188,1395507000.0,0.0042644,3359.0
Philippines,As,1884,6026000.0,1.7414,1405536000.0,0.00428733,3360.8
Philippines,As,1885,6101000.0,1.764,1415514000.0,0.0043101,3362.6
Philippines,As,1886,6176000.0,1.7866,1425627000.0,0.00433213,3364.3
Philippines,As,1887,6251000.0,1.8092,1435759000.0,0.00435379,3366.0
Philippines,As,1888,6326000.0,1.8318,1445944000.0,0.004375,3367.7
Philippines,As,1889,6401000.0,1.8544,1456277000.0,0.00439545,3369.3
Philippines,As,1890,6476000.0,1.877,1466582000.0,0.00441571,3370.8
Philippines,As,1891,6560800.0,1.9069,1477705000.0,0.00443986,3380.3
Philippines,As,1892,6645600.0,1.9368,1488973000.0,0.00446321,3389.5
Philippines,As,1893,6730400.0,1.9667,1500286000.0,0.00448608,3398.4
Philippines,As,1894,6815200.0,1.9966,1511963000.0,0.00450752,3407.2
Philippines,As,1895,6900000.0,2.0265,1523676000.0,0.00452852,3415.7
Philippines,As,1896,6984800.0,2.0564,1535655000.0,0.00454842,3424.0
Philippines,As,1897,7069600.0,2.0863,1547830000.0,0.00456743,3432.1
Philippines,As,1898,7154400.0,2.1162,1560243000.0,0.00458544,3440.0
Philippines,As,1899,7239200.0,2.1461,1572611000.0,0.0046033,3447.8
Philippines,As,1900,7324000.0,2.176,1584867000.0,0.00462121,3455.3
Philippines,As,1901,7477700.0,2.2471,1600044000.0,0.00467343,3494.9
Philippines,As,1902,7631400.0,2.3182,1615427000.0,0.00472408,3532.9
Philippines,As,1903,7785100.0,2.3893,1630965000.0,0.00477331,3569.3
Philippines,As,1904,7938800.0,2.4604,1646581000.0,0.00482138,3604.4
Philippines,As,1905,8092500.0,2.5315000000000003,1662453000.0,0.00486781,3638.1
Philippines,As,1906,8246200.000000001,2.6026,1678596000.0,0.00491256,3670.6
Philippines,As,1907,8399900.0,2.6737,1695030000.0,0.00495561,3701.8
Philippines,As,1908,8553600.0,2.7448,1711586000.0,0.00499747,3732.0
Philippines,As,1909,8707300.0,2.8159,1728501000.0,0.00503749,3761.1
Philippines,As,1910,8861000.0,2.887,1745736000.0,0.0050758,3789.2
Philippines,As,1911,9047400.0,2.9737,1762399000.0,0.00513357,3822.5
Philippines,As,1912,9233800.0,3.0604,1779061000.0,0.00519027,3854.6
Philippines,As,1913,9420200.0,3.1471,1796080000.0,0.00524487,3885.3
Philippines,As,1914,9606600.0,3.2338,1808262000.0,0.00531262,3914.9
Philippines,As,1915,9793000.0,3.3205,1818401000.0,0.0053855,3943.4
Philippines,As,1916,9979400.0,3.4072,1828586000.0,0.00545744,3970.8
Philippines,As,1917,10165800.0,3.4939,1839381000.0,0.00552675,3997.1
Philippines,As,1918,10352200.0,3.5806,1849942000.0,0.00559596,4022.6
Philippines,As,1919,10538600.0,3.6673,1862569000.0,0.0056581,4047.1
Philippines,As,1920,10725000.0,3.754,1875297000.0,0.00571909,4070.8
Philippines,As,1921,10971900.0,3.9005,1886887000.0,0.00581482,4134.5
Philippines,As,1922,11218800.0,4.047,1903926000.0,0.00589246,4195.3
Philippines,As,1923,11465700.0,4.1935,1924127000.0,0.00595891,4253.6
Philippines,As,1924,11712600.0,4.34,1946371000.0,0.00601766,4309.4
Philippines,As,1925,11959500.0,4.4865,1968879000.0,0.00607427,4362.9
Philippines,As,1926,12206400.0,4.633,1991829000.0,0.00612824,4414.2
Philippines,As,1927,12453300.0,4.7795000000000005,2014443000.0,0.00618201,4463.5
Philippines,As,1928,12700200.0,4.926,2036576000.0,0.00623606,4510.9
Philippines,As,1929,12947100.0,5.0725,2059103000.0,0.00628774,4556.5
Philippines,As,1930,13194000.0,5.219,2080211000.0,0.00634263,4600.3
Philippines,As,1931,13533100.0,5.2907,2101812000.0,0.00643878,4546.7
Philippines,As,1932,13872200.0,5.3624,2121508000.0,0.00653884,4495.7
Philippines,As,1933,14211300.0,5.4341,2140973000.0,0.00663778,4447.1
Philippines,As,1934,14550400.0,5.5058,2161152000.0,0.00673271,4400.7
Philippines,As,1935,14889500.0,5.577500000000001,2181702000.0,0.00682472,4356.5
Philippines,As,1936,15228600.0,5.6492,2203365000.0,0.00691152,4314.3
Philippines,As,1937,15567700.0,5.7209,2226159000.0,0.00699308,4273.9
Philippines,As,1938,15906800.0,5.7926,2250491000.0,0.00706815,4235.2
Philippines,As,1939,16245900.0,5.8643,2275307000.0,0.00714009,4198.1
Philippines,As,1940,16585000.0,5.936,2296743000.0,0.0072211,4162.5
Philippines,As,1941,17039600.0,6.1415,2313071000.0,0.00736666,4191.7
Philippines,As,1942,17494200.0,6.347,2331578000.0,0.00750316,4219.4
Philippines,As,1943,17948800.0,6.5525,2350140000.0,0.00763733,4245.7
Philippines,As,1944,18403400.0,6.758,2368872000.0,0.00776885,4270.7
Philippines,As,1945,18858000.0,6.9635,2394093000.0,0.00787689,4294.5
Philippines,As,1946,19312600.0,7.169,2419526000.0,0.00798198,4317.2
Philippines,As,1947,19767200.0,7.374499999999999,2446628000.0,0.00807936,4338.8
Philippines,As,1948,20221800.0,7.58,2473860000.0,0.00817419,4359.4
Philippines,As,1949,20676400.0,7.7855,2501856000.0,0.00826442,4379.2
Philippines,As,1950,21131000.0,7.991,2529794000.0,0.00835285,4398.1
Philippines,As,1951,21870800.0,8.4032,2577776000.0,0.00848437,4468.5
Philippines,As,1952,22610600.0,8.8154,2624866000.0,0.008614,4534.3
Philippines,As,1953,23350400.0,9.2276,2671465000.0,0.00874067,4595.9
Philippines,As,1954,24090200.0,9.6398,2718563000.0,0.00886137,4653.8
Philippines,As,1955,24830000.0,10.052,2766430000.0,0.00897547,4708.2
Philippines,As,1956,25569800.0,10.4642,2815461000.0,0.00908192,4759.5
Philippines,As,1957,26309600.0,10.8764,2866148000.0,0.00917943,4807.8
Philippines,As,1958,27049400.0,11.2886,2918168000.0,0.00926931,4853.6
Philippines,As,1959,27789200.0,11.7008,2971839000.0,0.00935084,4896.9
Philippines,As,1960,28529000.0,12.113,3027112000.0,0.00942449,4937.9
Philippines,As,1961,29536500.0,12.8041,3084358000.0,0.00957622,5041.6
Philippines,As,1962,30544000.0,13.4952,3143380000.0,0.00971693,5138.5
Philippines,As,1963,31551500.0,14.1863,3204489000.0,0.00984603,5229.1
Philippines,As,1964,32559000.0,14.8774,3268074000.0,0.00996275,5314.2
Philippines,As,1965,33566500.0,15.5685,3334092000.0,0.01006766,5394.1
Philippines,As,1966,34574000.0,16.2596,3402738000.0,0.01016064,5469.4
Philippines,As,1967,35581500.0,16.9507,3473827000.0,0.01024274,5540.4
Philippines,As,1968,36589000.0,17.6418,3546719000.0,0.0103163,5607.5
Philippines,As,1969,37596500.0,18.3329,3620809000.0,0.01038345,5671.0
Philippines,As,1970,38604000.0,19.024,3695944000.0,0.01044496,5731.2
Philippines,As,1971,39837600.0,19.7108,3771809000.0,0.01056193,5754.3
Philippines,As,1972,41071200.0,20.3976,3847786000.0,0.01067398,5775.9
Philippines,As,1973,42304800.0,21.0844,3923766000.0,0.01078168,5796.3
Philippines,As,1974,43538400.0,21.7712,3999654000.0,0.01088554,5815.5
Philippines,As,1975,44772000.0,22.458,4075437000.0,0.01098582,5833.7
Philippines,As,1976,46005600.0,23.1448,4150660000.0,0.01108392,5850.9
Philippines,As,1977,47239200.0,23.8316,4225672000.0,0.0111791,5867.2
Philippines,As,1978,48472800.0,24.5184,4301501000.0,0.01126881,5882.7
Philippines,As,1979,49706400.0,25.2052,4378004000.0,0.01135367,5897.4
Philippines,As,1980,50940000.0,25.892,4456394000.0,0.01143077,5911.3
Philippines,As,1981,52277800.0,26.4644,4535942000.0,0.01152524,5887.4
Philippines,As,1982,53615600.0,27.0368,4616948000.0,0.01161278,5864.7
Philippines,As,1983,54953400.0,27.6092,4699604000.0,0.0116932,5843.0
Philippines,As,1984,56291200.0,28.1816,4784334000.0,0.01176573,5822.4
Philippines,As,1985,57629000.0,28.754,4871434000.0,0.01182999,5802.8
Philippines,As,1986,58966800.0,29.3264,4961120000.0,0.01188578,5784.0
Philippines,As,1987,60304600.0,29.8988,5052960000.0,0.01193451,5766.1
Philippines,As,1988,61642400.0,30.4712,5145733000.0,0.01197932,5749.0
Philippines,As,1989,62980200.0,31.0436,5237968000.0,0.01202378,5732.5
Philippines,As,1990,64318000.0,31.616,5328602000.0,0.01207033,5716.8
Philippines,As,1991,65685399.99999999,32.8911,5417317000.0,0.01212508,5823.6
Philippines,As,1992,67052800.0,34.1662,5503880000.0,0.01218282,5926.0
Philippines,As,1993,68420200.0,35.4413,5588359000.0,0.01224334,6024.3
Philippines,As,1994,69787600.0,36.7164,5671048000.0,0.01230594,6118.7
Philippines,As,1995,71155000.0,37.9915,5752408000.0,0.0123696,6209.6
Philippines,As,1996,72522400.0,39.2666,5832484000.0,0.01243422,6297.0
Philippines,As,1997,73889800.0,40.5417,5911415000.0,0.01249951,6381.1
Philippines,As,1998,75257200.0,41.8168,5989470000.0,0.01256492,6462.2
Philippines,As,1999,76624600.0,43.0919,6067325000.0,0.01262906,6540.4
Philippines,As,2000,77992000.0,44.367,6145394000.0,0.01269113,6615.9
Philippines,As,2001,79565500.0,44.9188,6223661000.0,0.01278436,6565.7
Philippines,As,2002,81139000.0,45.4706,6302453000.0,0.01287419,6517.5
Philippines,As,2003,82712500.0,46.0224,6381858000.0,0.01296057,6471.1
Philippines,As,2004,84286000.0,46.5742,6461988000.0,0.01304335,6426.4
Philippines,As,2005,85859500.0,47.126,6542867000.0,0.01312261,6383.4
Philippines,As,2006,87433000.0,47.6778,6624538000.0,0.01319835,6341.9
Philippines,As,2007,89006500.0,48.2296,6707018000.0,0.01327065,6301.9
Philippines,As,2008,90580000.0,48.7814,6790025000.0,0.01334016,6263.3
Philippines,As,2009,92153500.0,49.3332,6874725000.0,0.01340468,6226.0
Philippines,As,2010,93727000.0,49.885,6959421000.0,0.01346764,6189.9
Philippines,As,2011,95312400.0,51.6985,7044266000.0,0.01353049,6308.2
Philippines,As,2012,96897800.0,53.512,7129609000.0,0.0135909,6422.7
Philippines,As,2013,98483200.0,55.3255,7215047000.0,0.0136497,6533.5
Philippines,As,2014,100068600.0,57.139,7300248000.0,0.01370756,6640.7
Philippines,As,2015,101654000.0,58.9525,7384880000.0,0.01376515,6744.6
Philippines,As,2016,103239400.0,60.766,7469068000.0,0.01382226,6845.3
Philippines,As,2017,104824800.0,62.5795,7550393000.0,0.01388336,6943.0
Philippines,As,2018,106410200.0,64.393,7632955000.0,0.01394089,7037.8
Philippines,As,2019,107995600.0,66.2065,7714577000.0,0.0139989,7129.7
Philippines,As,2020,109581000.0,68.02,7795482000.0,0.01405699,7219.1
Poland,EE,1820,10426000.0,4.722,1047270000.0,0.00995541,5267.3
Poland,EE,1821,10505600.0,4.7641,1052728000.0,0.00997941,5274.0
Poland,EE,1822,10585200.0,4.8062000000000005,1058224000.0,0.0100028,5280.6
Poland,EE,1823,10664800.0,4.8483,1063824000.0,0.01002497,5287.1
Poland,EE,1824,10744400.0,4.8904000000000005,1069477000.0,0.01004641,5293.5
Poland,EE,1825,10824000.0,4.9325,1075142000.0,0.01006751,5299.8
Poland,EE,1826,10903600.0,4.9746,1080733000.0,0.01008908,5306.0
Poland,EE,1827,10983200.0,5.0167,1086318000.0,0.01011048,5312.1
Poland,EE,1828,11062800.0,5.0588,1091853000.0,0.01013213,5318.2
Poland,EE,1829,11142400.0,5.1009,1097270000.0,0.01015466,5324.1
Poland,EE,1830,11222000.0,5.143,1102518000.0,0.01017852,5330.0
Poland,EE,1831,11307600.0,5.211399999999999,1108061000.0,0.01020485,5360.0
Poland,EE,1832,11393200.0,5.2798,1113520000.0,0.0102317,5389.5
Poland,EE,1833,11478800.0,5.3482,1119039000.0,0.01025773,5418.6
Poland,EE,1834,11564400.0,5.4166,1124554000.0,0.01028354,5447.3
Poland,EE,1835,11650000.0,5.484999999999999,1130361000.0,0.01030644,5475.6
Poland,EE,1836,11735600.0,5.5534,1136068000.0,0.01033002,5503.4
Poland,EE,1837,11821200.0,5.6218,1141817000.0,0.01035297,5530.9
Poland,EE,1838,11906800.0,5.6902,1147560000.0,0.01037575,5557.9
Poland,EE,1839,11992400.0,5.7586,1153428000.0,0.01039718,5584.6
Poland,EE,1840,12078000.0,5.827,1159310000.0,0.01041827,5610.9
Poland,EE,1841,12170200.0,5.9066,1165435000.0,0.01044262,5644.4
Poland,EE,1842,12262400.0,5.9862,1171545000.0,0.01046686,5677.5
Poland,EE,1843,12354600.0,6.0658,1177631000.0,0.01049106,5710.0
Poland,EE,1844,12446800.0,6.1454,1183818000.0,0.01051412,5742.1
Poland,EE,1845,12539000.0,6.225,1190091000.0,0.01053617,5773.7
Poland,EE,1846,12631200.0,6.3046,1196249000.0,0.01055901,5804.9
Poland,EE,1847,12723400.0,6.3842,1201397000.0,0.0105905,5835.6
Poland,EE,1848,12815600.0,6.4638,1205963000.0,0.01062686,5865.8
Poland,EE,1849,12907800.0,6.5434,1211069000.0,0.01065819,5895.6
Poland,EE,1850,13000000.0,6.623,1216574000.0,0.01068575,5925.0
Poland,EE,1851,13183900.0,6.8266,1218975000.0,0.01081556,6022.0
Poland,EE,1852,13367800.0,7.030200000000001,1221557000.0,0.01094325,6116.3
Poland,EE,1853,13551700.0,7.2338,1224259000.0,0.01106931,6208.0
Poland,EE,1854,13735600.0,7.4374,1226726000.0,0.01119696,6297.3
Poland,EE,1855,13919500.0,7.641,1228814000.0,0.01132759,6384.2
Poland,EE,1856,14103400.0,7.844600000000001,1231565000.0,0.01145161,6468.8
Poland,EE,1857,14287300.0,8.048200000000001,1234524000.0,0.01157312,6551.3
Poland,EE,1858,14471200.0,8.251800000000001,1237487000.0,0.01169402,6631.7
Poland,EE,1859,14655100.0,8.455400000000001,1240642000.0,0.01181251,6710.0
Poland,EE,1860,14839000.0,8.659,1243735000.0,0.011931,6786.5
Poland,EE,1861,15041600.0,9.0469,1247652000.0,0.01205593,6995.0
Poland,EE,1862,15244200.0,9.4348,1250707000.0,0.01218847,7197.9
Poland,EE,1863,15446800.0,9.8227,1254013000.0,0.01231789,7395.6
Poland,EE,1864,15649400.0,10.2106,1257290000.0,0.01244693,7588.1
Poland,EE,1865,15852000.0,10.5985,1260601000.0,0.01257495,7775.7
Poland,EE,1866,16054600.0,10.9864,1263629000.0,0.01270515,7958.6
Poland,EE,1867,16257200.0,11.3743,1266809000.0,0.01283319,8136.9
Poland,EE,1868,16459800.0,11.7622,1269858000.0,0.01296192,8310.8
Poland,EE,1869,16662400.000000002,12.1501,1271405000.0,0.0131055,8480.5
Poland,EE,1870,16865000.0,12.538,1274661000.0,0.01323097,8646.1
Poland,EE,1871,17141700.0,12.9607,1282387000.0,0.01336703,8793.3
Poland,EE,1872,17418400.0,13.3834,1290858000.0,0.01349366,8935.9
Poland,EE,1873,17695100.0,13.8061,1299848000.0,0.01361321,9074.0
Poland,EE,1874,17971800.0,14.2288,1309013000.0,0.01372928,9207.8
Poland,EE,1875,18248500.0,14.6515,1318339000.0,0.01384204,9337.6
Poland,EE,1876,18525200.0,15.0742,1327814000.0,0.01395165,9463.5
Poland,EE,1877,18801900.0,15.4969,1337399000.0,0.01405856,9585.7
Poland,EE,1878,19078600.0,15.9196,1347055000.0,0.01416319,9704.3
Poland,EE,1879,19355300.0,16.3423,1356760000.0,0.01426582,9819.6
Poland,EE,1880,19632000.0,16.765,1366310000.0,0.01436863,9931.6
Poland,EE,1881,19954200.0,17.3778,1376041000.0,0.01450117,10128.4
Poland,EE,1882,20276400.0,17.9906,1385750000.0,0.01463208,10318.9
Poland,EE,1883,20598600.0,18.6034,1395507000.0,0.01476066,10503.5
Poland,EE,1884,20920800.0,19.2162,1405536000.0,0.01488457,10682.4
Poland,EE,1885,21243000.0,19.829,1415514000.0,0.01500727,10855.9
Poland,EE,1886,21565200.0,20.4418,1425627000.0,0.01512682,11024.2
Poland,EE,1887,21887400.0,21.0546,1435759000.0,0.01524448,11187.5
Poland,EE,1888,22209600.0,21.6674,1445944000.0,0.01535993,11346.1
Poland,EE,1889,22531800.0,22.2802,1456277000.0,0.01547219,11500.1
Poland,EE,1890,22854000.0,22.893,1466582000.0,0.01558317,11649.8
Poland,EE,1891,23043600.0,23.6408,1477705000.0,0.01559418,11931.4
Poland,EE,1892,23233200.0,24.3886,1488973000.0,0.01560351,12208.4
Poland,EE,1893,23422800.0,25.1364,1500286000.0,0.01561222,12480.8
Poland,EE,1894,23612400.0,25.8842,1511963000.0,0.01561705,12748.9
Poland,EE,1895,23802000.0,26.632,1523676000.0,0.01562143,13012.8
Poland,EE,1896,23991600.0,27.3798,1535655000.0,0.01562304,13272.4
Poland,EE,1897,24181200.0,28.1276,1547830000.0,0.01562265,13528.0
Poland,EE,1898,24370800.0,28.8754,1560243000.0,0.01561987,13779.6
Poland,EE,1899,24560400.0,29.6232,1572611000.0,0.01561759,14027.4
Poland,EE,1900,24750000.0,30.371,1584867000.0,0.01561645,14271.3
Poland,EE,1901,24939400.0,31.4179,1600044000.0,0.0155867,14651.1
Poland,EE,1902,25128800.0,32.4648,1615427000.0,0.01555552,15025.2
Poland,EE,1903,25318200.0,33.5117,1630965000.0,0.01552345,15393.7
Poland,EE,1904,25507600.0,34.5586,1646581000.0,0.01549125,15756.7
Poland,EE,1905,25697000.0,35.6055,1662453000.0,0.01545728,16114.4
Poland,EE,1906,25886400.0,36.6524,1678596000.0,0.01542146,16466.8
Poland,EE,1907,26075800.0,37.6993,1695030000.0,0.01538368,16814.2
Poland,EE,1908,26265200.0,38.7462,1711586000.0,0.01534553,17156.5
Poland,EE,1909,26454600.0,39.7931,1728501000.0,0.01530494,17493.9
Poland,EE,1910,26644000.0,40.84,1745736000.0,0.01526233,17826.5
Poland,EE,1911,26376400.0,40.0379,1762399000.0,0.01496619,17653.7
Poland,EE,1912,26108800.0,39.235800000000005,1779061000.0,0.01467561,17477.3
Poland,EE,1913,25841200.0,38.4337,1796080000.0,0.01438756,17297.3
Poland,EE,1914,25573600.0,37.631600000000006,1808262000.0,0.01414264,17113.6
Poland,EE,1915,25306000.0,36.8295,1818401000.0,0.01391662,16925.9
Poland,EE,1916,25038400.0,36.0274,1828586000.0,0.01369277,16734.2
Poland,EE,1917,24770800.0,35.225300000000004,1839381000.0,0.01346692,16538.4
Poland,EE,1918,24503200.0,34.4232,1849942000.0,0.01324539,16338.3
Poland,EE,1919,24235600.0,33.621100000000006,1862569000.0,0.01301192,16133.8
Poland,EE,1920,23968000.0,32.819,1875297000.0,0.01278091,15924.8
Poland,EE,1921,24391600.0,32.342800000000004,1886887000.0,0.0129269,15421.2
Poland,EE,1922,24815200.0,31.8666,1903926000.0,0.0130337,14934.7
Poland,EE,1923,25238800.0,31.3904,1924127000.0,0.01311701,14464.6
Poland,EE,1924,25662400.0,30.9142,1946371000.0,0.01318474,14010.1
Poland,EE,1925,26086000.0,30.438,1968879000.0,0.01324916,13570.3
Poland,EE,1926,26509600.0,29.9618,1991829000.0,0.01330917,13144.5
Poland,EE,1927,26933200.0,29.4856,2014443000.0,0.01337005,12732.1
Poland,EE,1928,27356800.0,29.0094,2036576000.0,0.01343274,12332.6
Poland,EE,1929,27780400.0,28.5332,2059103000.0,0.01349151,11945.2
Poland,EE,1930,28204000.0,28.057,2080211000.0,0.01355824,11569.4
Poland,EE,1931,28385700.0,31.6798,2101812000.0,0.01350535,12979.6
Poland,EE,1932,28567400.0,35.3026,2121508000.0,0.01346561,14371.9
Poland,EE,1933,28749100.0,38.9254,2140973000.0,0.01342805,15746.7
Poland,EE,1934,28930800.0,42.5482,2161152000.0,0.01338675,17104.1
Poland,EE,1935,29112500.0,46.17099999999999,2181702000.0,0.01334394,18444.6
Poland,EE,1936,29294200.0,49.79379999999999,2203365000.0,0.01329521,19768.5
Poland,EE,1937,29475900.0,53.4166,2226159000.0,0.0132407,21076.0
Poland,EE,1938,29657600.0,57.03939999999999,2250491000.0,0.01317828,22367.6
Poland,EE,1939,29839300.0,60.6622,2275307000.0,0.01311441,23643.4
Poland,EE,1940,30021000.0,64.285,2296743000.0,0.01307112,24903.7
Poland,EE,1941,29501300.0,62.0467,2313071000.0,0.01275417,24460.0
Poland,EE,1942,28981600.0,59.8084,2331578000.0,0.01243004,24000.5
Poland,EE,1943,28461900.0,57.5701,2350140000.0,0.01211073,23524.1
Poland,EE,1944,27942200.0,55.3318,2368872000.0,0.01179557,23030.0
Poland,EE,1945,27422500.0,53.0935,2394093000.0,0.01145423,22517.2
Poland,EE,1946,26902800.0,50.8552,2419526000.0,0.01111904,21984.6
Poland,EE,1947,26383100.0,48.6169,2446628000.0,0.01078345,21430.9
Poland,EE,1948,25863400.0,46.3786,2473860000.0,0.01045467,20855.1
Poland,EE,1949,25343700.0,44.1403,2501856000.0,0.01012996,20255.6
Poland,EE,1950,24824000.0,41.902,2529794000.0,0.00981266,19631.0
Poland,EE,1951,25300600.0,43.7128,2577776000.0,0.00981489,20093.6
Poland,EE,1952,25777200.0,45.5236,2624866000.0,0.00982039,20539.1
Poland,EE,1953,26253800.0,47.3344,2671465000.0,0.00982749,20968.4
Poland,EE,1954,26730400.0,49.1452,2718563000.0,0.00983255,21382.3
Poland,EE,1955,27207000.0,50.956,2766430000.0,0.0098347,21781.8
Poland,EE,1956,27683600.0,52.7668,2815461000.0,0.00983271,22167.6
Poland,EE,1957,28160200.0,54.5776,2866148000.0,0.0098251,22540.2
Poland,EE,1958,28636800.0,56.3884,2918168000.0,0.00981328,22900.5
Poland,EE,1959,29113400.0,58.1992,2971839000.0,0.00979643,23249.0
Poland,EE,1960,29590000.0,60.01,3027112000.0,0.00977499,23586.2
Poland,EE,1961,29883600.0,63.2226,3084358000.0,0.00968876,24604.8
Poland,EE,1962,30177200.0,66.4352,3143380000.0,0.00960024,25603.5
Poland,EE,1963,30470800.0,69.64779999999999,3204489000.0,0.00950879,26583.0
Poland,EE,1964,30764400.0,72.8604,3268074000.0,0.00941362,27543.7
Poland,EE,1965,31058000.0,76.073,3334092000.0,0.00931528,28486.3
Poland,EE,1966,31351600.0,79.28559999999999,3402738000.0,0.00921364,29411.3
Poland,EE,1967,31645200.0,82.4982,3473827000.0,0.00910961,30319.1
Poland,EE,1968,31938800.0,85.71079999999999,3546719000.0,0.00900517,31210.2
Poland,EE,1969,32232400.0,88.92339999999999,3620809000.0,0.00890199,32085.1
Poland,EE,1970,32526000.0,92.136,3695944000.0,0.00880046,32944.2
Poland,EE,1971,32831199.999999996,96.4968,3771809000.0,0.00870436,34182.7
Poland,EE,1972,33136400.0,100.8576,3847786000.0,0.00861181,35398.4
Poland,EE,1973,33441600.0,105.2184,3923766000.0,0.00852283,36591.8
Poland,EE,1974,33746800.0,109.5792,3999654000.0,0.00843743,37763.8
Poland,EE,1975,34052000.0,113.94,4075437000.0,0.00835542,38914.7
Poland,EE,1976,34357200.0,118.3008,4150660000.0,0.00827753,40045.1
Poland,EE,1977,34662400.0,122.6616,4225672000.0,0.00820281,41155.7
Poland,EE,1978,34967600.0,127.0224,4301501000.0,0.00812916,42246.8
Poland,EE,1979,35272800.0,131.3832,4378004000.0,0.00805682,43319.1
Poland,EE,1980,35578000.0,135.744,4456394000.0,0.00798358,44373.0
Poland,EE,1981,35832100.0,133.2994,4535942000.0,0.00789959,43264.9
Poland,EE,1982,36086200.0,130.8548,4616948000.0,0.00781603,42172.4
Poland,EE,1983,36340300.0,128.4102,4699604000.0,0.00773263,41095.2
Poland,EE,1984,36594400.0,125.9656,4784334000.0,0.0076488,40032.9
Poland,EE,1985,36848500.0,123.521,4871434000.0,0.0075642,38985.3
Poland,EE,1986,37102600.0,121.0764,4961120000.0,0.00747867,37952.0
Poland,EE,1987,37356700.0,118.6318,5052960000.0,0.00739303,36932.8
Poland,EE,1988,37610800.0,116.1872,5145733000.0,0.00730912,35927.4
Poland,EE,1989,37864900.0,113.7426,5237968000.0,0.00722893,34935.4
Poland,EE,1990,38119000.0,111.298,5328602000.0,0.00715366,33956.7
Poland,EE,1991,38162100.0,109.5762,5417317000.0,0.00704446,33393.6
Poland,EE,1992,38205200.0,107.8544,5503880000.0,0.0069415,32831.8
Poland,EE,1993,38248300.0,106.1326,5588359000.0,0.00684428,32271.3
Poland,EE,1994,38291400.0,104.4108,5671048000.0,0.00675209,31712.0
Poland,EE,1995,38334500.0,102.689,5752408000.0,0.00666408,31154.0
Poland,EE,1996,38377600.0,100.9672,5832484000.0,0.00657998,30597.2
Poland,EE,1997,38420700.0,99.2454,5911415000.0,0.00649941,30041.7
Poland,EE,1998,38463800.0,97.5236,5989470000.0,0.0064219,29487.5
Poland,EE,1999,38506900.0,95.8018,6067325000.0,0.0063466,28934.4
Poland,EE,2000,38550000.0,94.08,6145394000.0,0.00627299,28382.6
Poland,EE,2001,38527300.0,95.3403,6223661000.0,0.00619046,28779.8
Poland,EE,2002,38504600.0,96.6006,6302453000.0,0.00610946,29177.4
Poland,EE,2003,38481900.0,97.8609,6381858000.0,0.00602989,29575.5
Poland,EE,2004,38459200.0,99.1212,6461988000.0,0.0059516,29974.1
Poland,EE,2005,38436500.0,100.3815,6542867000.0,0.00587457,30373.1
Poland,EE,2006,38413800.0,101.6418,6624538000.0,0.00579871,30772.6
Poland,EE,2007,38391100.0,102.9021,6707018000.0,0.00572402,31172.6
Poland,EE,2008,38368400.0,104.1624,6790025000.0,0.0056507,31573.1
Poland,EE,2009,38345700.0,105.4227,6874725000.0,0.00557778,31974.0
Poland,EE,2010,38323000.0,106.683,6959421000.0,0.00550664,32375.4
Poland,EE,2011,38275400.0,106.5687,7044266000.0,0.00543355,32381.0
Poland,EE,2012,38227800.0,106.4544,7129609000.0,0.00536184,32386.5
Poland,EE,2013,38180200.0,106.3401,7215047000.0,0.00529175,32392.1
Poland,EE,2014,38132600.0,106.2258,7300248000.0,0.00522347,32397.6
Poland,EE,2015,38085000.0,106.1115,7384880000.0,0.00515716,32403.2
Poland,EE,2016,38037400.0,105.9972,7469068000.0,0.00509266,32408.8
Poland,EE,2017,37989800.0,105.8829,7550393000.0,0.0050315,32414.4
Poland,EE,2018,37942200.0,105.7686,7632955000.0,0.00497084,32420.1
Poland,EE,2019,37894600.0,105.6543,7714577000.0,0.00491208,32425.7
Poland,EE,2020,37847000.0,105.54,7795482000.0,0.00485499,32431.4
Portugal,WE,1820,3297000.0,1.423,1047270000.0,0.00314819,5019.6
Portugal,WE,1821,3316400.0,1.4323,1052728000.0,0.00315029,5022.8
Portugal,WE,1822,3335800.0,1.4416,1058224000.0,0.00315226,5026.0
Portugal,WE,1823,3355200.0,1.4509,1063824000.0,0.00315391,5029.2
Portugal,WE,1824,3374600.0,1.4602,1069477000.0,0.00315537,5032.3
Portugal,WE,1825,3394000.0,1.4695,1075142000.0,0.00315679,5035.4
Portugal,WE,1826,3413400.0,1.4788,1080733000.0,0.00315841,5038.5
Portugal,WE,1827,3432800.0,1.4881,1086318000.0,0.00316003,5041.5
Portugal,WE,1828,3452200.0,1.4974,1091853000.0,0.00316178,5044.5
Portugal,WE,1829,3471600.0,1.5067,1097270000.0,0.00316385,5047.5
Portugal,WE,1830,3491000.0,1.516,1102518000.0,0.00316639,5050.4
Portugal,WE,1831,3512300.0,1.5263,1108061000.0,0.00316977,5053.9
Portugal,WE,1832,3533600.0,1.5366,1113520000.0,0.00317336,5057.4
Portugal,WE,1833,3554900.0,1.5469,1119039000.0,0.00317674,5060.7
Portugal,WE,1834,3576200.0,1.5572,1124554000.0,0.00318011,5064.1
Portugal,WE,1835,3597500.0,1.5675,1130361000.0,0.00318261,5067.4
Portugal,WE,1836,3618800.0,1.5778,1136068000.0,0.00318537,5070.7
Portugal,WE,1837,3640100.0,1.5881,1141817000.0,0.00318799,5073.9
Portugal,WE,1838,3661400.0,1.5984,1147560000.0,0.0031906,5077.1
Portugal,WE,1839,3682700.0,1.6087,1153428000.0,0.00319283,5080.3
Portugal,WE,1840,3704000.0,1.619,1159310000.0,0.003195,5083.4
Portugal,WE,1841,3715200.0,1.6313,1165435000.0,0.00318782,5106.6
Portugal,WE,1842,3726400.0,1.6436,1171545000.0,0.00318076,5129.6
Portugal,WE,1843,3737600.0,1.6559,1177631000.0,0.00317383,5152.5
Portugal,WE,1844,3748800.0,1.6682,1183818000.0,0.0031667,5175.3
Portugal,WE,1845,3760000.0,1.6805,1190091000.0,0.00315942,5197.9
Portugal,WE,1846,3771200.0,1.6928,1196249000.0,0.00315252,5220.4
Portugal,WE,1847,3782400.0,1.7051,1201397000.0,0.00314833,5242.8
Portugal,WE,1848,3793600.0,1.7174,1205963000.0,0.0031457,5265.0
Portugal,WE,1849,3804800.0,1.7297,1211069000.0,0.00314169,5287.1
Portugal,WE,1850,3816000.0,1.742,1216574000.0,0.00313668,5309.1
Portugal,WE,1851,3841700.0,1.7626,1218975000.0,0.00315158,5335.9
Portugal,WE,1852,3867400.0,1.7832,1221557000.0,0.00316596,5362.4
Portugal,WE,1853,3893100.0,1.8038,1224259000.0,0.00317996,5388.6
Portugal,WE,1854,3918800.0,1.8244,1226726000.0,0.00319452,5414.4
Portugal,WE,1855,3944500.0,1.845,1228814000.0,0.00321001,5439.8
Portugal,WE,1856,3970200.0,1.8656,1231565000.0,0.0032237,5464.9
Portugal,WE,1857,3995900.0,1.8862,1234524000.0,0.00323679,5489.8
Portugal,WE,1858,4021600.0,1.9068,1237487000.0,0.00324981,5514.2
Portugal,WE,1859,4047300.0,1.9274,1240642000.0,0.00326226,5538.4
Portugal,WE,1860,4073000.0,1.948,1243735000.0,0.00327481,5562.3
Portugal,WE,1861,4099700.0,1.9702,1247652000.0,0.00328593,5589.0
Portugal,WE,1862,4126399.9999999995,1.9924,1250707000.0,0.00329925,5615.5
Portugal,WE,1863,4153100.0000000005,2.0146,1254013000.0,0.00331185,5641.5
Portugal,WE,1864,4179800.0,2.0368,1257290000.0,0.00332445,5667.3
Portugal,WE,1865,4206500.0,2.059,1260601000.0,0.0033369,5692.7
Portugal,WE,1866,4233200.0,2.0812,1263629000.0,0.00335003,5717.7
Portugal,WE,1867,4259900.0,2.1034,1266809000.0,0.0033627,5742.5
Portugal,WE,1868,4286600.0,2.1256,1269858000.0,0.00337565,5767.0
Portugal,WE,1869,4313300.0,2.1478,1271405000.0,0.00339255,5791.1
Portugal,WE,1870,4340000.0,2.17,1274661000.0,0.00340483,5815.0
Portugal,WE,1871,4369000.0,2.1895,1282387000.0,0.00340693,5828.3
Portugal,WE,1872,4398000.0,2.209,1290858000.0,0.00340704,5841.4
Portugal,WE,1873,4427000.0,2.2285,1299848000.0,0.00340578,5854.4
Portugal,WE,1874,4456000.0,2.248,1309013000.0,0.00340409,5867.2
Portugal,WE,1875,4485000.0,2.2675,1318339000.0,0.00340201,5879.8
Portugal,WE,1876,4514000.0,2.287,1327814000.0,0.00339957,5892.3
Portugal,WE,1877,4543000.0,2.3065,1337399000.0,0.00339689,5904.6
Portugal,WE,1878,4572000.0,2.326,1347055000.0,0.00339407,5916.7
Portugal,WE,1879,4601000.0,2.3455000000000004,1356760000.0,0.00339117,5928.7
Portugal,WE,1880,4630000.0,2.365,1366310000.0,0.00338869,5940.6
Portugal,WE,1881,4672000.0,2.4096,1376041000.0,0.00339525,5998.2
Portugal,WE,1882,4714000.0,2.4542,1385750000.0,0.00340177,6054.8
Portugal,WE,1883,4756000.0,2.4988,1395507000.0,0.00340808,6110.4
Portugal,WE,1884,4798000.0,2.5434,1405536000.0,0.00341364,6165.0
Portugal,WE,1885,4840000.0,2.588,1415514000.0,0.00341925,6218.7
Portugal,WE,1886,4882000.0,2.6326,1425627000.0,0.00342446,6271.4
Portugal,WE,1887,4924000.0,2.6772,1435759000.0,0.00342954,6323.3
Portugal,WE,1888,4966000.0,2.7218,1445944000.0,0.00343443,6374.3
Portugal,WE,1889,5008000.0,2.7664,1456277000.0,0.00343891,6424.4
Portugal,WE,1890,5050000.0,2.811,1466582000.0,0.00344338,6473.6
Portugal,WE,1891,5087300.0,2.8317,1477705000.0,0.0034427,6473.5
Portugal,WE,1892,5124600.0,2.8524,1488973000.0,0.0034417,6473.4
Portugal,WE,1893,5161900.0,2.8731,1500286000.0,0.00344061,6473.2
Portugal,WE,1894,5199200.0,2.8938,1511963000.0,0.00343871,6473.1
Portugal,WE,1895,5236500.0,2.9145,1523676000.0,0.00343675,6473.0
Portugal,WE,1896,5273800.0,2.9352,1535655000.0,0.00343423,6472.8
Portugal,WE,1897,5311100.0,2.9559,1547830000.0,0.00343132,6472.7
Portugal,WE,1898,5348400.0,2.9766,1560243000.0,0.00342793,6472.6
Portugal,WE,1899,5385700.0,2.9973,1572611000.0,0.00342469,6472.4
Portugal,WE,1900,5423000.0,3.018,1584867000.0,0.00342174,6472.3
Portugal,WE,1901,5471600.0,3.0708,1600044000.0,0.00341966,6527.0
Portugal,WE,1902,5520200.0,3.1236,1615427000.0,0.00341718,6580.8
Portugal,WE,1903,5568800.0,3.1764,1630965000.0,0.00341442,6633.7
Portugal,WE,1904,5617400.0,3.2292,1646581000.0,0.00341155,6685.6
Portugal,WE,1905,5666000.0,3.282,1662453000.0,0.00340822,6736.6
Portugal,WE,1906,5714600.0,3.3347999999999995,1678596000.0,0.00340439,6786.8
Portugal,WE,1907,5763200.0,3.3876,1695030000.0,0.00340006,6836.1
Portugal,WE,1908,5811800.0,3.4404,1711586000.0,0.00339556,6884.6
Portugal,WE,1909,5860400.0,3.4932,1728501000.0,0.00339045,6932.3
Portugal,WE,1910,5909000.0,3.546,1745736000.0,0.00338482,6979.2
Portugal,WE,1911,5921400.0,3.5362,1762399000.0,0.00335985,6945.3
Portugal,WE,1912,5933800.0,3.5264,1779061000.0,0.00333535,6911.6
Portugal,WE,1913,5946200.0,3.5166,1796080000.0,0.00331065,6878.0
Portugal,WE,1914,5958600.0,3.5068,1808262000.0,0.00329521,6844.6
Portugal,WE,1915,5971000.0,3.497,1818401000.0,0.00328365,6811.3
Portugal,WE,1916,5983400.0,3.4872,1828586000.0,0.00327215,6778.1
Portugal,WE,1917,5995800.0,3.4774,1839381000.0,0.00325968,6745.1
Portugal,WE,1918,6008200.0,3.4676,1849942000.0,0.00324778,6712.2
Portugal,WE,1919,6020600.0,3.4578,1862569000.0,0.00323242,6679.4
Portugal,WE,1920,6033000.0,3.448,1875297000.0,0.00321709,6646.8
Portugal,WE,1921,6112300.0,3.5232,1886887000.0,0.00323936,6703.7
Portugal,WE,1922,6191600.0,3.5984,1903926000.0,0.00325202,6759.1
Portugal,WE,1923,6270900.0,3.6736,1924127000.0,0.00325909,6813.1
Portugal,WE,1924,6350200.0,3.7488,1946371000.0,0.00326258,6865.7
Portugal,WE,1925,6429500.0,3.824,1968879000.0,0.00326556,6917.0
Portugal,WE,1926,6508800.0,3.8992,1991829000.0,0.00326775,6967.1
Portugal,WE,1927,6588100.0,3.9744,2014443000.0,0.00327043,7016.0
Portugal,WE,1928,6667400.0,4.0496,2036576000.0,0.00327383,7063.8
Portugal,WE,1929,6746700.0,4.1248000000000005,2059103000.0,0.00327652,7110.4
Portugal,WE,1930,6826000.0,4.2,2080211000.0,0.0032814,7155.9
Portugal,WE,1931,6915600.0,4.2522,2101812000.0,0.0032903,7150.9
Portugal,WE,1932,7005200.0,4.3044,2121508000.0,0.00330199,7146.1
Portugal,WE,1933,7094800.0,4.3566,2140973000.0,0.00331382,7141.5
Portugal,WE,1934,7184400.0,4.4088,2161152000.0,0.00332434,7136.9
Portugal,WE,1935,7274000.0,4.461,2181702000.0,0.00333409,7132.4
Portugal,WE,1936,7363600.0,4.5132,2203365000.0,0.00334198,7128.1
Portugal,WE,1937,7453200.0,4.5654,2226159000.0,0.00334801,7123.9
Portugal,WE,1938,7542800.0,4.6176,2250491000.0,0.00335162,7119.7
Portugal,WE,1939,7632400.0,4.6698,2275307000.0,0.00335445,7115.7
Portugal,WE,1940,7722000.0,4.722,2296743000.0,0.00336215,7111.7
Portugal,WE,1941,7793900.0,4.8105,2313071000.0,0.0033695,7178.2
Portugal,WE,1942,7865800.0,4.899,2331578000.0,0.0033736,7243.4
Portugal,WE,1943,7937700.0,4.987500000000001,2350140000.0,0.00337754,7307.5
Portugal,WE,1944,8009600.0,5.0760000000000005,2368872000.0,0.00338119,7370.4
Portugal,WE,1945,8081500.0,5.1645,2394093000.0,0.0033756,7432.2
Portugal,WE,1946,8153400.0,5.253,2419526000.0,0.00336983,7492.9
Portugal,WE,1947,8225299.999999999,5.3415,2446628000.0,0.00336189,7552.5
Portugal,WE,1948,8297200.000000001,5.430000000000001,2473860000.0,0.00335395,7611.1
Portugal,WE,1949,8369100.0,5.5185,2501856000.0,0.00334516,7668.7
Portugal,WE,1950,8441000.0,5.607,2529794000.0,0.00333664,7725.3
Portugal,WE,1951,8482000.0,5.7045,2577776000.0,0.00329043,7821.7
Portugal,WE,1952,8523000.0,5.8020000000000005,2624866000.0,0.00324702,7917.1
Portugal,WE,1953,8564000.0,5.8995,2671465000.0,0.00320573,8011.6
Portugal,WE,1954,8605000.0,5.997,2718563000.0,0.00316528,8105.2
Portugal,WE,1955,8646000.0,6.0945,2766430000.0,0.00312533,8197.9
Portugal,WE,1956,8687000.0,6.192,2815461000.0,0.00308546,8289.7
Portugal,WE,1957,8728000.0,6.2895,2866148000.0,0.0030452,8380.7
Portugal,WE,1958,8769000.0,6.387,2918168000.0,0.00300497,8470.8
Portugal,WE,1959,8810000.0,6.4845,2971839000.0,0.00296449,8560.1
Portugal,WE,1960,8851000.0,6.582,3027112000.0,0.00292391,8648.6
Portugal,WE,1961,8822800.0,6.8419,3084358000.0,0.0028605,9018.8
Portugal,WE,1962,8794600.0,7.1018,3143380000.0,0.00279782,9391.4
Portugal,WE,1963,8766400.0,7.3617,3204489000.0,0.00273566,9766.4
Portugal,WE,1964,8738200.0,7.621599999999999,3268074000.0,0.00267381,10143.9
Portugal,WE,1965,8710000.0,7.881499999999999,3334092000.0,0.00261241,10523.7
Portugal,WE,1966,8681800.0,8.141399999999999,3402738000.0,0.00255142,10906.1
Portugal,WE,1967,8653600.0,8.401299999999999,3473827000.0,0.00249109,11290.9
Portugal,WE,1968,8625400.0,8.6612,3546719000.0,0.00243194,11678.3
Portugal,WE,1969,8597200.0,8.9211,3620809000.0,0.00237439,12068.2
Portugal,WE,1970,8569000.0,9.181,3695944000.0,0.00231849,12460.6
Portugal,WE,1971,8697400.0,9.5691,3771809000.0,0.0023059,12795.6
Portugal,WE,1972,8825800.0,9.957199999999998,3847786000.0,0.00229373,13120.9
Portugal,WE,1973,8954200.0,10.345299999999998,3923766000.0,0.00228204,13436.8
Portugal,WE,1974,9082600.0,10.7334,3999654000.0,0.00227085,13743.8
Portugal,WE,1975,9211000.0,11.1215,4075437000.0,0.00226013,14042.2
Portugal,WE,1976,9339400.0,11.5096,4150660000.0,0.0022501,14332.5
Portugal,WE,1977,9467800.0,11.8977,4225672000.0,0.00224054,14614.8
Portugal,WE,1978,9596200.0,12.285799999999998,4301501000.0,0.0022309,14889.6
Portugal,WE,1979,9724600.0,12.6739,4378004000.0,0.00222124,15157.2
Portugal,WE,1980,9853000.0,13.062,4456394000.0,0.00221098,15417.7
Portugal,WE,1981,9854000.0,13.6179,4535942000.0,0.00217243,16072.3
Portugal,WE,1982,9855000.0,14.1738,4616948000.0,0.00213453,16726.7
Portugal,WE,1983,9856000.0,14.7297,4699604000.0,0.0020972,17380.9
Portugal,WE,1984,9857000.0,15.2856,4784334000.0,0.00206027,18035.1
Portugal,WE,1985,9858000.0,15.8415,4871434000.0,0.00202363,18689.0
Portugal,WE,1986,9859000.0,16.397399999999998,4961120000.0,0.00198725,19342.9
Portugal,WE,1987,9860000.0,16.9533,5052960000.0,0.00195133,19996.6
Portugal,WE,1988,9861000.0,17.5092,5145733000.0,0.00191635,20650.2
Portugal,WE,1989,9862000.0,18.0651,5237968000.0,0.00188279,21303.7
Portugal,WE,1990,9863000.0,18.621,5328602000.0,0.00185095,21957.0
Portugal,WE,1991,9891700.0,19.4286,5417317000.0,0.00182594,22842.8
Portugal,WE,1992,9920400.0,20.2362,5503880000.0,0.00180244,23723.5
Portugal,WE,1993,9949100.0,21.0438,5588359000.0,0.00178033,24599.1
Portugal,WE,1994,9977800.0,21.8514,5671048000.0,0.00175943,25469.7
Portugal,WE,1995,10006500.0,22.659,5752408000.0,0.00173953,26335.3
Portugal,WE,1996,10035200.0,23.4666,5832484000.0,0.00172057,27195.9
Portugal,WE,1997,10063900.0,24.2742,5911415000.0,0.00170245,28051.6
Portugal,WE,1998,10092600.0,25.0818,5989470000.0,0.00168506,28902.5
Portugal,WE,1999,10121300.0,25.8894,6067325000.0,0.00166817,29748.5
Portugal,WE,2000,10150000.0,26.697,6145394000.0,0.00165164,30589.8
Portugal,WE,2001,10192300.0,26.8823,6223661000.0,0.00163767,30674.2
Portugal,WE,2002,10234600.0,27.0676,6302453000.0,0.00162391,30758.0
Portugal,WE,2003,10276900.0,27.2529,6381858000.0,0.00161033,30841.1
Portugal,WE,2004,10319200.0,27.4382,6461988000.0,0.00159691,30923.5
Portugal,WE,2005,10361500.0,27.6235,6542867000.0,0.00158363,31005.3
Portugal,WE,2006,10403800.0,27.8088,6624538000.0,0.00157049,31086.4
Portugal,WE,2007,10446100.0,27.9941,6707018000.0,0.00155749,31166.8
Portugal,WE,2008,10488400.0,28.1794,6790025000.0,0.00154468,31246.6
Portugal,WE,2009,10530700.0,28.3647,6874725000.0,0.0015318,31325.7
Portugal,WE,2010,10573000.0,28.55,6959421000.0,0.00151924,31404.2
Portugal,WE,2011,10535400.0,28.3364,7044266000.0,0.0014956,31280.5
Portugal,WE,2012,10497800.0,28.1228,7129609000.0,0.00147242,31155.9
Portugal,WE,2013,10460200.0,27.9092,7215047000.0,0.00144978,31030.4
Portugal,WE,2014,10422600.0,27.6956,7300248000.0,0.0014277,30904.0
Portugal,WE,2015,10385000.0,27.482,7384880000.0,0.00140625,30776.7
Portugal,WE,2016,10347400.0,27.2684,7469068000.0,0.00138537,30648.4
Portugal,WE,2017,10309800.0,27.0548,7550393000.0,0.00136547,30519.2
Portugal,WE,2018,10272200.0,26.8412,7632955000.0,0.00134577,30389.1
Portugal,WE,2019,10234600.0,26.6276,7714577000.0,0.00132666,30258.0
Portugal,WE,2020,10197000.0,26.414,7795482000.0,0.00130807,30126.0
Romania,EE,1820,6389000.0,2.744,1047270000.0,0.00610062,4994.9
Romania,EE,1821,6438700.0,2.7654,1052728000.0,0.0061162,4995.0
Romania,EE,1822,6488400.0,2.7868000000000004,1058224000.0,0.00613141,4995.1
Romania,EE,1823,6538100.0,2.8082000000000003,1063824000.0,0.00614585,4995.2
Romania,EE,1824,6587800.0,2.8296,1069477000.0,0.00615983,4995.3
Romania,EE,1825,6637500.0,2.851,1075142000.0,0.0061736,4995.4
Romania,EE,1826,6687200.0,2.8724000000000003,1080733000.0,0.00618765,4995.5
Romania,EE,1827,6736900.0,2.8938,1086318000.0,0.00620159,4995.6
Romania,EE,1828,6786600.0,2.9152,1091853000.0,0.00621567,4995.7
Romania,EE,1829,6836300.0,2.9366000000000003,1097270000.0,0.00623028,4995.8
Romania,EE,1830,6886000.0,2.958,1102518000.0,0.0062457,4995.9
Romania,EE,1831,6939600.0,2.9809,1108061000.0,0.00626283,4995.7
Romania,EE,1832,6993200.0,3.0038,1113520000.0,0.00628026,4995.5
Romania,EE,1833,7046800.0,3.0267,1119039000.0,0.00629719,4995.2
Romania,EE,1834,7100400.0,3.0496,1124554000.0,0.00631397,4995.0
Romania,EE,1835,7154000.0,3.0725,1130361000.0,0.00632895,4994.9
Romania,EE,1836,7207600.0,3.0954,1136068000.0,0.00634434,4994.7
Romania,EE,1837,7261200.0,3.1183,1141817000.0,0.00635934,4994.5
Romania,EE,1838,7314800.0,3.1412,1147560000.0,0.00637422,4994.3
Romania,EE,1839,7368400.0,3.1641,1153428000.0,0.00638826,4994.1
Romania,EE,1840,7422000.0,3.187,1159310000.0,0.00640208,4993.9
Romania,EE,1841,7479800.0,3.2117,1165435000.0,0.00641803,4993.7
Romania,EE,1842,7537600.0,3.2364,1171545000.0,0.0064339,4993.5
Romania,EE,1843,7595400.0,3.2611,1177631000.0,0.00644973,4993.4
Romania,EE,1844,7653200.0,3.2858,1183818000.0,0.00646485,4993.2
Romania,EE,1845,7711000.0,3.3105,1190091000.0,0.00647934,4993.0
Romania,EE,1846,7768800.0,3.3352,1196249000.0,0.0064943,4992.8
Romania,EE,1847,7826600.0,3.3599,1201397000.0,0.00651458,4992.7
Romania,EE,1848,7884400.0,3.3846000000000003,1205963000.0,0.00653785,4992.5
Romania,EE,1849,7942200.0,3.4093,1211069000.0,0.00655801,4992.3
Romania,EE,1850,8000000.0,3.434,1216574000.0,0.00657584,4992.2
Romania,EE,1851,8056900.0,3.4498,1218975000.0,0.00660957,4979.7
Romania,EE,1852,8113800.0,3.4656,1221557000.0,0.00664218,4967.5
Romania,EE,1853,8170700.0,3.4814000000000003,1224259000.0,0.006674,4955.4
Romania,EE,1854,8227600.0,3.4972000000000003,1226726000.0,0.00670696,4943.4
Romania,EE,1855,8284500.0,3.513,1228814000.0,0.00674187,4931.6
Romania,EE,1856,8341400.0,3.5288,1231565000.0,0.00677301,4920.0
Romania,EE,1857,8398300.0,3.5446,1234524000.0,0.00680286,4908.6
Romania,EE,1858,8455200.0,3.5604,1237487000.0,0.00683256,4897.3
Romania,EE,1859,8512100.0,3.5762,1240642000.0,0.00686104,4886.1
Romania,EE,1860,8569000.0,3.592,1243735000.0,0.00688973,4875.1
Romania,EE,1861,8630000.0,3.6198,1247652000.0,0.00691699,4878.1
Romania,EE,1862,8691000.0,3.6476,1250707000.0,0.00694887,4881.1
Romania,EE,1863,8752000.0,3.6754,1254013000.0,0.00697919,4884.0
Romania,EE,1864,8813000.0,3.7032,1257290000.0,0.00700952,4886.9
Romania,EE,1865,8874000.0,3.731,1260601000.0,0.0070395,4889.7
Romania,EE,1866,8935000.0,3.7588,1263629000.0,0.0070709,4892.5
Romania,EE,1867,8996000.0,3.7866,1266809000.0,0.00710131,4895.3
Romania,EE,1868,9057000.0,3.8144,1269858000.0,0.00713229,4898.0
Romania,EE,1869,9118000.0,3.8422,1271405000.0,0.00717159,4900.7
Romania,EE,1870,9179000.0,3.87,1274661000.0,0.00720113,4903.4
Romania,EE,1871,9236900.0,3.8896,1282387000.0,0.0072029,4897.3
Romania,EE,1872,9294800.0,3.9092,1290858000.0,0.00720048,4891.3
Romania,EE,1873,9352700.0,3.9288,1299848000.0,0.00719523,4885.4
Romania,EE,1874,9410600.0,3.9484,1309013000.0,0.00718908,4879.6
Romania,EE,1875,9468500.0,3.968,1318339000.0,0.00718214,4873.8
Romania,EE,1876,9526400.0,3.9876,1327814000.0,0.0071745,4868.1
Romania,EE,1877,9584300.0,4.0072,1337399000.0,0.00716637,4862.5
Romania,EE,1878,9642200.0,4.0268,1347055000.0,0.00715799,4857.0
Romania,EE,1879,9700100.0,4.0464,1356760000.0,0.00714946,4851.5
Romania,EE,1880,9758000.0,4.066,1366310000.0,0.00714186,4846.0
Romania,EE,1881,9819500.0,4.0951,1376041000.0,0.00713605,4850.1
Romania,EE,1882,9881000.0,4.1242,1385750000.0,0.00713043,4854.2
Romania,EE,1883,9942500.0,4.1533,1395507000.0,0.00712465,4858.2
Romania,EE,1884,10004000.0,4.1824,1405536000.0,0.00711757,4862.2
Romania,EE,1885,10065500.0,4.2115,1415514000.0,0.00711084,4866.1
Romania,EE,1886,10127000.0,4.2406,1425627000.0,0.00710354,4870.0
Romania,EE,1887,10188500.0,4.2697,1435759000.0,0.00709625,4873.8
Romania,EE,1888,10250000.0,4.2988,1445944000.0,0.00708879,4877.6
Romania,EE,1889,10311500.0,4.3279000000000005,1456277000.0,0.00708073,4881.3
Romania,EE,1890,10373000.0,4.357,1466582000.0,0.00707291,4885.0
Romania,EE,1891,10435700.0,4.3924,1477705000.0,0.0070621,4895.1
Romania,EE,1892,10498400.0,4.4278,1488973000.0,0.00705077,4905.1
Romania,EE,1893,10561100.0,4.4632000000000005,1500286000.0,0.00703939,4914.9
Romania,EE,1894,10623800.0,4.498600000000001,1511963000.0,0.00702649,4924.7
Romania,EE,1895,10686500.0,4.534000000000001,1523676000.0,0.00701363,4934.3
Romania,EE,1896,10749200.0,4.5694,1535655000.0,0.00699975,4943.8
Romania,EE,1897,10811900.0,4.6048,1547830000.0,0.0069852,4953.2
Romania,EE,1898,10874600.0,4.6402,1560243000.0,0.00696981,4962.5
Romania,EE,1899,10937300.0,4.6756,1572611000.0,0.00695487,4971.7
Romania,EE,1900,11000000.0,4.711,1584867000.0,0.00694065,4980.8
Romania,EE,1901,11086600.0,4.7813,1600044000.0,0.00692893,5015.7
Romania,EE,1902,11173200.0,4.8516,1615427000.0,0.00691656,5050.0
Romania,EE,1903,11259800.0,4.9219,1630965000.0,0.00690377,5083.7
Romania,EE,1904,11346400.0,4.9922,1646581000.0,0.00689088,5117.0
Romania,EE,1905,11433000.0,5.0625,1662453000.0,0.00687719,5149.7
Romania,EE,1906,11519600.0,5.1328,1678596000.0,0.00686264,5182.0
Romania,EE,1907,11606200.0,5.2031,1695030000.0,0.00684719,5213.8
Romania,EE,1908,11692800.0,5.2734,1711586000.0,0.00683156,5245.1
Romania,EE,1909,11779400.0,5.3437,1728501000.0,0.00681481,5275.9
Romania,EE,1910,11866000.0,5.414,1745736000.0,0.00679713,5306.3
Romania,EE,1911,11913400.0,5.4522,1762399000.0,0.00675976,5322.5
Romania,EE,1912,11960800.0,5.4904,1779061000.0,0.0067231,5338.6
Romania,EE,1913,12008200.0,5.5286,1796080000.0,0.00668578,5354.5
Romania,EE,1914,12055600.0,5.5668,1808262000.0,0.00666695,5370.3
Romania,EE,1915,12103000.0,5.605,1818401000.0,0.00665585,5385.9
Romania,EE,1916,12150400.0,5.6432,1828586000.0,0.0066447,5401.5
Romania,EE,1917,12197800.0,5.6814,1839381000.0,0.00663147,5416.9
Romania,EE,1918,12245200.0,5.7196,1849942000.0,0.00661923,5432.2
Romania,EE,1919,12292600.0,5.7578000000000005,1862569000.0,0.00659981,5447.4
Romania,EE,1920,12340000.0,5.796,1875297000.0,0.00658029,5462.5
Romania,EE,1921,12520100.0,6.0846,1886887000.0,0.00663532,5652.0
Romania,EE,1922,12700200.0,6.373200000000001,1903926000.0,0.00667053,5836.2
Romania,EE,1923,12880300.0,6.6618,1924127000.0,0.0066941,6015.1
Romania,EE,1924,13060400.0,6.9504,1946371000.0,0.00671013,6189.2
Romania,EE,1925,13240500.0,7.239000000000001,1968879000.0,0.00672489,6358.5
Romania,EE,1926,13420600.0,7.5276,1991829000.0,0.00673783,6523.3
Romania,EE,1927,13600700.0,7.8162,2014443000.0,0.00675159,6683.7
Romania,EE,1928,13780800.0,8.104800000000001,2036576000.0,0.00676665,6839.9
Romania,EE,1929,13960900.0,8.3934,2059103000.0,0.00678009,6992.0
Romania,EE,1930,14141000.0,8.682,2080211000.0,0.00679787,7140.3
Romania,EE,1931,14317600.0,9.1753,2101812000.0,0.00681203,7453.0
Romania,EE,1932,14494200.0,9.6686,2121508000.0,0.00683203,7758.0
Romania,EE,1933,14670800.0,10.1619,2140973000.0,0.0068524,8055.7
Romania,EE,1934,14847400.0,10.6552,2161152000.0,0.00687013,8346.2
Romania,EE,1935,15024000.0,11.1485,2181702000.0,0.00688637,8630.0
Romania,EE,1936,15200600.0,11.6418,2203365000.0,0.00689881,8907.2
Romania,EE,1937,15377200.0,12.1351,2226159000.0,0.0069075,9178.0
Romania,EE,1938,15553800.0,12.6284,2250491000.0,0.00691129,9442.6
Romania,EE,1939,15730400.0,13.1217,2275307000.0,0.00691353,9701.3
Romania,EE,1940,15907000.0,13.615,2296743000.0,0.00692589,9954.3
Romania,EE,1941,15947400.0,13.505,2313071000.0,0.00689447,9848.8
Romania,EE,1942,15987800.0,13.395,2331578000.0,0.00685707,9743.9
Romania,EE,1943,16028200.0,13.285,2350140000.0,0.0068201,9639.5
Romania,EE,1944,16068600.0,13.175,2368872000.0,0.00678323,9535.7
Romania,EE,1945,16109000.0,13.065,2394093000.0,0.00672864,9432.4
Romania,EE,1946,16149400.0,12.955,2419526000.0,0.00667461,9329.6
Romania,EE,1947,16189800.0,12.845,2446628000.0,0.00661719,9227.3
Romania,EE,1948,16230200.0,12.735,2473860000.0,0.00656068,9125.5
Romania,EE,1949,16270600.0,12.625,2501856000.0,0.00650341,9024.2
Romania,EE,1950,16311000.0,12.515,2529794000.0,0.00644756,8923.4
Romania,EE,1951,16520200.0,13.728,2577776000.0,0.0064087,9664.3
Romania,EE,1952,16729400.000000002,14.941,2624866000.0,0.00637343,10386.7
Romania,EE,1953,16938600.0,16.154,2671465000.0,0.00634057,11091.3
Romania,EE,1954,17147800.0,17.367,2718563000.0,0.00630767,11778.7
Romania,EE,1955,17357000.0,18.58,2766430000.0,0.00627415,12449.5
Romania,EE,1956,17566200.0,19.793,2815461000.0,0.00623919,13104.3
Romania,EE,1957,17775400.0,21.006,2866148000.0,0.00620184,13743.7
Romania,EE,1958,17984600.0,22.219,2918168000.0,0.00616298,14368.2
Romania,EE,1959,18193800.0,23.432,2971839000.0,0.00612207,14978.4
Romania,EE,1960,18403000.0,24.645,3027112000.0,0.00607939,15574.7
Romania,EE,1961,18588000.0,26.5379,3084358000.0,0.00602654,16604.0
Romania,EE,1962,18773000.0,28.4308,3143380000.0,0.00597223,17613.1
Romania,EE,1963,18958000.0,30.3237,3204489000.0,0.00591608,18602.4
Romania,EE,1964,19143000.0,32.2166,3268074000.0,0.00585758,19572.6
Romania,EE,1965,19328000.0,34.1095,3334092000.0,0.00579708,20524.3
Romania,EE,1966,19513000.0,36.002399999999994,3402738000.0,0.0057345,21457.9
Romania,EE,1967,19698000.0,37.8953,3473827000.0,0.0056704,22374.0
Romania,EE,1968,19883000.0,39.7882,3546719000.0,0.00560603,23273.0
Romania,EE,1969,20068000.0,41.6811,3620809000.0,0.00554241,24155.4
Romania,EE,1970,20253000.0,43.574,3695944000.0,0.00547979,25021.8
Romania,EE,1971,20488900.0,46.1559,3771809000.0,0.00543211,26199.2
Romania,EE,1972,20724800.0,48.7378,3847786000.0,0.00538616,27349.9
Romania,EE,1973,20960700.0,51.3197,3923766000.0,0.00534199,28474.6
Romania,EE,1974,21196600.0,53.9016,3999654000.0,0.00529961,29574.3
Romania,EE,1975,21432500.0,56.4835,4075437000.0,0.00525895,30649.9
Romania,EE,1976,21668400.0,59.0654,4150660000.0,0.00522047,31702.0
Romania,EE,1977,21904300.0,61.6473,4225672000.0,0.00518363,32731.4
Romania,EE,1978,22140200.0,64.22919999999999,4301501000.0,0.00514709,33738.9
Romania,EE,1979,22376100.0,66.8111,4378004000.0,0.00511103,34725.1
Romania,EE,1980,22612000.0,69.393,4456394000.0,0.00507406,35690.8
Romania,EE,1981,22699700.0,69.0463,4535942000.0,0.00500441,35375.3
Romania,EE,1982,22787400.0,68.6996,4616948000.0,0.0049356,35062.2
Romania,EE,1983,22875100.0,68.3529,4699604000.0,0.00486745,34751.5
Romania,EE,1984,22962800.0,68.0062,4784334000.0,0.00479958,34443.2
Romania,EE,1985,23050500.0,67.65950000000001,4871434000.0,0.00473177,34137.2
Romania,EE,1986,23138200.0,67.3128,4961120000.0,0.00466391,33833.6
Romania,EE,1987,23225900.0,66.9661,5052960000.0,0.00459649,33532.2
Romania,EE,1988,23313600.0,66.6194,5145733000.0,0.00453067,33233.1
Romania,EE,1989,23401300.0,66.2727,5237968000.0,0.00446763,32936.3
Romania,EE,1990,23489000.0,65.926,5328602000.0,0.0044081,32641.6
Romania,EE,1991,23352900.0,63.1353,5417317000.0,0.00431079,31442.1
Romania,EE,1992,23216800.0,60.3446,5503880000.0,0.00421826,30228.4
Romania,EE,1993,23080700.0,57.5539,5588359000.0,0.00413014,29000.5
Romania,EE,1994,22944600.0,54.7632,5671048000.0,0.00404592,27758.0
Romania,EE,1995,22808500.0,51.9725,5752408000.0,0.00396504,26500.7
Romania,EE,1996,22672400.0,49.1818,5832484000.0,0.00388726,25228.2
Romania,EE,1997,22536300.0,46.3911,5911415000.0,0.00381234,23940.4
Romania,EE,1998,22400200.0,43.6004,5989470000.0,0.00373993,22637.0
Romania,EE,1999,22264100.0,40.8097,6067325000.0,0.00366951,21317.6
Romania,EE,2000,22128000.0,38.019,6145394000.0,0.00360075,19982.0
Romania,EE,2001,21959200.0,37.7885,6223661000.0,0.00352834,20013.5
Romania,EE,2002,21790400.0,37.558,6302453000.0,0.00345745,20045.5
Romania,EE,2003,21621600.0,37.3275,6381858000.0,0.00338798,20078.0
Romania,EE,2004,21452800.0,37.097,6461988000.0,0.00331985,20111.0
Romania,EE,2005,21284000.0,36.8665,6542867000.0,0.00325301,20144.6
Romania,EE,2006,21115200.0,36.636,6624538000.0,0.00318742,20178.7
Romania,EE,2007,20946400.0,36.4055,6707018000.0,0.00312306,20213.3
Romania,EE,2008,20777600.0,36.175,6790025000.0,0.00306002,20248.5
Romania,EE,2009,20608800.0,35.9445,6874725000.0,0.00299776,20284.3
Romania,EE,2010,20440000.0,35.714,6959421000.0,0.00293703,20320.6
Romania,EE,2011,20319800.0,35.6829,7044266000.0,0.00288459,20423.0
Romania,EE,2012,20199600.0,35.6518,7129609000.0,0.0028332,20526.7
Romania,EE,2013,20079400.0,35.6207,7215047000.0,0.00278299,20631.5
Romania,EE,2014,19959200.0,35.5896,7300248000.0,0.00273404,20737.7
Romania,EE,2015,19839000.0,35.558499999999995,7384880000.0,0.00268643,20845.1
Romania,EE,2016,19718800.0,35.5274,7469068000.0,0.00264006,20953.8
Romania,EE,2017,19598600.0,35.4963,7550393000.0,0.00259571,21063.8
Romania,EE,2018,19478400.0,35.4652,7632955000.0,0.00255188,21175.3
Romania,EE,2019,19358200.0,35.4341,7714577000.0,0.0025093,21288.1
Romania,EE,2020,19238000.0,35.403,7795482000.0,0.00246784,21402.3
S. Arabia,ME,1820,2091000.0,0.601,1047270000.0,0.00199662,3342.7
S. Arabia,ME,1821,2102000.0,0.6042,1052728000.0,0.00199672,3342.9
S. Arabia,ME,1822,2113000.0,0.6073999999999999,1058224000.0,0.00199674,3343.1
S. Arabia,ME,1823,2124000.0,0.6106,1063824000.0,0.00199657,3343.4
S. Arabia,ME,1824,2135000.0,0.6138,1069477000.0,0.0019963,3343.6
S. Arabia,ME,1825,2146000.0,0.617,1075142000.0,0.00199602,3343.8
S. Arabia,ME,1826,2157000.0,0.6202,1080733000.0,0.00199587,3344.0
S. Arabia,ME,1827,2168000.0,0.6234,1086318000.0,0.00199573,3344.2
S. Arabia,ME,1828,2179000.0,0.6266,1091853000.0,0.00199569,3344.4
S. Arabia,ME,1829,2190000.0,0.6298,1097270000.0,0.00199586,3344.6
S. Arabia,ME,1830,2201000.0,0.633,1102518000.0,0.00199634,3344.7
S. Arabia,ME,1831,2212600.0,0.6363,1108061000.0,0.00199682,3344.6
S. Arabia,ME,1832,2224200.0,0.6396000000000001,1113520000.0,0.00199745,3344.4
S. Arabia,ME,1833,2235800.0,0.6429,1119039000.0,0.00199796,3344.2
S. Arabia,ME,1834,2247400.0,0.6462,1124554000.0,0.00199848,3344.0
S. Arabia,ME,1835,2259000.0,0.6495,1130361000.0,0.00199848,3343.8
S. Arabia,ME,1836,2270600.0,0.6528,1136068000.0,0.00199865,3343.6
S. Arabia,ME,1837,2282200.0,0.6561,1141817000.0,0.00199874,3343.5
S. Arabia,ME,1838,2293800.0,0.6594,1147560000.0,0.00199885,3343.3
S. Arabia,ME,1839,2305400.0,0.6627000000000001,1153428000.0,0.00199874,3343.1
S. Arabia,ME,1840,2317000.0,0.666,1159310000.0,0.0019986,3342.9
S. Arabia,ME,1841,2329200.0,0.6695,1165435000.0,0.00199857,3342.9
S. Arabia,ME,1842,2341400.0,0.673,1171545000.0,0.00199856,3342.9
S. Arabia,ME,1843,2353600.0,0.6765,1177631000.0,0.00199859,3342.8
S. Arabia,ME,1844,2365800.0,0.68,1183818000.0,0.00199845,3342.8
S. Arabia,ME,1845,2378000.0,0.6835,1190091000.0,0.00199817,3342.8
S. Arabia,ME,1846,2390200.0,0.6869999999999999,1196249000.0,0.00199808,3342.7
S. Arabia,ME,1847,2402400.0,0.6905,1201397000.0,0.00199967,3342.7
S. Arabia,ME,1848,2414600.0,0.694,1205963000.0,0.00200222,3342.7
S. Arabia,ME,1849,2426800.0,0.6975,1211069000.0,0.00200385,3342.6
S. Arabia,ME,1850,2439000.0,0.701,1216574000.0,0.00200481,3342.6
S. Arabia,ME,1851,2451800.0,0.7047,1218975000.0,0.00201136,3342.7
S. Arabia,ME,1852,2464600.0,0.7083999999999999,1221557000.0,0.00201759,3342.8
S. Arabia,ME,1853,2477400.0,0.7121,1224259000.0,0.00202359,3342.9
S. Arabia,ME,1854,2490200.0,0.7158,1226726000.0,0.00202996,3343.0
S. Arabia,ME,1855,2503000.0,0.7195,1228814000.0,0.00203692,3343.1
S. Arabia,ME,1856,2515800.0,0.7232,1231565000.0,0.00204277,3343.2
S. Arabia,ME,1857,2528600.0,0.7269,1234524000.0,0.00204824,3343.3
S. Arabia,ME,1858,2541400.0,0.7306,1237487000.0,0.00205368,3343.4
S. Arabia,ME,1859,2554200.0,0.7343,1240642000.0,0.00205877,3343.5
S. Arabia,ME,1860,2567000.0,0.738,1243735000.0,0.00206394,3343.6
S. Arabia,ME,1861,2544100.0,0.7315,1247652000.0,0.00203911,3344.0
S. Arabia,ME,1862,2521200.0,0.725,1250707000.0,0.00201582,3344.3
S. Arabia,ME,1863,2498300.0,0.7185,1254013000.0,0.00199224,3344.7
S. Arabia,ME,1864,2475400.0,0.712,1257290000.0,0.00196884,3345.1
S. Arabia,ME,1865,2452500.0,0.7055,1260601000.0,0.0019455,3345.6
S. Arabia,ME,1866,2429600.0,0.6990000000000001,1263629000.0,0.00192272,3346.0
S. Arabia,ME,1867,2406700.0,0.6925,1266809000.0,0.00189981,3346.4
S. Arabia,ME,1868,2383800.0,0.686,1269858000.0,0.00187722,3346.8
S. Arabia,ME,1869,2360900.0,0.6795,1271405000.0,0.00185692,3347.3
S. Arabia,ME,1870,2338000.0,0.673,1274661000.0,0.00183421,3347.7
S. Arabia,ME,1871,2366200.0,0.6811,1282387000.0,0.00184515,3347.6
S. Arabia,ME,1872,2394400.0,0.6892,1290858000.0,0.00185489,3347.6
S. Arabia,ME,1873,2422600.0,0.6973,1299848000.0,0.00186376,3347.5
S. Arabia,ME,1874,2450800.0,0.7054,1309013000.0,0.00187225,3347.4
S. Arabia,ME,1875,2479000.0,0.7135,1318339000.0,0.0018804,3347.3
S. Arabia,ME,1876,2507200.0,0.7216,1327814000.0,0.00188822,3347.2
S. Arabia,ME,1877,2535400.0,0.7297,1337399000.0,0.00189577,3347.2
S. Arabia,ME,1878,2563600.0,0.7378,1347055000.0,0.00190311,3347.1
S. Arabia,ME,1879,2591800.0,0.7459,1356760000.0,0.00191029,3347.0
S. Arabia,ME,1880,2620000.0,0.754,1366310000.0,0.00191757,3347.0
S. Arabia,ME,1881,2651600.0,0.763,1376041000.0,0.00192698,3346.5
S. Arabia,ME,1882,2683200.0,0.772,1385750000.0,0.00193628,3346.1
S. Arabia,ME,1883,2714800.0,0.781,1395507000.0,0.00194539,3345.7
S. Arabia,ME,1884,2746400.0,0.79,1405536000.0,0.00195399,3345.4
S. Arabia,ME,1885,2778000.0,0.7989999999999999,1415514000.0,0.00196254,3345.0
S. Arabia,ME,1886,2809600.0,0.8079999999999999,1425627000.0,0.00197078,3344.6
S. Arabia,ME,1887,2841200.0,0.817,1435759000.0,0.00197888,3344.3
S. Arabia,ME,1888,2872800.0,0.826,1445944000.0,0.0019868,3343.9
S. Arabia,ME,1889,2904400.0,0.835,1456277000.0,0.0019944,3343.6
S. Arabia,ME,1890,2936000.0,0.844,1466582000.0,0.00200193,3343.2
S. Arabia,ME,1891,2971400.0,0.8544999999999999,1477705000.0,0.00201082,3344.5
S. Arabia,ME,1892,3006800.0,0.865,1488973000.0,0.00201938,3345.7
S. Arabia,ME,1893,3042200.0,0.8755,1500286000.0,0.00202775,3346.9
S. Arabia,ME,1894,3077600.0,0.886,1511963000.0,0.0020355,3348.1
S. Arabia,ME,1895,3113000.0,0.8965,1523676000.0,0.00204309,3349.3
S. Arabia,ME,1896,3148400.0,0.907,1535655000.0,0.0020502,3350.4
S. Arabia,ME,1897,3183800.0,0.9175,1547830000.0,0.00205694,3351.5
S. Arabia,ME,1898,3219200.0,0.928,1560243000.0,0.00206327,3352.6
S. Arabia,ME,1899,3254600.0,0.9385,1572611000.0,0.00206955,3353.6
S. Arabia,ME,1900,3290000.0,0.949,1584867000.0,0.00207588,3354.7
S. Arabia,ME,1901,3329700.0,0.9612,1600044000.0,0.00208101,3357.3
S. Arabia,ME,1902,3369400.0,0.9734,1615427000.0,0.00208576,3359.8
S. Arabia,ME,1903,3409100.0,0.9856,1630965000.0,0.00209023,3362.3
S. Arabia,ME,1904,3448800.0,0.9978,1646581000.0,0.00209452,3364.8
S. Arabia,ME,1905,3488500.0,1.01,1662453000.0,0.00209841,3367.1
S. Arabia,ME,1906,3528200.0,1.0222,1678596000.0,0.00210188,3369.5
S. Arabia,ME,1907,3567900.0,1.0344,1695030000.0,0.00210492,3371.8
S. Arabia,ME,1908,3607600.0,1.0466,1711586000.0,0.00210775,3374.0
S. Arabia,ME,1909,3647300.0,1.0588,1728501000.0,0.00211009,3376.2
S. Arabia,ME,1910,3687000.0,1.071,1745736000.0,0.002112,3378.3
S. Arabia,ME,1911,3605500.0,1.047,1762399000.0,0.00204579,3377.2
S. Arabia,ME,1912,3524000.0,1.023,1779061000.0,0.00198082,3376.1
S. Arabia,ME,1913,3442500.0,0.999,1796080000.0,0.00191667,3375.0
S. Arabia,ME,1914,3361000.0,0.975,1808262000.0,0.00185869,3373.8
S. Arabia,ME,1915,3279500.0,0.951,1818401000.0,0.00180351,3372.5
S. Arabia,ME,1916,3198000.0,0.927,1828586000.0,0.00174889,3371.2
S. Arabia,ME,1917,3116500.0,0.903,1839381000.0,0.00169432,3369.8
S. Arabia,ME,1918,3035000.0,0.879,1849942000.0,0.00164059,3368.3
S. Arabia,ME,1919,2953500.0,0.855,1862569000.0,0.00158571,3366.7
S. Arabia,ME,1920,2872000.0,0.831,1875297000.0,0.00153149,3365.1
S. Arabia,ME,1921,2902400.0,0.8412,1886887000.0,0.00153819,3370.7
S. Arabia,ME,1922,2932800.0,0.8513999999999999,1903926000.0,0.0015404,3376.2
S. Arabia,ME,1923,2963200.0,0.8616,1924127000.0,0.00154002,3381.6
S. Arabia,ME,1924,2993600.0,0.8718,1946371000.0,0.00153804,3386.9
S. Arabia,ME,1925,3024000.0,0.882,1968879000.0,0.0015359,3392.1
S. Arabia,ME,1926,3054400.0,0.8922,1991829000.0,0.00153346,3397.2
S. Arabia,ME,1927,3084800.0,0.9024,2014443000.0,0.00153134,3402.1
S. Arabia,ME,1928,3115200.0,0.9126,2036576000.0,0.00152963,3407.0
S. Arabia,ME,1929,3145600.0,0.9228,2059103000.0,0.00152766,3411.8
S. Arabia,ME,1930,3176000.0,0.933,2080211000.0,0.00152677,3416.5
S. Arabia,ME,1931,3209700.0,1.0224,2101812000.0,0.00152711,3704.6
S. Arabia,ME,1932,3243400.0,1.1118,2121508000.0,0.00152882,3986.6
S. Arabia,ME,1933,3277100.0,1.2012,2140973000.0,0.00153066,4262.9
S. Arabia,ME,1934,3310800.0,1.2906,2161152000.0,0.00153196,4533.6
S. Arabia,ME,1935,3344500.0,1.38,2181702000.0,0.00153298,4798.7
S. Arabia,ME,1936,3378200.0,1.4694,2203365000.0,0.0015332,5058.6
S. Arabia,ME,1937,3411900.0,1.5588,2226159000.0,0.00153264,5313.4
S. Arabia,ME,1938,3445600.0,1.6482,2250491000.0,0.00153104,5563.2
S. Arabia,ME,1939,3479300.0,1.7376,2275307000.0,0.00152916,5808.1
S. Arabia,ME,1940,3513000.0,1.827,2296743000.0,0.00152956,6048.4
S. Arabia,ME,1941,3547700.0,2.4024,2313071000.0,0.00153376,7875.5
S. Arabia,ME,1942,3582400.0,2.9778,2331578000.0,0.00153647,9667.2
S. Arabia,ME,1943,3617100.0,3.5532,2350140000.0,0.0015391,11424.5
S. Arabia,ME,1944,3651800.0,4.1286000000000005,2368872000.0,0.00154158,13148.5
S. Arabia,ME,1945,3686500.0,4.704000000000001,2394093000.0,0.00153983,14840.0
S. Arabia,ME,1946,3721200.0,5.2794,2419526000.0,0.00153799,16499.9
S. Arabia,ME,1947,3755900.0,5.8548,2446628000.0,0.00153513,18129.2
S. Arabia,ME,1948,3790600.0,6.4302,2473860000.0,0.00153226,19728.6
S. Arabia,ME,1949,3825300.0,7.0056,2501856000.0,0.00152898,21299.0
S. Arabia,ME,1950,3860000.0,7.581,2529794000.0,0.00152582,22841.2
S. Arabia,ME,1951,3945800.0,8.0972,2577776000.0,0.0015307,23866.0
S. Arabia,ME,1952,4031600.0,8.6134,2624866000.0,0.00153593,24847.2
S. Arabia,ME,1953,4117399.9999999995,9.1296,2671465000.0,0.00154125,25787.5
S. Arabia,ME,1954,4203200.0,9.6458,2718563000.0,0.00154611,26689.3
S. Arabia,ME,1955,4289000.0,10.162,2766430000.0,0.00155037,27555.2
S. Arabia,ME,1956,4374800.0,10.6782,2815461000.0,0.00155385,28387.0
S. Arabia,ME,1957,4460600.0,11.1944,2866148000.0,0.0015563,29186.9
S. Arabia,ME,1958,4546400.0,11.7106,2918168000.0,0.00155796,29956.5
S. Arabia,ME,1959,4632200.0,12.2268,2971839000.0,0.0015587,30697.7
S. Arabia,ME,1960,4718000.0,12.743,3027112000.0,0.00155858,31411.8
S. Arabia,ME,1961,4857100.0,13.7584,3084358000.0,0.00157475,32943.6
S. Arabia,ME,1962,4996200.0,14.7738,3143380000.0,0.00158944,34390.0
S. Arabia,ME,1963,5135300.0,15.7892,3204489000.0,0.00160253,35758.1
S. Arabia,ME,1964,5274400.0,16.8046,3268074000.0,0.00161392,37054.0
S. Arabia,ME,1965,5413500.0,17.82,3334092000.0,0.00162368,38283.3
S. Arabia,ME,1966,5552600.0,18.8354,3402738000.0,0.0016318,39451.0
S. Arabia,ME,1967,5691700.0,19.8508,3473827000.0,0.00163845,40561.7
S. Arabia,ME,1968,5830800.0,20.8662,3546719000.0,0.001644,41619.3
S. Arabia,ME,1969,5969900.0,21.8816,3620809000.0,0.00164878,42627.7
S. Arabia,ME,1970,6109000.0,22.897,3695944000.0,0.00165289,43590.1
S. Arabia,ME,1971,6498000.0,24.3861,3771809000.0,0.00172278,43645.8
S. Arabia,ME,1972,6887000.0,25.8752,3847786000.0,0.00178986,43695.2
S. Arabia,ME,1973,7276000.0,27.3643,3923766000.0,0.00185434,43739.3
S. Arabia,ME,1974,7665000.0,28.8534,3999654000.0,0.00191642,43778.9
S. Arabia,ME,1975,8054000.0,30.3425,4075437000.0,0.00197623,43814.7
S. Arabia,ME,1976,8443000.0,31.8316,4150660000.0,0.00203413,43847.2
S. Arabia,ME,1977,8832000.0,33.320699999999995,4225672000.0,0.00209008,43876.8
S. Arabia,ME,1978,9221000.0,34.8098,4301501000.0,0.00214367,43903.9
S. Arabia,ME,1979,9610000.0,36.2989,4378004000.0,0.00219506,43928.8
S. Arabia,ME,1980,9999000.0,37.788,4456394000.0,0.00224374,43951.8
S. Arabia,ME,1981,10631800.0,42.143,4535942000.0,0.0023439,46099.7
S. Arabia,ME,1982,11264600.0,46.498,4616948000.0,0.00243984,48006.3
S. Arabia,ME,1983,11897400.0,50.853,4699604000.0,0.00253158,49710.1
S. Arabia,ME,1984,12530200.0,55.208,4784334000.0,0.00261901,51241.7
S. Arabia,ME,1985,13163000.0,59.563,4871434000.0,0.00270208,52626.1
S. Arabia,ME,1986,13795800.0,63.91799999999999,4961120000.0,0.00278078,53883.5
S. Arabia,ME,1987,14428600.0,68.273,5052960000.0,0.00285547,55030.6
S. Arabia,ME,1988,15061400.0,72.62799999999999,5145733000.0,0.00292697,56081.3
S. Arabia,ME,1989,15694200.0,76.98299999999999,5237968000.0,0.00299624,57047.3
S. Arabia,ME,1990,16327000.0,81.338,5328602000.0,0.00306403,57938.4
S. Arabia,ME,1991,16770700.0,84.8179,5417317000.0,0.00309576,58818.8
S. Arabia,ME,1992,17214400.0,88.2978,5503880000.0,0.00312768,59653.7
S. Arabia,ME,1993,17658100.0,91.7777,5588359000.0,0.0031598,60446.7
S. Arabia,ME,1994,18101800.0,95.2576,5671048000.0,0.00319197,61200.9
S. Arabia,ME,1995,18545500.0,98.7375,5752408000.0,0.00322395,61918.9
S. Arabia,ME,1996,18989200.0,102.2174,5832484000.0,0.00325577,62603.4
S. Arabia,ME,1997,19432900.0,105.6973,5911415000.0,0.00328735,63256.6
S. Arabia,ME,1998,19876600.0,109.1772,5989470000.0,0.00331859,63880.7
S. Arabia,ME,1999,20320300.0,112.6571,6067325000.0,0.00334914,64477.5
S. Arabia,ME,2000,20764000.0,116.137,6145394000.0,0.00337879,65048.8
S. Arabia,ME,2001,21430200.0,125.3108,6223661000.0,0.00344334,68005.2
S. Arabia,ME,2002,22096400.0,134.4846,6302453000.0,0.003506,70783.3
S. Arabia,ME,2003,22762600.0,143.6584,6381858000.0,0.00356677,73398.8
S. Arabia,ME,2004,23428800.0,152.8322,6461988000.0,0.00362563,75865.5
S. Arabia,ME,2005,24095000.0,162.006,6542867000.0,0.00368264,78195.9
S. Arabia,ME,2006,24761200.0,171.1798,6624538000.0,0.0037378,80400.8
S. Arabia,ME,2007,25427400.0,180.3536,6707018000.0,0.00379116,82490.2
S. Arabia,ME,2008,26093600.0,189.5274,6790025000.0,0.00384293,84473.0
S. Arabia,ME,2009,26759800.0,198.7012,6874725000.0,0.00389249,86357.0
S. Arabia,ME,2010,27426000.0,207.875,6959421000.0,0.00394085,88149.4
S. Arabia,ME,2011,28164800.0,212.2999,7044266000.0,0.00399826,87664.3
S. Arabia,ME,2012,28903600.0,216.7248,7129609000.0,0.00405402,87204.0
S. Arabia,ME,2013,29642400.0,221.1497,7215047000.0,0.00410841,86766.6
S. Arabia,ME,2014,30381200.0,225.5746,7300248000.0,0.00416167,86350.5
S. Arabia,ME,2015,31120000.0,229.9995,7384880000.0,0.00421402,85954.2
S. Arabia,ME,2016,31858800.0,234.4244,7469068000.0,0.00426543,85576.2
S. Arabia,ME,2017,32597600.0,238.8493,7550393000.0,0.00431734,85215.4
S. Arabia,ME,2018,33336400.0,243.2742,7632955000.0,0.00436743,84870.6
S. Arabia,ME,2019,34075200.0,247.6991,7714577000.0,0.00441699,84540.7
S. Arabia,ME,2020,34814000.0,252.124,7795482000.0,0.00446592,84224.8
South Africa,Af,1820,1550000.0,0.658,1047270000.0,0.00148004,4937.1
South Africa,Af,1821,1566200.0,0.665,1052728000.0,0.00148775,4938.0
South Africa,Af,1822,1582400.0,0.672,1058224000.0,0.00149534,4938.9
South Africa,Af,1823,1598600.0,0.679,1063824000.0,0.00150269,4939.8
South Africa,Af,1824,1614800.0,0.686,1069477000.0,0.0015099,4940.7
South Africa,Af,1825,1631000.0,0.6930000000000001,1075142000.0,0.00151701,4941.5
South Africa,Af,1826,1647200.0,0.7,1080733000.0,0.00152415,4942.3
South Africa,Af,1827,1663400.0,0.707,1086318000.0,0.00153123,4943.1
South Africa,Af,1828,1679600.0,0.714,1091853000.0,0.0015383,4943.9
South Africa,Af,1829,1695800.0,0.721,1097270000.0,0.00154547,4944.7
South Africa,Af,1830,1712000.0,0.728,1102518000.0,0.00155281,4945.5
South Africa,Af,1831,1729900.0,0.7357,1108061000.0,0.0015612,4946.1
South Africa,Af,1832,1747800.0,0.7434,1113520000.0,0.00156962,4946.6
South Africa,Af,1833,1765700.0,0.7511,1119039000.0,0.00157787,4947.2
South Africa,Af,1834,1783600.0,0.7588,1124554000.0,0.00158605,4947.8
South Africa,Af,1835,1801500.0,0.7665,1130361000.0,0.00159374,4948.3
South Africa,Af,1836,1819400.0,0.7742,1136068000.0,0.00160149,4948.9
South Africa,Af,1837,1837300.0,0.7819,1141817000.0,0.0016091,4949.4
South Africa,Af,1838,1855200.0,0.7896000000000001,1147560000.0,0.00161665,4949.9
South Africa,Af,1839,1873100.0,0.7973,1153428000.0,0.00162394,4950.4
South Africa,Af,1840,1891000.0,0.805,1159310000.0,0.00163114,4950.9
South Africa,Af,1841,1910700.0,0.8135,1165435000.0,0.00163947,4951.6
South Africa,Af,1842,1930400.0,0.8220000000000001,1171545000.0,0.00164774,4952.3
South Africa,Af,1843,1950100.0,0.8305,1177631000.0,0.00165595,4952.9
South Africa,Af,1844,1969800.0,0.8390000000000001,1183818000.0,0.00166394,4953.6
South Africa,Af,1845,1989500.0,0.8475,1190091000.0,0.00167172,4954.2
South Africa,Af,1846,2009200.0,0.856,1196249000.0,0.00167958,4954.8
South Africa,Af,1847,2028900.0,0.8645,1201397000.0,0.00168878,4955.5
South Africa,Af,1848,2048600.0,0.873,1205963000.0,0.00169873,4956.1
South Africa,Af,1849,2068300.0000000002,0.8815000000000001,1211069000.0,0.00170783,4956.7
South Africa,Af,1850,2088000.0,0.89,1216574000.0,0.0017163,4957.2
South Africa,Af,1851,2109800.0,0.8984,1218975000.0,0.0017308,4952.3
South Africa,Af,1852,2131600.0,0.9068,1221557000.0,0.00174499,4947.5
South Africa,Af,1853,2153400.0,0.9152,1224259000.0,0.00175894,4942.8
South Africa,Af,1854,2175200.0,0.9236,1226726000.0,0.00177318,4938.2
South Africa,Af,1855,2197000.0,0.932,1228814000.0,0.0017879,4933.6
South Africa,Af,1856,2218800.0,0.9404,1231565000.0,0.00180161,4929.2
South Africa,Af,1857,2240600.0,0.9488,1234524000.0,0.00181495,4924.8
South Africa,Af,1858,2262400.0,0.9572,1237487000.0,0.00182822,4920.5
South Africa,Af,1859,2284200.0,0.9656,1240642000.0,0.00184114,4916.4
South Africa,Af,1860,2306000.0,0.974,1243735000.0,0.00185409,4912.2
South Africa,Af,1861,2330100.0,0.9823,1247652000.0,0.00186759,4902.9
South Africa,Af,1862,2354200.0,0.9906,1250707000.0,0.0018823,4893.7
South Africa,Af,1863,2378300.0,0.9989,1254013000.0,0.00189655,4884.7
South Africa,Af,1864,2402400.0,1.0072,1257290000.0,0.00191078,4875.8
South Africa,Af,1865,2426500.0,1.0154999999999998,1260601000.0,0.00192488,4867.2
South Africa,Af,1866,2450600.0,1.0238,1263629000.0,0.00193934,4858.7
South Africa,Af,1867,2474700.0,1.0321,1266809000.0,0.00195349,4850.4
South Africa,Af,1868,2498800.0,1.0404,1269858000.0,0.00196778,4842.3
South Africa,Af,1869,2522900.0,1.0487,1271405000.0,0.00198434,4834.3
South Africa,Af,1870,2547000.0,1.057,1274661000.0,0.00199818,4826.4
South Africa,Af,1871,2605000.0,1.0829,1282387000.0,0.00203137,4834.6
South Africa,Af,1872,2663000.0,1.1088,1290858000.0,0.00206297,4842.4
South Africa,Af,1873,2721000.0,1.1347,1299848000.0,0.00209332,4849.9
South Africa,Af,1874,2779000.0,1.1606,1309013000.0,0.00212297,4857.1
South Africa,Af,1875,2837000.0,1.1865,1318339000.0,0.00215195,4863.9
South Africa,Af,1876,2895000.0,1.2124,1327814000.0,0.00218028,4870.5
South Africa,Af,1877,2953000.0,1.2383,1337399000.0,0.00220802,4876.9
South Africa,Af,1878,3011000.0,1.2642,1347055000.0,0.00223525,4883.0
South Africa,Af,1879,3069000.0,1.2901,1356760000.0,0.00226201,4888.8
South Africa,Af,1880,3127000.0,1.316,1366310000.0,0.00228865,4894.5
South Africa,Af,1881,3198200.0,1.3479,1376041000.0,0.0023242,4901.5
South Africa,Af,1882,3269400.0,1.3798,1385750000.0,0.0023593,4908.3
South Africa,Af,1883,3340600.0,1.4117,1395507000.0,0.00239383,4914.7
South Africa,Af,1884,3411800.0,1.4436,1405536000.0,0.0024274,4920.9
South Africa,Af,1885,3483000.0,1.4755,1415514000.0,0.00246059,4926.8
South Africa,Af,1886,3554200.0,1.5074,1425627000.0,0.00249308,4932.5
South Africa,Af,1887,3625400.0,1.5393,1435759000.0,0.00252508,4938.0
South Africa,Af,1888,3696600.0,1.5712000000000002,1445944000.0,0.00255653,4943.2
South Africa,Af,1889,3767800.0,1.6031,1456277000.0,0.00258728,4948.3
South Africa,Af,1890,3839000.0,1.635,1466582000.0,0.00261765,4953.1
South Africa,Af,1891,3926400.0,1.7109,1477705000.0,0.00265709,5067.7
South Africa,Af,1892,4013800.0,1.7868,1488973000.0,0.00269568,5177.3
South Africa,Af,1893,4101200.0,1.8627,1500286000.0,0.00273361,5282.2
South Africa,Af,1894,4188600.0000000005,1.9386,1511963000.0,0.00277031,5382.7
South Africa,Af,1895,4276000.0,2.0145,1523676000.0,0.00280637,5479.1
South Africa,Af,1896,4363400.0,2.0904,1535655000.0,0.00284139,5571.7
South Africa,Af,1897,4450800.0,2.1663,1547830000.0,0.00287551,5660.6
South Africa,Af,1898,4538200.0,2.2422,1560243000.0,0.00290865,5746.1
South Africa,Af,1899,4625600.0,2.3181000000000003,1572611000.0,0.00294135,5828.3
South Africa,Af,1900,4713000.0,2.394,1584867000.0,0.00297375,5907.5
South Africa,Af,1901,4820300.0,2.7365,1600044000.0,0.0030126,6602.4
South Africa,Af,1902,4927600.0,3.079,1615427000.0,0.00305034,7267.0
South Africa,Af,1903,5034900.0,3.4215,1630965000.0,0.00308707,7903.2
South Africa,Af,1904,5142200.0,3.764,1646581000.0,0.00312296,8513.0
South Africa,Af,1905,5249500.0,4.1065000000000005,1662453000.0,0.00315768,9097.7
South Africa,Af,1906,5356800.0,4.449,1678596000.0,0.00319124,9659.1
South Africa,Af,1907,5464100.0,4.7915,1695030000.0,0.0032236,10198.4
South Africa,Af,1908,5571400.0,5.134,1711586000.0,0.00325511,10717.0
South Africa,Af,1909,5678700.0,5.4765,1728501000.0,0.00328533,11215.9
South Africa,Af,1910,5786000.0,5.819,1745736000.0,0.00331436,11696.3
South Africa,Af,1911,5922300.0,6.1061,1762399000.0,0.00336036,11990.9
South Africa,Af,1912,6058600.0,6.3932,1779061000.0,0.0034055,12272.3
South Africa,Af,1913,6194900.0,6.6803,1796080000.0,0.00344912,12541.3
South Africa,Af,1914,6331200.0,6.9674,1808262000.0,0.00350126,12798.7
South Africa,Af,1915,6467500.0,7.2545,1818401000.0,0.0035567,13045.2
South Africa,Af,1916,6603800.0,7.5416,1828586000.0,0.00361142,13281.6
South Africa,Af,1917,6740100.0,7.828699999999999,1839381000.0,0.00366433,13508.4
South Africa,Af,1918,6876400.0,8.1158,1849942000.0,0.00371709,13726.2
South Africa,Af,1919,7012700.0,8.402899999999999,1862569000.0,0.00376507,13935.5
South Africa,Af,1920,7149000.0,8.69,1875297000.0,0.0038122,14136.9
South Africa,Af,1921,7319800.0,8.8574,1886887000.0,0.0038793,14073.0
South Africa,Af,1922,7490600.0,9.0248,1903926000.0,0.00393429,14012.0
South Africa,Af,1923,7661400.0,9.1922,1924127000.0,0.00398175,13953.8
South Africa,Af,1924,7832200.0,9.3596,1946371000.0,0.004024,13898.0
South Africa,Af,1925,8003000.0,9.527,1968879000.0,0.00406475,13844.7
South Africa,Af,1926,8173800.0,9.6944,1991829000.0,0.00410367,13793.6
South Africa,Af,1927,8344600.0,9.8618,2014443000.0,0.00414239,13744.5
South Africa,Af,1928,8515400.0,10.0292,2036576000.0,0.00418123,13697.5
South Africa,Af,1929,8686200.0,10.1966,2059103000.0,0.00421844,13652.3
South Africa,Af,1930,8857000.0,10.364,2080211000.0,0.00425774,13608.8
South Africa,Af,1931,9068600.0,11.0192,2101812000.0,0.00431466,14131.5
South Africa,Af,1932,9280200.0,11.6744,2121508000.0,0.00437434,14630.4
South Africa,Af,1933,9491800.0,12.3296,2140973000.0,0.0044334,15107.1
South Africa,Af,1934,9703400.0,12.9848,2161152000.0,0.00448992,15562.9
South Africa,Af,1935,9915000.0,13.64,2181702000.0,0.00454462,15999.3
South Africa,Af,1936,10126600.0,14.2952,2203365000.0,0.00459597,16417.5
South Africa,Af,1937,10338200.0,14.950400000000002,2226159000.0,0.00464396,16818.5
South Africa,Af,1938,10549800.0,15.6056,2250491000.0,0.00468778,17203.5
South Africa,Af,1939,10761400.0,16.2608,2275307000.0,0.00472965,17573.3
South Africa,Af,1940,10973000.0,16.916,2296743000.0,0.00477764,17928.8
South Africa,Af,1941,11235300.0,17.6003,2313071000.0,0.00485731,18218.6
South Africa,Af,1942,11497600.0,18.2846,2331578000.0,0.00493125,18495.2
South Africa,Af,1943,11759900.0,18.9689,2350140000.0,0.00500391,18759.4
South Africa,Af,1944,12022200.0,19.6532,2368872000.0,0.00507507,19012.1
South Africa,Af,1945,12284500.0,20.3375,2394093000.0,0.00513117,19253.9
South Africa,Af,1946,12546800.0,21.0218,2419526000.0,0.00518564,19485.7
South Africa,Af,1947,12809100.0,21.7061,2446628000.0,0.00523541,19708.0
South Africa,Af,1948,13071400.0,22.3904,2473860000.0,0.00528381,19921.4
South Africa,Af,1949,13333700.0,23.0747,2501856000.0,0.00532952,20126.4
South Africa,Af,1950,13596000.0,23.759,2529794000.0,0.00537435,20323.4
South Africa,Af,1951,13978100.0,24.9961,2577776000.0,0.00542254,20797.2
South Africa,Af,1952,14360200.0,26.2332,2624866000.0,0.00547083,21245.7
South Africa,Af,1953,14742300.0,27.4703,2671465000.0,0.00551843,21670.9
South Africa,Af,1954,15124400.0,28.7074,2718563000.0,0.00556338,22074.7
South Africa,Af,1955,15506500.0,29.9445,2766430000.0,0.00560524,22458.6
South Africa,Af,1956,15888600.0,31.181600000000003,2815461000.0,0.00564334,22824.0
South Africa,Af,1957,16270700.0,32.4187,2866148000.0,0.00567685,23172.3
South Africa,Af,1958,16652800.0,33.6558,2918168000.0,0.00570659,23504.6
South Africa,Af,1959,17034900.0,34.892900000000004,2971839000.0,0.00573211,23821.9
South Africa,Af,1960,17417000.0,36.13,3027112000.0,0.00575367,24125.4
South Africa,Af,1961,17949300.0,37.8185,3084358000.0,0.00581946,24504.0
South Africa,Af,1962,18481600.0,39.507000000000005,3143380000.0,0.00587953,24860.7
South Africa,Af,1963,19013900.0,41.1955,3204489000.0,0.00593352,25197.5
South Africa,Af,1964,19546200.0,42.884,3268074000.0,0.00598095,25516.0
South Africa,Af,1965,20078500.0,44.572500000000005,3334092000.0,0.00602218,25817.6
South Africa,Af,1966,20610800.0,46.261,3402738000.0,0.00605712,26103.6
South Africa,Af,1967,21143100.0,47.9495,3473827000.0,0.0060864,26375.2
South Africa,Af,1968,21675400.0,49.638000000000005,3546719000.0,0.00611139,26633.4
South Africa,Af,1969,22207700.0,51.3265,3620809000.0,0.00613335,26879.3
South Africa,Af,1970,22740000.0,53.015,3695944000.0,0.00615269,27113.7
South Africa,Af,1971,23391200.0,54.7292,3771809000.0,0.00620159,27211.1
South Africa,Af,1972,24042400.0,56.4434,3847786000.0,0.00624837,27303.3
South Africa,Af,1973,24693600.0,58.1576,3923766000.0,0.00629334,27390.6
South Africa,Af,1974,25344800.0,59.8718,3999654000.0,0.00633675,27473.4
South Africa,Af,1975,25996000.0,61.586,4075437000.0,0.0063787,27552.1
South Africa,Af,1976,26647200.0,63.3002,4150660000.0,0.00641999,27627.0
South Africa,Af,1977,27298400.0,65.0144,4225672000.0,0.00646013,27698.2
South Africa,Af,1978,27949600.0,66.7286,4301501000.0,0.00649764,27766.2
South Africa,Af,1979,28600800.0,68.44279999999999,4378004000.0,0.00653284,27831.0
South Africa,Af,1980,29252000.0,70.157,4456394000.0,0.00656405,27893.0
South Africa,Af,1981,30082900.0,72.8289,4535942000.0,0.00663212,28155.5
South Africa,Af,1982,30913800.0,75.5008,4616948000.0,0.00669572,28404.0
South Africa,Af,1983,31744700.0,78.17269999999999,4699604000.0,0.00675476,28639.4
South Africa,Af,1984,32575600.0,80.8446,4784334000.0,0.00680881,28862.8
South Africa,Af,1985,33406500.0,83.51650000000001,4871434000.0,0.00685763,29075.1
South Africa,Af,1986,34237400.0,86.1884,4961120000.0,0.00690114,29277.1
South Africa,Af,1987,35068300.0,88.8603,5052960000.0,0.00694015,29469.5
South Africa,Af,1988,35899200.0,91.5322,5145733000.0,0.0069765,29653.0
South Africa,Af,1989,36730100.0,94.2041,5237968000.0,0.00701228,29828.2
South Africa,Af,1990,37561000.0,96.876,5328602000.0,0.00704894,29995.7
South Africa,Af,1991,38377700.0,98.5718,5417317000.0,0.00708426,29871.3
South Africa,Af,1992,39194400.0,100.2676,5503880000.0,0.00712123,29752.0
South Africa,Af,1993,40011100.0,101.9634,5588359000.0,0.00715972,29637.6
South Africa,Af,1994,40827800.0,103.6592,5671048000.0,0.00719934,29527.8
South Africa,Af,1995,41644500.0,105.355,5752408000.0,0.00723949,29422.3
South Africa,Af,1996,42461200.0,107.0508,5832484000.0,0.00728012,29320.9
South Africa,Af,1997,43277900.0,108.7466,5911415000.0,0.00732107,29223.3
South Africa,Af,1998,44094600.0,110.4424,5989470000.0,0.00736202,29129.3
South Africa,Af,1999,44911300.0,112.1382,6067325000.0,0.00740216,29038.7
South Africa,Af,2000,45728000.0,113.834,6145394000.0,0.00744102,28951.4
South Africa,Af,2001,46313700.0,116.2879,6223661000.0,0.00744155,29201.5
South Africa,Af,2002,46899400.0,118.7418,6302453000.0,0.00744145,29445.3
South Africa,Af,2003,47485100.0,121.1957,6381858000.0,0.00744064,29683.1
South Africa,Af,2004,48070800.0,123.6496,6461988000.0,0.00743901,29915.1
South Africa,Af,2005,48656500.0,126.1035,6542867000.0,0.00743657,30141.6
South Africa,Af,2006,49242200.0,128.5574,6624538000.0,0.0074333,30362.6
South Africa,Af,2007,49827900.0,131.0113,6707018000.0,0.00742922,30578.5
South Africa,Af,2008,50413600.0,133.46519999999998,6790025000.0,0.00742466,30789.3
South Africa,Af,2009,50999300.0,135.9191,6874725000.0,0.00741838,30995.3
South Africa,Af,2010,51585000.0,138.373,6959421000.0,0.00741225,31196.6
South Africa,Af,2011,52357400.0,137.75979999999998,7044266000.0,0.00743263,30600.2
South Africa,Af,2012,53129800.0,137.1466,7129609000.0,0.00745199,30021.1
South Africa,Af,2013,53902200.0,136.5334,7215047000.0,0.0074708,29458.6
South Africa,Af,2014,54674600.0,135.9202,7300248000.0,0.00748942,28912.0
South Africa,Af,2015,55447000.0,135.30700000000002,7384880000.0,0.00750818,28380.6
South Africa,Af,2016,56219400.0,134.6938,7469068000.0,0.00752696,27863.8
South Africa,Af,2017,56991800.0,134.0806,7550393000.0,0.00754819,27361.1
South Africa,Af,2018,57764200.0,133.4674,7632955000.0,0.00756774,26871.8
South Africa,Af,2019,58536600.0,132.85420000000002,7714577000.0,0.00758779,26395.4
South Africa,Af,2020,59309000.0,132.241,7795482000.0,0.00760812,25931.4
Spain,WE,1820,12203000.0,5.668,1047270000.0,0.0116522,5401.9
Spain,WE,1821,12286800.0,5.7075000000000005,1052728000.0,0.01167139,5402.4
Spain,WE,1822,12370600.0,5.747,1058224000.0,0.01168996,5402.9
Spain,WE,1823,12454400.0,5.7865,1063824000.0,0.0117072,5403.5
Spain,WE,1824,12538200.0,5.826,1069477000.0,0.01172367,5404.0
Spain,WE,1825,12622000.0,5.8655,1075142000.0,0.01173984,5404.5
Spain,WE,1826,12705800.0,5.905,1080733000.0,0.01175665,5405.0
Spain,WE,1827,12789600.0,5.9445,1086318000.0,0.01177335,5405.5
Spain,WE,1828,12873400.0,5.984,1091853000.0,0.01179042,5406.0
Spain,WE,1829,12957200.0,6.023499999999999,1097270000.0,0.01180858,5406.5
Spain,WE,1830,13041000.0,6.063,1102518000.0,0.01182838,5407.0
Spain,WE,1831,13130600.0,6.1067,1108061000.0,0.01185007,5408.8
Spain,WE,1832,13220200.0,6.150399999999999,1113520000.0,0.01187244,5410.6
Spain,WE,1833,13309800.0,6.1941,1119039000.0,0.01189396,5412.4
Spain,WE,1834,13399400.0,6.2378,1124554000.0,0.0119153,5414.1
Spain,WE,1835,13489000.0,6.281499999999999,1130361000.0,0.01193336,5415.8
Spain,WE,1836,13578600.0,6.3252,1136068000.0,0.01195228,5417.5
Spain,WE,1837,13668200.0,6.3689,1141817000.0,0.01197057,5419.2
Spain,WE,1838,13757800.0,6.4126,1147560000.0,0.01198874,5420.8
Spain,WE,1839,13847400.0,6.4563,1153428000.0,0.01200543,5422.4
Spain,WE,1840,13937000.0,6.5,1159310000.0,0.01202181,5424.1
Spain,WE,1841,14032700.0,6.5531,1165435000.0,0.01204074,5431.1
Spain,WE,1842,14128400.0,6.6062,1171545000.0,0.01205963,5438.0
Spain,WE,1843,14224100.0,6.6593,1177631000.0,0.01207857,5444.8
Spain,WE,1844,14319800.0,6.7124,1183818000.0,0.01209629,5451.6
Spain,WE,1845,14415500.0,6.765499999999999,1190091000.0,0.01211294,5458.2
Spain,WE,1846,14511200.0,6.8186,1196249000.0,0.01213058,5464.8
Spain,WE,1847,14606900.0,6.8717,1201397000.0,0.01215826,5471.2
Spain,WE,1848,14702600.0,6.924799999999999,1205963000.0,0.01219158,5477.6
Spain,WE,1849,14798300.0,6.9779,1211069000.0,0.0122192,5483.9
Spain,WE,1850,14894000.0,7.031,1216574000.0,0.01224258,5490.2
Spain,WE,1851,14969100.0,7.0272,1218975000.0,0.01228007,5459.7
Spain,WE,1852,15044200.0,7.0234,1221557000.0,0.01231559,5429.5
Spain,WE,1853,15119300.0,7.0196,1224259000.0,0.01234976,5399.6
Spain,WE,1854,15194400.0,7.0158,1226726000.0,0.01238614,5370.0
Spain,WE,1855,15269500.0,7.0120000000000005,1228814000.0,0.01242621,5340.7
Spain,WE,1856,15344600.0,7.0082,1231565000.0,0.01245943,5311.7
Spain,WE,1857,15419700.0,7.0044,1234524000.0,0.0124904,5282.9
Spain,WE,1858,15494800.0,7.0006,1237487000.0,0.01252118,5254.5
Spain,WE,1859,15569900.0,6.9968,1240642000.0,0.01254987,5226.3
Spain,WE,1860,15645000.0,6.993,1243735000.0,0.01257905,5198.4
Spain,WE,1861,15686500.0,7.008900000000001,1247652000.0,0.01257282,5196.4
Spain,WE,1862,15728000.0,7.0248,1250707000.0,0.01257529,5194.5
Spain,WE,1863,15769500.0,7.0407,1254013000.0,0.01257523,5192.5
Spain,WE,1864,15811000.0,7.0566,1257290000.0,0.01257546,5190.6
Spain,WE,1865,15852500.0,7.0725,1260601000.0,0.01257535,5188.7
Spain,WE,1866,15894000.0,7.0884,1263629000.0,0.01257806,5186.7
Spain,WE,1867,15935500.0,7.1043,1266809000.0,0.01257924,5184.8
Spain,WE,1868,15977000.0,7.1202000000000005,1269858000.0,0.01258172,5182.9
Spain,WE,1869,16018500.0,7.1361,1271405000.0,0.01259905,5181.1
Spain,WE,1870,16060000.0,7.152,1274661000.0,0.01259943,5179.2
Spain,WE,1871,16125300.0,7.1652000000000005,1282387000.0,0.01257444,5167.7
Spain,WE,1872,16190600.0,7.1784,1290858000.0,0.01254251,5156.4
Spain,WE,1873,16255900.0,7.1916,1299848000.0,0.012506,5145.1
Spain,WE,1874,16321200.0,7.2048,1309013000.0,0.01246833,5133.9
Spain,WE,1875,16386500.0,7.218,1318339000.0,0.01242966,5122.8
Spain,WE,1876,16451800.0,7.2312,1327814000.0,0.01239014,5111.8
Spain,WE,1877,16517099.999999998,7.2444,1337399000.0,0.01235017,5100.9
Spain,WE,1878,16582400.000000002,7.2576,1347055000.0,0.01231011,5090.1
Spain,WE,1879,16647700.0,7.270799999999999,1356760000.0,0.01227019,5079.3
Spain,WE,1880,16713000.0,7.284,1366310000.0,0.01223222,5068.7
Spain,WE,1881,16821300.0,7.3492,1376041000.0,0.01222442,5081.1
Spain,WE,1882,16929600.0,7.4144,1385750000.0,0.01221692,5093.4
Spain,WE,1883,17037900.0,7.4796,1395507000.0,0.01220911,5105.5
Spain,WE,1884,17146200.0,7.544799999999999,1405536000.0,0.01219905,5117.5
Spain,WE,1885,17254500.0,7.609999999999999,1415514000.0,0.01218957,5129.3
Spain,WE,1886,17362800.0,7.6752,1425627000.0,0.01217906,5141.0
Spain,WE,1887,17471100.0,7.7404,1435759000.0,0.01216855,5152.6
Spain,WE,1888,17579400.0,7.8056,1445944000.0,0.01215773,5163.9
Spain,WE,1889,17687700.0,7.8708,1456277000.0,0.01214583,5175.2
Spain,WE,1890,17796000.0,7.936,1466582000.0,0.01213434,5186.3
Spain,WE,1891,17875800.0,8.0678,1477705000.0,0.012097,5248.9
Spain,WE,1892,17955600.0,8.1996,1488973000.0,0.01205905,5311.0
Spain,WE,1893,18035400.0,8.3314,1500286000.0,0.01202131,5372.4
Spain,WE,1894,18115200.0,8.4632,1511963000.0,0.01198125,5433.4
Spain,WE,1895,18195000.0,8.594999999999999,1523676000.0,0.01194152,5493.8
Spain,WE,1896,18274800.0,8.726799999999999,1535655000.0,0.01190033,5553.7
Spain,WE,1897,18354600.0,8.8586,1547830000.0,0.01185828,5613.1
Spain,WE,1898,18434400.0,8.9904,1560243000.0,0.01181508,5671.9
Spain,WE,1899,18514200.0,9.1222,1572611000.0,0.01177291,5730.3
Spain,WE,1900,18594000.0,9.254,1584867000.0,0.01173221,5788.1
Spain,WE,1901,18727300.0,9.403,1600044000.0,0.01170424,5839.4
Spain,WE,1902,18860600.0,9.552,1615427000.0,0.0116753,5890.0
Spain,WE,1903,18993900.0,9.701,1630965000.0,0.0116458,5939.9
Spain,WE,1904,19127200.0,9.85,1646581000.0,0.01161631,5989.1
Spain,WE,1905,19260500.0,9.999,1662453000.0,0.01158559,6037.7
Spain,WE,1906,19393800.0,10.148,1678596000.0,0.01155358,6085.5
Spain,WE,1907,19527100.0,10.297,1695030000.0,0.01152021,6132.7
Spain,WE,1908,19660400.0,10.446,1711586000.0,0.01148666,6179.3
Spain,WE,1909,19793700.0,10.595,1728501000.0,0.01145137,6225.2
Spain,WE,1910,19927000.0,10.744,1745736000.0,0.01141467,6270.5
Spain,WE,1911,20064600.0,10.7869,1762399000.0,0.01138482,6252.4
Spain,WE,1912,20202200.0,10.8298,1779061000.0,0.01135554,6234.5
Spain,WE,1913,20339800.0,10.8727,1796080000.0,0.01132455,6216.9
Spain,WE,1914,20477400.0,10.9156,1808262000.0,0.01132435,6199.4
Spain,WE,1915,20615000.0,10.9585,1818401000.0,0.01133688,6182.3
Spain,WE,1916,20752600.0,11.0014,1828586000.0,0.01134899,6165.3
Spain,WE,1917,20890200.0,11.0443,1839381000.0,0.01135719,6148.6
Spain,WE,1918,21027800.0,11.0872,1849942000.0,0.01136673,6132.1
Spain,WE,1919,21165400.0,11.1301,1862569000.0,0.01136355,6115.8
Spain,WE,1920,21303000.0,11.173,1875297000.0,0.0113598,6099.7
Spain,WE,1921,21529100.0,11.4455,1886887000.0,0.01140985,6182.8
Spain,WE,1922,21755200.0,11.718,1903926000.0,0.01142649,6264.3
Spain,WE,1923,21981300.0,11.9905,1924127000.0,0.01142404,6344.0
Spain,WE,1924,22207400.0,12.263,1946371000.0,0.01140964,6422.1
Spain,WE,1925,22433500.0,12.5355,1968879000.0,0.01139405,6498.7
Spain,WE,1926,22659600.0,12.808,1991829000.0,0.01137628,6573.7
Spain,WE,1927,22885700.0,13.0805,2014443000.0,0.01136081,6647.2
Spain,WE,1928,23111800.0,13.353,2036576000.0,0.01134836,6719.3
Spain,WE,1929,23337900.0,13.6255,2059103000.0,0.01133401,6790.0
Spain,WE,1930,23564000.0,13.898,2080211000.0,0.0113277,6859.4
Spain,WE,1931,23796400.0,14.0726,2101812000.0,0.01132185,6877.7
Spain,WE,1932,24028800.0,14.2472,2121508000.0,0.01132628,6895.7
Spain,WE,1933,24261200.0,14.4218,2140973000.0,0.01133186,6913.3
Spain,WE,1934,24493600.0,14.5964,2161152000.0,0.01133359,6930.6
Spain,WE,1935,24726000.0,14.771,2181702000.0,0.01133335,6947.6
Spain,WE,1936,24958400.0,14.9456,2203365000.0,0.0113274,6964.3
Spain,WE,1937,25190800.0,15.1202,2226159000.0,0.01131581,6980.6
Spain,WE,1938,25423200.0,15.2948,2250491000.0,0.01129673,6996.7
Spain,WE,1939,25655600.0,15.4694,2275307000.0,0.01127567,7012.5
Spain,WE,1940,25888000.0,15.644,2296743000.0,0.01127161,7028.0
Spain,WE,1941,26096800.0,15.8638,2313071000.0,0.01128232,7069.7
Spain,WE,1942,26305600.0,16.0836,2331578000.0,0.01128232,7110.7
Spain,WE,1943,26514400.0,16.3034,2350140000.0,0.01128205,7151.2
Spain,WE,1944,26723200.0,16.5232,2368872000.0,0.01128098,7190.9
Spain,WE,1945,26932000.0,16.743,2394093000.0,0.01124935,7230.1
Spain,WE,1946,27140800.0,16.962799999999998,2419526000.0,0.0112174,7268.7
Spain,WE,1947,27349600.0,17.1826,2446628000.0,0.01117849,7306.6
Spain,WE,1948,27558400.0,17.4024,2473860000.0,0.01113984,7344.0
Spain,WE,1949,27767200.0,17.6222,2501856000.0,0.01109864,7380.9
Spain,WE,1950,27976000.0,17.842,2529794000.0,0.01105861,7417.2
Spain,WE,1951,28221500.0,18.592,2577776000.0,0.010948,7661.7
Spain,WE,1952,28467000.0,19.342,2624866000.0,0.01084513,7902.0
Spain,WE,1953,28712500.0,20.092,2671465000.0,0.01074785,8138.3
Spain,WE,1954,28958000.0,20.842,2718563000.0,0.01065195,8370.5
Spain,WE,1955,29203500.0,21.592,2766430000.0,0.01055638,8598.8
Spain,WE,1956,29449000.0,22.342,2815461000.0,0.01045974,8823.3
Spain,WE,1957,29694500.0,23.092,2866148000.0,0.01036042,9044.1
Spain,WE,1958,29940000.0,23.842,2918168000.0,0.01025986,9261.3
Spain,WE,1959,30185500.0,24.592,2971839000.0,0.01015718,9474.9
Spain,WE,1960,30431000.0,25.342,3027112000.0,0.01005282,9685.1
Spain,WE,1961,30770300.0,27.364,3084358000.0,0.00997624,10342.5
Spain,WE,1962,31109600.0,29.386,3143380000.0,0.00989686,10985.7
Spain,WE,1963,31448900.0,31.408,3204489000.0,0.00981401,11614.9
Spain,WE,1964,31788200.0,33.43,3268074000.0,0.00972689,12230.7
Spain,WE,1965,32127500.0,35.452,3334092000.0,0.00963606,12833.5
Spain,WE,1966,32466800.0,37.474,3402738000.0,0.00954138,13423.6
Spain,WE,1967,32806100.0,39.496,3473827000.0,0.00944379,14001.6
Spain,WE,1968,33145400.0,41.518,3546719000.0,0.00934537,14567.8
Spain,WE,1969,33484699.999999996,43.53999999999999,3620809000.0,0.00924785,15122.4
Spain,WE,1970,33824000.0,45.562,3695944000.0,0.00915165,15666.0
Spain,WE,1971,34168800.0,48.3532,3771809000.0,0.009059,16457.9
Spain,WE,1972,34513600.0,51.1444,3847786000.0,0.00896973,17234.1
Spain,WE,1973,34858400.0,53.9356,3923766000.0,0.00888391,17994.8
Spain,WE,1974,35203200.0,56.7268,3999654000.0,0.00880156,18740.7
Spain,WE,1975,35548000.0,59.518,4075437000.0,0.0087225,19472.1
Spain,WE,1976,35892800.0,62.3092,4150660000.0,0.00864749,20189.5
Spain,WE,1977,36237600.0,65.10040000000001,4225672000.0,0.00857558,20893.2
Spain,WE,1978,36582400.0,67.89160000000001,4301501000.0,0.00850457,21583.6
Spain,WE,1979,36927200.0,70.6828,4378004000.0,0.00843471,22261.1
Spain,WE,1980,37272000.0,73.474,4456394000.0,0.00836371,22926.1
Spain,WE,1981,37455000.0,75.32300000000001,4535942000.0,0.00825738,23388.2
Spain,WE,1982,37638000.0,77.172,4616948000.0,0.00815214,23845.9
Spain,WE,1983,37821000.0,79.021,4699604000.0,0.0080477,24299.0
Spain,WE,1984,38004000.0,80.87,4784334000.0,0.00794343,24747.9
Spain,WE,1985,38187000.0,82.719,4871434000.0,0.00783896,25192.4
Spain,WE,1986,38370000.0,84.568,4961120000.0,0.00773414,25632.7
Spain,WE,1987,38553000.0,86.417,5052960000.0,0.00762979,26068.8
Spain,WE,1988,38736000.0,88.266,5145733000.0,0.00752779,26500.8
Spain,WE,1989,38919000.0,90.115,5237968000.0,0.00743017,26928.7
Spain,WE,1990,39102000.0,91.964,5328602000.0,0.00733813,27352.6
Spain,WE,1991,39220600.0,95.2501,5417317000.0,0.00723986,28244.3
Spain,WE,1992,39339200.0,98.5362,5503880000.0,0.00714754,29130.6
Spain,WE,1993,39457800.0,101.8223,5588359000.0,0.00706071,30011.6
Spain,WE,1994,39576400.0,105.1084,5671048000.0,0.00697867,30887.4
Spain,WE,1995,39695000.0,108.3945,5752408000.0,0.00690059,31757.9
Spain,WE,1996,39813600.0,111.6806,5832484000.0,0.00682618,32623.2
Spain,WE,1997,39932200.0,114.9667,5911415000.0,0.0067551,33483.3
Spain,WE,1998,40050800.0,118.2528,5989470000.0,0.00668687,34338.4
Spain,WE,1999,40169400.0,121.5389,6067325000.0,0.00662061,35188.4
Spain,WE,2000,40288000.0,124.825,6145394000.0,0.0065558,36033.4
Spain,WE,2001,40866900.0,126.4066,6223661000.0,0.00656638,35973.1
Spain,WE,2002,41445800.0,127.9882,6302453000.0,0.00657614,35914.4
Spain,WE,2003,42024700.0,129.5698,6381858000.0,0.00658503,35857.4
Spain,WE,2004,42603600.0,131.1514,6461988000.0,0.00659296,35801.9
Spain,WE,2005,43182500.0,132.733,6542867000.0,0.00659994,35747.9
Spain,WE,2006,43761400.0,134.31459999999998,6624538000.0,0.00660596,35695.4
Spain,WE,2007,44340300.0,135.8962,6707018000.0,0.00661103,35644.2
Spain,WE,2008,44919200.0,137.4778,6790025000.0,0.00661547,35594.3
Spain,WE,2009,45498100.0,139.05939999999998,6874725000.0,0.00661817,35545.7
Spain,WE,2010,46077000.0,140.641,6959421000.0,0.00662081,35498.3
Spain,WE,2011,46144800.0,139.5566,7044266000.0,0.00655069,35172.8
Spain,WE,2012,46212600.0,138.4722,7129609000.0,0.00648179,34848.3
Spain,WE,2013,46280400.0,137.3878,7215047000.0,0.00641443,34524.8
Spain,WE,2014,46348200.0,136.30339999999998,7300248000.0,0.00634885,34202.2
Spain,WE,2015,46416000.0,135.219,7384880000.0,0.00628527,33880.5
Spain,WE,2016,46483800.0,134.1346,7469068000.0,0.00622351,33559.8
Spain,WE,2017,46551600.0,133.0502,7550393000.0,0.00616545,33240.0
Spain,WE,2018,46619400.0,131.9658,7632955000.0,0.00610765,32921.1
Spain,WE,2019,46687200.0,130.8814,7714577000.0,0.00605182,32603.2
Spain,WE,2020,46755000.0,129.797,7795482000.0,0.0059977,32286.2
Sweden,WE,1820,2585000.0,2.676,1047270000.0,0.00246832,12039.4
Sweden,WE,1821,2615300.0,2.6831,1052728000.0,0.00248431,11931.5
Sweden,WE,1822,2645600.0,2.6902,1058224000.0,0.00250004,11826.1
Sweden,WE,1823,2675900.0,2.6973000000000003,1063824000.0,0.00251536,11723.0
Sweden,WE,1824,2706200.0,2.7044,1069477000.0,0.0025304,11622.3
Sweden,WE,1825,2736500.0,2.7115,1075142000.0,0.00254525,11523.8
Sweden,WE,1826,2766800.0,2.7186,1080733000.0,0.00256011,11427.4
Sweden,WE,1827,2797100.0,2.7257,1086318000.0,0.00257484,11333.1
Sweden,WE,1828,2827400.0,2.7328,1091853000.0,0.00258954,11240.9
Sweden,WE,1829,2857700.0,2.7399,1097270000.0,0.00260437,11150.6
Sweden,WE,1830,2888000.0,2.747,1102518000.0,0.00261946,11062.2
Sweden,WE,1831,2913100.0,2.7544,1108061000.0,0.00262901,10996.4
Sweden,WE,1832,2938200.0,2.7618,1113520000.0,0.00263866,10931.8
Sweden,WE,1833,2963300.0,2.7692,1119039000.0,0.00264808,10868.2
Sweden,WE,1834,2988400.0,2.7766,1124554000.0,0.00265741,10805.7
Sweden,WE,1835,3013500.0,2.784,1130361000.0,0.00266596,10744.3
Sweden,WE,1836,3038600.0,2.7914,1136068000.0,0.00267466,10683.9
Sweden,WE,1837,3063700.0,2.7988,1141817000.0,0.00268318,10624.4
Sweden,WE,1838,3088800.0,2.8062,1147560000.0,0.00269162,10565.9
Sweden,WE,1839,3113900.0,2.8136,1153428000.0,0.00269969,10508.4
Sweden,WE,1840,3139000.0,2.821,1159310000.0,0.00270765,10451.8
Sweden,WE,1841,3173400.0,2.833,1165435000.0,0.00272293,10382.5
Sweden,WE,1842,3207800.0,2.845,1171545000.0,0.00273809,10314.7
Sweden,WE,1843,3242200.0,2.857,1177631000.0,0.00275315,10248.3
Sweden,WE,1844,3276600.0,2.869,1183818000.0,0.00276782,10183.3
Sweden,WE,1845,3311000.0,2.881,1190091000.0,0.00278214,10119.6
Sweden,WE,1846,3345400.0,2.893,1196249000.0,0.00279657,10057.3
Sweden,WE,1847,3379800.0,2.905,1201397000.0,0.00281322,9996.2
Sweden,WE,1848,3414200.0,2.917,1205963000.0,0.0028311,9936.4
Sweden,WE,1849,3448600.0,2.929,1211069000.0,0.00284757,9877.7
Sweden,WE,1850,3483000.0,2.941,1216574000.0,0.00286296,9820.2
Sweden,WE,1851,3520700.0,2.979,1218975000.0,0.00288825,9840.6
Sweden,WE,1852,3558400.0,3.017,1221557000.0,0.002913,9860.5
Sweden,WE,1853,3596100.0,3.055,1224259000.0,0.00293737,9880.1
Sweden,WE,1854,3633800.0,3.093,1226726000.0,0.00296219,9899.2
Sweden,WE,1855,3671500.0,3.131,1228814000.0,0.00298784,9917.9
Sweden,WE,1856,3709200.0,3.169,1231565000.0,0.00301178,9936.2
Sweden,WE,1857,3746900.0,3.207,1234524000.0,0.0030351,9954.2
Sweden,WE,1858,3784600.0,3.245,1237487000.0,0.00305829,9971.8
Sweden,WE,1859,3822300.0,3.2830000000000004,1240642000.0,0.0030809,9989.1
Sweden,WE,1860,3860000.0,3.321,1243735000.0,0.00310356,10006.0
Sweden,WE,1861,3890900.0,3.3545000000000003,1247652000.0,0.00311858,10026.7
Sweden,WE,1862,3921800.0,3.3880000000000003,1250707000.0,0.00313567,10047.0
Sweden,WE,1863,3952700.0,3.4215,1254013000.0,0.00315204,10067.1
Sweden,WE,1864,3983600.0,3.455,1257290000.0,0.0031684,10086.8
Sweden,WE,1865,4014500.0,3.4885,1260601000.0,0.00318459,10106.2
Sweden,WE,1866,4045400.0,3.522,1263629000.0,0.00320141,10125.3
Sweden,WE,1867,4076300.0,3.5555000000000003,1266809000.0,0.00321777,10144.1
Sweden,WE,1868,4107200.0,3.589,1269858000.0,0.00323438,10162.7
Sweden,WE,1869,4138100.0000000005,3.6225,1271405000.0,0.00325475,10180.9
Sweden,WE,1870,4169000.0,3.656,1274661000.0,0.00327067,10198.9
Sweden,WE,1871,4208700.0,3.7159,1282387000.0,0.00328193,10268.2
Sweden,WE,1872,4248400.0,3.7758,1290858000.0,0.00329114,10336.3
Sweden,WE,1873,4288100.0,3.8357,1299848000.0,0.00329892,10403.0
Sweden,WE,1874,4327800.0,3.8956,1309013000.0,0.00330616,10468.6
Sweden,WE,1875,4367500.0,3.9555,1318339000.0,0.00331288,10532.9
Sweden,WE,1876,4407200.0,4.0154,1327814000.0,0.00331914,10596.1
Sweden,WE,1877,4446900.0,4.0753,1337399000.0,0.00332504,10658.2
Sweden,WE,1878,4486600.0,4.1352,1347055000.0,0.00333067,10719.1
Sweden,WE,1879,4526300.0,4.1951,1356760000.0,0.00333611,10779.0
Sweden,WE,1880,4566000.0,4.255,1366310000.0,0.00334185,10837.9
Sweden,WE,1881,4587900.0,4.3074,1376041000.0,0.00333413,10919.0
Sweden,WE,1882,4609800.0,4.3598,1385750000.0,0.00332657,10999.3
Sweden,WE,1883,4631700.0,4.4122,1395507000.0,0.00331901,11078.8
Sweden,WE,1884,4653600.0,4.4646,1405536000.0,0.00331091,11157.7
Sweden,WE,1885,4675500.0,4.517,1415514000.0,0.00330304,11235.7
Sweden,WE,1886,4697400.0,4.5694,1425627000.0,0.00329497,11313.1
Sweden,WE,1887,4719300.0,4.6218,1435759000.0,0.00328697,11389.7
Sweden,WE,1888,4741200.0,4.6742,1445944000.0,0.00327897,11465.7
Sweden,WE,1889,4763100.0,4.7266,1456277000.0,0.00327074,11540.9
Sweden,WE,1890,4785000.0,4.779,1466582000.0,0.00326269,11615.4
Sweden,WE,1891,4820100.0,4.9222,1477705000.0,0.00326188,11876.3
Sweden,WE,1892,4855200.0,5.0654,1488973000.0,0.00326077,12133.5
Sweden,WE,1893,4890300.0,5.2086,1500286000.0,0.00325958,12387.0
Sweden,WE,1894,4925400.0,5.3518,1511963000.0,0.00325762,12636.8
Sweden,WE,1895,4960500.0,5.495,1523676000.0,0.00325561,12883.1
Sweden,WE,1896,4995600.0,5.6382,1535655000.0,0.00325307,13126.0
Sweden,WE,1897,5030700.0,5.7814000000000005,1547830000.0,0.00325016,13365.5
Sweden,WE,1898,5065800.0,5.9246,1560243000.0,0.0032468,13601.6
Sweden,WE,1899,5100900.0,6.0678,1572611000.0,0.00324359,13834.5
Sweden,WE,1900,5136000.0,6.211,1584867000.0,0.00324065,14064.2
Sweden,WE,1901,5174600.0,6.3582,1600044000.0,0.00323404,14290.2
Sweden,WE,1902,5213200.0,6.5054,1615427000.0,0.00322713,14512.7
Sweden,WE,1903,5251800.0,6.6526000000000005,1630965000.0,0.00322006,14732.0
Sweden,WE,1904,5290400.0,6.7998,1646581000.0,0.00321296,14948.1
Sweden,WE,1905,5329000.0,6.947,1662453000.0,0.0032055,15161.1
Sweden,WE,1906,5367600.0,7.0942,1678596000.0,0.00319767,15371.0
Sweden,WE,1907,5406200.0,7.2414,1695030000.0,0.00318944,15577.9
Sweden,WE,1908,5444800.0,7.3886,1711586000.0,0.00318114,15781.9
Sweden,WE,1909,5483400.0,7.5358,1728501000.0,0.00317234,15983.0
Sweden,WE,1910,5522000.0,7.683,1745736000.0,0.00316314,16181.3
Sweden,WE,1911,5560200.0,7.662,1762399000.0,0.0031549,16026.2
Sweden,WE,1912,5598400.0,7.641,1779061000.0,0.00314683,15873.3
Sweden,WE,1913,5636600.0,7.62,1796080000.0,0.00313828,15722.4
Sweden,WE,1914,5674800.0,7.599,1808262000.0,0.00313826,15573.5
Sweden,WE,1915,5713000.0,7.577999999999999,1818401000.0,0.00314177,15426.6
Sweden,WE,1916,5751200.0,7.556999999999999,1828586000.0,0.00314516,15281.7
Sweden,WE,1917,5789400.0,7.536,1839381000.0,0.00314747,15138.6
Sweden,WE,1918,5827600.0,7.515,1849942000.0,0.00315015,14997.5
Sweden,WE,1919,5865800.0,7.494,1862569000.0,0.00314931,14858.2
Sweden,WE,1920,5904000.0,7.473,1875297000.0,0.0031483,14720.7
Sweden,WE,1921,5927800.0,7.6668,1886887000.0,0.00314158,15041.8
Sweden,WE,1922,5951600.0,7.8606,1903926000.0,0.00312596,15360.4
Sweden,WE,1923,5975400.0,8.0544,1924127000.0,0.00310551,15676.4
Sweden,WE,1924,5999200.0,8.2482,1946371000.0,0.00308225,15989.9
Sweden,WE,1925,6023000.0,8.442,1968879000.0,0.0030591,16300.9
Sweden,WE,1926,6046800.0,8.6358,1991829000.0,0.0030358,16609.5
Sweden,WE,1927,6070600.0,8.8296,2014443000.0,0.00301354,16915.7
Sweden,WE,1928,6094400.0,9.0234,2036576000.0,0.00299247,17219.4
Sweden,WE,1929,6118200.0,9.2172,2059103000.0,0.00297129,17520.8
Sweden,WE,1930,6142000.0,9.411,2080211000.0,0.00295259,17819.9
Sweden,WE,1931,6164900.0,9.6281,2101812000.0,0.00293314,18163.3
Sweden,WE,1932,6187800.0,9.8452,2121508000.0,0.0029167,18504.1
Sweden,WE,1933,6210700.0,10.0623,2140973000.0,0.00290088,18842.4
Sweden,WE,1934,6233600.0,10.2794,2161152000.0,0.00288439,19178.2
Sweden,WE,1935,6256500.0,10.4965,2181702000.0,0.00286772,19511.6
Sweden,WE,1936,6279400.0,10.7136,2203365000.0,0.00284991,19842.5
Sweden,WE,1937,6302300.0,10.9307,2226159000.0,0.00283102,20171.1
Sweden,WE,1938,6325200.0,11.1478,2250491000.0,0.00281059,20497.2
Sweden,WE,1939,6348100.0,11.3649,2275307000.0,0.00279,20821.0
Sweden,WE,1940,6371000.0,11.582,2296743000.0,0.00277393,21142.5
Sweden,WE,1941,6438100.0,11.8142,2313071000.0,0.00278336,21341.6
Sweden,WE,1942,6505200.0,12.0464,2331578000.0,0.00279004,21536.6
Sweden,WE,1943,6572300.0,12.2786,2350140000.0,0.00279656,21727.6
Sweden,WE,1944,6639400.0,12.5108,2368872000.0,0.00280277,21914.7
Sweden,WE,1945,6706500.0,12.743,2394093000.0,0.00280127,22098.1
Sweden,WE,1946,6773600.0,12.9752,2419526000.0,0.00279956,22277.9
Sweden,WE,1947,6840700.0,13.2074,2446628000.0,0.00279597,22454.1
Sweden,WE,1948,6907800.0,13.4396,2473860000.0,0.00279232,22627.0
Sweden,WE,1949,6974900.0,13.6718,2501856000.0,0.00278789,22796.5
Sweden,WE,1950,7042000.0,13.904,2529794000.0,0.00278363,22962.7
Sweden,WE,1951,7087600.0,14.5625,2577776000.0,0.0027495,23895.5
Sweden,WE,1952,7133200.0,15.221,2624866000.0,0.00271755,24816.4
Sweden,WE,1953,7178800.0,15.8795,2671465000.0,0.00268721,25725.6
Sweden,WE,1954,7224400.0,16.538,2718563000.0,0.00265743,26623.2
Sweden,WE,1955,7270000.0,17.1965,2766430000.0,0.00262794,27509.7
Sweden,WE,1956,7315600.0,17.855,2815461000.0,0.00259837,28385.0
Sweden,WE,1957,7361200.0,18.5135,2866148000.0,0.00256833,29249.6
Sweden,WE,1958,7406800.0,19.172,2918168000.0,0.00253817,30103.5
Sweden,WE,1959,7452400.0,19.8305,2971839000.0,0.00250767,30946.9
Sweden,WE,1960,7498000.0,20.489,3027112000.0,0.00247695,31780.1
Sweden,WE,1961,7556300.0,21.9206,3084358000.0,0.00244988,33738.3
Sweden,WE,1962,7614600.0,23.3522,3143380000.0,0.00242242,35666.5
Sweden,WE,1963,7672900.0,24.7838,3204489000.0,0.00239442,37565.4
Sweden,WE,1964,7731200.0,26.2154,3268074000.0,0.00236567,39435.7
Sweden,WE,1965,7789500.0,27.647,3334092000.0,0.00233632,41278.0
Sweden,WE,1966,7847800.0,29.0786,3402738000.0,0.00230632,43092.9
Sweden,WE,1967,7906100.0,30.5102,3473827000.0,0.0022759,44881.0
Sweden,WE,1968,7964400.0,31.9418,3546719000.0,0.00224557,46643.0
Sweden,WE,1969,8022700.0,33.373400000000004,3620809000.0,0.00221572,48379.3
Sweden,WE,1970,8081000.0,34.805,3695944000.0,0.00218645,50090.6
Sweden,WE,1971,8104700.0,35.4127,3771809000.0,0.00214876,50816.2
Sweden,WE,1972,8128400.0,36.0204,3847786000.0,0.00211249,51537.5
Sweden,WE,1973,8152100.0,36.6281,3923766000.0,0.00207762,52254.6
Sweden,WE,1974,8175800.0,37.2358,3999654000.0,0.00204413,52967.6
Sweden,WE,1975,8199500.0,37.8435,4075437000.0,0.00201193,53676.4
Sweden,WE,1976,8223200.000000001,38.4512,4150660000.0,0.00198118,54381.2
Sweden,WE,1977,8246900.0,39.0589,4225672000.0,0.00195162,55081.9
Sweden,WE,1978,8270600.0,39.6666,4301501000.0,0.00192272,55778.6
Sweden,WE,1979,8294299.999999999,40.2743,4378004000.0,0.00189454,56471.3
Sweden,WE,1980,8318000.0,40.882,4456394000.0,0.00186653,57160.1
Sweden,WE,1981,8345299.999999999,41.8026,4535942000.0,0.00183982,58256.1
Sweden,WE,1982,8372600.0,42.7232,4616948000.0,0.00181345,59344.9
Sweden,WE,1983,8399900.0,43.6438,4699604000.0,0.00178736,60426.6
Sweden,WE,1984,8427200.0,44.5644,4784334000.0,0.00176142,61501.3
Sweden,WE,1985,8454500.0,45.485,4871434000.0,0.00173553,62569.1
Sweden,WE,1986,8481800.0,46.4056,4961120000.0,0.00170965,63630.0
Sweden,WE,1987,8509100.0,47.3262,5052960000.0,0.00168398,64684.1
Sweden,WE,1988,8536400.0,48.2468,5145733000.0,0.00165893,65731.5
Sweden,WE,1989,8563700.0,49.1674,5237968000.0,0.00163493,66772.2
Sweden,WE,1990,8591000.0,50.088,5328602000.0,0.00161224,67806.2
Sweden,WE,1991,8620200.0,50.0402,5417317000.0,0.00159123,67512.1
Sweden,WE,1992,8649400.0,49.9924,5503880000.0,0.00157151,67219.9
Sweden,WE,1993,8678600.0,49.9446,5588359000.0,0.00155298,66929.7
Sweden,WE,1994,8707800.0,49.8968,5671048000.0,0.00153548,66641.4
Sweden,WE,1995,8737000.0,49.849,5752408000.0,0.00151884,66355.0
Sweden,WE,1996,8766200.0,49.8012,5832484000.0,0.001503,66070.6
Sweden,WE,1997,8795400.0,49.7534,5911415000.0,0.00148787,65788.0
Sweden,WE,1998,8824600.0,49.7056,5989470000.0,0.00147335,65507.3
Sweden,WE,1999,8853800.0,49.6578,6067325000.0,0.00145926,65228.5
Sweden,WE,2000,8883000.0,49.61,6145394000.0,0.00144547,64951.5
Sweden,WE,2001,8932500.0,50.0787,6223661000.0,0.00143525,65201.8
Sweden,WE,2002,8982000.0,50.5474,6302453000.0,0.00142516,65449.4
Sweden,WE,2003,9031500.0,51.0161,6381858000.0,0.00141518,65694.2
Sweden,WE,2004,9081000.0,51.4848,6461988000.0,0.0014053,65936.4
Sweden,WE,2005,9130500.0,51.9535,6542867000.0,0.00139549,66175.9
Sweden,WE,2006,9180000.0,52.4222,6624538000.0,0.00138576,66412.9
Sweden,WE,2007,9229500.0,52.8909,6707018000.0,0.0013761,66647.3
Sweden,WE,2008,9279000.0,53.3596,6790025000.0,0.00136656,66879.2
Sweden,WE,2009,9328500.0,53.8283,6874725000.0,0.00135693,67108.7
Sweden,WE,2010,9378000.0,54.297,6959421000.0,0.00134753,67335.7
Sweden,WE,2011,9450100.0,54.9442,7044266000.0,0.00134153,67618.4
Sweden,WE,2012,9522200.0,55.5914,7129609000.0,0.00133559,67896.9
Sweden,WE,2013,9594300.0,56.2386,7215047000.0,0.00132976,68171.2
Sweden,WE,2014,9666400.0,56.8858,7300248000.0,0.00132412,68441.4
Sweden,WE,2015,9738500.0,57.533,7384880000.0,0.00131871,68707.6
Sweden,WE,2016,9810600.0,58.1802,7469068000.0,0.0013135,68969.9
Sweden,WE,2017,9882700.0,58.8274,7550393000.0,0.0013089,69228.3
Sweden,WE,2018,9954800.0,59.4746,7632955000.0,0.00130419,69483.0
Sweden,WE,2019,10026900.0,60.1218,7714577000.0,0.00129973,69734.1
Sweden,WE,2020,10099000.0,60.769,7795482000.0,0.00129549,69981.5
Switzerland,WE,1820,1986000.0,0.738,1047270000.0,0.00189636,4321.7
Switzerland,WE,1821,1997400.0,0.7389,1052728000.0,0.00189736,4302.3
Switzerland,WE,1822,2008800.0,0.7398,1058224000.0,0.00189827,4283.1
Switzerland,WE,1823,2020200.0,0.7407,1063824000.0,0.001899,4264.1
Switzerland,WE,1824,2031600.0,0.7416,1069477000.0,0.00189962,4245.3
Switzerland,WE,1825,2043000.0,0.7424999999999999,1075142000.0,0.00190021,4226.8
Switzerland,WE,1826,2054400.0,0.7434,1080733000.0,0.00190093,4208.4
Switzerland,WE,1827,2065800.0000000002,0.7443,1086318000.0,0.00190165,4190.2
Switzerland,WE,1828,2077199.9999999998,0.7452,1091853000.0,0.00190245,4172.3
Switzerland,WE,1829,2088600.0,0.7461,1097270000.0,0.00190345,4154.5
Switzerland,WE,1830,2100000.0,0.747,1102518000.0,0.00190473,4137.0
Switzerland,WE,1831,2112000.0,0.7522,1108061000.0,0.00190603,4142.1
Switzerland,WE,1832,2124000.0,0.7574,1113520000.0,0.00190746,4147.2
Switzerland,WE,1833,2136000.0,0.7626000000000001,1119039000.0,0.00190878,4152.2
Switzerland,WE,1834,2148000.0,0.7678,1124554000.0,0.00191009,4157.1
Switzerland,WE,1835,2160000.0,0.773,1130361000.0,0.00191089,4162.0
Switzerland,WE,1836,2172000.0,0.7782,1136068000.0,0.00191186,4166.9
Switzerland,WE,1837,2184000.0,0.7834,1141817000.0,0.00191274,4171.7
Switzerland,WE,1838,2196000.0,0.7886000000000001,1147560000.0,0.00191363,4176.4
Switzerland,WE,1839,2208000.0,0.7938000000000001,1153428000.0,0.00191429,4181.1
Switzerland,WE,1840,2220000.0,0.799,1159310000.0,0.00191493,4185.8
Switzerland,WE,1841,2235900.0,0.8018000000000001,1165435000.0,0.00191851,4170.6
Switzerland,WE,1842,2251800.0,0.8046,1171545000.0,0.00192208,4155.6
Switzerland,WE,1843,2267700.0,0.8074,1177631000.0,0.00192565,4140.8
Switzerland,WE,1844,2283600.0,0.8102,1183818000.0,0.00192901,4126.2
Switzerland,WE,1845,2299500.0,0.813,1190091000.0,0.00193221,4111.8
Switzerland,WE,1846,2315400.0,0.8158,1196249000.0,0.00193555,4097.7
Switzerland,WE,1847,2331300.0,0.8186,1201397000.0,0.00194049,4083.7
Switzerland,WE,1848,2347200.0,0.8214,1205963000.0,0.00194633,4069.9
Switzerland,WE,1849,2363100.0,0.8241999999999999,1211069000.0,0.00195125,4056.3
Switzerland,WE,1850,2379000.0,0.827,1216574000.0,0.00195549,4042.9
Switzerland,WE,1851,2392100.0,0.8373999999999999,1218975000.0,0.00196239,4071.3
Switzerland,WE,1852,2405200.0,0.8478,1221557000.0,0.00196896,4099.4
Switzerland,WE,1853,2418300.0,0.8582,1224259000.0,0.00197532,4127.2
Switzerland,WE,1854,2431400.0,0.8686,1226726000.0,0.00198202,4154.7
Switzerland,WE,1855,2444500.0,0.879,1228814000.0,0.00198932,4181.9
Switzerland,WE,1856,2457600.0,0.8894,1231565000.0,0.00199551,4208.9
Switzerland,WE,1857,2470700.0,0.8998,1234524000.0,0.00200134,4235.5
Switzerland,WE,1858,2483800.0,0.9102,1237487000.0,0.00200713,4261.9
Switzerland,WE,1859,2496900.0,0.9206,1240642000.0,0.00201259,4287.9
Switzerland,WE,1860,2510000.0,0.931,1243735000.0,0.00201811,4313.8
Switzerland,WE,1861,2524500.0,0.9461,1247652000.0,0.0020234,4358.5
Switzerland,WE,1862,2539000.0,0.9612,1250707000.0,0.00203005,4402.8
Switzerland,WE,1863,2553500.0,0.9763,1254013000.0,0.00203626,4446.6
Switzerland,WE,1864,2568000.0,0.9914,1257290000.0,0.00204249,4489.9
Switzerland,WE,1865,2582500.0,1.0065,1260601000.0,0.00204863,4532.7
Switzerland,WE,1866,2597000.0,1.0216,1263629000.0,0.00205519,4575.0
Switzerland,WE,1867,2611500.0,1.0367000000000002,1266809000.0,0.00206148,4616.8
Switzerland,WE,1868,2626000.0,1.0518,1269858000.0,0.00206795,4658.2
Switzerland,WE,1869,2640500.0,1.0669,1271405000.0,0.00207684,4699.1
Switzerland,WE,1870,2655000.0,1.082,1274661000.0,0.00208291,4739.6
Switzerland,WE,1871,2673400.0,1.1027,1282387000.0,0.00208471,4797.0
Switzerland,WE,1872,2691800.0,1.1234,1290858000.0,0.00208528,4853.7
Switzerland,WE,1873,2710200.0,1.1441,1299848000.0,0.00208501,4909.6
Switzerland,WE,1874,2728600.0,1.1648,1309013000.0,0.00208447,4964.7
Switzerland,WE,1875,2747000.0,1.1855,1318339000.0,0.00208368,5019.1
Switzerland,WE,1876,2765400.0,1.2062,1327814000.0,0.00208267,5072.7
Switzerland,WE,1877,2783800.0,1.2269,1337399000.0,0.0020815,5125.7
Switzerland,WE,1878,2802200.0,1.2476,1347055000.0,0.00208024,5177.9
Switzerland,WE,1879,2820600.0,1.2683,1356760000.0,0.00207892,5229.5
Switzerland,WE,1880,2839000.0,1.289,1366310000.0,0.00207786,5280.4
Switzerland,WE,1881,2850200.0,1.3169,1376041000.0,0.0020713,5373.5
Switzerland,WE,1882,2861400.0,1.3448,1385750000.0,0.00206487,5465.9
Switzerland,WE,1883,2872600.0,1.3727,1395507000.0,0.00205846,5557.5
Switzerland,WE,1884,2883800.0,1.4006,1405536000.0,0.00205174,5648.4
Switzerland,WE,1885,2895000.0,1.4285,1415514000.0,0.00204519,5738.7
Switzerland,WE,1886,2906200.0,1.4564,1425627000.0,0.00203854,5828.2
Switzerland,WE,1887,2917400.0,1.4843,1435759000.0,0.00203196,5917.1
Switzerland,WE,1888,2928600.0,1.5122,1445944000.0,0.00202539,6005.2
Switzerland,WE,1889,2939800.0,1.5401,1456277000.0,0.00201871,6092.7
Switzerland,WE,1890,2951000.0,1.568,1466582000.0,0.00201216,6179.5
Switzerland,WE,1891,2985900.0,1.6512,1477705000.0,0.00202063,6431.4
Switzerland,WE,1892,3020800.0,1.7344,1488973000.0,0.00202878,6677.4
Switzerland,WE,1893,3055700.0,1.8176,1500286000.0,0.00203674,6917.8
Switzerland,WE,1894,3090600.0,1.9008,1511963000.0,0.0020441,7152.8
Switzerland,WE,1895,3125500.0,1.984,1523676000.0,0.00205129,7382.5
Switzerland,WE,1896,3160400.0,2.0672,1535655000.0,0.00205801,7607.1
Switzerland,WE,1897,3195300.0,2.1504,1547830000.0,0.00206437,7826.9
Switzerland,WE,1898,3230200.0,2.2336,1560243000.0,0.00207032,8041.8
Switzerland,WE,1899,3265100.0,2.3168,1572611000.0,0.00207623,8252.2
Switzerland,WE,1900,3300000.0,2.4,1584867000.0,0.00208219,8458.2
Switzerland,WE,1901,3343500.0,2.463,1600044000.0,0.00208963,8567.3
Switzerland,WE,1902,3387000.0,2.526,1615427000.0,0.00209666,8673.6
Switzerland,WE,1903,3430500.0,2.589,1630965000.0,0.00210336,8777.2
Switzerland,WE,1904,3474000.0,2.652,1646581000.0,0.00210983,8878.2
Switzerland,WE,1905,3517500.0,2.715,1662453000.0,0.00211585,8976.7
Switzerland,WE,1906,3561000.0,2.778,1678596000.0,0.00212142,9072.8
Switzerland,WE,1907,3604500.0,2.841,1695030000.0,0.00212651,9166.6
Switzerland,WE,1908,3648000.0,2.904,1711586000.0,0.00213136,9258.1
Switzerland,WE,1909,3691500.0,2.967,1728501000.0,0.00213567,9347.5
Switzerland,WE,1910,3735000.0,3.03,1745736000.0,0.0021395,9434.8
Switzerland,WE,1911,3749200.0,3.018,1762399000.0,0.00212733,9361.8
Switzerland,WE,1912,3763400.0,3.006,1779061000.0,0.00211539,9289.4
Switzerland,WE,1913,3777600.0,2.994,1796080000.0,0.00210325,9217.6
Switzerland,WE,1914,3791800.0,2.982,1808262000.0,0.00209693,9146.2
Switzerland,WE,1915,3806000.0,2.97,1818401000.0,0.00209305,9075.4
Switzerland,WE,1916,3820200.0,2.958,1828586000.0,0.00208916,9005.2
Switzerland,WE,1917,3834400.0,2.946,1839381000.0,0.00208461,8935.4
Switzerland,WE,1918,3848600.0,2.934,1849942000.0,0.00208039,8866.2
Switzerland,WE,1919,3862800.0,2.922,1862569000.0,0.00207391,8797.5
Switzerland,WE,1920,3877000.0,2.91,1875297000.0,0.00206741,8729.2
Switzerland,WE,1921,3894400.0,3.0082,1886887000.0,0.00206393,8983.5
Switzerland,WE,1922,3911800.0,3.1064000000000003,1903926000.0,0.0020546,9235.5
Switzerland,WE,1923,3929200.0,3.2046,1924127000.0,0.00204207,9485.3
Switzerland,WE,1924,3946600.0,3.3028,1946371000.0,0.00202767,9732.8
Switzerland,WE,1925,3964000.0,3.401,1968879000.0,0.00201333,9978.2
Switzerland,WE,1926,3981400.0,3.4992,1991829000.0,0.00199887,10221.5
Switzerland,WE,1927,3998800.0,3.5974,2014443000.0,0.00198506,10462.6
Switzerland,WE,1928,4016200.0,3.6956,2036576000.0,0.00197204,10701.6
Switzerland,WE,1929,4033600.0,3.7938,2059103000.0,0.00195891,10938.6
Switzerland,WE,1930,4051000.0,3.892,2080211000.0,0.0019474,11173.5
Switzerland,WE,1931,4068500.0,3.8881,2101812000.0,0.00193571,11114.3
Switzerland,WE,1932,4086000.0,3.8842,2121508000.0,0.00192599,11055.6
Switzerland,WE,1933,4103500.0,3.8803,2140973000.0,0.00191665,10997.4
Switzerland,WE,1934,4121000.0,3.8764,2161152000.0,0.00190685,10939.7
Switzerland,WE,1935,4138500.0,3.8725,2181702000.0,0.00189691,10882.5
Switzerland,WE,1936,4156000.0,3.8686,2203365000.0,0.00188621,10825.8
Switzerland,WE,1937,4173500.0,3.8647,2226159000.0,0.00187475,10769.5
Switzerland,WE,1938,4191000.0,3.8608,2250491000.0,0.00186226,10713.7
Switzerland,WE,1939,4208500.0,3.8569,2275307000.0,0.00184964,10658.4
Switzerland,WE,1940,4226000.0,3.853,2296743000.0,0.00184,10603.5
Switzerland,WE,1941,4272800.0,3.9695,2313071000.0,0.00184724,10804.5
Switzerland,WE,1942,4319600.0,4.086,2331578000.0,0.00185265,11001.1
Switzerland,WE,1943,4366400.0,4.202500000000001,2350140000.0,0.00185793,11193.4
Switzerland,WE,1944,4413200.0,4.319,2368872000.0,0.001863,11381.8
Switzerland,WE,1945,4460000.0,4.4355,2394093000.0,0.00186292,11566.1
Switzerland,WE,1946,4506800.0,4.552,2419526000.0,0.00186268,11746.6
Switzerland,WE,1947,4553600.0,4.6685,2446628000.0,0.00186117,11923.5
Switzerland,WE,1948,4600400.0,4.785,2473860000.0,0.0018596,12096.7
Switzerland,WE,1949,4647200.0,4.9015,2501856000.0,0.0018575,12266.4
Switzerland,WE,1950,4694000.0,5.018,2529794000.0,0.00185549,12432.8
Switzerland,WE,1951,4760800.0,5.4257,2577776000.0,0.00184686,13254.3
Switzerland,WE,1952,4827600.0,5.8334,2624866000.0,0.00183918,14053.0
Switzerland,WE,1953,4894400.0,6.241099999999999,2671465000.0,0.0018321,14830.0
Switzerland,WE,1954,4961200.0,6.6488,2718563000.0,0.00182493,15586.1
Switzerland,WE,1955,5028000.0,7.0565,2766430000.0,0.0018175,16322.0
Switzerland,WE,1956,5094800.0,7.4642,2815461000.0,0.00180958,17038.7
Switzerland,WE,1957,5161600.0,7.8719,2866148000.0,0.00180088,17736.8
Switzerland,WE,1958,5228400.0,8.2796,2918168000.0,0.00179167,18417.1
Switzerland,WE,1959,5295200.0,8.6873,2971839000.0,0.00178179,19080.2
Switzerland,WE,1960,5362000.0,9.095,3027112000.0,0.00177133,19726.8
Switzerland,WE,1961,5452500.0,9.9885,3084358000.0,0.00176779,21305.1
Switzerland,WE,1962,5543000.0,10.882,3143380000.0,0.00176339,22832.0
Switzerland,WE,1963,5633500.0,11.7755,3204489000.0,0.001758,24309.8
Switzerland,WE,1964,5724000.0,12.669,3268074000.0,0.00175149,25740.8
Switzerland,WE,1965,5814500.0,13.5625,3334092000.0,0.00174395,27127.3
Switzerland,WE,1966,5905000.0,14.456,3402738000.0,0.00173537,28471.3
Switzerland,WE,1967,5995500.0,15.3495,3473827000.0,0.00172591,29774.8
Switzerland,WE,1968,6086000.0,16.243000000000002,3546719000.0,0.00171595,31039.4
Switzerland,WE,1969,6176500.0,17.1365,3620809000.0,0.00170583,32267.1
Switzerland,WE,1970,6267000.0,18.03,3695944000.0,0.00169564,33459.2
Switzerland,WE,1971,6278800.0,18.4656,3771809000.0,0.00166467,34203.2
Switzerland,WE,1972,6290600.0,18.9012,3847786000.0,0.00163486,34944.4
Switzerland,WE,1973,6302400.0,19.3368,3923766000.0,0.00160621,35682.8
Switzerland,WE,1974,6314200.0,19.7724,3999654000.0,0.00157869,36418.4
Switzerland,WE,1975,6326000.0,20.208,4075437000.0,0.00155223,37151.3
Switzerland,WE,1976,6337800.0,20.6436,4150660000.0,0.00152694,37881.5
Switzerland,WE,1977,6349600.0,21.0792,4225672000.0,0.00150262,38608.9
Switzerland,WE,1978,6361400.0,21.5148,4301501000.0,0.00147888,39333.7
Switzerland,WE,1979,6373200.0,21.9504,4378004000.0,0.00145573,40055.7
Switzerland,WE,1980,6385000.0,22.386,4456394000.0,0.00143277,40775.1
Switzerland,WE,1981,6430200.0,22.7037,4535942000.0,0.00141761,41063.1
Switzerland,WE,1982,6475400.0,23.0214,4616948000.0,0.00140253,41347.1
Switzerland,WE,1983,6520600.0,23.3391,4699604000.0,0.00138748,41627.1
Switzerland,WE,1984,6565800.0,23.6568,4784334000.0,0.00137235,41903.3
Switzerland,WE,1985,6611000.0,23.9745,4871434000.0,0.0013571,42175.7
Switzerland,WE,1986,6656200.0,24.2922,4961120000.0,0.00134167,42444.4
Switzerland,WE,1987,6701400.0,24.6099,5052960000.0,0.00132623,42709.5
Switzerland,WE,1988,6746600.0,24.9276,5145733000.0,0.00131111,42971.0
Switzerland,WE,1989,6791800.0,25.2453,5237968000.0,0.00129665,43229.0
Switzerland,WE,1990,6837000.0,25.563,5328602000.0,0.00128308,43483.6
Switzerland,WE,1991,6880000.0,25.7308,5417317000.0,0.00127,43495.5
Switzerland,WE,1992,6923000.0,25.8986,5503880000.0,0.00125784,43507.3
Switzerland,WE,1993,6966000.0,26.0664,5588359000.0,0.00124652,43518.8
Switzerland,WE,1994,7009000.0,26.2342,5671048000.0,0.00123593,43530.3
Switzerland,WE,1995,7052000.0,26.402,5752408000.0,0.00122592,43541.6
Switzerland,WE,1996,7095000.0,26.5698,5832484000.0,0.00121646,43552.8
Switzerland,WE,1997,7138000.0,26.7376,5911415000.0,0.00120749,43563.8
Switzerland,WE,1998,7181000.0,26.9054,5989470000.0,0.00119894,43574.7
Switzerland,WE,1999,7224000.0,27.0732,6067325000.0,0.00119064,43585.5
Switzerland,WE,2000,7267000.0,27.241,6145394000.0,0.00118251,43596.1
Switzerland,WE,2001,7323500.0,27.2564,6223661000.0,0.00117672,43284.2
Switzerland,WE,2002,7380000.0,27.2718,6302453000.0,0.00117097,42977.1
Switzerland,WE,2003,7436500.0,27.2872,6381858000.0,0.00116526,42674.7
Switzerland,WE,2004,7493000.0,27.3026,6461988000.0,0.00115955,42376.8
Switzerland,WE,2005,7549500.0,27.318,6542867000.0,0.00115385,42083.4
Switzerland,WE,2006,7606000.0,27.3334,6624538000.0,0.00114816,41794.3
Switzerland,WE,2007,7662500.0,27.3488,6707018000.0,0.00114246,41509.5
Switzerland,WE,2008,7719000.0,27.3642,6790025000.0,0.00113681,41228.9
Switzerland,WE,2009,7775500.0,27.3796,6874725000.0,0.00113103,40952.3
Switzerland,WE,2010,7832000.0,27.395,6959421000.0,0.00112538,40679.8
Switzerland,WE,2011,7914300.0,27.114,7044266000.0,0.00112351,39843.8
Switzerland,WE,2012,7996600.0,26.833,7129609000.0,0.0011216,39025.1
Switzerland,WE,2013,8078900.0,26.552,7215047000.0,0.00111973,38223.0
Switzerland,WE,2014,8161200.0,26.271,7300248000.0,0.00111793,37437.1
Switzerland,WE,2015,8243500.0,25.99,7384880000.0,0.00111627,36666.9
Switzerland,WE,2016,8325799.999999999,25.709,7469068000.0,0.0011147,35911.9
Switzerland,WE,2017,8408100.0,25.428,7550393000.0,0.0011136,35171.8
Switzerland,WE,2018,8490400.0,25.147,7632955000.0,0.00111233,34445.9
Switzerland,WE,2019,8572700.0,24.866,7714577000.0,0.00111123,33734.0
Switzerland,WE,2020,8655000.0,24.585,7795482000.0,0.00111026,33035.6
Syria,ME,1820,1337000.0,0.384,1047270000.0,0.00127665,3340.3
Syria,ME,1821,1341600.0,0.3854,1052728000.0,0.0012744,3340.9
Syria,ME,1822,1346200.0,0.3868,1058224000.0,0.00127213,3341.6
Syria,ME,1823,1350800.0,0.3882,1063824000.0,0.00126976,3342.3
Syria,ME,1824,1355400.0,0.3896,1069477000.0,0.00126735,3343.0
Syria,ME,1825,1360000.0,0.391,1075142000.0,0.00126495,3343.6
Syria,ME,1826,1364600.0,0.3924,1080733000.0,0.00126266,3344.3
Syria,ME,1827,1369200.0,0.3938,1086318000.0,0.0012604,3344.9
Syria,ME,1828,1373800.0,0.3952,1091853000.0,0.00125823,3345.6
Syria,ME,1829,1378400.0,0.3966,1097270000.0,0.00125621,3346.2
Syria,ME,1830,1383000.0,0.398,1102518000.0,0.0012544,3346.9
Syria,ME,1831,1387700.0,0.3993,1108061000.0,0.00125237,3346.4
Syria,ME,1832,1392400.0,0.4006,1113520000.0,0.00125045,3346.0
Syria,ME,1833,1397100.0,0.4019,1119039000.0,0.00124848,3345.6
Syria,ME,1834,1401800.0,0.4032,1124554000.0,0.00124654,3345.1
Syria,ME,1835,1406500.0,0.4044999999999999,1130361000.0,0.00124429,3344.7
Syria,ME,1836,1411200.0,0.4058,1136068000.0,0.00124218,3344.3
Syria,ME,1837,1415900.0,0.4071,1141817000.0,0.00124004,3343.9
Syria,ME,1838,1420600.0,0.4084,1147560000.0,0.00123793,3343.4
Syria,ME,1839,1425300.0,0.4096999999999999,1153428000.0,0.00123571,3343.0
Syria,ME,1840,1430000.0,0.411,1159310000.0,0.00123349,3342.6
Syria,ME,1841,1434900.0,0.4124,1165435000.0,0.00123121,3342.5
Syria,ME,1842,1439800.0,0.4138,1171545000.0,0.00122898,3342.5
Syria,ME,1843,1444700.0,0.4151999999999999,1177631000.0,0.00122678,3342.4
Syria,ME,1844,1449600.0,0.4165999999999999,1183818000.0,0.00122451,3342.3
Syria,ME,1845,1454500.0,0.418,1190091000.0,0.00122218,3342.3
Syria,ME,1846,1459400.0,0.4194,1196249000.0,0.00121998,3342.2
Syria,ME,1847,1464300.0,0.4208,1201397000.0,0.00121883,3342.1
Syria,ME,1848,1469200.0,0.4221999999999999,1205963000.0,0.00121828,3342.1
Syria,ME,1849,1474100.0,0.4236,1211069000.0,0.00121719,3342.0
Syria,ME,1850,1479000.0,0.425,1216574000.0,0.00121571,3342.0
Syria,ME,1851,1484100.0,0.4265,1218975000.0,0.0012175,3342.2
Syria,ME,1852,1489200.0,0.428,1221557000.0,0.0012191,3342.5
Syria,ME,1853,1494300.0,0.4295,1224259000.0,0.00122058,3342.8
Syria,ME,1854,1499400.0,0.431,1226726000.0,0.00122228,3343.0
Syria,ME,1855,1504500.0,0.4325,1228814000.0,0.00122435,3343.3
Syria,ME,1856,1509600.0,0.434,1231565000.0,0.00122576,3343.5
Syria,ME,1857,1514700.0,0.4355,1234524000.0,0.00122695,3343.8
Syria,ME,1858,1519800.0,0.437,1237487000.0,0.00122813,3344.1
Syria,ME,1859,1524900.0,0.4385,1240642000.0,0.00122912,3344.3
Syria,ME,1860,1530000.0,0.44,1243735000.0,0.00123017,3344.6
Syria,ME,1861,1535200.0,0.4415,1247652000.0,0.00123047,3344.6
Syria,ME,1862,1540400.0,0.443,1250707000.0,0.00123162,3344.6
Syria,ME,1863,1545600.0,0.4445,1254013000.0,0.00123252,3344.7
Syria,ME,1864,1550800.0,0.446,1257290000.0,0.00123345,3344.7
Syria,ME,1865,1556000.0,0.4475,1260601000.0,0.00123433,3344.7
Syria,ME,1866,1561200.0,0.449,1263629000.0,0.00123549,3344.8
Syria,ME,1867,1566400.0,0.4505,1266809000.0,0.00123649,3344.8
Syria,ME,1868,1571600.0,0.452,1269858000.0,0.00123762,3344.8
Syria,ME,1869,1576800.0,0.4535,1271405000.0,0.0012402,3344.9
Syria,ME,1870,1582000.0,0.455,1274661000.0,0.00124111,3344.9
Syria,ME,1871,1590700.0,0.4575,1282387000.0,0.00124042,3344.9
Syria,ME,1872,1599400.0,0.46,1290858000.0,0.00123902,3344.9
Syria,ME,1873,1608100.0,0.4625,1299848000.0,0.00123714,3344.9
Syria,ME,1874,1616800.0,0.465,1309013000.0,0.00123513,3344.8
Syria,ME,1875,1625500.0,0.4675,1318339000.0,0.00123299,3344.8
Syria,ME,1876,1634200.0,0.47,1327814000.0,0.00123074,3344.8
Syria,ME,1877,1642900.0,0.4725,1337399000.0,0.00122843,3344.8
Syria,ME,1878,1651600.0,0.475,1347055000.0,0.00122608,3344.8
Syria,ME,1879,1660300.0,0.4775,1356760000.0,0.00122372,3344.8
Syria,ME,1880,1669000.0,0.48,1366310000.0,0.00122154,3344.8
Syria,ME,1881,1678300.0,0.4826,1376041000.0,0.00121966,3344.2
Syria,ME,1882,1687600.0,0.4851999999999999,1385750000.0,0.00121782,3343.7
Syria,ME,1883,1696900.0,0.4878,1395507000.0,0.00121597,3343.2
Syria,ME,1884,1706200.0,0.4904,1405536000.0,0.00121391,3342.7
Syria,ME,1885,1715500.0,0.493,1415514000.0,0.00121193,3342.2
Syria,ME,1886,1724800.0,0.4956,1425627000.0,0.00120985,3341.7
Syria,ME,1887,1734100.0,0.4982,1435759000.0,0.00120779,3341.3
Syria,ME,1888,1743400.0,0.5008,1445944000.0,0.00120572,3340.8
Syria,ME,1889,1752700.0,0.5034,1456277000.0,0.00120355,3340.3
Syria,ME,1890,1762000.0,0.506,1466582000.0,0.00120143,3339.8
Syria,ME,1891,1771700.0,0.509,1477705000.0,0.00119895,3341.2
Syria,ME,1892,1781400.0,0.512,1488973000.0,0.0011964,3342.6
Syria,ME,1893,1791100.0,0.515,1500286000.0,0.00119384,3344.0
Syria,ME,1894,1800800.0,0.518,1511963000.0,0.00119103,3345.4
Syria,ME,1895,1810500.0,0.521,1523676000.0,0.00118824,3346.7
Syria,ME,1896,1820200.0,0.524,1535655000.0,0.00118529,3348.0
Syria,ME,1897,1829900.0,0.527,1547830000.0,0.00118224,3349.4
Syria,ME,1898,1839600.0,0.53,1560243000.0,0.00117905,3350.7
Syria,ME,1899,1849300.0,0.533,1572611000.0,0.00117594,3352.0
Syria,ME,1900,1859000.0,0.536,1584867000.0,0.00117297,3353.2
Syria,ME,1901,1869300.0,0.5394,1600044000.0,0.00116828,3355.9
Syria,ME,1902,1879600.0,0.5428000000000001,1615427000.0,0.00116353,3358.6
Syria,ME,1903,1889900.0,0.5462,1630965000.0,0.00115876,3361.2
Syria,ME,1904,1900200.0,0.5496,1646581000.0,0.00115403,3363.8
Syria,ME,1905,1910500.0,0.5529999999999999,1662453000.0,0.00114921,3366.3
Syria,ME,1906,1920800.0,0.5564,1678596000.0,0.00114429,3368.9
Syria,ME,1907,1931100.0,0.5598,1695030000.0,0.00113927,3371.4
Syria,ME,1908,1941400.0,0.5631999999999999,1711586000.0,0.00113427,3373.9
Syria,ME,1909,1951700.0,0.5666,1728501000.0,0.00112913,3376.3
Syria,ME,1910,1962000.0,0.57,1745736000.0,0.00112388,3378.7
Syria,ME,1911,1987500.0,0.5771999999999999,1762399000.0,0.00112772,3377.5
Syria,ME,1912,2013000.0,0.5843999999999999,1779061000.0,0.0011315,3376.3
Syria,ME,1913,2038500.0,0.5916,1796080000.0,0.00113497,3375.2
Syria,ME,1914,2064000.0,0.5988,1808262000.0,0.00114143,3374.1
Syria,ME,1915,2089500.0,0.606,1818401000.0,0.00114909,3373.0
Syria,ME,1916,2115000.0,0.6132,1828586000.0,0.00115663,3371.9
Syria,ME,1917,2140500.0,0.6204,1839381000.0,0.00116371,3370.8
Syria,ME,1918,2166000.0,0.6276,1849942000.0,0.00117085,3369.8
Syria,ME,1919,2191500.0,0.6348,1862569000.0,0.0011766,3368.8
Syria,ME,1920,2217000.0,0.642,1875297000.0,0.00118221,3367.8
Syria,ME,1921,2253300.0,0.6536,1886887000.0,0.00119419,3373.4
Syria,ME,1922,2289600.0,0.6652,1903926000.0,0.00120257,3378.9
Syria,ME,1923,2325900.0,0.6768000000000001,1924127000.0,0.00120881,3384.1
Syria,ME,1924,2362200.0,0.6884,1946371000.0,0.00121364,3389.3
Syria,ME,1925,2398500.0,0.7,1968879000.0,0.00121821,3394.2
Syria,ME,1926,2434800.0,0.7116,1991829000.0,0.00122239,3399.0
Syria,ME,1927,2471100.0,0.7232000000000001,2014443000.0,0.00122669,3403.7
Syria,ME,1928,2507400.0,0.7348,2036576000.0,0.00123118,3408.2
Syria,ME,1929,2543700.0,0.7464,2059103000.0,0.00123534,3412.6
Syria,ME,1930,2580000.0,0.758,2080211000.0,0.00124026,3416.9
Syria,ME,1931,2622300.0,0.7787,2101812000.0,0.00124764,3453.6
Syria,ME,1932,2664600.0,0.7994,2121508000.0,0.00125599,3489.1
Syria,ME,1933,2706900.0,0.8201,2140973000.0,0.00126433,3523.5
Syria,ME,1934,2749200.0,0.8408,2161152000.0,0.0012721,3556.9
Syria,ME,1935,2791500.0,0.8614999999999999,2181702000.0,0.00127951,3589.2
Syria,ME,1936,2833800.0,0.8822,2203365000.0,0.00128612,3620.6
Syria,ME,1937,2876100.0,0.9029,2226159000.0,0.00129196,3651.0
Syria,ME,1938,2918400.0,0.9236,2250491000.0,0.00129678,3680.6
Syria,ME,1939,2960700.0,0.9443,2275307000.0,0.00130123,3709.3
Syria,ME,1940,3003000.0,0.965,2296743000.0,0.0013075,3737.2
Syria,ME,1941,3052200.0,1.0038,2313071000.0,0.00131954,3824.8
Syria,ME,1942,3101400.0,1.0426,2331578000.0,0.00133017,3909.7
Syria,ME,1943,3150600.0,1.0814,2350140000.0,0.0013406,3991.8
Syria,ME,1944,3199800.0,1.1202,2368872000.0,0.00135077,4071.5
Syria,ME,1945,3249000.0,1.159,2394093000.0,0.00135709,4148.7
Syria,ME,1946,3298200.0,1.1978,2419526000.0,0.00136316,4223.6
Syria,ME,1947,3347400.0,1.2366,2446628000.0,0.00136817,4296.4
Syria,ME,1948,3396600.0,1.2754,2473860000.0,0.001373,4367.0
Syria,ME,1949,3445800.0,1.3142,2501856000.0,0.0013773,4435.6
Syria,ME,1950,3495000.0,1.353,2529794000.0,0.00138154,4502.3
Syria,ME,1951,3598800.0,1.469,2577776000.0,0.00139609,4747.3
Syria,ME,1952,3702600.0,1.585,2624866000.0,0.00141059,4978.5
Syria,ME,1953,3806400.0,1.701,2671465000.0,0.00142484,5197.2
Syria,ME,1954,3910200.0,1.817,2718563000.0,0.00143833,5404.3
Syria,ME,1955,4014000.0,1.933,2766430000.0,0.00145097,5600.6
Syria,ME,1956,4117800.0,2.049,2815461000.0,0.00146257,5787.0
Syria,ME,1957,4221600.0,2.165,2866148000.0,0.00147292,5964.3
Syria,ME,1958,4325400.0,2.281,2918168000.0,0.00148223,6133.1
Syria,ME,1959,4429200.0,2.397,2971839000.0,0.00149039,6293.9
Syria,ME,1960,4533000.0,2.513,3027112000.0,0.00149747,6447.4
Syria,ME,1961,4705500.0,2.5893,3084358000.0,0.0015256,6399.7
Syria,ME,1962,4878000.0,2.6656,3143380000.0,0.00155183,6355.3
Syria,ME,1963,5050500.0,2.7419,3204489000.0,0.00157607,6313.9
Syria,ME,1964,5223000.0,2.8182,3268074000.0,0.00159819,6275.3
Syria,ME,1965,5395500.0,2.8945,3334092000.0,0.00161828,6239.1
Syria,ME,1966,5568000.0,2.9708,3402738000.0,0.00163633,6205.2
Syria,ME,1967,5740500.0,3.0471,3473827000.0,0.0016525,6173.3
Syria,ME,1968,5913000.0,3.1234,3546719000.0,0.00166717,6143.3
Syria,ME,1969,6085500.0,3.1997,3620809000.0,0.0016807,6114.9
Syria,ME,1970,6258000.0,3.276,3695944000.0,0.00169321,6088.2
Syria,ME,1971,6509600.0,3.6209,3771809000.0,0.00172586,6469.1
Syria,ME,1972,6761200.0,3.9658,3847786000.0,0.00175717,6821.6
Syria,ME,1973,7012800.0,4.3107,3923766000.0,0.00178726,7148.8
Syria,ME,1974,7264400.0,4.6556,3999654000.0,0.00181626,7453.4
Syria,ME,1975,7516000.0,5.0005,4075437000.0,0.00184422,7737.6
Syria,ME,1976,7767600.0,5.3454,4150660000.0,0.00187141,8003.4
Syria,ME,1977,8019200.0,5.6903,4225672000.0,0.00189773,8252.5
Syria,ME,1978,8270799.999999999,6.0352,4301501000.0,0.00192277,8486.4
Syria,ME,1979,8522400.0,6.3801,4378004000.0,0.00194664,8706.5
Syria,ME,1980,8774000.0,6.725,4456394000.0,0.00196886,8914.0
Syria,ME,1981,9140200.0,7.441899999999999,4535942000.0,0.00201506,9469.1
Syria,ME,1982,9506400.0,8.1588,4616948000.0,0.00205902,9981.4
Syria,ME,1983,9872600.0,8.8757,4699604000.0,0.00210073,10455.6
Syria,ME,1984,10238800.0,9.5926,4784334000.0,0.00214007,10896.0
Syria,ME,1985,10605000.0,10.3095,4871434000.0,0.00217698,11305.9
Syria,ME,1986,10971200.0,11.0264,4961120000.0,0.00221144,11688.5
Syria,ME,1987,11337400.0,11.7433,5052960000.0,0.00224371,12046.4
Syria,ME,1988,11703600.0,12.4602,5145733000.0,0.00227443,12381.8
Syria,ME,1989,12069800.0,13.1771,5237968000.0,0.00230429,12697.0
Syria,ME,1990,12436000.0,13.894,5328602000.0,0.00233382,12993.5
Syria,ME,1991,12833500.0,14.3723,5417317000.0,0.00236898,13024.5
Syria,ME,1992,13231000.0,14.8506,5503880000.0,0.00240394,13053.6
Syria,ME,1993,13628500.0,15.3289,5588359000.0,0.00243873,13081.1
Syria,ME,1994,14026000.0,15.8072,5671048000.0,0.00247326,13106.9
Syria,ME,1995,14423500.0,16.2855,5752408000.0,0.00250738,13131.4
Syria,ME,1996,14821000.0,16.7638,5832484000.0,0.00254111,13154.5
Syria,ME,1997,15218500.0,17.2421,5911415000.0,0.00257443,13176.4
Syria,ME,1998,15616000.0,17.720399999999998,5989470000.0,0.00260724,13197.2
Syria,ME,1999,16013500.0,18.1987,6067325000.0,0.0026393,13217.0
Syria,ME,2000,16411000.0,18.677,6145394000.0,0.00267046,13235.8
Syria,ME,2001,16906200.0,19.3854,6223661000.0,0.00271644,13335.5
Syria,ME,2002,17401400.0,20.0938,6302453000.0,0.00276105,13429.4
Syria,ME,2003,17896600.0,20.8022,6381858000.0,0.00280429,13518.2
Syria,ME,2004,18391800.0,21.5106,6461988000.0,0.00284615,13602.2
Syria,ME,2005,18887000.0,22.219,6542867000.0,0.00288666,13681.7
Syria,ME,2006,19382200.0,22.9274,6624538000.0,0.00292582,13757.2
Syria,ME,2007,19877400.0,23.6358,6707018000.0,0.00296367,13829.0
Syria,ME,2008,20372600.0,24.3442,6790025000.0,0.00300037,13897.2
Syria,ME,2009,20867800.0,25.0526,6874725000.0,0.00303544,13962.3
Syria,ME,2010,21363000.0,25.761,6959421000.0,0.00306965,14024.3
Syria,ME,2011,20976800.0,24.3615,7044266000.0,0.00297785,13506.6
Syria,ME,2012,20590600.0,22.962,7129609000.0,0.00288804,12969.4
Syria,ME,2013,20204400.0,21.5625,7215047000.0,0.00280031,12411.7
Syria,ME,2014,19818200.0,20.163,7300248000.0,0.00271473,11832.3
Syria,ME,2015,19432000.0,18.7635,7384880000.0,0.00263132,11229.9
Syria,ME,2016,19045800.0,17.363999999999997,7469068000.0,0.00254996,10603.0
Syria,ME,2017,18659600.0,15.9645,7550393000.0,0.00247134,9950.2
Syria,ME,2018,18273400.0,14.565,7632955000.0,0.00239401,9269.8
Syria,ME,2019,17887200.0,13.1655,7714577000.0,0.00231862,8560.0
Syria,ME,2020,17501000.0,11.766,7795482000.0,0.00224502,7818.9
Thailand,As,1820,4665000.0,1.348,1047270000.0,0.00445444,3360.6
Thailand,As,1821,4683100.0,1.3532000000000002,1052728000.0,0.00444854,3360.5
Thailand,As,1822,4701200.0,1.3584,1058224000.0,0.00444254,3360.5
Thailand,As,1823,4719300.0,1.3636,1063824000.0,0.00443617,3360.4
Thailand,As,1824,4737400.0,1.3688,1069477000.0,0.00442964,3360.3
Thailand,As,1825,4755500.0,1.374,1075142000.0,0.00442314,3360.2
Thailand,As,1826,4773600.0,1.3792,1080733000.0,0.004417,3360.2
Thailand,As,1827,4791700.0,1.3844,1086318000.0,0.00441096,3360.1
Thailand,As,1828,4809800.0,1.3896,1091853000.0,0.00440517,3360.0
Thailand,As,1829,4827900.0,1.3948,1097270000.0,0.00439992,3360.0
Thailand,As,1830,4846000.0,1.4,1102518000.0,0.00439539,3359.9
Thailand,As,1831,4864800.0,1.4054,1108061000.0,0.00439037,3359.8
Thailand,As,1832,4883600.0,1.4107999999999998,1113520000.0,0.00438573,3359.7
Thailand,As,1833,4902400.0,1.4162,1119039000.0,0.0043809,3359.7
Thailand,As,1834,4921200.0,1.4216,1124554000.0,0.00437613,3359.6
Thailand,As,1835,4940000.0,1.427,1130361000.0,0.00437029,3359.5
Thailand,As,1836,4958800.0,1.4324,1136068000.0,0.00436488,3359.4
Thailand,As,1837,4977600.0,1.4378,1141817000.0,0.00435937,3359.4
Thailand,As,1838,4996400.0,1.4432,1147560000.0,0.00435393,3359.3
Thailand,As,1839,5015200.0,1.4486,1153428000.0,0.00434808,3359.2
Thailand,As,1840,5034000.0,1.454,1159310000.0,0.00434224,3359.2
Thailand,As,1841,5053600.0,1.4596,1165435000.0,0.00433623,3359.0
Thailand,As,1842,5073200.0,1.4652,1171545000.0,0.00433035,3358.9
Thailand,As,1843,5092800.0,1.4708,1177631000.0,0.00432461,3358.7
Thailand,As,1844,5112400.0,1.4764,1183818000.0,0.00431857,3358.6
Thailand,As,1845,5132000.0,1.482,1190091000.0,0.00431228,3358.5
Thailand,As,1846,5151600.0,1.4876,1196249000.0,0.00430646,3358.3
Thailand,As,1847,5171200.0,1.4932,1201397000.0,0.00430432,3358.2
Thailand,As,1848,5190800.0,1.4988,1205963000.0,0.00430428,3358.1
Thailand,As,1849,5210400.0,1.5044,1211069000.0,0.00430231,3357.9
Thailand,As,1850,5230000.0,1.51,1216574000.0,0.00429896,3357.8
Thailand,As,1851,5256600.0,1.5173,1218975000.0,0.00431231,3357.0
Thailand,As,1852,5283200.0,1.5246,1221557000.0,0.00432497,3356.1
Thailand,As,1853,5309800.0,1.5319,1224259000.0,0.00433715,3355.3
Thailand,As,1854,5336400.0,1.5392,1226726000.0,0.00435012,3354.5
Thailand,As,1855,5363000.0,1.5465,1228814000.0,0.00436437,3353.7
Thailand,As,1856,5389600.0,1.5538,1231565000.0,0.00437622,3352.9
Thailand,As,1857,5416200.0,1.5611,1234524000.0,0.00438728,3352.1
Thailand,As,1858,5442800.0,1.5684,1237487000.0,0.00439827,3351.3
Thailand,As,1859,5469400.0,1.5757,1240642000.0,0.00440852,3350.5
Thailand,As,1860,5496000.0,1.583,1243735000.0,0.00441895,3349.8
Thailand,As,1861,5523900.0,1.5903,1247652000.0,0.00442744,3348.2
Thailand,As,1862,5551800.0,1.5976,1250707000.0,0.00443893,3346.7
Thailand,As,1863,5579700.0,1.6049,1254013000.0,0.00444948,3345.2
Thailand,As,1864,5607600.0,1.6122,1257290000.0,0.00446007,3343.7
Thailand,As,1865,5635500.0,1.6195,1260601000.0,0.00447049,3342.2
Thailand,As,1866,5663400.0,1.6268,1263629000.0,0.00448185,3340.7
Thailand,As,1867,5691300.0,1.6341,1266809000.0,0.00449263,3339.2
Thailand,As,1868,5719200.0,1.6414,1269858000.0,0.00450381,3337.8
Thailand,As,1869,5747100.0,1.6486999999999998,1271405000.0,0.00452027,3336.4
Thailand,As,1870,5775000.0,1.656,1274661000.0,0.00453062,3334.9
Thailand,As,1871,5818100.0,1.6694,1282387000.0,0.00453693,3337.0
Thailand,As,1872,5861200.0,1.6828,1290858000.0,0.00454055,3339.1
Thailand,As,1873,5904300.0,1.6962,1299848000.0,0.0045423,3341.1
Thailand,As,1874,5947400.0,1.7096,1309013000.0,0.00454342,3343.1
Thailand,As,1875,5990500.0,1.723,1318339000.0,0.00454398,3345.0
Thailand,As,1876,6033600.0,1.7364,1327814000.0,0.00454401,3347.0
Thailand,As,1877,6076700.0,1.7498,1337399000.0,0.00454367,3348.9
Thailand,As,1878,6119800.0,1.7632,1347055000.0,0.0045431,3350.8
Thailand,As,1879,6162900.0,1.7766,1356760000.0,0.00454237,3352.6
Thailand,As,1880,6206000.0,1.79,1366310000.0,0.00454216,3354.4
Thailand,As,1881,6252400.0,1.8043,1376041000.0,0.00454376,3356.2
Thailand,As,1882,6298800.0,1.8186,1385750000.0,0.00454541,3357.8
Thailand,As,1883,6345200.0,1.8329,1395507000.0,0.00454688,3359.5
Thailand,As,1884,6391600.0,1.8472,1405536000.0,0.00454745,3361.1
Thailand,As,1885,6438000.0,1.8615,1415514000.0,0.00454817,3362.7
Thailand,As,1886,6484400.0,1.8758,1425627000.0,0.00454845,3364.3
Thailand,As,1887,6530800.0,1.8901,1435759000.0,0.00454867,3365.9
Thailand,As,1888,6577200.0,1.9044,1445944000.0,0.00454872,3367.4
Thailand,As,1889,6623600.0,1.9187,1456277000.0,0.00454831,3368.9
Thailand,As,1890,6670000.0,1.933,1466582000.0,0.00454799,3370.4
Thailand,As,1891,6735000.0,1.9572,1477705000.0,0.00455774,3379.7
Thailand,As,1892,6800000.0,1.9814,1488973000.0,0.00456691,3388.8
Thailand,As,1893,6865000.0,2.0056,1500286000.0,0.00457579,3397.7
Thailand,As,1894,6930000.0,2.0298,1511963000.0,0.00458345,3406.4
Thailand,As,1895,6995000.0,2.054,1523676000.0,0.00459087,3415.0
Thailand,As,1896,7060000.0,2.0782,1535655000.0,0.00459739,3423.4
Thailand,As,1897,7125000.0,2.1024,1547830000.0,0.00460322,3431.7
Thailand,As,1898,7190000.0,2.1266,1560243000.0,0.00460826,3439.8
Thailand,As,1899,7255000.0,2.1508,1572611000.0,0.00461335,3447.8
Thailand,As,1900,7320000.0,2.175,1584867000.0,0.00461868,3455.6
Thailand,As,1901,7418500.0,2.2091,1600044000.0,0.00463643,3463.2
Thailand,As,1902,7517000.0,2.2432,1615427000.0,0.00465326,3470.6
Thailand,As,1903,7615500.0,2.2773,1630965000.0,0.00466932,3477.8
Thailand,As,1904,7714000.0,2.3114,1646581000.0,0.00468486,3484.8
Thailand,As,1905,7812500.0,2.3455,1662453000.0,0.00469938,3491.6
Thailand,As,1906,7911000.0,2.3796,1678596000.0,0.00471287,3498.3
Thailand,As,1907,8009500.0,2.4137,1695030000.0,0.00472529,3504.8
Thailand,As,1908,8108000.0,2.4478,1711586000.0,0.00473713,3511.1
Thailand,As,1909,8206500.0,2.4819,1728501000.0,0.00474776,3517.3
Thailand,As,1910,8305000.0,2.516,1745736000.0,0.00475731,3523.3
Thailand,As,1911,8454700.0,2.5697,1762399000.0,0.00479727,3534.8
Thailand,As,1912,8604400.0,2.6234,1779061000.0,0.00483648,3545.9
Thailand,As,1913,8754100.0,2.6771,1796080000.0,0.004874,3556.6
Thailand,As,1914,8903800.0,2.7308,1808262000.0,0.00492395,3566.9
Thailand,As,1915,9053500.0,2.7845,1818401000.0,0.00497882,3576.9
Thailand,As,1916,9203200.0,2.8382,1828586000.0,0.00503296,3586.6
Thailand,As,1917,9352900.0,2.8919,1839381000.0,0.00508481,3596.0
Thailand,As,1918,9502600.0,2.9456,1849942000.0,0.0051367,3605.0
Thailand,As,1919,9652300.0,2.9993,1862569000.0,0.00518225,3613.8
Thailand,As,1920,9802000.0,3.053,1875297000.0,0.00522691,3622.4
Thailand,As,1921,10061000.0,3.1459,1886887000.0,0.00533206,3636.5
Thailand,As,1922,10320000.0,3.2388,1903926000.0,0.00542038,3649.9
Thailand,As,1923,10579000.0,3.3317,1924127000.0,0.00549808,3662.7
Thailand,As,1924,10838000.0,3.4246,1946371000.0,0.00556831,3674.9
Thailand,As,1925,11097000.0,3.5175,1968879000.0,0.0056362,3686.4
Thailand,As,1926,11356000.0,3.6104,1991829000.0,0.00570129,3697.5
Thailand,As,1927,11615000.0,3.7033,2014443000.0,0.00576586,3708.1
Thailand,As,1928,11874000.0,3.7962,2036576000.0,0.00583037,3718.2
Thailand,As,1929,12133000.0,3.8891,2059103000.0,0.00589237,3727.9
Thailand,As,1930,12392000.0,3.982,2080211000.0,0.00595709,3737.1
Thailand,As,1931,12704100.0,4.0709,2101812000.0,0.00604436,3726.7
Thailand,As,1932,13016200.0,4.159800000000001,2121508000.0,0.00613535,3716.8
Thailand,As,1933,13328300.0,4.2487,2140973000.0,0.00622535,3707.3
Thailand,As,1934,13640400.0,4.3376,2161152000.0,0.00631163,3698.3
Thailand,As,1935,13952500.0,4.426500000000001,2181702000.0,0.00639524,3689.7
Thailand,As,1936,14264600.0,4.5154000000000005,2203365000.0,0.00647401,3681.4
Thailand,As,1937,14576700.0,4.6043,2226159000.0,0.00654792,3673.5
Thailand,As,1938,14888800.0,4.6932,2250491000.0,0.0066158,3666.0
Thailand,As,1939,15200900.0,4.782100000000001,2275307000.0,0.00668081,3658.7
Thailand,As,1940,15513000.0,4.871,2296743000.0,0.00675435,3651.8
Thailand,As,1941,15965900.0,5.0257000000000005,2313071000.0,0.00690247,3660.9
Thailand,As,1942,16418800.0,5.180400000000001,2331578000.0,0.00704193,3669.5
Thailand,As,1943,16871700.0,5.335100000000001,2350140000.0,0.00717902,3677.6
Thailand,As,1944,17324600.0,5.489800000000001,2368872000.0,0.00731344,3685.3
Thailand,As,1945,17777500.0,5.644500000000001,2394093000.0,0.00742557,3692.6
Thailand,As,1946,18230400.0,5.799200000000001,2419526000.0,0.0075347,3699.6
Thailand,As,1947,18683300.0,5.9539,2446628000.0,0.00763635,3706.2
Thailand,As,1948,19136200.0,6.1086,2473860000.0,0.00773536,3712.5
Thailand,As,1949,19589100.0,6.2633,2501856000.0,0.00782983,3718.5
Thailand,As,1950,20042000.0,6.418,2529794000.0,0.00792238,3724.2
Thailand,As,1951,20789100.0,6.7582,2577776000.0,0.00806474,3780.7
Thailand,As,1952,21536200.0,7.0984,2624866000.0,0.00820469,3833.3
Thailand,As,1953,22283300.0,7.4386,2671465000.0,0.00834123,3882.3
Thailand,As,1954,23030400.0,7.7788,2718563000.0,0.00847153,3928.2
Thailand,As,1955,23777500.0,8.119,2766430000.0,0.00859501,3971.1
Thailand,As,1956,24524600.0,8.4592,2815461000.0,0.00871069,4011.5
Thailand,As,1957,25271700.0,8.7994,2866148000.0,0.0088173,4049.5
Thailand,As,1958,26018800.0,9.1396,2918168000.0,0.00891614,4085.3
Thailand,As,1959,26765900.0,9.4798,2971839000.0,0.00900651,4119.0
Thailand,As,1960,27513000.0,9.82,3027112000.0,0.00908886,4151.0
Thailand,As,1961,28470800.0,10.4599,3084358000.0,0.00923071,4272.8
Thailand,As,1962,29428600.0,11.0998,3143380000.0,0.00936209,4386.6
Thailand,As,1963,30386400.0,11.7397,3204489000.0,0.00948245,4493.2
Thailand,As,1964,31344200.0,12.3796,3268074000.0,0.00959103,4593.3
Thailand,As,1965,32302000.0,13.0195,3334092000.0,0.00968839,4687.5
Thailand,As,1966,33259800.000000004,13.659400000000002,3402738000.0,0.00977442,4776.3
Thailand,As,1967,34217600.0,14.299300000000002,3473827000.0,0.00985012,4860.1
Thailand,As,1968,35175400.0,14.9392,3546719000.0,0.00991773,4939.3
Thailand,As,1969,36133200.0,15.5791,3620809000.0,0.00997932,5014.4
Thailand,As,1970,37091000.0,16.219,3695944000.0,0.0100356,5085.5
Thailand,As,1971,38084500.0,17.0412,3771809000.0,0.01009714,5203.9
Thailand,As,1972,39078000.0,17.863400000000002,3847786000.0,0.01015597,5316.3
Thailand,As,1973,40071500.0,18.6856,3923766000.0,0.01021251,5423.1
Thailand,As,1974,41065000.0,19.5078,3999654000.0,0.01026714,5524.8
Thailand,As,1975,42058500.0,20.33,4075437000.0,0.01032,5621.6
Thailand,As,1976,43052000.0,21.1522,4150660000.0,0.01037233,5714.0
Thailand,As,1977,44045500.0,21.9744,4225672000.0,0.01042331,5802.2
Thailand,As,1978,45039000.0,22.7966,4301501000.0,0.01047053,5886.6
Thailand,As,1979,46032500.0,23.6188,4378004000.0,0.01051449,5967.2
Thailand,As,1980,47026000.0,24.441,4456394000.0,0.01055248,6044.5
Thailand,As,1981,47981700.0,26.3699,4535942000.0,0.01057811,6391.6
Thailand,As,1982,48937400.0,28.2988,4616948000.0,0.01059951,6725.2
Thailand,As,1983,49893100.0,30.2277,4699604000.0,0.01061645,7046.0
Thailand,As,1984,50848800.0,32.1566,4784334000.0,0.01062819,7354.8
Thailand,As,1985,51804500.0,34.0855,4871434000.0,0.01063434,7652.1
Thailand,As,1986,52760200.0,36.014399999999995,4961120000.0,0.01063474,7938.7
Thailand,As,1987,53715900.0,37.9433,5052960000.0,0.01063058,8215.1
Thailand,As,1988,54671600.0,39.8722,5145733000.0,0.01062465,8481.8
Thailand,As,1989,55627300.0,41.8011,5237968000.0,0.01062002,8739.4
Thailand,As,1990,56583000.0,43.73,5328602000.0,0.01061873,8988.2
Thailand,As,1991,57220500.0,47.0116,5417317000.0,0.01056252,9555.1
Thailand,As,1992,57858000.0,50.2932,5503880000.0,0.01051222,10109.4
Thailand,As,1993,58495500.0,53.5748,5588359000.0,0.01046738,10651.7
Thailand,As,1994,59133000.0,56.8564,5671048000.0,0.01042717,11182.2
Thailand,As,1995,59770500.0,60.138000000000005,5752408000.0,0.01039052,11701.5
Thailand,As,1996,60408000.0,63.4196,5832484000.0,0.01035717,12209.8
Thailand,As,1997,61045500.0,66.7012,5911415000.0,0.01032672,12707.5
Thailand,As,1998,61683000.0,69.9828,5989470000.0,0.01029857,13194.9
Thailand,As,1999,62320500.0,73.26440000000001,6067325000.0,0.0102715,13672.3
Thailand,As,2000,62958000.0,76.546,6145394000.0,0.01024475,14140.1
Thailand,As,2001,63383100.0,80.6372,6223661000.0,0.01018421,14795.9
Thailand,As,2002,63808200.0,84.72840000000001,6302453000.0,0.01012434,15443.0
Thailand,As,2003,64233300.0,88.81960000000001,6381858000.0,0.01006498,16081.6
Thailand,As,2004,64658400.0,92.9108,6461988000.0,0.01000596,16711.7
Thailand,As,2005,65083500.0,97.002,6542867000.0,0.00994724,17333.6
Thailand,As,2006,65508600.0,101.0932,6624538000.0,0.00988878,17947.5
Thailand,As,2007,65933700.0,105.1844,6707018000.0,0.00983055,18553.4
Thailand,As,2008,66358800.0,109.2756,6790025000.0,0.00977298,19151.6
Thailand,As,2009,66783899.99999999,113.3668,6874725000.0,0.00971441,19742.1
Thailand,As,2010,67209000.0,117.458,6959421000.0,0.00965727,20325.2
Thailand,As,2011,67468100.0,119.6779,7044266000.0,0.00957773,20629.8
Thailand,As,2012,67727200.0,121.8978,7129609000.0,0.00949943,20932.1
Thailand,As,2013,67986300.0,124.1177,7215047000.0,0.00942285,21232.1
Thailand,As,2014,68245400.0,126.3376,7300248000.0,0.00934837,21529.7
Thailand,As,2015,68504500.0,128.5575,7384880000.0,0.00927632,21825.2
Thailand,As,2016,68763600.0,130.7774,7469068000.0,0.00920645,22118.4
Thailand,As,2017,69022700.0,132.9973,7550393000.0,0.0091416,22409.4
Thailand,As,2018,69281800.0,135.21720000000002,7632955000.0,0.00907667,22698.3
Thailand,As,2019,69540900.0,137.43710000000002,7714577000.0,0.00901422,22984.9
Thailand,As,2020,69800000.0,139.657,7795482000.0,0.0089539,23269.5
Tunisia,Af,1820,875000.0,0.372,1047270000.0,0.00083551,4944.4
Tunisia,Af,1821,880300.0,0.3743,1052728000.0,0.00083621,4945.0
Tunisia,Af,1822,885600.0,0.3766,1058224000.0,0.00083687,4945.6
Tunisia,Af,1823,890900.0,0.3789,1063824000.0,0.00083745,4946.2
Tunisia,Af,1824,896200.0,0.3812,1069477000.0,0.00083798,4946.8
Tunisia,Af,1825,901500.0,0.3835,1075142000.0,0.00083849,4947.4
Tunisia,Af,1826,906800.0,0.3858,1080733000.0,0.00083906,4948.0
Tunisia,Af,1827,912100.0,0.3881,1086318000.0,0.00083963,4948.6
Tunisia,Af,1828,917400.0,0.3904,1091853000.0,0.00084022,4949.2
Tunisia,Af,1829,922700.0,0.3927,1097270000.0,0.00084091,4949.7
Tunisia,Af,1830,928000.0,0.395,1102518000.0,0.00084171,4950.3
Tunisia,Af,1831,933700.0,0.3974,1108061000.0,0.00084264,4949.9
Tunisia,Af,1832,939400.0,0.3998,1113520000.0,0.00084363,4949.6
Tunisia,Af,1833,945100.0,0.4022,1119039000.0,0.00084456,4949.3
Tunisia,Af,1834,950800.0,0.4046,1124554000.0,0.00084549,4949.0
Tunisia,Af,1835,956500.0,0.407,1130361000.0,0.00084619,4948.7
Tunisia,Af,1836,962200.0,0.4094,1136068000.0,0.00084696,4948.4
Tunisia,Af,1837,967900.0,0.4118,1141817000.0,0.00084768,4948.1
Tunisia,Af,1838,973600.0,0.4142,1147560000.0,0.00084841,4947.8
Tunisia,Af,1839,979300.0,0.4165999999999999,1153428000.0,0.00084903,4947.5
Tunisia,Af,1840,985000.0,0.419,1159310000.0,0.00084964,4947.2
Tunisia,Af,1841,991000.0,0.4216,1165435000.0,0.00085033,4947.7
Tunisia,Af,1842,997000.0,0.4241999999999999,1171545000.0,0.00085101,4948.3
Tunisia,Af,1843,1003000.0,0.4268,1177631000.0,0.00085171,4948.8
Tunisia,Af,1844,1009000.0,0.4294,1183818000.0,0.00085233,4949.4
Tunisia,Af,1845,1015000.0,0.432,1190091000.0,0.00085288,4949.9
Tunisia,Af,1846,1021000.0,0.4346,1196249000.0,0.0008535,4950.4
Tunisia,Af,1847,1027000.0,0.4372,1201397000.0,0.00085484,4951.0
Tunisia,Af,1848,1033000.0,0.4398,1205963000.0,0.00085658,4951.5
Tunisia,Af,1849,1039000.0,0.4424,1211069000.0,0.00085792,4952.0
Tunisia,Af,1850,1045000.0,0.445,1216574000.0,0.00085897,4952.5
Tunisia,Af,1851,1051300.0,0.4473,1218975000.0,0.00086245,4948.3
Tunisia,Af,1852,1057600.0,0.4496,1221557000.0,0.00086578,4944.1
Tunisia,Af,1853,1063900.0,0.4519,1224259000.0,0.00086902,4939.9
Tunisia,Af,1854,1070200.0,0.4542,1226726000.0,0.0008724,4935.8
Tunisia,Af,1855,1076500.0,0.4565,1228814000.0,0.00087605,4931.8
Tunisia,Af,1856,1082800.0,0.4588,1231565000.0,0.00087921,4927.8
Tunisia,Af,1857,1089100.0,0.4611,1234524000.0,0.0008822,4923.9
Tunisia,Af,1858,1095400.0,0.4634,1237487000.0,0.00088518,4920.0
Tunisia,Af,1859,1101700.0,0.4657,1240642000.0,0.00088801,4916.1
Tunisia,Af,1860,1108000.0,0.468,1243735000.0,0.00089087,4912.3
Tunisia,Af,1861,1114800.0,0.47,1247652000.0,0.00089352,4903.2
Tunisia,Af,1862,1121600.0,0.472,1250707000.0,0.00089677,4894.2
Tunisia,Af,1863,1128400.0,0.474,1254013000.0,0.00089983,4885.3
Tunisia,Af,1864,1135200.0,0.476,1257290000.0,0.00090289,4876.6
Tunisia,Af,1865,1142000.0,0.478,1260601000.0,0.00090592,4867.9
Tunisia,Af,1866,1148800.0,0.48,1263629000.0,0.00090913,4859.3
Tunisia,Af,1867,1155600.0,0.482,1266809000.0,0.00091221,4850.9
Tunisia,Af,1868,1162400.0,0.484,1269858000.0,0.00091538,4842.5
Tunisia,Af,1869,1169200.0,0.486,1271405000.0,0.00091961,4834.2
Tunisia,Af,1870,1176000.0,0.488,1274661000.0,0.0009226,4826.1
Tunisia,Af,1871,1189400.0,0.4943,1282387000.0,0.00092749,4833.3
Tunisia,Af,1872,1202800.0,0.5006,1290858000.0,0.00093178,4840.4
Tunisia,Af,1873,1216200.0,0.5069,1299848000.0,0.00093565,4847.3
Tunisia,Af,1874,1229600.0,0.5132,1309013000.0,0.00093933,4854.0
Tunisia,Af,1875,1243000.0,0.5195000000000001,1318339000.0,0.00094285,4860.6
Tunisia,Af,1876,1256400.0,0.5258,1327814000.0,0.00094622,4867.1
Tunisia,Af,1877,1269800.0,0.5321,1337399000.0,0.00094945,4873.5
Tunisia,Af,1878,1283200.0,0.5384,1347055000.0,0.0009526,4879.7
Tunisia,Af,1879,1296600.0,0.5447000000000001,1356760000.0,0.00095566,4885.7
Tunisia,Af,1880,1310000.0,0.551,1366310000.0,0.00095879,4891.7
Tunisia,Af,1881,1324900.0,0.5572,1376041000.0,0.00096283,4891.1
Tunisia,Af,1882,1339800.0,0.5634,1385750000.0,0.00096684,4890.5
Tunisia,Af,1883,1354700.0,0.5696,1395507000.0,0.00097076,4890.0
Tunisia,Af,1884,1369600.0,0.5758,1405536000.0,0.00097443,4889.4
Tunisia,Af,1885,1384500.0,0.5820000000000001,1415514000.0,0.00097809,4888.9
Tunisia,Af,1886,1399400.0,0.5882000000000001,1425627000.0,0.0009816,4888.4
Tunisia,Af,1887,1414300.0,0.5944,1435759000.0,0.00098505,4887.8
Tunisia,Af,1888,1429200.0,0.6006,1445944000.0,0.00098842,4887.3
Tunisia,Af,1889,1444100.0,0.6068,1456277000.0,0.00099164,4886.8
Tunisia,Af,1890,1459000.0,0.613,1466582000.0,0.00099483,4886.4
Tunisia,Af,1891,1475600.0,0.618,1477705000.0,0.00099858,4870.8
Tunisia,Af,1892,1492200.0,0.623,1488973000.0,0.00100217,4855.6
Tunisia,Af,1893,1508800.0,0.628,1500286000.0,0.00100567,4840.7
Tunisia,Af,1894,1525400.0,0.633,1511963000.0,0.00100889,4826.1
Tunisia,Af,1895,1542000.0,0.638,1523676000.0,0.00101203,4811.9
Tunisia,Af,1896,1558600.0,0.643,1535655000.0,0.00101494,4798.0
Tunisia,Af,1897,1575200.0,0.648,1547830000.0,0.00101768,4784.3
Tunisia,Af,1898,1591800.0,0.653,1560243000.0,0.00102023,4770.9
Tunisia,Af,1899,1608400.0,0.658,1572611000.0,0.00102276,4757.9
Tunisia,Af,1900,1625000.0,0.663,1584867000.0,0.00102532,4745.0
Tunisia,Af,1901,1643500.0,0.6714,1600044000.0,0.00102716,4751.1
Tunisia,Af,1902,1662000.0,0.6798000000000001,1615427000.0,0.00102883,4757.0
Tunisia,Af,1903,1680500.0,0.6882,1630965000.0,0.00103037,4762.7
Tunisia,Af,1904,1699000.0,0.6966,1646581000.0,0.00103184,4768.4
Tunisia,Af,1905,1717500.0,0.7050000000000001,1662453000.0,0.00103311,4773.9
Tunisia,Af,1906,1736000.0,0.7134,1678596000.0,0.0010342,4779.3
Tunisia,Af,1907,1754500.0,0.7218,1695030000.0,0.00103508,4784.6
Tunisia,Af,1908,1773000.0,0.7302,1711586000.0,0.00103588,4789.7
Tunisia,Af,1909,1791500.0,0.7386,1728501000.0,0.00103645,4794.8
Tunisia,Af,1910,1810000.0,0.747,1745736000.0,0.00103681,4799.8
Tunisia,Af,1911,1839700.0,0.7602,1762399000.0,0.00104386,4805.7
Tunisia,Af,1912,1869400.0,0.7734,1779061000.0,0.00105078,4811.5
Tunisia,Af,1913,1899100.0,0.7866,1796080000.0,0.00105736,4817.1
Tunisia,Af,1914,1928800.0,0.7998,1808262000.0,0.00106666,4822.5
Tunisia,Af,1915,1958500.0,0.813,1818401000.0,0.00107705,4827.8
Tunisia,Af,1916,1988200.0,0.8262,1828586000.0,0.00108729,4832.9
Tunisia,Af,1917,2017900.0,0.8394,1839381000.0,0.00109705,4837.8
Tunisia,Af,1918,2047600.0,0.8526,1849942000.0,0.00110685,4842.6
Tunisia,Af,1919,2077300.0000000002,0.8658,1862569000.0,0.00111529,4847.3
Tunisia,Af,1920,2107000.0,0.879,1875297000.0,0.00112356,4851.8
Tunisia,Af,1921,2146300.0,0.9173,1886887000.0,0.00113748,4970.5
Tunisia,Af,1922,2185600.0,0.9556,1903926000.0,0.00114794,5084.9
Tunisia,Af,1923,2224900.0,0.9939,1924127000.0,0.00115632,5195.3
Tunisia,Af,1924,2264200.0,1.0322,1946371000.0,0.00116329,5301.9
Tunisia,Af,1925,2303500.0,1.0705,1968879000.0,0.00116996,5404.8
Tunisia,Af,1926,2342800.0,1.1088,1991829000.0,0.00117621,5504.2
Tunisia,Af,1927,2382100.0,1.1471,2014443000.0,0.00118251,5600.4
Tunisia,Af,1928,2421400.0,1.1854,2036576000.0,0.00118896,5693.5
Tunisia,Af,1929,2460700.0,1.2237,2059103000.0,0.00119503,5783.6
Tunisia,Af,1930,2500000.0,1.262,2080211000.0,0.0012018,5870.8
Tunisia,Af,1931,2546500.0,1.2762,2101812000.0,0.00121157,5828.5
Tunisia,Af,1932,2593000.0,1.2904,2121508000.0,0.00122224,5787.6
Tunisia,Af,1933,2639500.0,1.3046,2140973000.0,0.00123285,5748.2
Tunisia,Af,1934,2686000.0,1.3188,2161152000.0,0.00124286,5710.2
Tunisia,Af,1935,2732500.0,1.333,2181702000.0,0.00125246,5673.5
Tunisia,Af,1936,2779000.0,1.3472,2203365000.0,0.00126125,5638.0
Tunisia,Af,1937,2825500.0,1.3614,2226159000.0,0.00126923,5603.6
Tunisia,Af,1938,2872000.0,1.3756,2250491000.0,0.00127617,5570.4
Tunisia,Af,1939,2918500.0,1.3898,2275307000.0,0.00128268,5538.2
Tunisia,Af,1940,2965000.0,1.404,2296743000.0,0.00129096,5507.1
Tunisia,Af,1941,3020200.0,1.4350999999999998,2313071000.0,0.00130571,5526.2
Tunisia,Af,1942,3075400.0,1.4662,2331578000.0,0.00131902,5544.6
Tunisia,Af,1943,3130600.0,1.4973,2350140000.0,0.00133209,5562.4
Tunisia,Af,1944,3185800.0,1.5284,2368872000.0,0.00134486,5579.5
Tunisia,Af,1945,3241000.0,1.5595,2394093000.0,0.00135375,5596.1
Tunisia,Af,1946,3296200.0,1.5906,2419526000.0,0.00136233,5612.1
Tunisia,Af,1947,3351400.0,1.6217,2446628000.0,0.0013698,5627.6
Tunisia,Af,1948,3406600.0,1.6528,2473860000.0,0.00137704,5642.6
Tunisia,Af,1949,3461800.0,1.6839,2501856000.0,0.00138369,5657.1
Tunisia,Af,1950,3517000.0,1.715,2529794000.0,0.00139023,5671.2
Tunisia,Af,1951,3580200.0,1.7486000000000002,2577776000.0,0.00138887,5680.2
Tunisia,Af,1952,3643400.0,1.7822,2624866000.0,0.00138803,5688.9
Tunisia,Af,1953,3706600.0,1.8158,2671465000.0,0.00138748,5697.3
Tunisia,Af,1954,3769800.0,1.8494,2718563000.0,0.00138669,5705.5
Tunisia,Af,1955,3833000.0,1.883,2766430000.0,0.00138554,5713.4
Tunisia,Af,1956,3896200.0,1.9166,2815461000.0,0.00138386,5721.0
Tunisia,Af,1957,3959400.0,1.9502,2866148000.0,0.00138144,5728.3
Tunisia,Af,1958,4022600.0,1.9838,2918168000.0,0.00137847,5735.5
Tunisia,Af,1959,4085800.0,2.0174000000000003,2971839000.0,0.00137484,5742.4
Tunisia,Af,1960,4149000.0,2.051,3027112000.0,0.00137061,5749.1
Tunisia,Af,1961,4244000.0,2.1263,3084358000.0,0.00137598,5826.8
Tunisia,Af,1962,4339000.0,2.2016,3143380000.0,0.00138036,5901.0
Tunisia,Af,1963,4434000.0,2.2769,3204489000.0,0.00138368,5972.1
Tunisia,Af,1964,4529000.0,2.3522,3268074000.0,0.00138583,6040.2
Tunisia,Af,1965,4624000.0,2.4275,3334092000.0,0.00138688,6105.5
Tunisia,Af,1966,4719000.0,2.5028,3402738000.0,0.00138682,6168.2
Tunisia,Af,1967,4814000.0,2.5781,3473827000.0,0.00138579,6228.4
Tunisia,Af,1968,4909000.0,2.6534,3546719000.0,0.0013841,6286.2
Tunisia,Af,1969,5004000.0,2.7287,3620809000.0,0.00138201,6341.9
Tunisia,Af,1970,5099000.0,2.804,3695944000.0,0.00137962,6395.5
Tunisia,Af,1971,5233400.0,3.042,3771809000.0,0.0013875,6760.1
Tunisia,Af,1972,5367800.0,3.28,3847786000.0,0.00139504,7106.5
Tunisia,Af,1973,5502200.0,3.518,3923766000.0,0.00140228,7436.0
Tunisia,Af,1974,5636600.0,3.756,3999654000.0,0.00140927,7749.8
Tunisia,Af,1975,5771000.0,3.994,4075437000.0,0.00141604,8048.9
Tunisia,Af,1976,5905400.0,4.232,4150660000.0,0.00142276,8334.4
Tunisia,Af,1977,6039800.0,4.470000000000001,4225672000.0,0.00142931,8607.3
Tunisia,Af,1978,6174200.0,4.708,4301501000.0,0.00143536,8868.2
Tunisia,Af,1979,6308600.0,4.946,4378004000.0,0.00144098,9118.0
Tunisia,Af,1980,6443000.0,5.184,4456394000.0,0.00144579,9357.4
Tunisia,Af,1981,6622000.0,5.4007000000000005,4535942000.0,0.0014599,9485.1
Tunisia,Af,1982,6801000.0,5.6174,4616948000.0,0.00147305,9606.0
Tunisia,Af,1983,6980000.0,5.8341,4699604000.0,0.00148523,9720.7
Tunisia,Af,1984,7159000.0,6.0508,4784334000.0,0.00149634,9829.7
Tunisia,Af,1985,7338000.0,6.2675,4871434000.0,0.00150633,9933.4
Tunisia,Af,1986,7517000.0,6.4842,4961120000.0,0.00151518,10032.1
Tunisia,Af,1987,7696000.0,6.7009,5052960000.0,0.00152307,10126.2
Tunisia,Af,1988,7875000.0,6.9176,5145733000.0,0.00153039,10216.1
Tunisia,Af,1989,8054000.0,7.1343,5237968000.0,0.00153762,10302.0
Tunisia,Af,1990,8233000.0,7.351,5328602000.0,0.00154506,10384.1
Tunisia,Af,1991,8379600.0,7.6472,5417317000.0,0.00154682,10613.5
Tunisia,Af,1992,8526200.0,7.9434,5503880000.0,0.00154913,10835.0
Tunisia,Af,1993,8672800.0,8.2396,5588359000.0,0.00155194,11049.1
Tunisia,Af,1994,8819400.0,8.5358,5671048000.0,0.00155516,11256.0
Tunisia,Af,1995,8966000.0,8.832,5752408000.0,0.00155865,11456.2
Tunisia,Af,1996,9112600.0,9.1282,5832484000.0,0.00156239,11649.9
Tunisia,Af,1997,9259200.0,9.4244,5911415000.0,0.00156633,11837.5
Tunisia,Af,1998,9405800.0,9.7206,5989470000.0,0.00157039,12019.2
Tunisia,Af,1999,9552400.0,10.0168,6067325000.0,0.0015744,12195.4
Tunisia,Af,2000,9699000.0,10.313,6145394000.0,0.00157826,12366.2
Tunisia,Af,2001,9793100.0,10.3313,6223661000.0,0.00157353,12269.2
Tunisia,Af,2002,9887200.0,10.3496,6302453000.0,0.00156879,12173.9
Tunisia,Af,2003,9981300.0,10.3679,6381858000.0,0.00156401,12080.5
Tunisia,Af,2004,10075400.0,10.3862,6461988000.0,0.00155918,11988.8
Tunisia,Af,2005,10169500.0,10.4045,6542867000.0,0.00155429,11898.7
Tunisia,Af,2006,10263600.0,10.4228,6624538000.0,0.00154933,11810.4
Tunisia,Af,2007,10357700.0,10.4411,6707018000.0,0.00154431,11723.6
Tunisia,Af,2008,10451800.0,10.4594,6790025000.0,0.00153929,11638.5
Tunisia,Af,2009,10545900.0,10.4777,6874725000.0,0.00153401,11554.8
Tunisia,Af,2010,10640000.0,10.496,6959421000.0,0.00152886,11472.6
Tunisia,Af,2011,10757900.0,10.8223,7044266000.0,0.00152719,11699.6
Tunisia,Af,2012,10875800.0,11.1486,7129609000.0,0.00152544,11921.7
Tunisia,Af,2013,10993700.0,11.4749,7215047000.0,0.00152372,12139.1
Tunisia,Af,2014,11111600.0,11.8012,7300248000.0,0.00152209,12351.8
Tunisia,Af,2015,11229500.0,12.1275,7384880000.0,0.00152061,12560.0
Tunisia,Af,2016,11347400.0,12.4538,7469068000.0,0.00151925,12764.0
Tunisia,Af,2017,11465300.0,12.7801,7550393000.0,0.0015185,12963.7
Tunisia,Af,2018,11583200.0,13.1064,7632955000.0,0.00151752,13159.4
Tunisia,Af,2019,11701100.0,13.4327,7714577000.0,0.00151675,13351.1
Tunisia,Af,2020,11819000.0,13.759,7795482000.0,0.00151613,13539.0
Turkey,ME,1820,10074000.0,2.896,1047270000.0,0.0096193,3343.3
Turkey,ME,1821,10106200.0,2.9053,1052728000.0,0.00960001,3343.4
Turkey,ME,1822,10138400.0,2.9146,1058224000.0,0.00958058,3343.4
Turkey,ME,1823,10170600.0,2.9239,1063824000.0,0.00956042,3343.5
Turkey,ME,1824,10202800.0,2.9332,1069477000.0,0.00953999,3343.5
Turkey,ME,1825,10235000.0,2.9425,1075142000.0,0.00951967,3343.6
Turkey,ME,1826,10267200.0,2.9518,1080733000.0,0.00950022,3343.6
Turkey,ME,1827,10299400.0,2.9611,1086318000.0,0.00948102,3343.7
Turkey,ME,1828,10331600.0,2.9704,1091853000.0,0.00946245,3343.7
Turkey,ME,1829,10363800.0,2.9797,1097270000.0,0.00944508,3343.7
Turkey,ME,1830,10396000.0,2.989,1102518000.0,0.00942932,3343.8
Turkey,ME,1831,10429300.0,2.9986,1108061000.0,0.00941221,3343.8
Turkey,ME,1832,10462600.0,3.0082,1113520000.0,0.00939597,3343.9
Turkey,ME,1833,10495900.0,3.0178,1119039000.0,0.00937939,3343.9
Turkey,ME,1834,10529200.0,3.0274,1124554000.0,0.009363,3343.9
Turkey,ME,1835,10562500.0,3.037,1130361000.0,0.00934436,3343.9
Turkey,ME,1836,10595800.0,3.0466,1136068000.0,0.00932673,3344.0
Turkey,ME,1837,10629100.0,3.0562,1141817000.0,0.00930893,3344.0
Turkey,ME,1838,10662400.0,3.0658,1147560000.0,0.00929137,3344.0
Turkey,ME,1839,10695700.0,3.0754,1153428000.0,0.00927297,3344.0
Turkey,ME,1840,10729000.0,3.085,1159310000.0,0.00925464,3344.1
Turkey,ME,1841,10763400.0,3.0949,1165435000.0,0.00923552,3344.1
Turkey,ME,1842,10797800.0,3.1048,1171545000.0,0.00921672,3344.1
Turkey,ME,1843,10832200.0,3.1147,1177631000.0,0.0091983,3344.1
Turkey,ME,1844,10866600.0,3.1246,1183818000.0,0.00917928,3344.1
Turkey,ME,1845,10901000.0,3.1345,1190091000.0,0.0091598,3344.1
Turkey,ME,1846,10935400.0,3.1444,1196249000.0,0.00914141,3344.1
Turkey,ME,1847,10969800.0,3.1543,1201397000.0,0.00913087,3344.1
Turkey,ME,1848,11004200.0,3.1642,1205963000.0,0.00912482,3344.1
Turkey,ME,1849,11038600.0,3.1741,1211069000.0,0.00911476,3344.2
Turkey,ME,1850,11073000.0,3.184,1216574000.0,0.00910179,3344.2
Turkey,ME,1851,11108400.0,3.1943,1218975000.0,0.0091129,3344.3
Turkey,ME,1852,11143800.0,3.2046,1221557000.0,0.00912262,3344.4
Turkey,ME,1853,11179200.0,3.2149,1224259000.0,0.0091314,3344.5
Turkey,ME,1854,11214600.0,3.2252,1226726000.0,0.00914189,3344.7
Turkey,ME,1855,11250000.0,3.2355,1228814000.0,0.00915517,3344.8
Turkey,ME,1856,11285400.0,3.2458,1231565000.0,0.00916346,3344.9
Turkey,ME,1857,11320800.0,3.2561,1234524000.0,0.00917017,3345.0
Turkey,ME,1858,11356200.0,3.2664,1237487000.0,0.00917682,3345.2
Turkey,ME,1859,11391600.0,3.2767,1240642000.0,0.00918202,3345.3
Turkey,ME,1860,11427000.0,3.287,1243735000.0,0.00918765,3345.4
Turkey,ME,1861,11463600.0,3.3016,1247652000.0,0.00918814,3349.5
Turkey,ME,1862,11500200.0,3.3162,1250707000.0,0.00919496,3353.6
Turkey,ME,1863,11536800.0,3.3308,1254013000.0,0.0091999,3357.7
Turkey,ME,1864,11573400.0,3.3454,1257290000.0,0.00920504,3361.8
Turkey,ME,1865,11610000.0,3.36,1260601000.0,0.00920989,3365.8
Turkey,ME,1866,11646600.0,3.3746,1263629000.0,0.00921679,3369.8
Turkey,ME,1867,11683200.0,3.3892,1266809000.0,0.00922254,3373.8
Turkey,ME,1868,11719800.0,3.4038,1269858000.0,0.00922922,3377.7
Turkey,ME,1869,11756400.0,3.4184,1271405000.0,0.00924678,3381.6
Turkey,ME,1870,11793000.0,3.433,1274661000.0,0.00925187,3385.5
Turkey,ME,1871,11860800.0,3.452,1282387000.0,0.009249,3384.8
Turkey,ME,1872,11928600.0,3.471,1290858000.0,0.00924083,3384.1
Turkey,ME,1873,11996400.0,3.49,1299848000.0,0.00922908,3383.4
Turkey,ME,1874,12064200.0,3.509,1309013000.0,0.00921626,3382.7
Turkey,ME,1875,12132000.0,3.528,1318339000.0,0.00920249,3382.0
Turkey,ME,1876,12199800.0,3.547,1327814000.0,0.00918788,3381.3
Turkey,ME,1877,12267600.0,3.5660000000000003,1337399000.0,0.00917273,3380.7
Turkey,ME,1878,12335400.0,3.585,1347055000.0,0.00915731,3380.0
Turkey,ME,1879,12403200.0,3.604,1356760000.0,0.00914178,3379.3
Turkey,ME,1880,12471000.0,3.623,1366310000.0,0.0091275,3378.7
Turkey,ME,1881,12542800.0,3.6492,1376041000.0,0.00911514,3383.6
Turkey,ME,1882,12614600.0,3.6754,1385750000.0,0.00910308,3388.5
Turkey,ME,1883,12686400.0,3.7016,1395507000.0,0.00909089,3393.4
Turkey,ME,1884,12758200.0,3.7278,1405536000.0,0.00907711,3398.2
Turkey,ME,1885,12830000.0,3.754,1415514000.0,0.00906385,3402.9
Turkey,ME,1886,12901800.0,3.7802,1425627000.0,0.00904991,3407.6
Turkey,ME,1887,12973600.0,3.8064,1435759000.0,0.00903606,3412.2
Turkey,ME,1888,13045400.0,3.8326,1445944000.0,0.00902206,3416.8
Turkey,ME,1889,13117200.0,3.8588,1456277000.0,0.00900735,3421.3
Turkey,ME,1890,13189000.0,3.885,1466582000.0,0.00899302,3425.8
Turkey,ME,1891,13264900.0,3.9158,1477705000.0,0.00897669,3433.2
Turkey,ME,1892,13340800.0,3.9466,1488973000.0,0.00895973,3440.5
Turkey,ME,1893,13416700.0,3.9774,1500286000.0,0.00894276,3447.7
Turkey,ME,1894,13492600.0,4.0082,1511963000.0,0.0089239,3454.9
Turkey,ME,1895,13568500.0,4.039,1523676000.0,0.00890511,3462.0
Turkey,ME,1896,13644400.0,4.0698,1535655000.0,0.00888507,3469.0
Turkey,ME,1897,13720300.0,4.1006,1547830000.0,0.00886422,3475.9
Turkey,ME,1898,13796200.0,4.131399999999999,1560243000.0,0.00884234,3482.7
Turkey,ME,1899,13872100.0,4.1622,1572611000.0,0.00882106,3489.5
Turkey,ME,1900,13948000.0,4.193,1584867000.0,0.00880074,3496.2
Turkey,ME,1901,14028200.0,4.2464,1600044000.0,0.00876738,3520.5
Turkey,ME,1902,14108400.0,4.299799999999999,1615427000.0,0.00873354,3544.5
Turkey,ME,1903,14188600.0,4.3532,1630965000.0,0.00869951,3568.2
Turkey,ME,1904,14268800.0,4.4066,1646581000.0,0.00866571,3591.7
Turkey,ME,1905,14349000.0,4.46,1662453000.0,0.00863122,3614.9
Turkey,ME,1906,14429200.0,4.5134,1678596000.0,0.00859599,3637.8
Turkey,ME,1907,14509400.0,4.5668,1695030000.0,0.00855997,3660.5
Turkey,ME,1908,14589600.0,4.6202000000000005,1711586000.0,0.00852402,3683.0
Turkey,ME,1909,14669800.0,4.6736,1728501000.0,0.00848701,3705.2
Turkey,ME,1910,14750000.0,4.727,1745736000.0,0.00844916,3727.1
Turkey,ME,1911,14695500.0,4.6987000000000005,1762399000.0,0.00833835,3718.5
Turkey,ME,1912,14641000.0,4.6704,1779061000.0,0.00822962,3709.9
Turkey,ME,1913,14586500.0,4.6421,1796080000.0,0.0081213,3701.2
Turkey,ME,1914,14532000.0,4.6138,1808262000.0,0.00803645,3692.4
Turkey,ME,1915,14477500.0,4.5855,1818401000.0,0.00796167,3683.6
Turkey,ME,1916,14423000.0,4.5572,1828586000.0,0.00788752,3674.7
Turkey,ME,1917,14368500.0,4.5289,1839381000.0,0.0078116,3665.7
Turkey,ME,1918,14314000.0,4.5006,1849942000.0,0.00773754,3656.7
Turkey,ME,1919,14259500.0,4.4723,1862569000.0,0.00765582,3647.6
Turkey,ME,1920,14205000.0,4.444,1875297000.0,0.0075748,3638.4
Turkey,ME,1921,14277300.0,4.5212,1886887000.0,0.00756659,3682.9
Turkey,ME,1922,14349600.0,4.5984,1903926000.0,0.00753685,3726.9
Turkey,ME,1923,14421900.0,4.6756,1924127000.0,0.0074953,3770.5
Turkey,ME,1924,14494200.0,4.7528,1946371000.0,0.00744678,3813.6
Turkey,ME,1925,14566500.0,4.83,1968879000.0,0.00739837,3856.3
Turkey,ME,1926,14638800.0,4.9072000000000005,1991829000.0,0.00734943,3898.6
Turkey,ME,1927,14711100.0,4.9844,2014443000.0,0.00730281,3940.5
Turkey,ME,1928,14783400.0,5.0616,2036576000.0,0.00725895,3981.9
Turkey,ME,1929,14855700.0,5.1388,2059103000.0,0.00721465,4023.0
Turkey,ME,1930,14928000.0,5.216,2080211000.0,0.0071762,4063.6
Turkey,ME,1931,15217300.0,5.4382,2101812000.0,0.00724009,4156.2
Turkey,ME,1932,15506600.0,5.6604,2121508000.0,0.00730923,4245.3
Turkey,ME,1933,15795900.0,5.8826,2140973000.0,0.00737791,4331.2
Turkey,ME,1934,16085200.0,6.1048,2161152000.0,0.00744288,4413.9
Turkey,ME,1935,16374500.0,6.327,2181702000.0,0.00750538,4493.8
Turkey,ME,1936,16663800.0,6.5492,2203365000.0,0.00756289,4570.8
Turkey,ME,1937,16953100.0,6.7714,2226159000.0,0.0076154,4645.2
Turkey,ME,1938,17242400.0,6.9936,2250491000.0,0.00766162,4717.2
Turkey,ME,1939,17531700.0,7.2158,2275307000.0,0.0077052,4786.7
Turkey,ME,1940,17821000.0,7.438,2296743000.0,0.00775925,4854.0
Turkey,ME,1941,18179700.0,7.6612,2313071000.0,0.00785955,4901.1
Turkey,ME,1942,18538400.0,7.884399999999999,2331578000.0,0.00795101,4946.3
Turkey,ME,1943,18897100.0,8.1076,2350140000.0,0.00804084,4989.7
Turkey,ME,1944,19255800.0,8.3308,2368872000.0,0.00812868,5031.6
Turkey,ME,1945,19614500.0,8.554,2394093000.0,0.00819287,5071.9
Turkey,ME,1946,19973200.0,8.7772,2419526000.0,0.00825501,5110.8
Turkey,ME,1947,20331900.0,9.000399999999999,2446628000.0,0.00831017,5148.3
Turkey,ME,1948,20690600.0,9.2236,2473860000.0,0.00836369,5184.5
Turkey,ME,1949,21049300.0,9.4468,2501856000.0,0.00841347,5219.5
Turkey,ME,1950,21408000.0,9.67,2529794000.0,0.00846235,5253.3
Turkey,ME,1951,22014400.0,10.0672,2577776000.0,0.00854007,5318.4
Turkey,ME,1952,22620800.0,10.4644,2624866000.0,0.00861789,5380.0
Turkey,ME,1953,23227200.0,10.8616,2671465000.0,0.00869456,5438.5
Turkey,ME,1954,23833600.0,11.2588,2718563000.0,0.00876698,5493.9
Turkey,ME,1955,24440000.0,11.656,2766430000.0,0.00883449,5546.6
Turkey,ME,1956,25046400.0,12.0532,2815461000.0,0.00889602,5596.8
Turkey,ME,1957,25652800.0,12.4504,2866148000.0,0.00895027,5644.5
Turkey,ME,1958,26259200.0,12.8476,2918168000.0,0.00899852,5690.1
Turkey,ME,1959,26865600.0,13.2448,2971839000.0,0.00904006,5733.6
Turkey,ME,1960,27472000.0,13.642,3027112000.0,0.00907532,5775.2
Turkey,ME,1961,28212400.0,14.3962,3084358000.0,0.00914693,5934.5
Turkey,ME,1962,28952800.0,15.1504,3143380000.0,0.00921072,6085.7
Turkey,ME,1963,29693200.0,15.9046,3204489000.0,0.00926613,6229.4
Turkey,ME,1964,30433600.0,16.6588,3268074000.0,0.0093124,6366.1
Turkey,ME,1965,31174000.0,17.413,3334092000.0,0.00935007,6496.2
Turkey,ME,1966,31914400.0,18.1672,3402738000.0,0.00937904,6620.4
Turkey,ME,1967,32654800.0,18.9214,3473827000.0,0.00940024,6738.9
Turkey,ME,1968,33395199.999999996,19.675600000000003,3546719000.0,0.0094158,6852.1
Turkey,ME,1969,34135600.0,20.4298,3620809000.0,0.00942762,6960.4
Turkey,ME,1970,34876000.0,21.184,3695944000.0,0.00943629,7064.2
Turkey,ME,1971,35786000.0,22.4533,3771809000.0,0.00948776,7297.0
Turkey,ME,1972,36696000.0,23.7226,3847786000.0,0.00953691,7518.4
Turkey,ME,1973,37606000.0,24.9919,3923766000.0,0.00958416,7729.0
Turkey,ME,1974,38516000.0,26.2612,3999654000.0,0.00962983,7929.6
Turkey,ME,1975,39426000.0,27.530500000000004,4075437000.0,0.00967405,8121.0
Turkey,ME,1976,40336000.0,28.7998,4150660000.0,0.00971797,8303.8
Turkey,ME,1977,41246000.0,30.0691,4225672000.0,0.00976081,8478.5
Turkey,ME,1978,42156000.0,31.3384,4301501000.0,0.0098003,8645.6
Turkey,ME,1979,43066000.0,32.6077,4378004000.0,0.0098369,8805.7
Turkey,ME,1980,43976000.0,33.877,4456394000.0,0.00986807,8959.2
Turkey,ME,1981,44970600.0,36.0408,4535942000.0,0.00991428,9320.6
Turkey,ME,1982,45965200.0,38.2046,4616948000.0,0.00995575,9666.4
Turkey,ME,1983,46959800.0,40.3684,4699604000.0,0.00999229,9997.6
Turkey,ME,1984,47954400.0,42.5322,4784334000.0,0.01002321,10315.0
Turkey,ME,1985,48949000.0,44.696,4871434000.0,0.01004817,10619.5
Turkey,ME,1986,49943600.0,46.8598,4961120000.0,0.010067,10911.9
Turkey,ME,1987,50938200.0,49.0236,5052960000.0,0.01008086,11192.9
Turkey,ME,1988,51932800.0,51.1874,5145733000.0,0.0100924,11463.1
Turkey,ME,1989,52927400.0,53.3512,5237968000.0,0.01010457,11723.1
Turkey,ME,1990,53922000.0,55.515,5328602000.0,0.01011935,11973.6
Turkey,ME,1991,54853800.0,57.9651,5417317000.0,0.01012564,12289.7
Turkey,ME,1992,55785600.0,60.4152,5503880000.0,0.01013569,12595.2
Turkey,ME,1993,56717400.0,62.865300000000005,5588359000.0,0.0101492,12890.6
Turkey,ME,1994,57649200.0,65.3154,5671048000.0,0.01016553,13176.6
Turkey,ME,1995,58581000.0,67.7655,5752408000.0,0.01018374,13453.4
Turkey,ME,1996,59512800.0,70.2156,5832484000.0,0.01020368,13721.5
Turkey,ME,1997,60444600.0,72.6657,5911415000.0,0.01022506,13981.4
Turkey,ME,1998,61376400.0,75.11580000000001,5989470000.0,0.01024738,14233.4
Turkey,ME,1999,62308200.0,77.5659,6067325000.0,0.01026947,14477.9
Turkey,ME,2000,63240000.0,80.016,6145394000.0,0.01029063,14715.1
Turkey,ME,2001,64148700.0,83.2882,6223661000.0,0.01030723,15099.9
Turkey,ME,2002,65057400.0,86.5604,6302453000.0,0.01032255,15474.0
Turkey,ME,2003,65966100.00000001,89.8326,6381858000.0,0.0103365,15837.7
Turkey,ME,2004,66874800.0,93.1048,6461988000.0,0.01034895,16191.6
Turkey,ME,2005,67783500.0,96.377,6542867000.0,0.01035991,16535.9
Turkey,ME,2006,68692200.0,99.6492,6624538000.0,0.01036936,16871.2
Turkey,ME,2007,69600900.0,102.9214,6707018000.0,0.01037732,17197.7
Turkey,ME,2008,70509600.0,106.1936,6790025000.0,0.01038429,17515.8
Turkey,ME,2009,71418300.0,109.4658,6874725000.0,0.01038853,17825.8
Turkey,ME,2010,72327000.0,112.738,6959421000.0,0.01039267,18128.0
Turkey,ME,2011,73528200.0,117.4868,7044266000.0,0.01043802,18583.0
Turkey,ME,2012,74729400.0,122.2356,7129609000.0,0.01048156,19023.3
Turkey,ME,2013,75930600.0,126.9844,7215047000.0,0.01052392,19449.7
Turkey,ME,2014,77131800.0,131.7332,7300248000.0,0.01056564,19862.8
Turkey,ME,2015,78333000.0,136.482,7384880000.0,0.01060721,20263.3
Turkey,ME,2016,79534200.0,141.2308,7469068000.0,0.01064848,20651.7
Turkey,ME,2017,80735400.0,145.9796,7550393000.0,0.01069287,21028.5
Turkey,ME,2018,81936600.0,150.7284,7632955000.0,0.01073458,21394.2
Turkey,ME,2019,83137800.0,155.4772,7714577000.0,0.01077672,21749.4
Turkey,ME,2020,84339000.0,160.226,7795482000.0,0.01081896,22094.5
UK,WE,1820,21239000.0,21.368,1047270000.0,0.02028035,11700.6
UK,WE,1821,21529000.0,21.7726,1052728000.0,0.02045068,11761.6
UK,WE,1822,21819000.0,22.1772,1058224000.0,0.02061851,11820.9
UK,WE,1823,22109000.0,22.5818,1063824000.0,0.02078257,11878.7
UK,WE,1824,22399000.0,22.9864,1069477000.0,0.02094388,11935.0
UK,WE,1825,22689000.0,23.391,1075142000.0,0.02110326,11989.8
UK,WE,1826,22979000.0,23.7956,1080733000.0,0.02126242,12043.3
UK,WE,1827,23269000.0,24.2002,1086318000.0,0.02142006,12095.4
UK,WE,1828,23559000.0,24.6048,1091853000.0,0.02157708,12146.3
UK,WE,1829,23849000.0,25.0094,1097270000.0,0.02173485,12195.9
UK,WE,1830,24139000.0,25.414,1102518000.0,0.02189443,12244.3
UK,WE,1831,24399600.0,26.2075,1108061000.0,0.02202009,12491.7
UK,WE,1832,24660200.0,27.001,1113520000.0,0.02214617,12733.9
UK,WE,1833,24920800.0,27.7945,1119039000.0,0.02226982,12971.1
UK,WE,1834,25181400.0,28.588,1124554000.0,0.02239234,13203.3
UK,WE,1835,25442000.0,29.3815,1130361000.0,0.02250785,13430.8
UK,WE,1836,25702600.0,30.175,1136068000.0,0.02262417,13653.7
UK,WE,1837,25963200.0,30.9685,1141817000.0,0.02273849,13872.1
UK,WE,1838,26223800.0,31.762,1147560000.0,0.02285179,14086.1
UK,WE,1839,26484400.0,32.555499999999995,1153428000.0,0.02296147,14296.0
UK,WE,1840,26745000.0,33.349,1159310000.0,0.02306976,14501.7
UK,WE,1841,26788600.0,34.605799999999995,1165435000.0,0.02298592,15023.8
UK,WE,1842,26832200.0,35.8626,1171545000.0,0.02290326,15544.1
UK,WE,1843,26875800.0,37.1194,1177631000.0,0.02282192,16062.7
UK,WE,1844,26919400.0,38.3762,1183818000.0,0.02273948,16579.7
UK,WE,1845,26963000.0,39.633,1190091000.0,0.02265625,17095.0
UK,WE,1846,27006600.0,40.8898,1196249000.0,0.02257607,17608.6
UK,WE,1847,27050200.0,42.1466,1201397000.0,0.02251562,18120.6
UK,WE,1848,27093800.0,43.403400000000005,1205963000.0,0.02246653,18630.9
UK,WE,1849,27137400.0,44.6602,1211069000.0,0.02240781,19139.6
UK,WE,1850,27181000.0,45.917,1216574000.0,0.02234225,19646.6
UK,WE,1851,27351700.0,47.4502,1218975000.0,0.02243828,20175.9
UK,WE,1852,27522400.0,48.9834,1221557000.0,0.02253059,20698.7
UK,WE,1853,27693100.0,50.5166,1224259000.0,0.0226203,21215.0
UK,WE,1854,27863800.0,52.049800000000005,1226726000.0,0.02271396,21724.9
UK,WE,1855,28034500.0,53.583,1228814000.0,0.02281427,22228.7
UK,WE,1856,28205200.0,55.116200000000006,1231565000.0,0.02290192,22726.4
UK,WE,1857,28375900.0,56.6494,1234524000.0,0.0229853,23218.0
UK,WE,1858,28546600.0,58.1826,1237487000.0,0.0230682,23703.8
UK,WE,1859,28717300.0,59.7158,1240642000.0,0.02314713,24183.8
UK,WE,1860,28888000.0,61.249,1243735000.0,0.02322681,24658.2
UK,WE,1861,29139200.0,62.8654,1247652000.0,0.02335523,25090.8
UK,WE,1862,29390400.0,64.4818,1250707000.0,0.02349903,25515.9
UK,WE,1863,29641600.0,66.0982,1254013000.0,0.02363739,25933.9
UK,WE,1864,29892800.0,67.7146,1257290000.0,0.02377558,26344.8
UK,WE,1865,30144000.0,69.331,1260601000.0,0.0239124,26748.9
UK,WE,1866,30395200.0,70.9474,1263629000.0,0.0240539,27146.3
UK,WE,1867,30646400.0,72.5638,1266809000.0,0.02419181,27537.2
UK,WE,1868,30897600.0,74.1802,1269858000.0,0.02433154,27921.8
UK,WE,1869,31148800.0,75.7966,1271405000.0,0.02449951,28300.1
UK,WE,1870,31400000.0,77.413,1274661000.0,0.024634,28672.4
UK,WE,1871,31722300.0,79.357,1282387000.0,0.02473692,29093.8
UK,WE,1872,32044600.0,81.301,1290858000.0,0.02482426,29506.7
UK,WE,1873,32366900.0,83.24499999999999,1299848000.0,0.02490053,29911.4
UK,WE,1874,32689200.0,85.189,1309013000.0,0.0249724,30308.1
UK,WE,1875,33011500.0,87.133,1318339000.0,0.02504022,30697.1
UK,WE,1876,33333800.000000004,89.077,1327814000.0,0.02510427,31078.5
UK,WE,1877,33656100.0,91.021,1337399000.0,0.02516534,31452.7
UK,WE,1878,33978400.0,92.965,1347055000.0,0.02522421,31819.7
UK,WE,1879,34300700.0,94.909,1356760000.0,0.02528133,32179.9
UK,WE,1880,34623000.0,96.853,1366310000.0,0.02534052,32533.3
UK,WE,1881,34909200.0,98.6491,1376041000.0,0.0253693,32864.9
UK,WE,1882,35195400.0,100.4452,1385750000.0,0.02539809,33191.2
UK,WE,1883,35481600.0,102.2413,1395507000.0,0.0254256,33512.2
UK,WE,1884,35767800.0,104.0374,1405536000.0,0.0254478,33828.1
UK,WE,1885,36054000.0,105.8335,1415514000.0,0.02547061,34138.9
UK,WE,1886,36340200.0,107.6296,1425627000.0,0.02549068,34444.8
UK,WE,1887,36626400.0,109.4257,1435759000.0,0.02551013,34746.0
UK,WE,1888,36912600.0,111.2218,1445944000.0,0.02552837,35042.5
UK,WE,1889,37198800.0,113.0179,1456277000.0,0.02554377,35334.4
UK,WE,1890,37485000.0,114.814,1466582000.0,0.02555943,35621.9
UK,WE,1891,37852000.0,116.9337,1477705000.0,0.0256154,35927.8
UK,WE,1892,38219000.0,119.0534,1488973000.0,0.02566803,36227.8
UK,WE,1893,38586000.0,121.1731,1500286000.0,0.0257191,36522.1
UK,WE,1894,38953000.0,123.2928,1511963000.0,0.0257632,36810.9
UK,WE,1895,39320000.0,125.4125,1523676000.0,0.02580601,37094.3
UK,WE,1896,39687000.0,127.5322,1535655000.0,0.0258437,37372.4
UK,WE,1897,40054000.0,129.65189999999998,1547830000.0,0.02587752,37645.5
UK,WE,1898,40421000.0,131.7716,1560243000.0,0.02590686,37913.6
UK,WE,1899,40788000.0,133.8913,1572611000.0,0.02593648,38176.8
UK,WE,1900,41155000.0,136.011,1584867000.0,0.02596748,38435.4
UK,WE,1901,41531100.0,137.65789999999998,1600044000.0,0.02595622,38548.5
UK,WE,1902,41907200.0,139.3048,1615427000.0,0.02594187,38659.6
UK,WE,1903,42283300.0,140.9517,1630965000.0,0.02592533,38768.7
UK,WE,1904,42659400.0,142.5986,1646581000.0,0.02590787,38875.9
UK,WE,1905,43035500.0,144.2455,1662453000.0,0.02588675,38981.2
UK,WE,1906,43411600.0,145.89239999999998,1678596000.0,0.02586185,39084.7
UK,WE,1907,43787700.0,147.5393,1695030000.0,0.02583299,39186.4
UK,WE,1908,44163800.0,149.1862,1711586000.0,0.02580285,39286.4
UK,WE,1909,44539900.0,150.8331,1728501000.0,0.02576793,39384.7
UK,WE,1910,44916000.0,152.48,1745736000.0,0.02572898,39481.3
UK,WE,1911,45106500.0,152.76209999999998,1762399000.0,0.02559381,39387.3
UK,WE,1912,45297000.0,153.0442,1779061000.0,0.02546118,39294.1
UK,WE,1913,45487500.0,153.3263,1796080000.0,0.02532599,39201.6
UK,WE,1914,45678000.0,153.6084,1808262000.0,0.02526072,39110.0
UK,WE,1915,45868500.0,153.89049999999995,1818401000.0,0.02522463,39019.1
UK,WE,1916,46059000.0,154.1726,1828586000.0,0.02518831,38928.9
UK,WE,1917,46249500.0,154.4547,1839381000.0,0.02514406,38839.5
UK,WE,1918,46440000.0,154.7368,1849942000.0,0.02510349,38750.8
UK,WE,1919,46630500.0,155.01889999999997,1862569000.0,0.02503558,38662.9
UK,WE,1920,46821000.0,155.301,1875297000.0,0.02496725,38575.7
UK,WE,1921,46725500.0,154.68769999999998,1886887000.0,0.02476327,38501.8
UK,WE,1922,46630000.0,154.0744,1903926000.0,0.0244915,38427.7
UK,WE,1923,46534500.0,153.4611,1924127000.0,0.02418473,38353.3
UK,WE,1924,46439000.0,152.8478,1946371000.0,0.02385927,38278.6
UK,WE,1925,46343500.0,152.2345,1968879000.0,0.02353801,38203.6
UK,WE,1926,46248000.0,151.6212,1991829000.0,0.02321886,38128.2
UK,WE,1927,46152500.0,151.0079,2014443000.0,0.0229108,38052.6
UK,WE,1928,46057000.0,150.3946,2036576000.0,0.02261492,37976.6
UK,WE,1929,45961500.0,149.78130000000002,2059103000.0,0.02232113,37900.3
UK,WE,1930,45866000.0,149.168,2080211000.0,0.02204872,37823.7
UK,WE,1931,46102000.0,150.63150000000002,2101812000.0,0.02193441,37999.3
UK,WE,1932,46338000.0,152.095,2121508000.0,0.02184201,38173.1
UK,WE,1933,46574000.0,153.5585,2140973000.0,0.02175366,38345.1
UK,WE,1934,46810000.0,155.022,2161152000.0,0.02165974,38515.4
UK,WE,1935,47046000.0,156.4855,2181702000.0,0.0215639,38684.0
UK,WE,1936,47282000.0,157.949,2203365000.0,0.021459,38850.9
UK,WE,1937,47518000.0,159.4125,2226159000.0,0.02134529,39016.1
UK,WE,1938,47754000.0,160.876,2250491000.0,0.02121937,39179.7
UK,WE,1939,47990000.0,162.3395,2275307000.0,0.02109166,39341.7
UK,WE,1940,48226000.0,163.803,2296743000.0,0.02099756,39502.1
UK,WE,1941,48416100.0,164.391,2313071000.0,0.02093152,39488.3
UK,WE,1942,48606200.0,164.97899999999998,2331578000.0,0.02084691,39474.5
UK,WE,1943,48796300.0,165.567,2350140000.0,0.02076315,39460.9
UK,WE,1944,48986400.0,166.155,2368872000.0,0.02067921,39447.3
UK,WE,1945,49176500.0,166.743,2394093000.0,0.02054076,39433.9
UK,WE,1946,49366600.0,167.331,2419526000.0,0.02040342,39420.6
UK,WE,1947,49556700.0,167.91899999999998,2446628000.0,0.0202551,39407.3
UK,WE,1948,49746800.0,168.507,2473860000.0,0.02010898,39394.2
UK,WE,1949,49936900.0,169.095,2501856000.0,0.01995994,39381.2
UK,WE,1950,50127000.0,169.683,2529794000.0,0.01981466,39368.3
UK,WE,1951,50351500.0,172.0088,2577776000.0,0.01953292,39729.9
UK,WE,1952,50576000.0,174.3346,2624866000.0,0.01926803,40088.4
UK,WE,1953,50800500.0,176.66039999999998,2671465000.0,0.01901597,40443.7
UK,WE,1954,51025000.0,178.9862,2718563000.0,0.01876911,40795.9
UK,WE,1955,51249500.0,181.312,2766430000.0,0.0185255,41145.0
UK,WE,1956,51474000.0,183.6378,2815461000.0,0.01828262,41491.0
UK,WE,1957,51698500.0,185.9636,2866148000.0,0.01803762,41834.0
UK,WE,1958,51923000.0,188.2894,2918168000.0,0.01779301,42174.1
UK,WE,1959,52147500.0,190.6152,2971839000.0,0.01754722,42511.2
UK,WE,1960,52372000.0,192.941,3027112000.0,0.01730098,42845.5
UK,WE,1961,52698000.0,196.8588,3084358000.0,0.01708557,43445.1
UK,WE,1962,53024000.0,200.7766,3143380000.0,0.01686847,44037.3
UK,WE,1963,53350000.0,204.6944,3204489000.0,0.01664852,44622.2
UK,WE,1964,53676000.0,208.6122,3268074000.0,0.01642435,45200.1
UK,WE,1965,54002000.0,212.53,3334092000.0,0.01619691,45771.0
UK,WE,1966,54328000.0,216.4478,3402738000.0,0.01596597,46335.0
UK,WE,1967,54654000.0,220.3656,3473827000.0,0.01573308,46892.3
UK,WE,1968,54980000.0,224.2834,3546719000.0,0.01550165,47443.0
UK,WE,1969,55306000.0,228.2012,3620809000.0,0.01527449,47987.2
UK,WE,1970,55632000.0,232.119,3695944000.0,0.01505218,48525.0
UK,WE,1971,55700200.0,232.3817,3771809000.0,0.0147675,48520.5
UK,WE,1972,55768400.0,232.6444,3847786000.0,0.01449363,48515.9
UK,WE,1973,55836600.0,232.9071,3923766000.0,0.01423036,48511.4
UK,WE,1974,55904800.0,233.1698,3999654000.0,0.01397741,48506.8
UK,WE,1975,55973000.0,233.4325,4075437000.0,0.01373423,48502.3
UK,WE,1976,56041200.0,233.6952,4150660000.0,0.01350176,48497.8
UK,WE,1977,56109400.0,233.9579,4225672000.0,0.01327822,48493.3
UK,WE,1978,56177600.0,234.2206,4301501000.0,0.01306,48488.8
UK,WE,1979,56245800.0,234.4833,4378004000.0,0.01284736,48484.3
UK,WE,1980,56314000.0,234.746,4456394000.0,0.01263667,48479.9
UK,WE,1981,56431900.0,233.684,4535942000.0,0.01244105,48159.7
UK,WE,1982,56549800.0,232.622,4616948000.0,0.01224831,47840.9
UK,WE,1983,56667700.0,231.56,4699604000.0,0.01205797,47523.4
UK,WE,1984,56785600.0,230.498,4784334000.0,0.01186907,47207.2
UK,WE,1985,56903500.0,229.436,4871434000.0,0.01168106,46892.4
UK,WE,1986,57021400.0,228.374,4961120000.0,0.01149365,46578.8
UK,WE,1987,57139300.0,227.312,5052960000.0,0.01130808,46266.6
UK,WE,1988,57257200.0,226.25,5145733000.0,0.01112712,45955.6
UK,WE,1989,57375100.0,225.188,5237968000.0,0.01095369,45645.9
UK,WE,1990,57493000.0,224.126,5328602000.0,0.01078951,45337.4
UK,WE,1991,57695900.0,225.7228,5417317000.0,0.01065027,45499.9
UK,WE,1992,57898800.0,227.3196,5503880000.0,0.01051963,45661.2
UK,WE,1993,58101700.0,228.9164,5588359000.0,0.01039692,45821.3
UK,WE,1994,58304600.0,230.5132,5671048000.0,0.0102811,45980.4
UK,WE,1995,58507500.0,232.11,5752408000.0,0.01017096,46138.3
UK,WE,1996,58710400.0,233.7068,5832484000.0,0.01006611,46295.2
UK,WE,1997,58913300.0,235.3036,5911415000.0,0.00996602,46451.0
UK,WE,1998,59116200.0,236.9004,5989470000.0,0.00987002,46605.7
UK,WE,1999,59319100.0,238.4972,6067325000.0,0.00977681,46759.3
UK,WE,2000,59522000.0,240.094,6145394000.0,0.00968563,46912.0
UK,WE,2001,59900500.0,239.1518,6223661000.0,0.00962464,46432.6
UK,WE,2002,60279000.0,238.2096,6302453000.0,0.00956437,45959.3
UK,WE,2003,60657500.0,237.2674,6381858000.0,0.00950468,45491.8
UK,WE,2004,61036000.0,236.3252,6461988000.0,0.00944539,45030.2
UK,WE,2005,61414500.0,235.383,6542867000.0,0.00938648,44574.2
UK,WE,2006,61793000.0,234.4408,6624538000.0,0.0093279,44123.9
UK,WE,2007,62171500.0,233.4986,6707018000.0,0.00926962,43679.0
UK,WE,2008,62550000.0,232.5564,6790025000.0,0.00921204,43239.5
UK,WE,2009,62928500.0,231.6142,6874725000.0,0.0091536,42805.3
UK,WE,2010,63307000.0,230.672,6959421000.0,0.00909659,42376.3
UK,WE,2011,63764900.0,227.0746,7044266000.0,0.00905203,41415.9
UK,WE,2012,64222800.0,223.4772,7129609000.0,0.0090079,40469.1
UK,WE,2013,64680700.0,219.8798,7215047000.0,0.0089647,39535.8
UK,WE,2014,65138600.0,216.2824,7300248000.0,0.00892279,38615.6
UK,WE,2015,65596500.0,212.685,7384880000.0,0.00888254,37708.2
UK,WE,2016,66054399.99999999,209.0876,7469068000.0,0.00884373,36813.4
UK,WE,2017,66512300.0,205.4902,7550393000.0,0.00880912,35931.0
UK,WE,2018,66970200.0,201.8928,7632955000.0,0.00877382,35060.6
UK,WE,2019,67428100.0,198.2954,7714577000.0,0.00874035,34202.0
UK,WE,2020,67886000.0,194.698,7795482000.0,0.00870838,33355.0
USA,NAm,1820,9981000.0,25.563,1047270000.0,0.00953049,29786.4
USA,NAm,1821,10306900.0,26.496,1052728000.0,0.00979066,29897.3
USA,NAm,1822,10632800.0,27.429,1058224000.0,0.01004778,30001.4
USA,NAm,1823,10958700.0,28.362,1063824000.0,0.01030123,30099.4
USA,NAm,1824,11284600.0,29.295,1069477000.0,0.01055151,30191.7
USA,NAm,1825,11610500.0,30.228,1075142000.0,0.01079904,30278.8
USA,NAm,1826,11936400.0,31.161,1080733000.0,0.01104473,30361.1
USA,NAm,1827,12262300.0,32.094,1086318000.0,0.01128795,30439.1
USA,NAm,1828,12588200.0,33.027,1091853000.0,0.01152921,30513.0
USA,NAm,1829,12914100.0,33.96,1097270000.0,0.0117693,30583.2
USA,NAm,1830,13240000.0,34.893,1102518000.0,0.01200887,30650.0
USA,NAm,1831,13660400.0,36.192,1108061000.0,0.0123282,30812.6
USA,NAm,1832,14080800.0,37.491,1113520000.0,0.0126453,30965.6
USA,NAm,1833,14501200.0,38.79,1119039000.0,0.01295862,31109.7
USA,NAm,1834,14921600.0,40.089,1124554000.0,0.0132689,31245.6
USA,NAm,1835,15342000.0,41.388000000000005,1130361000.0,0.01357266,31374.2
USA,NAm,1836,15762400.0,42.687,1136068000.0,0.01387452,31495.8
USA,NAm,1837,16182800.0,43.986,1141817000.0,0.01417285,31611.2
USA,NAm,1838,16603200.0,45.285,1147560000.0,0.01446826,31720.7
USA,NAm,1839,17023600.0,46.584,1153428000.0,0.01475914,31824.8
USA,NAm,1840,17444000.0,47.883,1159310000.0,0.01504688,31923.8
USA,NAm,1841,18057600.0,49.7379,1165435000.0,0.0154943,32033.7
USA,NAm,1842,18671200.0,51.5928,1171545000.0,0.01593725,32136.4
USA,NAm,1843,19284800.0,53.447700000000005,1177631000.0,0.01637593,32232.5
USA,NAm,1844,19898400.0,55.302600000000005,1183818000.0,0.01680866,32322.7
USA,NAm,1845,20512000.0,57.1575,1190091000.0,0.01723566,32407.5
USA,NAm,1846,21125600.0,59.0124,1196249000.0,0.01765987,32487.3
USA,NAm,1847,21739200.0,60.8673,1201397000.0,0.01809493,32562.7
USA,NAm,1848,22352800.0,62.7222,1205963000.0,0.01853523,32633.9
USA,NAm,1849,22966400.0,64.5771,1211069000.0,0.01896374,32701.3
USA,NAm,1850,23580000.0,66.432,1216574000.0,0.0193823,32765.2
USA,NAm,1851,24405900.0,68.9895,1218975000.0,0.02002166,32875.2
USA,NAm,1852,25231800.0,71.547,1221557000.0,0.02065544,32977.9
USA,NAm,1853,26057700.0,74.1045,1224259000.0,0.02128447,33074.1
USA,NAm,1854,26883600.0,76.662,1226726000.0,0.02191492,33164.4
USA,NAm,1855,27709500.0,79.21950000000001,1228814000.0,0.02254979,33249.3
USA,NAm,1856,28535400.0,81.777,1231565000.0,0.02317003,33329.4
USA,NAm,1857,29361300.0,84.3345,1234524000.0,0.0237835,33404.9
USA,NAm,1858,30187200.0,86.892,1237487000.0,0.02439395,33476.2
USA,NAm,1859,31013100.0,89.4495,1240642000.0,0.02499762,33543.8
USA,NAm,1860,31839000.0,92.007,1243735000.0,0.0255995,33607.9
USA,NAm,1861,32679200.0,93.983,1247652000.0,0.02619256,33447.0
USA,NAm,1862,33519400.0,95.959,1250707000.0,0.02680036,33294.2
USA,NAm,1863,34359600.0,97.935,1254013000.0,0.02739972,33148.9
USA,NAm,1864,35199800.0,99.911,1257290000.0,0.02799656,33010.6
USA,NAm,1865,36040000.0,101.887,1260601000.0,0.02858954,32878.6
USA,NAm,1866,36880200.0,103.863,1263629000.0,0.02918594,32752.7
USA,NAm,1867,37720400.0,105.839,1266809000.0,0.02977592,32632.4
USA,NAm,1868,38560600.0,107.815,1269858000.0,0.03036607,32517.3
USA,NAm,1869,39400800.0,109.791,1271405000.0,0.03098997,32407.2
USA,NAm,1870,40241000.0,111.767,1274661000.0,0.03156996,32301.6
USA,NAm,1871,41262700.0,115.071,1282387000.0,0.03217648,32433.1
USA,NAm,1872,42284400.0,118.375,1290858000.0,0.03275682,32558.1
USA,NAm,1873,43306100.0,121.679,1299848000.0,0.03331628,32677.3
USA,NAm,1874,44327800.0,124.983,1309013000.0,0.03386353,32791.0
USA,NAm,1875,45349500.0,128.28699999999998,1318339000.0,0.03439897,32899.5
USA,NAm,1876,46371200.0,131.591,1327814000.0,0.03492296,33003.3
USA,NAm,1877,47392900.0,134.89499999999998,1337399000.0,0.03543662,33102.6
USA,NAm,1878,48414600.0,138.19899999999998,1347055000.0,0.03594107,33197.7
USA,NAm,1879,49436300.0,141.503,1356760000.0,0.03643703,33288.9
USA,NAm,1880,50458000.0,144.807,1366310000.0,0.03693013,33376.4
USA,NAm,1881,51742400.0,150.48809999999995,1376041000.0,0.03760237,33824.8
USA,NAm,1882,53026800.0,156.1692,1385750000.0,0.03826578,34251.5
USA,NAm,1883,54311200.0,161.8503,1395507000.0,0.03891862,34658.0
USA,NAm,1884,55595600.0,167.5314,1405536000.0,0.03955473,35045.8
USA,NAm,1885,56880000.0,173.21249999999998,1415514000.0,0.04018328,35416.0
USA,NAm,1886,58164400.0,178.8936,1425627000.0,0.04079917,35769.9
USA,NAm,1887,59448800.0,184.5747,1435759000.0,0.04140583,36108.4
USA,NAm,1888,60733200.0,190.2558,1445944000.0,0.04200246,36432.7
USA,NAm,1889,62017600.0,195.9369,1456277000.0,0.0425864,36743.5
USA,NAm,1890,63302000.0,201.618,1466582000.0,0.04316295,37041.8
USA,NAm,1891,64610900.0,208.3311,1477705000.0,0.04372381,37499.7
USA,NAm,1892,65919800.0,215.0442,1488973000.0,0.04427199,37939.5
USA,NAm,1893,67228700.0,221.7573,1500286000.0,0.04481059,38362.1
USA,NAm,1894,68537600.0,228.4704,1511963000.0,0.04533021,38768.7
USA,NAm,1895,69846500.0,235.1835,1523676000.0,0.04584078,39159.9
USA,NAm,1896,71155400.0,241.8966,1535655000.0,0.04633554,39536.8
USA,NAm,1897,72464300.0,248.6097,1547830000.0,0.0468167,39900.1
USA,NAm,1898,73773200.0,255.32280000000003,1560243000.0,0.04728315,40250.4
USA,NAm,1899,75082100.0,262.0359,1572611000.0,0.04774359,40588.6
USA,NAm,1900,76391000.0,268.749,1584867000.0,0.04820026,40915.2
USA,NAm,1901,78028600.0,286.7196,1600044000.0,0.04876653,42735.0
USA,NAm,1902,79666200.0,304.6902,1615427000.0,0.04931588,44479.9
USA,NAm,1903,81303800.0,322.6608,1630965000.0,0.04985012,46154.6
USA,NAm,1904,82941400.0,340.6314,1646581000.0,0.05037189,47763.2
USA,NAm,1905,84579000.0,358.602,1662453000.0,0.05087602,49309.4
USA,NAm,1906,86216600.0,376.5726,1678596000.0,0.05136233,50796.9
USA,NAm,1907,87854200.0,394.5432,1695030000.0,0.05183047,52229.0
USA,NAm,1908,89491800.0,412.5138,1711586000.0,0.05228589,53608.7
USA,NAm,1909,91129400.0,430.4844,1728501000.0,0.05272164,54938.7
USA,NAm,1910,92767000.0,448.455,1745736000.0,0.05313919,56221.8
USA,NAm,1911,94178400.0,460.6458,1762399000.0,0.05343762,56884.7
USA,NAm,1912,95589800.0,472.8366,1779061000.0,0.05373048,57528.0
USA,NAm,1913,97001200.0,485.0274,1796080000.0,0.05400717,58152.6
USA,NAm,1914,98412600.0,497.2182,1808262000.0,0.05442386,58759.2
USA,NAm,1915,99824000.0,509.409,1818401000.0,0.05489658,59348.7
USA,NAm,1916,101235400.0,521.5998,1828586000.0,0.05536267,59921.8
USA,NAm,1917,102646800.0,533.7906,1839381000.0,0.05580508,60479.1
USA,NAm,1918,104058200.0,545.9814,1849942000.0,0.05624944,61021.3
USA,NAm,1919,105469600.0,558.1722000000001,1862569000.0,0.05662588,61548.9
USA,NAm,1920,106881000.0,570.363,1875297000.0,0.05699417,62062.7
USA,NAm,1921,108559700.0,575.8062,1886887000.0,0.05753376,61686.1
USA,NAm,1922,110238400.0,581.2494,1903926000.0,0.05790057,61321.0
USA,NAm,1923,111917100.0,586.6926000000001,1924127000.0,0.05816513,60966.9
USA,NAm,1924,113595800.0,592.1358,1946371000.0,0.05836287,60623.2
USA,NAm,1925,115274500.0,597.579,1968879000.0,0.05854829,60289.5
USA,NAm,1926,116953200.0,603.0222,1991829000.0,0.05871649,59965.4
USA,NAm,1927,118631900.0,608.4654,2014443000.0,0.05889067,59650.5
USA,NAm,1928,120310600.0,613.9086,2036576000.0,0.05907494,59344.4
USA,NAm,1929,121989300.0,619.3517999999999,2059103000.0,0.0592439,59046.7
USA,NAm,1930,123668000.0,624.795,2080211000.0,0.05944974,58757.0
USA,NAm,1931,124564900.0,628.3452,2101812000.0,0.05926548,58665.4
USA,NAm,1932,125461800.0,631.8954,2121508000.0,0.05913803,58575.1
USA,NAm,1933,126358700.0,635.4456,2140973000.0,0.05901929,58486.1
USA,NAm,1934,127255600.0,638.9958,2161152000.0,0.05888323,58398.4
USA,NAm,1935,128152500.0,642.546,2181702000.0,0.05873969,58311.9
USA,NAm,1936,129049400.0,646.0962,2203365000.0,0.05856923,58226.5
USA,NAm,1937,129946300.0,649.6464,2226159000.0,0.05837243,58142.4
USA,NAm,1938,130843200.0,653.1966,2250491000.0,0.05813985,58059.4
USA,NAm,1939,131740100.0,656.7468,2275307000.0,0.05789992,57977.5
USA,NAm,1940,132637000.0,660.297,2296743000.0,0.05775004,57896.8
USA,NAm,1941,134600400.0,683.7178,2313071000.0,0.05819121,59075.9
USA,NAm,1942,136563800.0,707.1386,2331578000.0,0.05857141,60221.1
USA,NAm,1943,138527200.0,730.5594,2350140000.0,0.05894423,61333.8
USA,NAm,1944,140490600.0,753.9802,2368872000.0,0.05930696,62415.5
USA,NAm,1945,142454000.0,777.4010000000001,2394093000.0,0.05950228,63467.3
USA,NAm,1946,144417400.0,800.8217999999999,2419526000.0,0.0596883,64490.5
USA,NAm,1947,146380800.0,824.2426,2446628000.0,0.05982961,65486.3
USA,NAm,1948,148344200.0,847.6634,2473860000.0,0.05996467,66455.8
USA,NAm,1949,150307600.0,871.0842,2501856000.0,0.06007844,67399.8
USA,NAm,1950,152271000.0,894.505,2529794000.0,0.06019107,68319.6
USA,NAm,1951,155111000.0,920.8519,2577776000.0,0.06017241,69044.2
USA,NAm,1952,157951000.0,947.1988,2624866000.0,0.06017488,69742.7
USA,NAm,1953,160791000.0,973.5457,2671465000.0,0.06018832,70416.5
USA,NAm,1954,163631000.0,999.8926,2718563000.0,0.06019025,71066.9
USA,NAm,1955,166471000.0,1026.2395,2766430000.0,0.06017539,71695.2
USA,NAm,1956,169311000.0,1052.5864,2815461000.0,0.06013616,72302.3
USA,NAm,1957,172151000.0,1078.9333,2866148000.0,0.06006354,72889.5
USA,NAm,1958,174991000.0,1105.2802,2918168000.0,0.05996605,73457.5
USA,NAm,1959,177831000.0,1131.6271,2971839000.0,0.05983871,74007.5
USA,NAm,1960,180671000.0,1157.974,3027112000.0,0.05968428,74540.1
USA,NAm,1961,183109100.0,1215.7323,3084358000.0,0.05936701,77216.1
USA,NAm,1962,185547200.0,1273.4906,3143380000.0,0.05902793,79821.7
USA,NAm,1963,187985300.0,1331.2489,3204489000.0,0.05866311,82359.8
USA,NAm,1964,190423400.0,1389.0072,3268074000.0,0.05826777,84832.8
USA,NAm,1965,192861500.0,1446.7655,3334092000.0,0.05784528,87243.3
USA,NAm,1966,195299600.0,1504.5238,3402738000.0,0.05739484,89593.7
USA,NAm,1967,197737700.0,1562.2821,3473827000.0,0.05692215,91886.1
USA,NAm,1968,200175800.0,1620.0404,3546719000.0,0.05643971,94122.6
USA,NAm,1969,202613900.0,1677.7986999999998,3620809000.0,0.05595819,96305.3
USA,NAm,1970,205052000.0,1735.557,3695944000.0,0.05548028,98436.1
USA,NAm,1971,207319400.0,1756.868,3771809000.0,0.05496551,98555.1
USA,NAm,1972,209586800.0,1778.179,3847786000.0,0.05446945,98671.4
USA,NAm,1973,211854200.0,1799.49,3923766000.0,0.05399257,98785.2
USA,NAm,1974,214121600.0,1820.801,3999654000.0,0.05353503,98896.7
USA,NAm,1975,216389000.0,1842.112,4075437000.0,0.0530959,99005.8
USA,NAm,1976,218656400.0,1863.423,4150660000.0,0.05267991,99112.6
USA,NAm,1977,220923800.0,1884.734,4225672000.0,0.05228134,99217.3
USA,NAm,1978,223191200.0,1906.045,4301501000.0,0.05188682,99319.8
USA,NAm,1979,225458600.0,1927.356,4378004000.0,0.05149803,99420.2
USA,NAm,1980,227726000.0,1948.667,4456394000.0,0.05110096,99518.7
USA,NAm,1981,229966600.0,1969.978,4535942000.0,0.05069875,99626.8
USA,NAm,1982,232207200.0,1991.289,4616948000.0,0.05029452,99732.9
USA,NAm,1983,234447800.0,2012.6,4699604000.0,0.04988671,99836.9
USA,NAm,1984,236688400.0,2033.911,4784334000.0,0.04947155,99938.9
USA,NAm,1985,238929000.0,2055.222,4871434000.0,0.04904695,100039.1
USA,NAm,1986,241169600.0,2076.533,4961120000.0,0.04861193,100137.3
USA,NAm,1987,243410200.0,2097.844,5052960000.0,0.0481718,100233.8
USA,NAm,1988,245650800.0,2119.155,5145733000.0,0.04773874,100328.5
USA,NAm,1989,247891400.0,2140.466,5237968000.0,0.04732587,100421.5
USA,NAm,1990,250132000.0,2161.777,5328602000.0,0.04694139,100512.8
USA,NAm,1991,253352700.0,2198.2906000000003,5417317000.0,0.04676719,100911.2
USA,NAm,1992,256573400.0,2234.8042,5503880000.0,0.04661682,101299.6
USA,NAm,1993,259794100.0,2271.3178,5588359000.0,0.04648844,101678.3
USA,NAm,1994,263014800.0,2307.8314,5671048000.0,0.04637852,102047.8
USA,NAm,1995,266235500.0,2344.3450000000003,5752408000.0,0.04628244,102408.3
USA,NAm,1996,269456200.0,2380.8586,5832484000.0,0.04619922,102760.2
USA,NAm,1997,272676900.0,2417.3722,5911415000.0,0.04612718,103103.9
USA,NAm,1998,275897600.0,2453.8858,5989470000.0,0.04606378,103439.4
USA,NAm,1999,279118300.0,2490.3994,6067325000.0,0.04600352,103767.3
USA,NAm,2000,282339000.0,2526.913,6145394000.0,0.04594319,104087.6
USA,NAm,2001,285108900.0,2527.6878,6223661000.0,0.04581048,103108.0
USA,NAm,2002,287878800.0,2528.4626,6302453000.0,0.04567726,102147.2
USA,NAm,2003,290648700.0,2529.2374,6381858000.0,0.04554296,101204.8
USA,NAm,2004,293418600.0,2530.0122,6461988000.0,0.04540686,100280.1
USA,NAm,2005,296188500.0,2530.7870000000003,6542867000.0,0.04526892,99372.7
USA,NAm,2006,298958400.0,2531.5618,6624538000.0,0.04512894,98482.1
USA,NAm,2007,301728300.0,2532.3366,6707018000.0,0.04498695,97607.9
USA,NAm,2008,304498200.0,2533.1114,6790025000.0,0.04484493,96749.6
USA,NAm,2009,307268100.0,2533.8862,6874725000.0,0.04469533,95906.8
USA,NAm,2010,310038000.0,2534.661,6959421000.0,0.0445494,95079.0
USA,NAm,2011,312134500.0,2547.0986000000003,7044266000.0,0.04431044,94903.8
USA,NAm,2012,314231000.0,2559.5362,7129609000.0,0.04407409,94731.0
USA,NAm,2013,316327500.0,2571.9738,7215047000.0,0.04384275,94560.4
USA,NAm,2014,318424000.0,2584.4114,7300248000.0,0.04361824,94392.1
USA,NAm,2015,320520500.0,2596.849,7384880000.0,0.04340226,94226.0
USA,NAm,2016,322617000.0,2609.2866,7469068000.0,0.04319374,94062.0
USA,NAm,2017,324713500.0,2621.7242,7550393000.0,0.04300617,93900.2
USA,NAm,2018,326810000.0,2634.1618,7632955000.0,0.04281566,93740.4
USA,NAm,2019,328906500.0,2646.5994,7714577000.0,0.04263442,93582.7
USA,NAm,2020,331003000.0,2659.037,7795482000.0,0.04246088,93426.9
Uruguay,LA,1820,55000.0,0.021,1047270000.0,5.252e-05,4440.5
Uruguay,LA,1821,56900.0,0.0217,1052728000.0,5.405e-05,4435.3
Uruguay,LA,1822,58800.0,0.0224,1058224000.0,5.556e-05,4430.5
Uruguay,LA,1823,60700.0,0.0231,1063824000.0,5.706e-05,4425.9
Uruguay,LA,1824,62600.0,0.0238,1069477000.0,5.853e-05,4421.6
Uruguay,LA,1825,64500.0,0.0245,1075142000.0,5.999e-05,4417.6
Uruguay,LA,1826,66400.0,0.0252,1080733000.0,6.144e-05,4413.8
Uruguay,LA,1827,68300.0,0.0259,1086318000.0,6.287e-05,4410.2
Uruguay,LA,1828,70200.0,0.0266,1091853000.0,6.429e-05,4406.8
Uruguay,LA,1829,72100.0,0.0273,1097270000.0,6.571e-05,4403.6
Uruguay,LA,1830,74000.0,0.028,1102518000.0,6.712e-05,4400.5
Uruguay,LA,1831,76500.0,0.0289,1108061000.0,6.904e-05,4393.6
Uruguay,LA,1832,79000.0,0.0298,1113520000.0,7.095e-05,4387.0
Uruguay,LA,1833,81500.0,0.0306999999999999,1119039000.0,7.283e-05,4380.9
Uruguay,LA,1834,84000.0,0.0316,1124554000.0,7.47e-05,4375.1
Uruguay,LA,1835,86500.0,0.0325,1130361000.0,7.652e-05,4369.7
Uruguay,LA,1836,89000.0,0.0334,1136068000.0,7.834e-05,4364.5
Uruguay,LA,1837,91500.0,0.0343,1141817000.0,8.014e-05,4359.7
Uruguay,LA,1838,94000.0,0.0351999999999999,1147560000.0,8.191e-05,4355.1
Uruguay,LA,1839,96500.0,0.0361,1153428000.0,8.366e-05,4350.7
Uruguay,LA,1840,99000.0,0.037,1159310000.0,8.54e-05,4346.6
Uruguay,LA,1841,102300.0,0.0384,1165435000.0,8.778e-05,4365.5
Uruguay,LA,1842,105600.0,0.0397999999999999,1171545000.0,9.014e-05,4383.3
Uruguay,LA,1843,108900.0,0.0412,1177631000.0,9.247e-05,4400.0
Uruguay,LA,1844,112200.0,0.0426,1183818000.0,9.478e-05,4415.7
Uruguay,LA,1845,115500.0,0.044,1190091000.0,9.705e-05,4430.5
Uruguay,LA,1846,118800.0,0.0453999999999999,1196249000.0,9.931e-05,4444.5
Uruguay,LA,1847,122100.0,0.0467999999999999,1201397000.0,0.00010163,4457.7
Uruguay,LA,1848,125400.0,0.0481999999999999,1205963000.0,0.00010398,4470.2
Uruguay,LA,1849,128699.99999999999,0.0496,1211069000.0,0.00010627,4482.1
Uruguay,LA,1850,132000.0,0.051,1216574000.0,0.0001085,4493.4
Uruguay,LA,1851,140100.0,0.0564,1218975000.0,0.00011493,4681.9
Uruguay,LA,1852,148200.0,0.0617999999999999,1221557000.0,0.00012132,4849.8
Uruguay,LA,1853,156300.0,0.0672,1224259000.0,0.00012767,5000.2
Uruguay,LA,1854,164400.0,0.0726,1226726000.0,0.00013402,5135.9
Uruguay,LA,1855,172500.0,0.078,1228814000.0,0.00014038,5258.8
Uruguay,LA,1856,180600.0,0.0834,1231565000.0,0.00014664,5370.7
Uruguay,LA,1857,188700.0,0.0887999999999999,1234524000.0,0.00015285,5472.9
Uruguay,LA,1858,196800.0,0.0942,1237487000.0,0.00015903,5566.8
Uruguay,LA,1859,204900.0,0.0996,1240642000.0,0.00016516,5653.2
Uruguay,LA,1860,213000.0,0.105,1243735000.0,0.00017126,5733.1
Uruguay,LA,1861,226000.0,0.1152,1247652000.0,0.00018114,5928.2
Uruguay,LA,1862,239000.0,0.1253999999999999,1250707000.0,0.00019109,6102.1
Uruguay,LA,1863,252000.0,0.1356,1254013000.0,0.00020095,6258.0
Uruguay,LA,1864,265000.0,0.1457999999999999,1257290000.0,0.00021077,6398.7
Uruguay,LA,1865,278000.0,0.156,1260601000.0,0.00022053,6526.2
Uruguay,LA,1866,291000.0,0.1662,1263629000.0,0.00023029,6642.3
Uruguay,LA,1867,304000.0,0.1764,1266809000.0,0.00023997,6748.5
Uruguay,LA,1868,317000.0,0.1866,1269858000.0,0.00024963,6845.9
Uruguay,LA,1869,330000.0,0.1967999999999999,1271405000.0,0.00025956,6935.7
Uruguay,LA,1870,343000.0,0.207,1274661000.0,0.00026909,7018.7
Uruguay,LA,1871,357300.0,0.2118,1282387000.0,0.00027862,6894.0
Uruguay,LA,1872,371600.0,0.2166,1290858000.0,0.00028787,6779.0
Uruguay,LA,1873,385900.0,0.2213999999999999,1299848000.0,0.00029688,6672.4
Uruguay,LA,1874,400200.0,0.2261999999999999,1309013000.0,0.00030573,6573.5
Uruguay,LA,1875,414500.0,0.2309999999999999,1318339000.0,0.00031441,6481.4
Uruguay,LA,1876,428800.0,0.2358,1327814000.0,0.00032294,6395.4
Uruguay,LA,1877,443100.0,0.2406,1337399000.0,0.00033131,6315.0
Uruguay,LA,1878,457400.0,0.2454,1347055000.0,0.00033956,6239.6
Uruguay,LA,1879,471700.0000000001,0.2502,1356760000.0,0.00034767,6168.8
Uruguay,LA,1880,486000.0,0.255,1366310000.0,0.0003557,6102.2
Uruguay,LA,1881,506300.0,0.2718,1376041000.0,0.00036794,6243.4
Uruguay,LA,1882,526600.0,0.2886,1385750000.0,0.00038001,6373.8
Uruguay,LA,1883,546900.0,0.3054,1395507000.0,0.0003919,6494.4
Uruguay,LA,1884,567200.0,0.3222,1405536000.0,0.00040355,6606.5
Uruguay,LA,1885,587500.0,0.3389999999999999,1415514000.0,0.00041504,6710.8
Uruguay,LA,1886,607800.0,0.3558,1425627000.0,0.00042634,6808.1
Uruguay,LA,1887,628100.0,0.3726,1435759000.0,0.00043747,6899.1
Uruguay,LA,1888,648400.0,0.3893999999999999,1445944000.0,0.00044843,6984.5
Uruguay,LA,1889,668700.0,0.4062,1456277000.0,0.00045918,7064.6
Uruguay,LA,1890,689000.0,0.423,1466582000.0,0.0004698,7140.0
Uruguay,LA,1891,717800.0,0.4492,1477705000.0,0.00048575,7278.1
Uruguay,LA,1892,746600.0,0.4754,1488973000.0,0.00050142,7405.4
Uruguay,LA,1893,775400.0,0.5016,1500286000.0,0.00051683,7523.4
Uruguay,LA,1894,804200.0,0.5278,1511963000.0,0.00053189,7632.8
Uruguay,LA,1895,833000.0,0.554,1523676000.0,0.0005467,7734.7
Uruguay,LA,1896,861800.0,0.5802,1535655000.0,0.00056119,7829.8
Uruguay,LA,1897,890600.0,0.6064,1547830000.0,0.00057539,7918.7
Uruguay,LA,1898,919400.0,0.6326,1560243000.0,0.00058927,8002.1
Uruguay,LA,1899,948200.0,0.6588,1572611000.0,0.00060295,8080.4
Uruguay,LA,1900,977000.0,0.685,1584867000.0,0.00061646,8154.1
Uruguay,LA,1901,994300.0,0.7384000000000001,1600044000.0,0.00062142,8636.8
Uruguay,LA,1902,1011600.0,0.7918000000000001,1615427000.0,0.00062621,9103.0
Uruguay,LA,1903,1028900.0000000001,0.8452000000000001,1630965000.0,0.00063085,9553.6
Uruguay,LA,1904,1046200.0,0.8986000000000001,1646581000.0,0.00063538,9989.2
Uruguay,LA,1905,1063500.0,0.952,1662453000.0,0.00063972,10410.7
Uruguay,LA,1906,1080800.0,1.0054,1678596000.0,0.00064387,10818.7
Uruguay,LA,1907,1098100.0,1.0588000000000002,1695030000.0,0.00064784,11213.8
Uruguay,LA,1908,1115400.0,1.1122,1711586000.0,0.00065168,11596.6
Uruguay,LA,1909,1132700.0,1.1656,1728501000.0,0.00065531,11967.8
Uruguay,LA,1910,1150000.0,1.219,1745736000.0,0.00065875,12327.8
Uruguay,LA,1911,1185600.0,1.1997,1762399000.0,0.00067272,11768.3
Uruguay,LA,1912,1221200.0,1.1804,1779061000.0,0.00068643,11241.4
Uruguay,LA,1913,1256800.0,1.1611,1796080000.0,0.00069975,10744.4
Uruguay,LA,1914,1292400.0,1.1418,1808262000.0,0.00071472,10274.8
Uruguay,LA,1915,1328000.0,1.1225,1818401000.0,0.00073031,9830.3
Uruguay,LA,1916,1363600.0,1.1032,1828586000.0,0.00074571,9409.1
Uruguay,LA,1917,1399200.0,1.0839,1839381000.0,0.00076069,9009.3
Uruguay,LA,1918,1434800.0,1.0646,1849942000.0,0.00077559,8629.3
Uruguay,LA,1919,1470400.0,1.0453,1862569000.0,0.00078945,8267.7
Uruguay,LA,1920,1506000.0,1.026,1875297000.0,0.00080307,7923.2
Uruguay,LA,1921,1531500.0,1.0603,1886887000.0,0.00081165,8051.8
Uruguay,LA,1922,1557000.0,1.0946,1903926000.0,0.00081778,8176.1
Uruguay,LA,1923,1582500.0,1.1289,1924127000.0,0.00082245,8296.4
Uruguay,LA,1924,1608000.0,1.1632,1946371000.0,0.00082615,8412.9
Uruguay,LA,1925,1633500.0,1.1975,1968879000.0,0.00082966,8525.8
Uruguay,LA,1926,1659000.0,1.2318,1991829000.0,0.0008329,8635.2
Uruguay,LA,1927,1684500.0,1.2661,2014443000.0,0.00083621,8741.3
Uruguay,LA,1928,1710000.0,1.3004,2036576000.0,0.00083964,8844.2
Uruguay,LA,1929,1735500.0,1.3347,2059103000.0,0.00084284,8944.1
Uruguay,LA,1930,1761000.0,1.369,2080211000.0,0.00084655,9041.2
Uruguay,LA,1931,1785400.0,1.3814,2101812000.0,0.00084946,8998.4
Uruguay,LA,1932,1809800.0,1.3938,2121508000.0,0.00085307,8956.7
Uruguay,LA,1933,1834200.0,1.4062,2140973000.0,0.00085671,8916.2
Uruguay,LA,1934,1858600.0,1.4186,2161152000.0,0.00086,8876.7
Uruguay,LA,1935,1883000.0,1.431,2181702000.0,0.00086309,8838.3
Uruguay,LA,1936,1907400.0,1.4434,2203365000.0,0.00086568,8800.9
Uruguay,LA,1937,1931800.0,1.4558,2226159000.0,0.00086777,8764.3
Uruguay,LA,1938,1956200.0,1.4682000000000002,2250491000.0,0.00086923,8728.7
Uruguay,LA,1939,1980600.0,1.4806,2275307000.0,0.00087048,8694.0
Uruguay,LA,1940,2005000.0,1.493,2296743000.0,0.00087298,8660.1
Uruguay,LA,1941,2028400.0,1.5189,2313071000.0,0.00087693,8708.7
Uruguay,LA,1942,2051800.0000000002,1.5448000000000002,2331578000.0,0.00088,8756.2
Uruguay,LA,1943,2075199.9999999998,1.5707,2350140000.0,0.00088301,8802.6
Uruguay,LA,1944,2098600.0,1.5966,2368872000.0,0.00088591,8848.0
Uruguay,LA,1945,2122000.0,1.6225,2394093000.0,0.00088635,8892.4
Uruguay,LA,1946,2145400.0,1.6484,2419526000.0,0.0008867,8935.8
Uruguay,LA,1947,2168800.0,1.6743,2446628000.0,0.00088644,8978.3
Uruguay,LA,1948,2192200.0,1.7002,2473860000.0,0.00088615,9019.9
Uruguay,LA,1949,2215600.0,1.7261,2501856000.0,0.00088558,9060.5
Uruguay,LA,1950,2239000.0,1.752,2529794000.0,0.00088505,9100.4
Uruguay,LA,1951,2268900.0,1.7997,2577776000.0,0.00088018,9225.0
Uruguay,LA,1952,2298800.0,1.8474,2624866000.0,0.00087578,9346.3
Uruguay,LA,1953,2328700.0,1.8951,2671465000.0,0.00087169,9464.5
Uruguay,LA,1954,2358600.0,1.9428,2718563000.0,0.00086759,9579.7
Uruguay,LA,1955,2388500.0,1.9905,2766430000.0,0.00086339,9692.1
Uruguay,LA,1956,2418400.0,2.0382,2815461000.0,0.00085897,9801.6
Uruguay,LA,1957,2448300.0,2.0859,2866148000.0,0.00085421,9908.5
Uruguay,LA,1958,2478200.0,2.1336,2918168000.0,0.00084923,10012.8
Uruguay,LA,1959,2508100.0,2.1813,2971839000.0,0.00084396,10114.6
Uruguay,LA,1960,2538000.0,2.229,3027112000.0,0.00083842,10214.1
Uruguay,LA,1961,2565000.0,2.283,3084358000.0,0.00083162,10351.4
Uruguay,LA,1962,2592000.0,2.337,3143380000.0,0.00082459,10485.8
Uruguay,LA,1963,2619000.0,2.391,3204489000.0,0.00081729,10617.5
Uruguay,LA,1964,2646000.0,2.4450000000000003,3268074000.0,0.00080965,10746.5
Uruguay,LA,1965,2673000.0,2.499,3334092000.0,0.00080172,10872.9
Uruguay,LA,1966,2700000.0,2.553,3402738000.0,0.00079348,10996.8
Uruguay,LA,1967,2727000.0,2.607,3473827000.0,0.00078501,11118.2
Uruguay,LA,1968,2754000.0,2.661,3546719000.0,0.00077649,11237.3
Uruguay,LA,1969,2781000.0,2.7150000000000003,3620809000.0,0.00076806,11354.0
Uruguay,LA,1970,2808000.0,2.769,3695944000.0,0.00075975,11468.5
Uruguay,LA,1971,2818600.0,2.773,3771809000.0,0.00074728,11441.8
Uruguay,LA,1972,2829200.0,2.777,3847786000.0,0.00073528,11415.4
Uruguay,LA,1973,2839800.0,2.781,3923766000.0,0.00072374,11389.2
Uruguay,LA,1974,2850400.0,2.785,3999654000.0,0.00071266,11363.2
Uruguay,LA,1975,2861000.0,2.789,4075437000.0,0.00070201,11337.3
Uruguay,LA,1976,2871600.0,2.793,4150660000.0,0.00069184,11311.7
Uruguay,LA,1977,2882200.0,2.797,4225672000.0,0.00068207,11286.2
Uruguay,LA,1978,2892800.0,2.801,4301501000.0,0.00067251,11260.9
Uruguay,LA,1979,2903400.0,2.805,4378004000.0,0.00066318,11235.8
Uruguay,LA,1980,2914000.0,2.809,4456394000.0,0.00065389,11210.9
Uruguay,LA,1981,2933200.0,2.7895000000000003,4535942000.0,0.00064666,11060.2
Uruguay,LA,1982,2952400.0,2.77,4616948000.0,0.00063947,10911.5
Uruguay,LA,1983,2971600.0,2.7505,4699604000.0,0.00063231,10764.7
Uruguay,LA,1984,2990800.0,2.731,4784334000.0,0.00062512,10619.7
Uruguay,LA,1985,3010000.0,2.7115,4871434000.0,0.00061789,10476.7
Uruguay,LA,1986,3029200.0,2.692,4961120000.0,0.00061059,10335.4
Uruguay,LA,1987,3048400.0,2.6725,5052960000.0,0.00060329,10195.9
Uruguay,LA,1988,3067600.0,2.653,5145733000.0,0.00059614,10058.2
Uruguay,LA,1989,3086800.0,2.6335,5237968000.0,0.00058931,9922.1
Uruguay,LA,1990,3106000.0,2.614,5328602000.0,0.00058289,9787.8
Uruguay,LA,1991,3127200.0,2.7052,5417317000.0,0.00057726,10060.6
Uruguay,LA,1992,3148400.0,2.7964,5503880000.0,0.00057203,10329.7
Uruguay,LA,1993,3169600.0,2.8876,5588359000.0,0.00056718,10595.3
Uruguay,LA,1994,3190800.0,2.9788,5671048000.0,0.00056265,10857.3
Uruguay,LA,1995,3212000.0,3.07,5752408000.0,0.00055837,11115.8
Uruguay,LA,1996,3233200.0,3.1612,5832484000.0,0.00055434,11371.0
Uruguay,LA,1997,3254400.0,3.2524,5911415000.0,0.00055053,11622.9
Uruguay,LA,1998,3275600.0,3.3436,5989470000.0,0.00054689,11871.4
Uruguay,LA,1999,3296800.0,3.4348,6067325000.0,0.00054337,12116.8
Uruguay,LA,2000,3318000.0,3.526,6145394000.0,0.00053992,12359.1
Uruguay,LA,2001,3323400.0,3.6292,6223661000.0,0.00053399,12700.1
Uruguay,LA,2002,3328800.0,3.7324,6302453000.0,0.00052818,13040.1
Uruguay,LA,2003,3334200.0,3.8356,6381858000.0,0.00052245,13378.9
Uruguay,LA,2004,3339600.0,3.9388,6461988000.0,0.00051681,13716.7
Uruguay,LA,2005,3345000.0,4.042,6542867000.0,0.00051124,14053.4
Uruguay,LA,2006,3350400.0,4.1452,6624538000.0,0.00050576,14388.9
Uruguay,LA,2007,3355800.0,4.2484,6707018000.0,0.00050034,14723.4
Uruguay,LA,2008,3361200.0,4.3516,6790025000.0,0.00049502,15056.9
Uruguay,LA,2009,3366600.0,4.4548,6874725000.0,0.00048971,15389.2
Uruguay,LA,2010,3372000.0,4.558,6959421000.0,0.00048452,15720.5
Uruguay,LA,2011,3382200.0,4.615,7044266000.0,0.00048014,15869.1
Uruguay,LA,2012,3392400.0,4.672,7129609000.0,0.00047582,16016.8
Uruguay,LA,2013,3402600.0,4.729,7215047000.0,0.0004716,16163.6
Uruguay,LA,2014,3412800.0,4.786,7300248000.0,0.00046749,16309.5
Uruguay,LA,2015,3423000.0,4.843,7384880000.0,0.00046351,16454.6
Uruguay,LA,2016,3433200.0,4.9,7469068000.0,0.00045966,16598.8
Uruguay,LA,2017,3443400.0,4.957,7550393000.0,0.00045606,16742.1
Uruguay,LA,2018,3453600.0,5.014,7632955000.0,0.00045246,16884.6
Uruguay,LA,2019,3463800.0,5.071,7714577000.0,0.00044899,17026.3
Uruguay,LA,2020,3474000.0,5.128,7795482000.0,0.00044564,17167.1
Venezuela,LA,1820,718000.0,0.267,1047270000.0,0.00068559,4324.8
Venezuela,LA,1821,734200.0,0.273,1052728000.0,0.00069743,4324.4
Venezuela,LA,1822,750400.0,0.279,1058224000.0,0.00070911,4324.1
Venezuela,LA,1823,766600.0,0.285,1063824000.0,0.00072061,4323.7
Venezuela,LA,1824,782800.0,0.291,1069477000.0,0.00073195,4323.4
Venezuela,LA,1825,799000.0,0.297,1075142000.0,0.00074316,4323.0
Venezuela,LA,1826,815200.0,0.303,1080733000.0,0.0007543,4322.7
Venezuela,LA,1827,831400.0,0.309,1086318000.0,0.00076534,4322.4
Venezuela,LA,1828,847600.0,0.315,1091853000.0,0.00077629,4322.1
Venezuela,LA,1829,863800.0,0.321,1097270000.0,0.00078723,4321.9
Venezuela,LA,1830,880000.0,0.327,1102518000.0,0.00079817,4321.6
Venezuela,LA,1831,900000.0,0.3348,1108061000.0,0.00081223,4326.4
Venezuela,LA,1832,920000.0,0.3426,1113520000.0,0.00082621,4330.9
Venezuela,LA,1833,940000.0,0.3504,1119039000.0,0.00084001,4335.3
Venezuela,LA,1834,960000.0,0.3582,1124554000.0,0.00085367,4339.4
Venezuela,LA,1835,980000.0,0.366,1130361000.0,0.00086698,4343.4
Venezuela,LA,1836,1000000.0,0.3738,1136068000.0,0.00088023,4347.3
Venezuela,LA,1837,1020000.0,0.3816,1141817000.0,0.00089331,4351.0
Venezuela,LA,1838,1040000.0,0.3894,1147560000.0,0.00090627,4354.5
Venezuela,LA,1839,1060000.0,0.3972,1153428000.0,0.000919,4358.0
Venezuela,LA,1840,1080000.0,0.405,1159310000.0,0.00093159,4361.2
Venezuela,LA,1841,1104400.0,0.4153,1165435000.0,0.00094763,4373.4
Venezuela,LA,1842,1128800.0,0.4256,1171545000.0,0.00096351,4384.9
Venezuela,LA,1843,1153200.0,0.4359,1177631000.0,0.00097925,4396.0
Venezuela,LA,1844,1177600.0,0.4462,1183818000.0,0.00099475,4406.7
Venezuela,LA,1845,1202000.0,0.4565,1190091000.0,0.00101001,4416.9
Venezuela,LA,1846,1226400.0,0.4668,1196249000.0,0.0010252,4426.7
Venezuela,LA,1847,1250800.0,0.4771,1201397000.0,0.00104112,4436.1
Venezuela,LA,1848,1275200.0,0.4874,1205963000.0,0.00105741,4445.2
Venezuela,LA,1849,1299600.0,0.4977,1211069000.0,0.0010731,4453.9
Venezuela,LA,1850,1324000.0,0.508,1216574000.0,0.0010883,4462.3
Venezuela,LA,1851,1339500.0,0.5167,1218975000.0,0.00109887,4486.2
Venezuela,LA,1852,1355000.0,0.5254,1221557000.0,0.00110924,4509.5
Venezuela,LA,1853,1370500.0,0.5341,1224259000.0,0.00111945,4532.3
Venezuela,LA,1854,1386000.0,0.5428,1226726000.0,0.00112984,4554.7
Venezuela,LA,1855,1401500.0,0.5515,1228814000.0,0.00114053,4576.5
Venezuela,LA,1856,1417000.0,0.5602,1231565000.0,0.00115057,4597.8
Venezuela,LA,1857,1432500.0,0.5689,1234524000.0,0.00116037,4618.7
Venezuela,LA,1858,1448000.0,0.5776,1237487000.0,0.00117011,4639.1
Venezuela,LA,1859,1463500.0,0.5862999999999999,1240642000.0,0.00117963,4659.2
Venezuela,LA,1860,1479000.0,0.595,1243735000.0,0.00118916,4678.7
Venezuela,LA,1861,1496400.0,0.5922999999999999,1247652000.0,0.00119937,4603.3
Venezuela,LA,1862,1513800.0,0.5896,1250707000.0,0.00121036,4529.7
Venezuela,LA,1863,1531200.0,0.5869,1254013000.0,0.00122104,4457.7
Venezuela,LA,1864,1548600.0,0.5841999999999999,1257290000.0,0.0012317,4387.3
Venezuela,LA,1865,1566000.0,0.5814999999999999,1260601000.0,0.00124226,4318.5
Venezuela,LA,1866,1583400.0,0.5788,1263629000.0,0.00125306,4251.3
Venezuela,LA,1867,1600800.0,0.5761,1266809000.0,0.00126365,4185.4
Venezuela,LA,1868,1618200.0,0.5733999999999999,1269858000.0,0.00127432,4121.0
Venezuela,LA,1869,1635600.0,0.5707,1271405000.0,0.00128645,4058.0
Venezuela,LA,1870,1653000.0,0.568,1274661000.0,0.00129682,3996.3
Venezuela,LA,1871,1677700.0,0.5714999999999999,1282387000.0,0.00130826,3961.7
Venezuela,LA,1872,1702400.0,0.575,1290858000.0,0.00131881,3928.1
Venezuela,LA,1873,1727100.0,0.5785,1299848000.0,0.00132869,3895.5
Venezuela,LA,1874,1751800.0,0.582,1309013000.0,0.00133826,3863.8
Venezuela,LA,1875,1776500.0,0.5854999999999999,1318339000.0,0.00134753,3833.0
Venezuela,LA,1876,1801200.0,0.589,1327814000.0,0.00135652,3803.1
Venezuela,LA,1877,1825900.0,0.5925,1337399000.0,0.00136526,3773.9
Venezuela,LA,1878,1850600.0,0.596,1347055000.0,0.00137381,3745.5
Venezuela,LA,1879,1875300.0,0.5994999999999999,1356760000.0,0.00138219,3717.9
Venezuela,LA,1880,1900000.0,0.603,1366310000.0,0.00139061,3691.0
Venezuela,LA,1881,1928400.0,0.6151,1376041000.0,0.00140141,3709.6
Venezuela,LA,1882,1956800.0,0.6272,1385750000.0,0.00141209,3727.7
Venezuela,LA,1883,1985200.0,0.6393,1395507000.0,0.00142257,3745.2
Venezuela,LA,1884,2013600.0,0.6514,1405536000.0,0.00143262,3762.3
Venezuela,LA,1885,2042000.0,0.6635,1415514000.0,0.00144259,3778.9
Venezuela,LA,1886,2070400.0,0.6756,1425627000.0,0.00145227,3795.0
Venezuela,LA,1887,2098800.0,0.6877,1435759000.0,0.00146181,3810.7
Venezuela,LA,1888,2127200.0,0.6998,1445944000.0,0.00147115,3826.0
Venezuela,LA,1889,2155600.0,0.7119,1456277000.0,0.00148021,3840.9
Venezuela,LA,1890,2184000.0,0.724,1466582000.0,0.00148918,3855.4
Venezuela,LA,1891,2216700.0,0.7387,1477705000.0,0.0015001,3875.6
Venezuela,LA,1892,2249400.0,0.7534,1488973000.0,0.00151071,3895.3
Venezuela,LA,1893,2282100.0,0.7681,1500286000.0,0.00152111,3914.4
Venezuela,LA,1894,2314800.0,0.7827999999999999,1511963000.0,0.00153099,3932.9
Venezuela,LA,1895,2347500.0,0.7975,1523676000.0,0.00154068,3951.0
Venezuela,LA,1896,2380200.0,0.8122,1535655000.0,0.00154996,3968.5
Venezuela,LA,1897,2412900.0,0.8269,1547830000.0,0.00155889,3985.6
Venezuela,LA,1898,2445600.0,0.8416,1560243000.0,0.00156745,4002.2
Venezuela,LA,1899,2478300.0,0.8563,1572611000.0,0.00157591,4018.4
Venezuela,LA,1900,2511000.0,0.871,1584867000.0,0.00158436,4034.1
Venezuela,LA,1901,2526400.0,0.8955,1600044000.0,0.00157896,4122.3
Venezuela,LA,1902,2541800.0,0.92,1615427000.0,0.00157345,4209.5
Venezuela,LA,1903,2557200.0,0.9445,1630965000.0,0.00156791,4295.5
Venezuela,LA,1904,2572600.0,0.969,1646581000.0,0.00156239,4380.6
Venezuela,LA,1905,2588000.0,0.9935,1662453000.0,0.00155674,4464.6
Venezuela,LA,1906,2603400.0,1.018,1678596000.0,0.00155094,4547.6
Venezuela,LA,1907,2618800.0,1.0425,1695030000.0,0.00154499,4629.7
Venezuela,LA,1908,2634200.0,1.0670000000000002,1711586000.0,0.00153904,4710.8
Venezuela,LA,1909,2649600.0,1.0915,1728501000.0,0.00153289,4791.0
Venezuela,LA,1910,2665000.0,1.116,1745736000.0,0.00152658,4870.2
Venezuela,LA,1911,2687500.0,1.1291000000000002,1762399000.0,0.00152491,4886.1
Venezuela,LA,1912,2710000.0,1.1422,1779061000.0,0.00152328,4901.8
Venezuela,LA,1913,2732500.0,1.1553,1796080000.0,0.00152137,4917.2
Venezuela,LA,1914,2755000.0,1.1684,1808262000.0,0.00152356,4932.3
Venezuela,LA,1915,2777500.0,1.1815000000000002,1818401000.0,0.00152744,4947.2
Venezuela,LA,1916,2800000.0,1.1946,1828586000.0,0.00153124,4961.9
Venezuela,LA,1917,2822500.0,1.2077,1839381000.0,0.00153448,4976.3
Venezuela,LA,1918,2845000.0,1.2208,1849942000.0,0.00153789,4990.5
Venezuela,LA,1919,2867500.0,1.2339000000000002,1862569000.0,0.00153954,5004.4
Venezuela,LA,1920,2890000.0,1.247,1875297000.0,0.00154109,5018.2
Venezuela,LA,1921,2920800.0,1.2994,1886887000.0,0.00154795,5173.9
Venezuela,LA,1922,2951600.0,1.3518,1903926000.0,0.00155027,5326.4
Venezuela,LA,1923,2982400.0,1.4042,1924127000.0,0.00155,5475.7
Venezuela,LA,1924,3013200.0,1.4566,1946371000.0,0.00154811,5622.0
Venezuela,LA,1925,3044000.0,1.509,1968879000.0,0.00154606,5765.3
Venezuela,LA,1926,3074800.0,1.5614,1991829000.0,0.00154371,5905.8
Venezuela,LA,1927,3105600.0,1.6138,2014443000.0,0.00154167,6043.4
Venezuela,LA,1928,3136400.0,1.6662,2036576000.0,0.00154004,6178.4
Venezuela,LA,1929,3167200.0,1.7186,2059103000.0,0.00153815,6310.7
Venezuela,LA,1930,3198000.0,1.771,2080211000.0,0.00153734,6440.5
Venezuela,LA,1931,3258500.0,1.8979,2101812000.0,0.00155033,6773.8
Venezuela,LA,1932,3319000.0,2.0248,2121508000.0,0.00156445,7095.0
Venezuela,LA,1933,3379500.0,2.1517,2140973000.0,0.00157849,7404.7
Venezuela,LA,1934,3440000.0,2.2786,2161152000.0,0.00159174,7703.5
Venezuela,LA,1935,3500500.0,2.4055,2181702000.0,0.00160448,7992.0
Venezuela,LA,1936,3561000.0,2.5324,2203365000.0,0.00161616,8270.7
Venezuela,LA,1937,3621500.0,2.6593,2226159000.0,0.00162679,8540.0
Venezuela,LA,1938,3682000.0,2.7862,2250491000.0,0.00163609,8800.5
Venezuela,LA,1939,3742500.0,2.9131,2275307000.0,0.00164483,9052.6
Venezuela,LA,1940,3803000.0,3.04,2296743000.0,0.00165582,9296.7
Venezuela,LA,1941,3932100.0,3.5058,2313071000.0,0.00169995,10369.1
Venezuela,LA,1942,4061200.0,3.9716,2331578000.0,0.00174182,11373.4
Venezuela,LA,1943,4190300.0,4.4374,2350140000.0,0.001783,12315.8
Venezuela,LA,1944,4319400.0,4.9032,2368872000.0,0.0018234,13201.9
Venezuela,LA,1945,4448500.0,5.369,2394093000.0,0.00185811,14036.5
Venezuela,LA,1946,4577600.0,5.8348,2419526000.0,0.00189194,14824.1
Venezuela,LA,1947,4706700.0,6.3006,2446628000.0,0.00192375,15568.4
Venezuela,LA,1948,4835800.0,6.766400000000001,2473860000.0,0.00195476,16273.1
Venezuela,LA,1949,4964900.0,7.232200000000001,2501856000.0,0.00198449,16941.0
Venezuela,LA,1950,5094000.0,7.698,2529794000.0,0.0020136,17575.1
Venezuela,LA,1951,5342500.0,8.627,2577776000.0,0.00207252,18780.0
Venezuela,LA,1952,5591000.0,9.556,2624866000.0,0.00213001,19877.7
Venezuela,LA,1953,5839500.0,10.485,2671465000.0,0.00218588,20882.0
Venezuela,LA,1954,6088000.0,11.414,2718563000.0,0.00223942,21804.3
Venezuela,LA,1955,6336500.0,12.343,2766430000.0,0.0022905,22654.3
Venezuela,LA,1956,6585000.0,13.272,2815461000.0,0.00233887,23440.1
Venezuela,LA,1957,6833500.0,14.201,2866148000.0,0.00238421,24168.8
Venezuela,LA,1958,7082000.0,15.13,2918168000.0,0.00242687,24846.4
Venezuela,LA,1959,7330500.0,16.058999999999997,2971839000.0,0.00246665,25478.0
Venezuela,LA,1960,7579000.0,16.988,3027112000.0,0.00250371,26068.1
Venezuela,LA,1961,7893200.0,17.4271,3084358000.0,0.00255911,25677.4
Venezuela,LA,1962,8207400.0,17.8662,3143380000.0,0.00261101,25316.7
Venezuela,LA,1963,8521600.0,18.3053,3204489000.0,0.00265927,24982.5
Venezuela,LA,1964,8835800.0,18.7444,3268074000.0,0.00270367,24672.1
Venezuela,LA,1965,9150000.0,19.1835,3334092000.0,0.00274438,24383.0
Venezuela,LA,1966,9464200.0,19.6226,3402738000.0,0.00278135,24113.1
Venezuela,LA,1967,9778400.0,20.0617,3473827000.0,0.00281488,23860.5
Venezuela,LA,1968,10092600.0,20.5008,3546719000.0,0.00284562,23623.7
Venezuela,LA,1969,10406800.0,20.9399,3620809000.0,0.00287416,23401.1
Venezuela,LA,1970,10721000.0,21.379,3695944000.0,0.00290075,23191.7
Venezuela,LA,1971,11158000.0,23.2251,3771809000.0,0.00295826,24207.6
Venezuela,LA,1972,11595000.0,25.0712,3847786000.0,0.00301342,25146.9
Venezuela,LA,1973,12032000.0,26.917300000000004,3923766000.0,0.00306644,26018.0
Venezuela,LA,1974,12469000.0,28.763400000000004,3999654000.0,0.00311752,26828.0
Venezuela,LA,1975,12906000.0,30.609500000000004,4075437000.0,0.00316678,27583.2
Venezuela,LA,1976,13343000.0,32.455600000000004,4150660000.0,0.00321467,28288.9
Venezuela,LA,1977,13780000.0,34.301700000000004,4225672000.0,0.00326102,28949.8
Venezuela,LA,1978,14217000.0,36.1478,4301501000.0,0.00330513,29570.2
Venezuela,LA,1979,14654000.0,37.9939,4378004000.0,0.00334719,30153.5
Venezuela,LA,1980,15091000.0,39.84,4456394000.0,0.00338637,30703.0
Venezuela,LA,1981,15555000.0,40.7734,4535942000.0,0.00342928,30485.0
Venezuela,LA,1982,16019000.0,41.7068,4616948000.0,0.00346961,30279.7
Venezuela,LA,1983,16483000.0,42.6402,4699604000.0,0.00350732,30085.9
Venezuela,LA,1984,16947000.0,43.5736,4784334000.0,0.00354219,29902.7
Venezuela,LA,1985,17411000.0,44.507000000000005,4871434000.0,0.0035741,29729.3
Venezuela,LA,1986,17875000.0,45.4404,4961120000.0,0.00360302,29564.9
Venezuela,LA,1987,18339000.0,46.3738,5052960000.0,0.00362936,29408.8
Venezuela,LA,1988,18803000.0,47.3072,5145733000.0,0.0036541,29260.4
Venezuela,LA,1989,19267000.0,48.2406,5237968000.0,0.00367833,29119.1
Venezuela,LA,1990,19731000.0,49.174,5328602000.0,0.00370285,28984.5
Venezuela,LA,1991,20198100.0,50.66,5417317000.0,0.00372843,29169.9
Venezuela,LA,1992,20665200.0,52.146,5503880000.0,0.00375466,29346.8
Venezuela,LA,1993,21132300.0,53.632000000000005,5588359000.0,0.00378149,29516.0
Venezuela,LA,1994,21599400.0,55.118,5671048000.0,0.00380871,29677.8
Venezuela,LA,1995,22066500.0,56.604,5752408000.0,0.00383605,29832.8
Venezuela,LA,1996,22533600.0,58.09,5832484000.0,0.00386347,29981.3
Venezuela,LA,1997,23000700.0,59.57600000000001,5911415000.0,0.0038909,30123.8
Venezuela,LA,1998,23467800.0,61.062000000000005,5989470000.0,0.00391818,30260.7
Venezuela,LA,1999,23934900.0,62.548,6067325000.0,0.00394489,30392.2
Venezuela,LA,2000,24402000.0,64.034,6145394000.0,0.00397078,30518.6
Venezuela,LA,2001,24866100.0,65.08430000000001,6223661000.0,0.00399541,30440.3
Venezuela,LA,2002,25330200.0,66.1346,6302453000.0,0.0040191,30364.8
Venezuela,LA,2003,25794300.0,67.1849,6381858000.0,0.00404182,30292.0
Venezuela,LA,2004,26258400.0,68.2352,6461988000.0,0.00406352,30221.8
Venezuela,LA,2005,26722500.0,69.28550000000001,6542867000.0,0.00408422,30154.0
Venezuela,LA,2006,27186600.0,70.3358,6624538000.0,0.00410392,30088.5
Venezuela,LA,2007,27650700.0,71.3861,6707018000.0,0.00412265,30025.3
Venezuela,LA,2008,28114800.0,72.4364,6790025000.0,0.0041406,29964.1
Venezuela,LA,2009,28578900.0,73.48670000000001,6874725000.0,0.0041571,29904.9
Venezuela,LA,2010,29043000.0,74.537,6959421000.0,0.00417319,29847.7
Venezuela,LA,2011,28982300.0,70.50850000000001,7044266000.0,0.00411431,28293.6
Venezuela,LA,2012,28921600.0,66.48,7129609000.0,0.00405655,26733.0
Venezuela,LA,2013,28860900.0,62.45150000000001,7215047000.0,0.0040001,25165.9
Venezuela,LA,2014,28800200.0,58.423,7300248000.0,0.0039451,23592.2
Venezuela,LA,2015,28739500.0,54.39450000000001,7384880000.0,0.00389167,22011.8
Venezuela,LA,2016,28678800.0,50.36600000000001,7469068000.0,0.00383968,20424.7
Venezuela,LA,2017,28618100.0,46.337500000000006,7550393000.0,0.00379028,18830.9
Venezuela,LA,2018,28557400.0,42.309000000000005,7632955000.0,0.00374133,17230.3
Venezuela,LA,2019,28496700.0,38.2805,7714577000.0,0.00369388,15622.9
Venezuela,LA,2020,28436000.0,34.252,7795482000.0,0.00364775,14008.7
Yugoslavia,EE,1820,5215000.0,2.24,1047270000.0,0.00497961,4995.4
Yugoslavia,EE,1821,5240000.0,2.2507,1052728000.0,0.00497754,4995.4
Yugoslavia,EE,1822,5265000.0,2.2614,1058224000.0,0.00497532,4995.3
Yugoslavia,EE,1823,5290000.0,2.2721,1063824000.0,0.00497263,4995.2
Yugoslavia,EE,1824,5315000.0,2.2828,1069477000.0,0.00496972,4995.1
Yugoslavia,EE,1825,5340000.0,2.2935,1075142000.0,0.00496679,4995.0
Yugoslavia,EE,1826,5365000.0,2.3042,1080733000.0,0.00496422,4994.9
Yugoslavia,EE,1827,5390000.0,2.3149,1086318000.0,0.00496171,4994.9
Yugoslavia,EE,1828,5415000.0,2.3256,1091853000.0,0.00495946,4994.8
Yugoslavia,EE,1829,5440000.0,2.3363,1097270000.0,0.00495776,4994.7
Yugoslavia,EE,1830,5465000.0,2.347,1102518000.0,0.00495684,4994.6
Yugoslavia,EE,1831,5491100.0,2.3582,1108061000.0,0.00495559,4994.6
Yugoslavia,EE,1832,5517200.0,2.3694,1113520000.0,0.00495474,4994.6
Yugoslavia,EE,1833,5543300.0,2.3806,1119039000.0,0.00495363,4994.6
Yugoslavia,EE,1834,5569400.0,2.3918,1124554000.0,0.00495254,4994.5
Yugoslavia,EE,1835,5595500.0,2.403,1130361000.0,0.00495019,4994.5
Yugoslavia,EE,1836,5621600.0,2.4142,1136068000.0,0.0049483,4994.5
Yugoslavia,EE,1837,5647700.0,2.4254,1141817000.0,0.00494624,4994.5
Yugoslavia,EE,1838,5673800.0,2.4366,1147560000.0,0.00494423,4994.5
Yugoslavia,EE,1839,5699900.0,2.4478,1153428000.0,0.0049417,4994.5
Yugoslavia,EE,1840,5726000.0,2.459,1159310000.0,0.00493914,4994.4
Yugoslavia,EE,1841,5753400.0,2.4706,1165435000.0,0.0049367,4994.1
Yugoslavia,EE,1842,5780800.0,2.4822,1171545000.0,0.00493434,4993.8
Yugoslavia,EE,1843,5808200.0,2.4938,1177631000.0,0.00493211,4993.4
Yugoslavia,EE,1844,5835600.0,2.5054000000000003,1183818000.0,0.00492947,4993.1
Yugoslavia,EE,1845,5863000.0,2.5170000000000003,1190091000.0,0.00492651,4992.8
Yugoslavia,EE,1846,5890400.0,2.5286,1196249000.0,0.00492406,4992.5
Yugoslavia,EE,1847,5917800.0,2.5402,1201397000.0,0.00492577,4992.1
Yugoslavia,EE,1848,5945200.0,2.5518,1205963000.0,0.00492984,4991.8
Yugoslavia,EE,1849,5972600.0,2.5634,1211069000.0,0.00493168,4991.5
Yugoslavia,EE,1850,6000000.0,2.575,1216574000.0,0.00493188,4991.2
Yugoslavia,EE,1851,6103600.0,2.6124,1218975000.0,0.00500716,4977.8
Yugoslavia,EE,1852,6207200.0,2.6498,1221557000.0,0.00508138,4964.7
Yugoslavia,EE,1853,6310800.0,2.6872000000000003,1224259000.0,0.00515479,4952.2
Yugoslavia,EE,1854,6414400.0,2.7246,1226726000.0,0.00522888,4940.0
Yugoslavia,EE,1855,6518000.0,2.762,1228814000.0,0.0053043,4928.2
Yugoslavia,EE,1856,6621600.0,2.7994,1231565000.0,0.00537657,4916.8
Yugoslavia,EE,1857,6725200.0,2.8368,1234524000.0,0.00544761,4905.7
Yugoslavia,EE,1858,6828800.0,2.8742,1237487000.0,0.00551828,4895.0
Yugoslavia,EE,1859,6932400.0,2.9116,1240642000.0,0.00558775,4884.6
Yugoslavia,EE,1860,7036000.0,2.949,1243735000.0,0.00565715,4874.5
Yugoslavia,EE,1861,7157600.0,3.002,1247652000.0,0.00573686,4877.8
Yugoslavia,EE,1862,7279200.0,3.055,1250707000.0,0.00582007,4881.0
Yugoslavia,EE,1863,7400800.0,3.108,1254013000.0,0.00590169,4884.1
Yugoslavia,EE,1864,7522400.0,3.161,1257290000.0,0.00598303,4887.1
Yugoslavia,EE,1865,7644000.0,3.214,1260601000.0,0.00606377,4890.0
Yugoslavia,EE,1866,7765600.0,3.267,1263629000.0,0.00614547,4892.8
Yugoslavia,EE,1867,7887200.0,3.32,1266809000.0,0.00622604,4895.5
Yugoslavia,EE,1868,8008800.0,3.373,1269858000.0,0.00630685,4898.1
Yugoslavia,EE,1869,8130400.0,3.426,1271405000.0,0.00639482,4900.7
Yugoslavia,EE,1870,8252000.0,3.479,1274661000.0,0.00647388,4903.1
Yugoslavia,EE,1871,8321000.0,3.5037000000000003,1282387000.0,0.00648868,4897.0
Yugoslavia,EE,1872,8390000.0,3.5284,1290858000.0,0.00649955,4891.0
Yugoslavia,EE,1873,8459000.0,3.5531,1299848000.0,0.00650768,4885.0
Yugoslavia,EE,1874,8528000.0,3.5778,1309013000.0,0.00651483,4879.2
Yugoslavia,EE,1875,8597000.0,3.6025,1318339000.0,0.00652108,4873.5
Yugoslavia,EE,1876,8666000.0,3.6272,1327814000.0,0.00652652,4867.8
Yugoslavia,EE,1877,8735000.0,3.6519,1337399000.0,0.00653133,4862.2
Yugoslavia,EE,1878,8804000.0,3.6766,1347055000.0,0.00653574,4856.8
Yugoslavia,EE,1879,8873000.0,3.7013,1356760000.0,0.00653984,4851.4
Yugoslavia,EE,1880,8942000.0,3.726,1366310000.0,0.00654463,4846.1
Yugoslavia,EE,1881,9016800.0,3.7458,1376041000.0,0.00655271,4831.4
Yugoslavia,EE,1882,9091600.0,3.7656,1385750000.0,0.00656078,4817.0
Yugoslavia,EE,1883,9166400.0,3.7854,1395507000.0,0.00656851,4802.8
Yugoslavia,EE,1884,9241200.0,3.8052,1405536000.0,0.00657486,4788.8
Yugoslavia,EE,1885,9316000.0,3.825,1415514000.0,0.00658135,4775.1
Yugoslavia,EE,1886,9390800.0,3.8448,1425627000.0,0.00658714,4761.6
Yugoslavia,EE,1887,9465600.0,3.8646,1435759000.0,0.00659275,4748.3
Yugoslavia,EE,1888,9540400.0,3.8844,1445944000.0,0.00659804,4735.2
Yugoslavia,EE,1889,9615200.0,3.9042,1456277000.0,0.00660259,4722.3
Yugoslavia,EE,1890,9690000.0,3.924,1466582000.0,0.0066072,4709.6
Yugoslavia,EE,1891,9838400.0,3.9978,1477705000.0,0.00665789,4725.8
Yugoslavia,EE,1892,9986800.0,4.0716,1488973000.0,0.00670717,4741.5
Yugoslavia,EE,1893,10135200.0,4.1454,1500286000.0,0.00675551,4756.8
Yugoslavia,EE,1894,10283600.0,4.2192,1511963000.0,0.00680149,4771.6
Yugoslavia,EE,1895,10432000.0,4.293,1523676000.0,0.0068466,4786.0
Yugoslavia,EE,1896,10580400.0,4.3668,1535655000.0,0.00688983,4800.0
Yugoslavia,EE,1897,10728800.0,4.4406,1547830000.0,0.00693151,4813.6
Yugoslavia,EE,1898,10877200.0,4.5144,1560243000.0,0.00697148,4826.8
Yugoslavia,EE,1899,11025600.0,4.5882,1572611000.0,0.00701102,4839.7
Yugoslavia,EE,1900,11174000.0,4.662,1584867000.0,0.00705043,4852.3
Yugoslavia,EE,1901,11361800.0,4.7045,1600044000.0,0.00710093,4815.6
Yugoslavia,EE,1902,11549600.0,4.747,1615427000.0,0.00714956,4780.0
Yugoslavia,EE,1903,11737400.0,4.7895,1630965000.0,0.0071966,4745.7
Yugoslavia,EE,1904,11925200.0,4.832,1646581000.0,0.0072424,4712.4
Yugoslavia,EE,1905,12113000.0,4.874499999999999,1662453000.0,0.00728622,4680.1
Yugoslavia,EE,1906,12300800.0,4.917,1678596000.0,0.00732803,4648.9
Yugoslavia,EE,1907,12488600.0,4.9595,1695030000.0,0.00736778,4618.5
Yugoslavia,EE,1908,12676400.0,5.002,1711586000.0,0.00740623,4589.1
Yugoslavia,EE,1909,12864200.0,5.044499999999999,1728501000.0,0.0074424,4560.5
Yugoslavia,EE,1910,13052000.0,5.087,1745736000.0,0.0074765,4532.8
Yugoslavia,EE,1911,12989000.0,5.0916,1762399000.0,0.00737007,4558.9
Yugoslavia,EE,1912,12926000.0,5.0962,1779061000.0,0.00726563,4585.2
Yugoslavia,EE,1913,12863000.0,5.1008,1796080000.0,0.00716171,4611.9
Yugoslavia,EE,1914,12800000.0,5.1054,1808262000.0,0.00707862,4638.7
Yugoslavia,EE,1915,12737000.0,5.109999999999999,1818401000.0,0.00700451,4665.9
Yugoslavia,EE,1916,12674000.0,5.1146,1828586000.0,0.00693104,4693.3
Yugoslavia,EE,1917,12611000.0,5.1192,1839381000.0,0.00685611,4721.0
Yugoslavia,EE,1918,12548000.0,5.1238,1849942000.0,0.00678292,4748.9
Yugoslavia,EE,1919,12485000.0,5.1284,1862569000.0,0.00670311,4777.2
Yugoslavia,EE,1920,12422000.0,5.133,1875297000.0,0.00662402,4805.7
Yugoslavia,EE,1921,12620500.0,5.2744,1886887000.0,0.00668853,4860.4
Yugoslavia,EE,1922,12819000.0,5.4158,1903926000.0,0.00673293,4913.5
Yugoslavia,EE,1923,13017500.0,5.5572,1924127000.0,0.00676541,4964.9
Yugoslavia,EE,1924,13216000.0,5.6986,1946371000.0,0.00679007,5014.7
Yugoslavia,EE,1925,13414500.0,5.84,1968879000.0,0.00681327,5063.1
Yugoslavia,EE,1926,13613000.0,5.9814,1991829000.0,0.00683442,5110.1
Yugoslavia,EE,1927,13811500.0,6.1228,2014443000.0,0.00685624,5155.7
Yugoslavia,EE,1928,14010000.0,6.2642,2036576000.0,0.00687919,5200.0
Yugoslavia,EE,1929,14208500.0,6.4056,2059103000.0,0.00690033,5243.1
Yugoslavia,EE,1930,14407000.0,6.547,2080211000.0,0.00692574,5285.0
Yugoslavia,EE,1931,14596300.0,6.594799999999999,2101812000.0,0.00694463,5254.6
Yugoslavia,EE,1932,14785600.0,6.6426,2121508000.0,0.00696938,5224.9
Yugoslavia,EE,1933,14974900.0,6.6904,2140973000.0,0.00699444,5196.0
Yugoslavia,EE,1934,15164200.0,6.7382,2161152000.0,0.00701672,5167.8
Yugoslavia,EE,1935,15353500.0,6.786,2181702000.0,0.0070374,5140.3
Yugoslavia,EE,1936,15542800.0,6.8338,2203365000.0,0.00705412,5113.4
Yugoslavia,EE,1937,15732100.0,6.881600000000001,2226159000.0,0.00706693,5087.2
Yugoslavia,EE,1938,15921400.0,6.9294,2250491000.0,0.00707463,5061.7
Yugoslavia,EE,1939,16110700.0,6.9772,2275307000.0,0.00708067,5036.7
Yugoslavia,EE,1940,16300000.0,7.025,2296743000.0,0.00709701,5012.3
Yugoslavia,EE,1941,16299800.0,7.2489,2313071000.0,0.00704682,5172.1
Yugoslavia,EE,1942,16299600.0,7.4728,2331578000.0,0.0069908,5332.0
Yugoslavia,EE,1943,16299400.0,7.6967,2350140000.0,0.0069355,5491.8
Yugoslavia,EE,1944,16299200.0,7.9206,2368872000.0,0.00688057,5651.6
Yugoslavia,EE,1945,16299000.0,8.1445,2394093000.0,0.00680801,5811.4
Yugoslavia,EE,1946,16298800.0,8.3684,2419526000.0,0.00673636,5971.3
Yugoslavia,EE,1947,16298600.0,8.5923,2446628000.0,0.00666166,6131.1
Yugoslavia,EE,1948,16298400.0,8.8162,2473860000.0,0.00658825,6290.9
Yugoslavia,EE,1949,16298200.0,9.0401,2501856000.0,0.00651444,6450.8
Yugoslavia,EE,1950,16298000.0,9.264,2529794000.0,0.00644242,6610.6
Yugoslavia,EE,1951,16481500.0,9.6763,2577776000.0,0.00639369,6828.0
Yugoslavia,EE,1952,16665000.0,10.0886,2624866000.0,0.0063489,7040.5
Yugoslavia,EE,1953,16848500.0,10.5009,2671465000.0,0.00630684,7248.4
Yugoslavia,EE,1954,17032000.0,10.9132,2718563000.0,0.00626507,7451.9
Yugoslavia,EE,1955,17215500.0,11.3255,2766430000.0,0.006223,7651.0
Yugoslavia,EE,1956,17399000.0,11.7378,2815461000.0,0.00617981,7845.9
Yugoslavia,EE,1957,17582500.0,12.1501,2866148000.0,0.00613454,8036.7
Yugoslavia,EE,1958,17766000.0,12.5624,2918168000.0,0.00608807,8223.6
Yugoslavia,EE,1959,17949500.0,12.9747,2971839000.0,0.00603986,8406.7
Yugoslavia,EE,1960,18133000.0,13.387,3027112000.0,0.0059902,8586.0
Yugoslavia,EE,1961,18303700.0,14.3304,3084358000.0,0.00593436,9105.4
Yugoslavia,EE,1962,18474400.0,15.2738,3143380000.0,0.00587724,9615.2
Yugoslavia,EE,1963,18645100.0,16.217200000000002,3204489000.0,0.00581843,10115.6
Yugoslavia,EE,1964,18815800.0,17.160600000000002,3268074000.0,0.00575746,10606.9
Yugoslavia,EE,1965,18986500.0,18.104,3334092000.0,0.00569465,11089.4
Yugoslavia,EE,1966,19157200.0,19.047400000000003,3402738000.0,0.00562994,11563.3
Yugoslavia,EE,1967,19327900.0,19.9908,3473827000.0,0.00556386,12028.9
Yugoslavia,EE,1968,19498600.0,20.9342,3546719000.0,0.00549764,12486.3
Yugoslavia,EE,1969,19669300.0,21.8776,3620809000.0,0.00543229,12935.7
Yugoslavia,EE,1970,19840000.0,22.821,3695944000.0,0.00536805,13377.4
Yugoslavia,EE,1971,20017500.0,24.3359,3771809000.0,0.00530714,14139.0
Yugoslavia,EE,1972,20195000.0,25.8508,3847786000.0,0.00524847,14887.1
Yugoslavia,EE,1973,20372500.0,27.3657,3923766000.0,0.00519208,15622.2
Yugoslavia,EE,1974,20550000.0,28.8806,3999654000.0,0.00513794,16344.6
Yugoslavia,EE,1975,20727500.0,30.3955,4075437000.0,0.00508596,17054.6
Yugoslavia,EE,1976,20905000.0,31.9104,4150660000.0,0.00503655,17752.6
Yugoslavia,EE,1977,21082500.0,33.4253,4225672000.0,0.00498915,18438.8
Yugoslavia,EE,1978,21260000.0,34.9402,4301501000.0,0.00494246,19113.6
Yugoslavia,EE,1979,21437500.0,36.4551,4378004000.0,0.00489664,19777.2
Yugoslavia,EE,1980,21615000.0,37.97,4456394000.0,0.00485033,20429.8
Yugoslavia,EE,1981,21725500.0,39.0741,4535942000.0,0.00478963,20917.0
Yugoslavia,EE,1982,21836000.0,40.1782,4616948000.0,0.00472953,21399.2
Yugoslavia,EE,1983,21946500.0,41.2823,4699604000.0,0.00466986,21876.5
Yugoslavia,EE,1984,22057000.0,42.3864,4784334000.0,0.00461026,22349.1
Yugoslavia,EE,1985,22167500.0,43.4905,4871434000.0,0.00455051,22816.9
Yugoslavia,EE,1986,22278000.0,44.5946,4961120000.0,0.00449052,23280.2
Yugoslavia,EE,1987,22388500.0,45.6987,5052960000.0,0.00443077,23738.8
Yugoslavia,EE,1988,22499000.0,46.802800000000005,5145733000.0,0.00437236,24192.9
Yugoslavia,EE,1989,22609500.0,47.9069,5237968000.0,0.00431646,24642.6
Yugoslavia,EE,1990,22720000.0,49.011,5328602000.0,0.00426378,25087.9
Yugoslavia,EE,1991,22679900.0,48.0901,5417317000.0,0.00418656,24660.1
Yugoslavia,EE,1992,22639800.0,47.1692,5503880000.0,0.00411343,24230.7
Yugoslavia,EE,1993,22599700.0,46.2483,5588359000.0,0.00404407,23799.8
Yugoslavia,EE,1994,22559600.0,45.3274,5671048000.0,0.00397803,23367.3
Yugoslavia,EE,1995,22519500.0,44.4065,5752408000.0,0.0039148,22933.4
Yugoslavia,EE,1996,22479400.0,43.485600000000005,5832484000.0,0.00385417,22497.8
Yugoslavia,EE,1997,22439300.0,42.5647,5911415000.0,0.00379593,22060.7
Yugoslavia,EE,1998,22399200.0,41.6438,5989470000.0,0.00373976,21622.1
Yugoslavia,EE,1999,22359100.0,40.7229,6067325000.0,0.00368517,21181.9
Yugoslavia,EE,2000,22319000.0,39.802,6145394000.0,0.00363183,20740.1
Yugoslavia,EE,2001,22269100.0,40.3553,6223661000.0,0.00357814,21075.5
Yugoslavia,EE,2002,22219200.0,40.9086,6302453000.0,0.00352548,21412.4
Yugoslavia,EE,2003,22169300.0,41.4619,6381858000.0,0.0034738,21750.9
Yugoslavia,EE,2004,22119400.0,42.0152,6461988000.0,0.003423,22090.9
Yugoslavia,EE,2005,22069500.0,42.5685,6542867000.0,0.00337306,22432.4
Yugoslavia,EE,2006,22019600.0,43.1218,6624538000.0,0.00332395,22775.5
Yugoslavia,EE,2007,21969700.0,43.6751,6707018000.0,0.00327563,23120.1
Yugoslavia,EE,2008,21919800.0,44.2284,6790025000.0,0.00322824,23466.3
Yugoslavia,EE,2009,21869900.0,44.7817,6874725000.0,0.0031812,23814.1
Yugoslavia,EE,2010,21820000.0,45.335,6959421000.0,0.00313532,24163.4
Yugoslavia,EE,2011,21729400.0,45.2539,7044266000.0,0.00308469,24220.8
Yugoslavia,EE,2012,21638800.0,45.1728,7129609000.0,0.00303506,24278.6
Yugoslavia,EE,2013,21548200.0,45.0917,7215047000.0,0.00298656,24336.9
Yugoslavia,EE,2014,21457600.0,45.0106,7300248000.0,0.0029393,24395.7
Yugoslavia,EE,2015,21367000.0,44.9295,7384880000.0,0.00289334,24455.0
Yugoslavia,EE,2016,21276400.0,44.8484,7469068000.0,0.0028486,24514.8
Yugoslavia,EE,2017,21185800.0,44.7673,7550393000.0,0.00280592,24575.1
Yugoslavia,EE,2018,21095200.0,44.6862,7632955000.0,0.0027637,24636.0
Yugoslavia,EE,2019,21004600.0,44.6051,7714577000.0,0.00272272,24697.3
Yugoslavia,EE,2020,20914000.0,44.524,7795482000.0,0.00268284,24759.2
Zambia,Af,1820,800000.0,0.34,1047270000.0,0.00076389,4942.8
Zambia,Af,1821,802000.0,0.3409,1052728000.0,0.00076183,4943.5
Zambia,Af,1822,804000.0,0.3418,1058224000.0,0.00075976,4944.2
Zambia,Af,1823,806000.0,0.3427,1063824000.0,0.00075764,4944.9
Zambia,Af,1824,808000.0,0.3436,1069477000.0,0.00075551,4945.6
Zambia,Af,1825,810000.0,0.3445,1075142000.0,0.00075339,4946.3
Zambia,Af,1826,812000.0,0.3454,1080733000.0,0.00075134,4947.0
Zambia,Af,1827,814000.0,0.3463,1086318000.0,0.00074932,4947.8
Zambia,Af,1828,816000.0,0.3472,1091853000.0,0.00074735,4948.5
Zambia,Af,1829,818000.0,0.3480999999999999,1097270000.0,0.00074549,4949.1
Zambia,Af,1830,820000.0,0.349,1102518000.0,0.00074375,4949.8
Zambia,Af,1831,822100.0,0.3499,1108061000.0,0.00074193,4949.9
Zambia,Af,1832,824200.0,0.3508,1113520000.0,0.00074018,4950.0
Zambia,Af,1833,826300.0,0.3516999999999999,1119039000.0,0.0007384,4950.1
Zambia,Af,1834,828400.0,0.3525999999999999,1124554000.0,0.00073665,4950.2
Zambia,Af,1835,830500.0,0.3535,1130361000.0,0.00073472,4950.3
Zambia,Af,1836,832600.0,0.3544,1136068000.0,0.00073288,4950.4
Zambia,Af,1837,834700.0,0.3553,1141817000.0,0.00073103,4950.4
Zambia,Af,1838,836800.0,0.3561999999999999,1147560000.0,0.0007292,4950.5
Zambia,Af,1839,838900.0,0.3571,1153428000.0,0.00072731,4950.6
Zambia,Af,1840,841000.0,0.358,1159310000.0,0.00072543,4950.7
Zambia,Af,1841,843100.0,0.3589,1165435000.0,0.00072342,4950.8
Zambia,Af,1842,845200.0,0.3598,1171545000.0,0.00072144,4950.9
Zambia,Af,1843,847300.0,0.3606999999999999,1177631000.0,0.0007195,4951.0
Zambia,Af,1844,849400.0,0.3616,1183818000.0,0.00071751,4951.0
Zambia,Af,1845,851500.0,0.3625,1190091000.0,0.00071549,4951.1
Zambia,Af,1846,853600.0,0.3634,1196249000.0,0.00071356,4951.2
Zambia,Af,1847,855700.0,0.3643,1201397000.0,0.00071225,4951.3
Zambia,Af,1848,857800.0,0.3651999999999999,1205963000.0,0.0007113,4951.4
Zambia,Af,1849,859900.0,0.3661,1211069000.0,0.00071003,4951.4
Zambia,Af,1850,862000.0,0.367,1216574000.0,0.00070855,4951.5
Zambia,Af,1851,868200.0,0.3693,1218975000.0,0.00071224,4947.0
Zambia,Af,1852,874400.0,0.3716,1221557000.0,0.00071581,4942.5
Zambia,Af,1853,880600.0,0.3739,1224259000.0,0.00071929,4938.1
Zambia,Af,1854,886800.0,0.3762,1226726000.0,0.0007229,4933.7
Zambia,Af,1855,893000.0,0.3785,1228814000.0,0.00072672,4929.4
Zambia,Af,1856,899200.0,0.3808,1231565000.0,0.00073013,4925.2
Zambia,Af,1857,905400.0,0.3831,1234524000.0,0.0007334,4921.0
Zambia,Af,1858,911600.0,0.3854,1237487000.0,0.00073665,4916.9
Zambia,Af,1859,917800.0,0.3877,1240642000.0,0.00073978,4912.8
Zambia,Af,1860,924000.0,0.39,1243735000.0,0.00074292,4908.8
Zambia,Af,1861,930500.0,0.3921,1247652000.0,0.0007458,4900.7
Zambia,Af,1862,937000.0,0.3942,1250707000.0,0.00074918,4892.8
Zambia,Af,1863,943500.0,0.3963,1254013000.0,0.00075238,4885.0
Zambia,Af,1864,950000.0,0.3984,1257290000.0,0.00075559,4877.3
Zambia,Af,1865,956500.0,0.4004999999999999,1260601000.0,0.00075877,4869.6
Zambia,Af,1866,963000.0,0.4026,1263629000.0,0.00076209,4862.1
Zambia,Af,1867,969500.0,0.4047,1266809000.0,0.00076531,4854.7
Zambia,Af,1868,976000.0,0.4068,1269858000.0,0.00076859,4847.4
Zambia,Af,1869,982500.0,0.4089,1271405000.0,0.00077277,4840.2
Zambia,Af,1870,989000.0,0.411,1274661000.0,0.00077589,4833.1
Zambia,Af,1871,996100.0,0.4145,1282387000.0,0.00077675,4839.5
Zambia,Af,1872,1003200.0,0.418,1290858000.0,0.00077716,4845.8
Zambia,Af,1873,1010300.0,0.4215,1299848000.0,0.00077724,4852.1
Zambia,Af,1874,1017400.0,0.425,1309013000.0,0.00077723,4858.2
Zambia,Af,1875,1024500.0,0.4285,1318339000.0,0.00077711,4864.3
Zambia,Af,1876,1031599.9999999999,0.432,1327814000.0,0.00077692,4870.3
Zambia,Af,1877,1038700.0,0.4355,1337399000.0,0.00077666,4876.2
Zambia,Af,1878,1045800.0,0.439,1347055000.0,0.00077636,4882.0
Zambia,Af,1879,1052900.0,0.4425,1356760000.0,0.00077604,4887.7
Zambia,Af,1880,1060000.0,0.446,1366310000.0,0.00077581,4893.4
Zambia,Af,1881,1069700.0,0.45,1376041000.0,0.00077738,4892.5
Zambia,Af,1882,1079400.0,0.454,1385750000.0,0.00077893,4891.6
Zambia,Af,1883,1089100.0,0.458,1395507000.0,0.00078043,4890.8
Zambia,Af,1884,1098800.0,0.462,1405536000.0,0.00078177,4889.9
Zambia,Af,1885,1108500.0,0.4659999999999999,1415514000.0,0.00078311,4889.1
Zambia,Af,1886,1118200.0,0.47,1425627000.0,0.00078436,4888.3
Zambia,Af,1887,1127900.0,0.474,1435759000.0,0.00078558,4887.5
Zambia,Af,1888,1137600.0,0.478,1445944000.0,0.00078675,4886.7
Zambia,Af,1889,1147300.0,0.482,1456277000.0,0.00078783,4886.0
Zambia,Af,1890,1157000.0,0.486,1466582000.0,0.00078891,4885.2
Zambia,Af,1891,1167700.0,0.4889,1477705000.0,0.00079021,4869.3
Zambia,Af,1892,1178400.0,0.4918,1488973000.0,0.00079142,4853.7
Zambia,Af,1893,1189100.0,0.4947,1500286000.0,0.00079258,4838.4
Zambia,Af,1894,1199800.0,0.4976,1511963000.0,0.00079354,4823.4
Zambia,Af,1895,1210500.0,0.5005,1523676000.0,0.00079446,4808.6
Zambia,Af,1896,1221200.0,0.5034,1535655000.0,0.00079523,4794.1
Zambia,Af,1897,1231900.0,0.5063,1547830000.0,0.00079589,4779.8
Zambia,Af,1898,1242600.0,0.5092,1560243000.0,0.00079641,4765.8
Zambia,Af,1899,1253300.0,0.5121,1572611000.0,0.00079695,4752.0
Zambia,Af,1900,1264000.0,0.515,1584867000.0,0.00079754,4738.5
Zambia,Af,1901,1275600.0,0.5204,1600044000.0,0.00079723,4744.6
Zambia,Af,1902,1287200.0,0.5258,1615427000.0,0.00079682,4750.7
Zambia,Af,1903,1298800.0,0.5312,1630965000.0,0.00079634,4756.6
Zambia,Af,1904,1310400.0,0.5366,1646581000.0,0.00079583,4762.4
Zambia,Af,1905,1322000.0,0.542,1662453000.0,0.00079521,4768.1
Zambia,Af,1906,1333600.0,0.5474,1678596000.0,0.00079447,4773.7
Zambia,Af,1907,1345200.0,0.5528,1695030000.0,0.00079361,4779.3
Zambia,Af,1908,1356800.0,0.5581999999999999,1711586000.0,0.00079272,4784.7
Zambia,Af,1909,1368400.0,0.5636,1728501000.0,0.00079167,4790.0
Zambia,Af,1910,1380000.0,0.569,1745736000.0,0.0007905,4795.3
Zambia,Af,1911,1402900.0,0.5769,1762399000.0,0.00079602,4782.5
Zambia,Af,1912,1425800.0,0.5848,1779061000.0,0.00080143,4770.1
Zambia,Af,1913,1448700.0,0.5927,1796080000.0,0.00080659,4758.1
Zambia,Af,1914,1471600.0,0.6006,1808262000.0,0.00081382,4746.5
Zambia,Af,1915,1494500.0,0.6085,1818401000.0,0.00082188,4735.3
Zambia,Af,1916,1517400.0,0.6164,1828586000.0,0.00082982,4724.4
Zambia,Af,1917,1540300.0,0.6243,1839381000.0,0.0008374,4713.8
Zambia,Af,1918,1563200.0,0.6322,1849942000.0,0.000845,4703.5
Zambia,Af,1919,1586100.0,0.6401,1862569000.0,0.00085157,4693.5
Zambia,Af,1920,1609000.0,0.648,1875297000.0,0.000858,4683.8
Zambia,Af,1921,1635800.0,0.6694,1886887000.0,0.00086693,4759.2
Zambia,Af,1922,1662600.0,0.6908,1903926000.0,0.00087325,4832.2
Zambia,Af,1923,1689400.0,0.7121999999999999,1924127000.0,0.00087801,4902.9
Zambia,Af,1924,1716200.0,0.7336,1946371000.0,0.00088174,4971.3
Zambia,Af,1925,1743000.0,0.755,1968879000.0,0.00088528,5037.7
Zambia,Af,1926,1769800.0,0.7764,1991829000.0,0.00088853,5102.0
Zambia,Af,1927,1796600.0,0.7978,2014443000.0,0.00089186,5164.4
Zambia,Af,1928,1823400.0,0.8191999999999999,2036576000.0,0.00089533,5225.0
Zambia,Af,1929,1850200.0,0.8406,2059103000.0,0.00089855,5283.8
Zambia,Af,1930,1877000.0,0.862,2080211000.0,0.00090231,5341.0
Zambia,Af,1931,1908200.0,0.89,2101812000.0,0.00090788,5424.3
Zambia,Af,1932,1939400.0,0.918,2121508000.0,0.00091416,5505.0
Zambia,Af,1933,1970600.0,0.946,2140973000.0,0.00092042,5583.1
Zambia,Af,1934,2001800.0,0.974,2161152000.0,0.00092627,5658.7
Zambia,Af,1935,2033000.0,1.002,2181702000.0,0.00093184,5732.1
Zambia,Af,1936,2064199.9999999998,1.0299999999999998,2203365000.0,0.00093684,5803.2
Zambia,Af,1937,2095400.0,1.0579999999999998,2226159000.0,0.00094126,5872.2
Zambia,Af,1938,2126600.0,1.086,2250491000.0,0.00094495,5939.1
Zambia,Af,1939,2157800.0,1.114,2275307000.0,0.00094836,6004.2
Zambia,Af,1940,2189000.0,1.142,2296743000.0,0.00095309,6067.4
Zambia,Af,1941,2225400.0,1.1786,2313071000.0,0.0009621,6159.4
Zambia,Af,1942,2261800.0,1.2151999999999998,2331578000.0,0.00097007,6248.5
Zambia,Af,1943,2298200.0,1.2518,2350140000.0,0.0009779,6334.7
Zambia,Af,1944,2334600.0,1.2884,2368872000.0,0.00098553,6418.3
Zambia,Af,1945,2371000.0,1.325,2394093000.0,0.00099035,6499.3
Zambia,Af,1946,2407400.0,1.3616,2419526000.0,0.00099499,6577.8
Zambia,Af,1947,2443800.0,1.3982,2446628000.0,0.00099884,6654.0
Zambia,Af,1948,2480200.0,1.4348,2473860000.0,0.00100256,6728.0
Zambia,Af,1949,2516600.0,1.4714,2501856000.0,0.00100589,6799.8
Zambia,Af,1950,2553000.0,1.508,2529794000.0,0.00100917,6869.6
Zambia,Af,1951,2623100.0,1.5801,2577776000.0,0.00101758,7005.7
Zambia,Af,1952,2693200.0,1.6522,2624866000.0,0.00102603,7134.7
Zambia,Af,1953,2763300.0,1.7243,2671465000.0,0.00103438,7257.1
Zambia,Af,1954,2833400.0,1.7964,2718563000.0,0.00104224,7373.5
Zambia,Af,1955,2903500.0,1.8685,2766430000.0,0.00104955,7484.3
Zambia,Af,1956,2973600.0,1.9406,2815461000.0,0.00105617,7589.9
Zambia,Af,1957,3043700.0,2.0127,2866148000.0,0.00106195,7690.5
Zambia,Af,1958,3113800.0,2.0848,2918168000.0,0.00106704,7786.7
Zambia,Af,1959,3183900.0,2.1569000000000003,2971839000.0,0.00107136,7878.6
Zambia,Af,1960,3254000.0,2.229,3027112000.0,0.00107495,7966.6
Zambia,Af,1961,3353800.0,2.2809,3084358000.0,0.00108736,7909.5
Zambia,Af,1962,3453600.0,2.3328,3143380000.0,0.00109869,7855.7
Zambia,Af,1963,3553400.0,2.3847,3204489000.0,0.00110888,7804.9
Zambia,Af,1964,3653200.0,2.4366000000000003,3268074000.0,0.00111784,7756.9
Zambia,Af,1965,3753000.0,2.4885,3334092000.0,0.00112564,7711.5
Zambia,Af,1966,3852800.0,2.5404,3402738000.0,0.00113226,7668.4
Zambia,Af,1967,3952600.0,2.5923000000000003,3473827000.0,0.00113782,7627.5
Zambia,Af,1968,4052400.0,2.6442,3546719000.0,0.00114258,7588.6
Zambia,Af,1969,4152200.0,2.6961000000000004,3620809000.0,0.00114676,7551.6
Zambia,Af,1970,4252000.0,2.748,3695944000.0,0.00115045,7516.3
Zambia,Af,1971,4396800.0,2.8407,3771809000.0,0.0011657,7514.0
Zambia,Af,1972,4541600.0,2.9334,3847786000.0,0.00118032,7511.8
Zambia,Af,1973,4686400.0,3.0261,3923766000.0,0.00119436,7509.7
Zambia,Af,1974,4831200.0,3.1188,3999654000.0,0.0012079,7507.8
Zambia,Af,1975,4976000.0,3.2115,4075437000.0,0.00122097,7506.0
Zambia,Af,1976,5120800.0,3.3042,4150660000.0,0.00123373,7504.3
Zambia,Af,1977,5265600.0,3.3969,4225672000.0,0.0012461,7502.6
Zambia,Af,1978,5410400.0,3.4896,4301501000.0,0.00125779,7501.1
Zambia,Af,1979,5555200.0,3.5823,4378004000.0,0.00126889,7499.7
Zambia,Af,1980,5700000.0,3.675,4456394000.0,0.00127906,7498.3
Zambia,Af,1981,5924200.0,3.6663,4535942000.0,0.00130606,7197.4
Zambia,Af,1982,6148400.0,3.6576,4616948000.0,0.0013317,6918.5
Zambia,Af,1983,6372600.0,3.6489,4699604000.0,0.00135599,6659.2
Zambia,Af,1984,6596800.0,3.6402,4784334000.0,0.00137883,6417.6
Zambia,Af,1985,6821000.0,3.6315,4871434000.0,0.0014002,6191.8
Zambia,Af,1986,7045200.0,3.6228,4961120000.0,0.00142008,5980.4
Zambia,Af,1987,7269400.0,3.6141,5052960000.0,0.00143864,5782.0
Zambia,Af,1988,7493600.0,3.6054,5145733000.0,0.00145627,5595.5
Zambia,Af,1989,7717800.0,3.5967,5237968000.0,0.00147343,5419.9
Zambia,Af,1990,7942000.0,3.588,5328602000.0,0.00149045,5254.1
Zambia,Af,1991,8200900.0,3.6031,5417317000.0,0.00151383,5109.7
Zambia,Af,1992,8459800.0,3.6182,5503880000.0,0.00153706,4974.1
Zambia,Af,1993,8718700.0,3.6333,5588359000.0,0.00156015,4846.5
Zambia,Af,1994,8977600.0,3.6484,5671048000.0,0.00158306,4726.3
Zambia,Af,1995,9236500.0,3.6635,5752408000.0,0.00160568,4612.8
Zambia,Af,1996,9495400.0,3.6786,5832484000.0,0.00162802,4505.6
Zambia,Af,1997,9754300.0,3.6937,5911415000.0,0.00165008,4404.0
Zambia,Af,1998,10013200.0,3.7088,5989470000.0,0.0016718,4307.6
Zambia,Af,1999,10272100.0,3.7239,6067325000.0,0.00169302,4216.2
Zambia,Af,2000,10531000.0,3.739,6145394000.0,0.00171364,4129.2
Zambia,Af,2001,10862900.0,3.8533,6223661000.0,0.00174542,4125.4
Zambia,Af,2002,11194800.0,3.9676,6302453000.0,0.00177626,4121.8
Zambia,Af,2003,11526700.0,4.0819,6381858000.0,0.00180617,4118.5
Zambia,Af,2004,11858600.0,4.1962,6461988000.0,0.00183513,4115.3
Zambia,Af,2005,12190500.0,4.310499999999999,6542867000.0,0.00186317,4112.3
Zambia,Af,2006,12522400.0,4.424799999999999,6624538000.0,0.00189031,4109.5
Zambia,Af,2007,12854300.0,4.5391,6707018000.0,0.00191654,4106.8
Zambia,Af,2008,13186200.0,4.6534,6790025000.0,0.001942,4104.2
Zambia,Af,2009,13518100.0,4.7677,6874725000.0,0.00196635,4101.8
Zambia,Af,2010,13850000.0,4.882,6959421000.0,0.00199011,4099.5
Zambia,Af,2011,14303400.0,5.1412,7044266000.0,0.0020305,4180.3
Zambia,Af,2012,14756800.0,5.400399999999999,7129609000.0,0.00206979,4256.1
Zambia,Af,2013,15210200.0,5.659599999999999,7215047000.0,0.00210812,4327.4
Zambia,Af,2014,15663600.0,5.9188,7300248000.0,0.00214563,4394.6
Zambia,Af,2015,16117000.0,6.178,7384880000.0,0.00218243,4458.0
Zambia,Af,2016,16570400.000000002,6.4372,7469068000.0,0.00221854,4518.0
Zambia,Af,2017,17023800.0,6.6964,7550393000.0,0.00225469,4574.7
Zambia,Af,2018,17477200.0,6.9556,7632955000.0,0.0022897,4628.5
Zambia,Af,2019,17930600.0,7.2148,7714577000.0,0.00232425,4679.6
Zambia,Af,2020,18384000.0,7.474,7795482000.0,0.00235829,4728.2
Zimbabwe,Af,1820,744000.0,0.316,1047270000.0,0.00071042,4939.6
Zimbabwe,Af,1821,745000.0,0.3165,1052728000.0,0.00070769,4940.8
Zimbabwe,Af,1822,746000.0,0.317,1058224000.0,0.00070495,4942.0
Zimbabwe,Af,1823,747000.0,0.3175,1063824000.0,0.00070218,4943.1
Zimbabwe,Af,1824,748000.0,0.318,1069477000.0,0.00069941,4944.3
Zimbabwe,Af,1825,749000.0,0.3185,1075142000.0,0.00069665,4945.5
Zimbabwe,Af,1826,750000.0,0.319,1080733000.0,0.00069397,4946.6
Zimbabwe,Af,1827,751000.0,0.3195,1086318000.0,0.00069133,4947.8
Zimbabwe,Af,1828,752000.0,0.32,1091853000.0,0.00068874,4948.9
Zimbabwe,Af,1829,753000.0,0.3205,1097270000.0,0.00068625,4950.1
Zimbabwe,Af,1830,754000.0,0.321,1102518000.0,0.00068389,4951.2
Zimbabwe,Af,1831,756600.0,0.3221,1108061000.0,0.00068281,4951.1
Zimbabwe,Af,1832,759200.0,0.3232,1113520000.0,0.0006818,4951.0
Zimbabwe,Af,1833,761800.0,0.3243,1119039000.0,0.00068076,4950.9
Zimbabwe,Af,1834,764400.0,0.3254,1124554000.0,0.00067974,4950.8
Zimbabwe,Af,1835,767000.0,0.3265,1130361000.0,0.00067854,4950.7
Zimbabwe,Af,1836,769600.0,0.3276,1136068000.0,0.00067742,4950.6
Zimbabwe,Af,1837,772200.0,0.3287,1141817000.0,0.00067629,4950.5
Zimbabwe,Af,1838,774800.0,0.3298,1147560000.0,0.00067517,4950.4
Zimbabwe,Af,1839,777400.0,0.3309,1153428000.0,0.00067399,4950.3
Zimbabwe,Af,1840,780000.0,0.332,1159310000.0,0.00067281,4950.2
Zimbabwe,Af,1841,780200.0,0.3321,1165435000.0,0.00066945,4950.4
Zimbabwe,Af,1842,780400.0,0.3322,1171545000.0,0.00066613,4950.6
Zimbabwe,Af,1843,780600.0,0.3323,1177631000.0,0.00066286,4950.9
Zimbabwe,Af,1844,780800.0,0.3324,1183818000.0,0.00065956,4951.1
Zimbabwe,Af,1845,781000.0,0.3325,1190091000.0,0.00065625,4951.3
Zimbabwe,Af,1846,781200.0,0.3326,1196249000.0,0.00065304,4951.5
Zimbabwe,Af,1847,781400.0,0.3327,1201397000.0,0.00065041,4951.8
Zimbabwe,Af,1848,781600.0,0.3328,1205963000.0,0.00064811,4952.0
Zimbabwe,Af,1849,781800.0,0.3329,1211069000.0,0.00064555,4952.2
Zimbabwe,Af,1850,782000.0,0.333,1216574000.0,0.00064279,4952.4
Zimbabwe,Af,1851,784500.0,0.3338,1218975000.0,0.00064357,4948.5
Zimbabwe,Af,1852,787000.0,0.3346,1221557000.0,0.00064426,4944.6
Zimbabwe,Af,1853,789500.0,0.3354,1224259000.0,0.00064488,4940.7
Zimbabwe,Af,1854,792000.0,0.3362,1226726000.0,0.00064562,4936.9
Zimbabwe,Af,1855,794500.0,0.337,1228814000.0,0.00064656,4933.1
Zimbabwe,Af,1856,797000.0,0.3378,1231565000.0,0.00064714,4929.3
Zimbabwe,Af,1857,799500.0,0.3386,1234524000.0,0.00064762,4925.5
Zimbabwe,Af,1858,802000.0,0.3394,1237487000.0,0.00064809,4921.7
Zimbabwe,Af,1859,804500.0,0.3402,1240642000.0,0.00064845,4918.0
Zimbabwe,Af,1860,807000.0,0.341,1243735000.0,0.00064885,4914.3
Zimbabwe,Af,1861,816200.0,0.3442,1247652000.0,0.00065419,4904.5
Zimbabwe,Af,1862,825400.0,0.3474,1250707000.0,0.00065995,4894.9
Zimbabwe,Af,1863,834600.0,0.3506,1254013000.0,0.00066554,4885.5
Zimbabwe,Af,1864,843800.0,0.3538,1257290000.0,0.00067113,4876.4
Zimbabwe,Af,1865,853000.0,0.357,1260601000.0,0.00067666,4867.4
Zimbabwe,Af,1866,862200.0,0.3602,1263629000.0,0.00068232,4858.6
Zimbabwe,Af,1867,871400.0,0.3634,1266809000.0,0.00068787,4850.1
Zimbabwe,Af,1868,880600.0,0.3666,1269858000.0,0.00069346,4841.7
Zimbabwe,Af,1869,889800.0,0.3698,1271405000.0,0.00069986,4833.4
Zimbabwe,Af,1870,899000.0,0.373,1274661000.0,0.00070529,4825.4
Zimbabwe,Af,1871,903600.0,0.3755,1282387000.0,0.00070462,4833.0
Zimbabwe,Af,1872,908200.0,0.378,1290858000.0,0.00070356,4840.5
Zimbabwe,Af,1873,912800.0,0.3805,1299848000.0,0.00070224,4848.0
Zimbabwe,Af,1874,917400.0,0.383,1309013000.0,0.00070083,4855.3
Zimbabwe,Af,1875,922000.0,0.3855,1318339000.0,0.00069936,4862.7
Zimbabwe,Af,1876,926600.0,0.388,1327814000.0,0.00069784,4869.9
Zimbabwe,Af,1877,931200.0,0.3905,1337399000.0,0.00069628,4877.1
Zimbabwe,Af,1878,935800.0,0.393,1347055000.0,0.0006947,4884.2
Zimbabwe,Af,1879,940400.0,0.3955,1356760000.0,0.00069312,4891.2
Zimbabwe,Af,1880,945000.0,0.398,1366310000.0,0.00069164,4898.1
Zimbabwe,Af,1881,952000.0,0.4009,1376041000.0,0.00069184,4897.5
Zimbabwe,Af,1882,959000.0,0.4038,1385750000.0,0.00069204,4897.0
Zimbabwe,Af,1883,966000.0,0.4067,1395507000.0,0.00069222,4896.4
Zimbabwe,Af,1884,973000.0,0.4096,1405536000.0,0.00069226,4895.8
Zimbabwe,Af,1885,980000.0,0.4125,1415514000.0,0.00069233,4895.3
Zimbabwe,Af,1886,987000.0,0.4154,1425627000.0,0.00069233,4894.7
Zimbabwe,Af,1887,994000.0,0.4183,1435759000.0,0.00069232,4894.2
Zimbabwe,Af,1888,1001000.0,0.4212,1445944000.0,0.00069228,4893.7
Zimbabwe,Af,1889,1008000.0,0.4241,1456277000.0,0.00069218,4893.1
Zimbabwe,Af,1890,1015000.0,0.427,1466582000.0,0.00069209,4892.6
Zimbabwe,Af,1891,1020000.0,0.4276999999999999,1477705000.0,0.00069026,4876.6
Zimbabwe,Af,1892,1025000.0,0.4284,1488973000.0,0.00068839,4860.8
Zimbabwe,Af,1893,1030000.0,0.4291,1500286000.0,0.00068654,4845.1
Zimbabwe,Af,1894,1035000.0,0.4298,1511963000.0,0.00068454,4829.5
Zimbabwe,Af,1895,1040000.0,0.4305,1523676000.0,0.00068256,4814.1
Zimbabwe,Af,1896,1045000.0,0.4311999999999999,1535655000.0,0.00068049,4798.9
Zimbabwe,Af,1897,1050000.0,0.4319,1547830000.0,0.00067837,4783.8
Zimbabwe,Af,1898,1055000.0,0.4326,1560243000.0,0.00067618,4768.9
Zimbabwe,Af,1899,1060000.0,0.4333,1572611000.0,0.00067404,4754.0
Zimbabwe,Af,1900,1065000.0,0.434,1584867000.0,0.00067198,4739.4
Zimbabwe,Af,1901,1101900.0,0.4589,1600044000.0,0.00068867,4843.5
Zimbabwe,Af,1902,1138800.0,0.4838,1615427000.0,0.00070495,4940.8
Zimbabwe,Af,1903,1175700.0,0.5087,1630965000.0,0.00072086,5032.0
Zimbabwe,Af,1904,1212600.0,0.5336000000000001,1646581000.0,0.00073644,5117.7
Zimbabwe,Af,1905,1249500.0,0.5585,1662453000.0,0.0007516,5198.4
Zimbabwe,Af,1906,1286400.0,0.5834,1678596000.0,0.00076635,5274.4
Zimbabwe,Af,1907,1323300.0,0.6083000000000001,1695030000.0,0.00078069,5346.1
Zimbabwe,Af,1908,1360200.0,0.6332,1711586000.0,0.0007947,5414.0
Zimbabwe,Af,1909,1397100.0,0.6581,1728501000.0,0.00080827,5478.3
Zimbabwe,Af,1910,1434000.0,0.683,1745736000.0,0.00082143,5539.3
Zimbabwe,Af,1911,1460900.0,0.7126,1762399000.0,0.00082893,5672.9
Zimbabwe,Af,1912,1487800.0,0.7422000000000001,1779061000.0,0.00083628,5801.7
Zimbabwe,Af,1913,1514700.0,0.7718,1796080000.0,0.00084334,5925.9
Zimbabwe,Af,1914,1541600.0,0.8014,1808262000.0,0.00085253,6045.8
Zimbabwe,Af,1915,1568500.0,0.831,1818401000.0,0.00086257,6161.6
Zimbabwe,Af,1916,1595400.0,0.8606,1828586000.0,0.00087248,6273.5
Zimbabwe,Af,1917,1622300.0,0.8902,1839381000.0,0.00088198,6381.7
Zimbabwe,Af,1918,1649200.0,0.9198,1849942000.0,0.00089149,6486.3
Zimbabwe,Af,1919,1676100.0,0.9494,1862569000.0,0.00089989,6587.6
Zimbabwe,Af,1920,1703000.0,0.979,1875297000.0,0.00090812,6685.7
Zimbabwe,Af,1921,1735000.0,1.0148,1886887000.0,0.0009195,6802.4
Zimbabwe,Af,1922,1767000.0,1.0506,1903926000.0,0.00092808,6914.8
Zimbabwe,Af,1923,1799000.0,1.0864,1924127000.0,0.00093497,7023.3
Zimbabwe,Af,1924,1831000.0,1.1222,1946371000.0,0.00094073,7127.9
Zimbabwe,Af,1925,1863000.0,1.158,1968879000.0,0.00094622,7229.0
Zimbabwe,Af,1926,1895000.0,1.1938,1991829000.0,0.00095139,7326.6
Zimbabwe,Af,1927,1927000.0,1.2296,2014443000.0,0.00095659,7421.0
Zimbabwe,Af,1928,1959000.0,1.2654,2036576000.0,0.00096191,7512.3
Zimbabwe,Af,1929,1991000.0,1.3012,2059103000.0,0.00096693,7600.7
Zimbabwe,Af,1930,2023000.0,1.337,2080211000.0,0.0009725,7686.3
Zimbabwe,Af,1931,2060900.0,1.3662999999999998,2101812000.0,0.00098053,7710.3
Zimbabwe,Af,1932,2098800.0,1.3956,2121508000.0,0.0009893,7733.4
Zimbabwe,Af,1933,2136700.0,1.4249,2140973000.0,0.000998,7755.7
Zimbabwe,Af,1934,2174600.0,1.4542,2161152000.0,0.00100622,7777.2
Zimbabwe,Af,1935,2212500.0,1.4834999999999998,2181702000.0,0.00101412,7798.0
Zimbabwe,Af,1936,2250400.0,1.5128,2203365000.0,0.00102135,7818.1
Zimbabwe,Af,1937,2288300.0,1.5421,2226159000.0,0.00102791,7837.5
Zimbabwe,Af,1938,2326200.0,1.5714,2250491000.0,0.00103364,7856.3
Zimbabwe,Af,1939,2364100.0,1.6006999999999998,2275307000.0,0.00103902,7874.5
Zimbabwe,Af,1940,2402000.0,1.63,2296743000.0,0.00104583,7892.1
Zimbabwe,Af,1941,2447100.0,1.7116,2313071000.0,0.00105794,8134.5
Zimbabwe,Af,1942,2492200.0,1.7932,2331578000.0,0.00106889,8368.1
Zimbabwe,Af,1943,2537300.0,1.8748,2350140000.0,0.00107964,8593.4
Zimbabwe,Af,1944,2582400.0,1.9564,2368872000.0,0.00109014,8810.8
Zimbabwe,Af,1945,2627500.0,2.0380000000000003,2394093000.0,0.00109749,9020.7
Zimbabwe,Af,1946,2672600.0,2.1196,2419526000.0,0.0011046,9223.6
Zimbabwe,Af,1947,2717700.0,2.2012,2446628000.0,0.00111079,9419.7
Zimbabwe,Af,1948,2762800.0,2.2828,2473860000.0,0.0011168,9609.4
Zimbabwe,Af,1949,2807900.0,2.3644000000000003,2501856000.0,0.00112233,9793.1
Zimbabwe,Af,1950,2853000.0,2.446,2529794000.0,0.00112776,9970.9
Zimbabwe,Af,1951,2968800.0,2.647,2577776000.0,0.00115169,10369.4
Zimbabwe,Af,1952,3084600.0,2.8480000000000003,2624866000.0,0.00117515,10737.9
Zimbabwe,Af,1953,3200400.0,3.0490000000000004,2671465000.0,0.00119799,11079.8
Zimbabwe,Af,1954,3316200.0,3.25,2718563000.0,0.00121984,11397.8
Zimbabwe,Af,1955,3432000.0,3.4510000000000005,2766430000.0,0.00124059,11694.4
Zimbabwe,Af,1956,3547800.0,3.652,2815461000.0,0.00126011,11971.6
Zimbabwe,Af,1957,3663600.0,3.853,2866148000.0,0.00127823,12231.2
Zimbabwe,Af,1958,3779400.0,4.054,2918168000.0,0.00129513,12475.0
Zimbabwe,Af,1959,3895200.0,4.255000000000001,2971839000.0,0.0013107,12704.3
Zimbabwe,Af,1960,4011000.0,4.456,3027112000.0,0.00132503,12920.3
Zimbabwe,Af,1961,4161399.9999999995,4.4763,3084358000.0,0.00134919,12510.1
Zimbabwe,Af,1962,4311800.0,4.4966,3143380000.0,0.00137171,12128.5
Zimbabwe,Af,1963,4462200.0,4.516900000000001,3204489000.0,0.00139248,11772.6
Zimbabwe,Af,1964,4612600.0,4.5372,3268074000.0,0.00141141,11439.9
Zimbabwe,Af,1965,4763000.0,4.5575,3334092000.0,0.00142857,11128.2
Zimbabwe,Af,1966,4913400.0,4.5778,3402738000.0,0.00144395,10835.6
Zimbabwe,Af,1967,5063800.0,4.5981,3473827000.0,0.0014577,10560.4
Zimbabwe,Af,1968,5214200.0,4.6184,3546719000.0,0.00147015,10301.1
Zimbabwe,Af,1969,5364600.0,4.6387,3620809000.0,0.0014816,10056.3
Zimbabwe,Af,1970,5515000.0,4.659,3695944000.0,0.00149218,9824.9
Zimbabwe,Af,1971,5680500.0,4.6654,3771809000.0,0.00150604,9551.7
Zimbabwe,Af,1972,5846000.0,4.6718,3847786000.0,0.00151932,9294.1
Zimbabwe,Af,1973,6011500.0,4.6782,3923766000.0,0.00153207,9050.6
Zimbabwe,Af,1974,6177000.0,4.6846,3999654000.0,0.00154438,8820.1
Zimbabwe,Af,1975,6342500.0,4.691,4075437000.0,0.00155627,8601.7
Zimbabwe,Af,1976,6508000.0,4.6974,4150660000.0,0.00156794,8394.4
Zimbabwe,Af,1977,6673500.0,4.7038,4225672000.0,0.00157928,8197.4
Zimbabwe,Af,1978,6839000.0,4.7102,4301501000.0,0.00158991,8009.9
Zimbabwe,Af,1979,7004500.0,4.7166,4378004000.0,0.00159993,7831.3
Zimbabwe,Af,1980,7170000.0,4.723,4456394000.0,0.00160892,7660.9
Zimbabwe,Af,1981,7468300.0,4.9405,4535942000.0,0.00164647,7693.6
Zimbabwe,Af,1982,7766600.0,5.158,4616948000.0,0.00168219,7723.8
Zimbabwe,Af,1983,8064900.0,5.3755,4699604000.0,0.00171608,7751.7
Zimbabwe,Af,1984,8363200.000000001,5.593,4784334000.0,0.00174804,7777.7
Zimbabwe,Af,1985,8661500.0,5.810499999999999,4871434000.0,0.00177802,7801.9
Zimbabwe,Af,1986,8959800.0,6.028,4961120000.0,0.001806,7824.5
Zimbabwe,Af,1987,9258100.0,6.2455,5052960000.0,0.00183221,7845.6
Zimbabwe,Af,1988,9556400.0,6.462999999999999,5145733000.0,0.00185715,7865.4
Zimbabwe,Af,1989,9854700.0,6.680499999999999,5237968000.0,0.0018814,7884.0
Zimbabwe,Af,1990,10153000.0,6.898,5328602000.0,0.00190538,7901.5
Zimbabwe,Af,1991,10359900.0,6.9117,5417317000.0,0.00191237,7759.1
Zimbabwe,Af,1992,10566800.0,6.9254,5503880000.0,0.00191988,7622.2
Zimbabwe,Af,1993,10773700.0,6.9391,5588359000.0,0.00192788,7490.6
Zimbabwe,Af,1994,10980600.0,6.9528,5671048000.0,0.00193626,7364.0
Zimbabwe,Af,1995,11187500.0,6.9665,5752408000.0,0.00194484,7242.0
Zimbabwe,Af,1996,11394400.0,6.9802,5832484000.0,0.00195361,7124.5
Zimbabwe,Af,1997,11601300.0,6.9939,5911415000.0,0.00196253,7011.2
Zimbabwe,Af,1998,11808200.0,7.0076,5989470000.0,0.00197149,6901.8
Zimbabwe,Af,1999,12015100.0,7.0213,6067325000.0,0.0019803,6796.3
Zimbabwe,Af,2000,12222000.0,7.035,6145394000.0,0.00198881,6694.2
Zimbabwe,Af,2001,12269600.0,6.9259,6223661000.0,0.00197144,6564.9
Zimbabwe,Af,2002,12317200.0,6.8168,6302453000.0,0.00195435,6436.5
Zimbabwe,Af,2003,12364800.0,6.7077,6381858000.0,0.00193749,6309.1
Zimbabwe,Af,2004,12412400.0,6.5986,6461988000.0,0.00192083,6182.7
Zimbabwe,Af,2005,12460000.0,6.4895,6542867000.0,0.00190436,6057.2
Zimbabwe,Af,2006,12507600.0,6.3804,6624538000.0,0.00188807,5932.7
Zimbabwe,Af,2007,12555200.0,6.2713,6707018000.0,0.00187195,5809.2
Zimbabwe,Af,2008,12602800.0,6.1622,6790025000.0,0.00185608,5686.5
Zimbabwe,Af,2009,12650400.0,6.0531,6874725000.0,0.00184013,5564.8
Zimbabwe,Af,2010,12698000.0,5.944,6959421000.0,0.00182458,5444.1
Zimbabwe,Af,2011,12914500.0,5.9674,7044266000.0,0.00183334,5373.9
Zimbabwe,Af,2012,13131000.0,5.9908,7129609000.0,0.00184176,5306.0
Zimbabwe,Af,2013,13347500.0,6.0142,7215047000.0,0.00184995,5240.3
Zimbabwe,Af,2014,13564000.0,6.0376,7300248000.0,0.00185802,5176.7
Zimbabwe,Af,2015,13780500.0,6.061,7384880000.0,0.00186604,5115.2
Zimbabwe,Af,2016,13997000.0,6.0844,7469068000.0,0.001874,5055.5
Zimbabwe,Af,2017,14213500.0,6.1078,7550393000.0,0.00188248,4997.6
Zimbabwe,Af,2018,14430000.0,6.1312,7632955000.0,0.00189049,4941.5
Zimbabwe,Af,2019,14646500.0,6.1546,7714577000.0,0.00189855,4887.0
Zimbabwe,Af,2020,14863000.0,6.178,7795482000.0,0.00190662,4834.2
OTHER_WORLD,,1820,79970000.0,,1047270000.0,0.07636044,
OTHER_WORLD,,1821,78352100.0,,1052728000.0,0.07442768,
OTHER_WORLD,,1822,76772200.0,,1058224000.0,0.07254816,
OTHER_WORLD,,1823,75296300.0,,1063824000.0,0.07077891,
OTHER_WORLD,,1824,73873400.0,,1069477000.0,0.06907432,
OTHER_WORLD,,1825,72462500.0,,1075142000.0,0.06739807,
OTHER_WORLD,,1826,70977600.0,,1080733000.0,0.06567543,
OTHER_WORLD,,1827,69486700.0,,1086318000.0,0.06396534,
OTHER_WORLD,,1828,67945800.0,,1091853000.0,0.06222981,
OTHER_WORLD,,1829,66286900.0,,1097270000.0,0.06041075,
OTHER_WORLD,,1830,64459000.0,,1102518000.0,0.05846526,
OTHER_WORLD,,1831,65183100.0,,1108061000.0,0.05882627,
OTHER_WORLD,,1832,65823200.0,,1113520000.0,0.05911272,
OTHER_WORLD,,1833,66523300.0,,1119039000.0,0.05944681,
OTHER_WORLD,,1834,67219400.0,,1124554000.0,0.05977427,
OTHER_WORLD,,1835,68207500.0,,1130361000.0,0.06034134,
OTHER_WORLD,,1836,69095600.0,,1136068000.0,0.06081995,
OTHER_WORLD,,1837,70025700.0,,1141817000.0,0.0613283,
OTHER_WORLD,,1838,70949800.0,,1147560000.0,0.06182666,
OTHER_WORLD,,1839,71998900.0,,1153428000.0,0.06242167,
OTHER_WORLD,,1840,73062000.0,,1159310000.0,0.06302197,
OTHER_WORLD,,1841,74798400.0,,1165435000.0,0.06418067,
OTHER_WORLD,,1842,76519800.0,,1171545000.0,0.06531529,
OTHER_WORLD,,1843,78217200.0,,1177631000.0,0.06641911,
OTHER_WORLD,,1844,80015600.0,,1183818000.0,0.06759113,
OTHER_WORLD,,1845,81900000.0,,1190091000.0,0.06881827,
OTHER_WORLD,,1846,83669400.0,,1196249000.0,0.06994313,
OTHER_WORLD,,1847,84428800.0,,1201397000.0,0.07027552,
OTHER_WORLD,,1848,84606200.0,,1205963000.0,0.07015655,
OTHER_WORLD,,1849,85323600.0,,1211069000.0,0.07045313,
OTHER_WORLD,,1850,86440000.0,,1216574000.0,0.07105199,
OTHER_WORLD,,1851,87280600.0,,1218975000.0,0.07160163,
OTHER_WORLD,,1852,88302200.0,,1221557000.0,0.0722866,
OTHER_WORLD,,1853,89443800.0,,1224259000.0,0.07305954,
OTHER_WORLD,,1854,90350400.0,,1226726000.0,0.07365165,
OTHER_WORLD,,1855,90878000.0,,1228814000.0,0.07395586,
OTHER_WORLD,,1856,92068600.0,,1231565000.0,0.0747574,
OTHER_WORLD,,1857,93467200.0,,1234524000.0,0.07571112,
OTHER_WORLD,,1858,94869800.0,,1237487000.0,0.07666327,
OTHER_WORLD,,1859,96464400.0,,1240642000.0,0.07775361,
OTHER_WORLD,,1860,97997000.0,,1243735000.0,0.07879251,
OTHER_WORLD,,1861,98321700.0,,1247652000.0,0.07880539,
OTHER_WORLD,,1862,97784400.0,,1250707000.0,0.0781833,
OTHER_WORLD,,1863,97498100.0,,1254013000.0,0.07774888,
OTHER_WORLD,,1864,97182800.0,,1257290000.0,0.07729545,
OTHER_WORLD,,1865,96901500.0,,1260601000.0,0.07686929,
OTHER_WORLD,,1866,96337200.0,,1263629000.0,0.07623852,
OTHER_WORLD,,1867,95924900.0,,1266809000.0,0.07572168,
OTHER_WORLD,,1868,95381600.0,,1269858000.0,0.07511202,
OTHER_WORLD,,1869,93336300.0,,1271405000.0,0.07341193,
OTHER_WORLD,,1870,93000000.0,,1274661000.0,0.07296058,
OTHER_WORLD,,1871,93186100.0,,1282387000.0,0.07266613,
OTHER_WORLD,,1872,94117200.0,,1290858000.0,0.07291058,
OTHER_WORLD,,1873,95567300.0,,1299848000.0,0.0735219,
OTHER_WORLD,,1874,97192400.0,,1309013000.0,0.07424861,
OTHER_WORLD,,1875,98978500.0,,1318339000.0,0.07507819,
OTHER_WORLD,,1876,100913600.0,,1327814000.0,0.0759998,
OTHER_WORLD,,1877,102958700.0,,1337399000.0,0.07698428,
OTHER_WORLD,,1878,105074800.0,,1347055000.0,0.07800335,
OTHER_WORLD,,1879,107239900.0,,1356760000.0,0.07904117,
OTHER_WORLD,,1880,109250000.0,,1366310000.0,0.07995989,
OTHER_WORLD,,1881,108505800.0,,1376041000.0,0.07885361,
OTHER_WORLD,,1882,107739600.0,,1385750000.0,0.07774822,
OTHER_WORLD,,1883,107021400.0,,1395507000.0,0.07668998,
OTHER_WORLD,,1884,106575200.0,,1405536000.0,0.07582531,
OTHER_WORLD,,1885,106078000.0,,1415514000.0,0.07493956,
OTHER_WORLD,,1886,105715800.0,,1425627000.0,0.0741539,
OTHER_WORLD,,1887,105372600.0,,1435759000.0,0.07339157,
OTHER_WORLD,,1888,105082400.0,,1445944000.0,0.07267391,
OTHER_WORLD,,1889,104940200.0,,1456277000.0,0.0720606,
OTHER_WORLD,,1890,104770000.0,,1466582000.0,0.07143821,
OTHER_WORLD,,1891,105325800.0,,1477705000.0,0.07127661,
OTHER_WORLD,,1892,106026600.0,,1488973000.0,0.07120787,
OTHER_WORLD,,1893,106772400.0,,1500286000.0,0.07116803,
OTHER_WORLD,,1894,107882200.0,,1511963000.0,0.07135241,
OTHER_WORLD,,1895,109028000.0,,1523676000.0,0.0715559,
OTHER_WORLD,,1896,110439800.0,,1535655000.0,0.07191706,
OTHER_WORLD,,1897,112047600.0,,1547830000.0,0.07239012,
OTHER_WORLD,,1898,113893400.0,,1560243000.0,0.07299722,
OTHER_WORLD,,1899,115694200.0,,1572611000.0,0.07356823,
OTHER_WORLD,,1900,117383000.0,,1584867000.0,0.07406489,
OTHER_WORLD,,1901,117747400.0,,1600044000.0,0.0735901,
OTHER_WORLD,,1902,118317800.0,,1615427000.0,0.07324243,
OTHER_WORLD,,1903,119043200.0,,1630965000.0,0.07298943,
OTHER_WORLD,,1904,119846600.0,,1646581000.0,0.07278512,
OTHER_WORLD,,1905,120906000.0,,1662453000.0,0.07272747,
OTHER_WORLD,,1906,122236400.0,,1678596000.0,0.07282062,
OTHER_WORLD,,1907,123857800.0,,1695030000.0,0.07307116,
OTHER_WORLD,,1908,125601200.0,,1711586000.0,0.07338293,
OTHER_WORLD,,1909,127703600.0,,1728501000.0,0.07388113,
OTHER_WORLD,,1910,130126000.0,,1745736000.0,0.07453933,
OTHER_WORLD,,1911,134831100.0,,1762399000.0,0.0765043,
OTHER_WORLD,,1912,139535200.0,,1779061000.0,0.07843194,
OTHER_WORLD,,1913,144596300.0,,1796080000.0,0.0805066,
OTHER_WORLD,,1914,144820400.0,,1808262000.0,0.08008817,
OTHER_WORLD,,1915,143001500.0,,1818401000.0,0.07864134,
OTHER_WORLD,,1916,141228600.0,,1828586000.0,0.07723378,
OTHER_WORLD,,1917,140065700.0,,1839381000.0,0.07614828,
OTHER_WORLD,,1918,138668800.0,,1849942000.0,0.07495846,
OTHER_WORLD,,1919,139337900.0,,1862569000.0,0.07480952,
OTHER_WORLD,,1920,140108000.0,,1875297000.0,0.07471243,
OTHER_WORLD,,1921,134982400.0,,1886887000.0,0.07153709,
OTHER_WORLD,,1922,135305800.0,,1903926000.0,0.07106673,
OTHER_WORLD,,1923,138791200.0,,1924127000.0,0.07213204,
OTHER_WORLD,,1924,144319600.0,,1946371000.0,0.07414804,
OTHER_WORLD,,1925,150112000.0,,1968879000.0,0.07624237,
OTHER_WORLD,,1926,156346400.0,,1991829000.0,0.07849389,
OTHER_WORLD,,1927,162244800.0,,2014443000.0,0.08054077,
OTHER_WORLD,,1928,167662200.0,,2036576000.0,0.08232553,
OTHER_WORLD,,1929,173473600.0,,2059103000.0,0.08424717,
OTHER_WORLD,,1930,177866000.0,,2080211000.0,0.08550383,
OTHER_WORLD,,1931,178806600.0,,2101812000.0,0.08507259,
OTHER_WORLD,,1932,177842200.0,,2121508000.0,0.0838282,
OTHER_WORLD,,1933,176646800.0,,2140973000.0,0.08250772,
OTHER_WORLD,,1934,176165400.0,,2161152000.0,0.08151458,
OTHER_WORLD,,1935,176055000.0,,2181702000.0,0.08069617,
OTHER_WORLD,,1936,177057600.0,,2203365000.0,0.08035782,
OTHER_WORLD,,1937,179191200.0,,2226159000.0,0.08049344,
OTHER_WORLD,,1938,182862800.0,,2250491000.0,0.08125462,
OTHER_WORLD,,1939,187018400.0,,2275307000.0,0.0821948,
OTHER_WORLD,,1940,187794000.0,,2296743000.0,0.08176535,
OTHER_WORLD,,1941,192285700.0,,2313071000.0,0.08313005,
OTHER_WORLD,,1942,198956400.0,,2331578000.0,0.08533122,
OTHER_WORLD,,1943,205682100.0,,2350140000.0,0.08751908,
OTHER_WORLD,,1944,212577800.0,,2368872000.0,0.08973798,
OTHER_WORLD,,1945,225962500.0,,2394093000.0,0.09438334,
OTHER_WORLD,,1946,239559200.0,,2419526000.0,0.0990108,
OTHER_WORLD,,1947,254824900.0,,2446628000.0,0.10415351,
OTHER_WORLD,,1948,270220600.0,,2473860000.0,0.10923035,
OTHER_WORLD,,1949,286380300.0,,2501856000.0,0.11446714,
OTHER_WORLD,,1950,301196000.0,,2529794000.0,0.1190595,
OTHER_WORLD,,1951,305433900.0,,2577776000.0,0.11848737,
OTHER_WORLD,,1952,308779800.0,,2624866000.0,0.11763641,
OTHER_WORLD,,1953,311634700.0,,2671465000.0,0.11665311,
OTHER_WORLD,,1954,314988600.0,,2718563000.0,0.11586585,
OTHER_WORLD,,1955,319111500.0,,2766430000.0,0.11535137,
OTHER_WORLD,,1956,324398400.0,,2815461000.0,0.11522035,
OTHER_WORLD,,1957,331341300.0,,2866148000.0,0.11560509,
OTHER_WORLD,,1958,339617200.0,,2918168000.0,0.11638028,
OTHER_WORLD,,1959,349544100.0,,2971839000.0,0.11761879,
OTHER_WORLD,,1960,361073000.0,,3027112000.0,0.1192797,
OTHER_WORLD,,1961,364932800.0,,3084358000.0,0.11831726,
OTHER_WORLD,,1962,370568600.0,,3143380000.0,0.11788858,
OTHER_WORLD,,1963,378291400.0,,3204489000.0,0.11805046,
OTHER_WORLD,,1964,388490200.0,,3268074000.0,0.11887436,
OTHER_WORLD,,1965,401122000.0,,3334092000.0,0.12030922,
OTHER_WORLD,,1966,416381800.0,,3402738000.0,0.12236669,
OTHER_WORLD,,1967,434084600.0,,3473827000.0,0.12495861,
OTHER_WORLD,,1968,453590400.0,,3546719000.0,0.12789014,
OTHER_WORLD,,1969,474294200.0,,3620809000.0,0.13099122,
OTHER_WORLD,,1970,496043000.0,,3695944000.0,0.1342128,
OTHER_WORLD,,1971,509976700.0,,3771809000.0,0.13520746,
OTHER_WORLD,,1972,524022400.0,,3847786000.0,0.13618803,
OTHER_WORLD,,1973,538071100.0,,3923766000.0,0.13713129,
OTHER_WORLD,,1974,552027800.0,,3999654000.0,0.13801889,
OTHER_WORLD,,1975,565879500.0,,4075437000.0,0.13885124,
OTHER_WORLD,,1976,579171200.0,,4150660000.0,0.13953713,
OTHER_WORLD,,1977,592251900.0,,4225672000.0,0.14015567,
OTHER_WORLD,,1978,606149600.0,,4301501000.0,0.14091583,
OTHER_WORLD,,1979,620721300.0,,4378004000.0,0.1417818,
OTHER_WORLD,,1980,637180000.0,,4456394000.0,0.14298107,
OTHER_WORLD,,1981,649440800.0,,4535942000.0,0.14317661,
OTHER_WORLD,,1982,663159600.0,,4616948000.0,0.14363593,
OTHER_WORLD,,1983,678528400.0,,4699604000.0,0.14437991,
OTHER_WORLD,,1984,695971200.0,,4784334000.0,0.14546877,
OTHER_WORLD,,1985,715784000.0,,4871434000.0,0.14693497,
OTHER_WORLD,,1986,738182800.0,,4961120000.0,0.14879358,
OTHER_WORLD,,1987,762735600.0,,5052960000.0,0.15094828,
OTHER_WORLD,,1988,788221400.0,,5145733000.0,0.15317962,
OTHER_WORLD,,1989,813169200.0,,5237968000.0,0.15524516,
OTHER_WORLD,,1990,836516000.0,,5328602000.0,0.15698602,
OTHER_WORLD,,1991,862692400.0,,5417317000.0,0.15924717,
OTHER_WORLD,,1992,886716800.0,,5503880000.0,0.16110758,
OTHER_WORLD,,1993,908657200.0,,5588359000.0,0.16259822,
OTHER_WORLD,,1994,928807600.0,,5671048000.0,0.16378059,
OTHER_WORLD,,1995,947629000.0,,5752408000.0,0.16473605,
OTHER_WORLD,,1996,965166400.0,,5832484000.0,0.16548119,
OTHER_WORLD,,1997,981558800.0,,5911415000.0,0.16604464,
OTHER_WORLD,,1998,997075200.0,,5989470000.0,0.16647136,
OTHER_WORLD,,1999,1012391600.0,,6067325000.0,0.16685963,
OTHER_WORLD,,2000,1027922000.0,,6145394000.0,0.16726706,
OTHER_WORLD,,2001,1044617900.0,,6223661000.0,0.16784621,
OTHER_WORLD,,2002,1061838800.0,,6302453000.0,0.16848024,
OTHER_WORLD,,2003,1079672700.0,,6381858000.0,0.16917843,
OTHER_WORLD,,2004,1098231600.0,,6461988000.0,0.16995259,
OTHER_WORLD,,2005,1117539500.0,,6542867000.0,0.17080272,
OTHER_WORLD,,2006,1137639400.0,,6624538000.0,0.17173113,
OTHER_WORLD,,2007,1158548300.0,,6707018000.0,0.17273672,
OTHER_WORLD,,2008,1179984200.0,,6790025000.0,0.17378201,
OTHER_WORLD,,2009,1203113100.0,,6874725000.0,0.17500527,
OTHER_WORLD,,2010,1226238000.0,,6959421000.0,0.17619828,
OTHER_WORLD,,2011,1254047400.0,,7044266000.0,0.17802386,
OTHER_WORLD,,2012,1282354800.0,,7129609000.0,0.17986327,
OTHER_WORLD,,2013,1310757200.0,,7215047000.0,0.18166995,
OTHER_WORLD,,2014,1338922600.0,,7300248000.0,0.18340782,
OTHER_WORLD,,2015,1366519000.0,,7384880000.0,0.18504282,
OTHER_WORLD,,2016,1393671400.0,,7469068000.0,0.18659241,
OTHER_WORLD,,2017,1417960800.0,,7550393000.0,0.1877996,
OTHER_WORLD,,2018,1443487200.0,,7632955000.0,0.1891125,
OTHER_WORLD,,2019,1468073600.0,,7714577000.0,0.19029865,
OTHER_WORLD,,2020,1491943000.0,,7795482000.0,0.1913856,
